Field name,Total duration (seconds),First appeared (seconds into survey)
instruction,55,19
a_district_id,7,72
a_circuit_id,23,76
a_kg_id,13,84
a_community_id,10,93
a_enum_id,19,97
consent_note,6,110
con_understand,10,114
con_questions,6,124
con_written,23,129
consent_grp[1]/audio_consent,26,162
consent_grp[1]/d_background_note,2,187
consent_grp[1]/section_d[1]/kgt_key,61,189
consent_grp[1]/section_d[1]/kgt_name_gp[1]/kgt_fsn,385,248
consent_grp[1]/section_d[1]/kgt_name_gp[1]/kgt_msn,385,248
consent_grp[1]/section_d[1]/kgt_name_gp[1]/kgt_lsn,385,248
consent_grp[1]/section_d[1]/kgt_name_gp[1]/kgt_ppn,385,248
consent_grp[1]/section_d[1]/kgt_name_gp[1]/d_sex,385,248
consent_grp[1]/section_d[1]/kgt_confirm_note,19,334
consent_grp[1]/section_d[1]/d_num_cnt,14,340
consent_grp[1]/section_d[1]/d_cnt_grp[1]/d_cnt_main,18,355
consent_grp[1]/section_d[1]/d_cnt_grp[1]/d_cnt_sec,18,355
consent_grp[1]/section_d[1]/d_age,21,373
consent_grp[1]/section_d[1]/d_teacher_grp[1]/d_been_teacher,32,394
consent_grp[1]/section_d[1]/d_teacher_grp[1]/d_teacher_year,32,394
consent_grp[1]/section_d[1]/d_teacher_grp[1]/d_teacher_month,32,394
consent_grp[1]/section_d[1]/d_been_kinder_grp[1]/d_been_kinder,15,426
consent_grp[1]/section_d[1]/d_been_kinder_grp[1]/d_kinder_year,15,426
consent_grp[1]/section_d[1]/d_been_kinder_grp[1]/d_kinder_month,15,426
consent_grp[1]/section_d[1]/d_work_last,12,441
consent_grp[1]/section_d[1]/d_os_yn,8,453
consent_grp[1]/section_d[1]/d_edu_level,19,461
consent_grp[1]/section_d[1]/d_edu_train,17,480
consent_grp[1]/section_d[1]/d_edu_level_train,16,497
consent_grp[1]/section_d[1]/d_edu_level_fath,13,513
consent_grp[1]/section_d[1]/d_edu_level_mom,7,526
consent_grp[1]/section_d[1]/d_marital_status,8,533
consent_grp[1]/section_d[1]/d_ethnic_group,5,541
consent_grp[1]/section_d[1]/d_religion,4,547
consent_grp[1]/section_d[1]/d_la_spk_grp[1]/d_la_spk_note,39,550
consent_grp[1]/section_d[1]/d_la_spk_grp[1]/d_la_spk_eng,39,550
consent_grp[1]/section_d[1]/d_la_spk_grp[1]/d_la_spk_dagb,39,550
consent_grp[1]/section_d[1]/d_la_wrt_grp[1]/d_la_wrt_note,14,589
consent_grp[1]/section_d[1]/d_la_wrt_grp[1]/d_la_wrt_eng,14,589
consent_grp[1]/section_d[1]/d_la_wrt_grp[1]/d_la_wrt_dagb,14,589
consent_grp[1]/section_d[1]/d_main_language,32,603
consent_grp[1]/section_d[1]/d_loc_lang_kinderg,15,623
consent_grp[1]/e_rel_grp[1]/e_hh_note,10,650
consent_grp[1]/e_rel_grp[1]/e_hh_num,14,660
consent_grp[1]/e_rel_grp[1]/e_hh_grp[1]/e_hh_head,57,674
consent_grp[1]/e_rel_grp[1]/e_hh_grp[1]/e_chil_hh,57,674
consent_grp[1]/e_rel_grp[1]/e_hh_grp[1]/e_adult_hh,57,674
consent_grp[1]/e_rel_grp[1]/e_hh_school,12,731
consent_grp[1]/e_rel_grp[1]/e_read_english,13,743
consent_grp[1]/e_rel_grp[1]/e_rate_health,12,756
consent_grp[1]/e_rel_grp[1]/e_live_note,7,768
consent_grp[1]/e_rel_grp[1]/e_rooms_occu,12,775
consent_grp[1]/e_rel_grp[1]/e_own_status,13,786
consent_grp[1]/e_rel_grp[1]/e_electricity_inhouse,5,799
consent_grp[1]/e_rel_grp[1]/e_floor_material,27,804
consent_grp[1]/e_rel_grp[1]/e_interior_floor,10,832
consent_grp[1]/e_rel_grp[1]/e_roof_mat,13,842
consent_grp[1]/e_rel_grp[1]/e_cook_fuel,14,855
consent_grp[1]/e_rel_grp[1]/e_lighting,10,870
consent_grp[1]/e_rel_grp[1]/e_drink_source,20,880
consent_grp[1]/e_rel_grp[1]/e_toilet_facility,9,900
consent_grp[1]/e_rel_grp[1]/e_asset_note,10,909
consent_grp[1]/e_rel_grp[1]/e_hh_own_phone,11,919
consent_grp[1]/e_rel_grp[1]/e_hh_ass_grp[1]/tmp_e_hh_ass_lab,86,931
consent_grp[1]/e_rel_grp[1]/e_hh_ass_grp[1]/e_hh_ass_radio,86,931
consent_grp[1]/e_rel_grp[1]/e_hh_ass_grp[1]/e_hh_ass_refrig,86,931
consent_grp[1]/e_rel_grp[1]/e_hh_ass_grp[1]/e_hh_ass_bike,86,931
consent_grp[1]/e_rel_grp[1]/e_hh_ass_grp[1]/e_hh_ass_tv,86,931
consent_grp[1]/e_rel_grp[1]/e_hh_ass_grp[1]/e_hh_ass_vcr,86,931
consent_grp[1]/e_rel_grp[1]/e_hh_ass_grp[1]/e_hh_ass_motor,86,931
consent_grp[1]/e_rel_grp[1]/e_hh_ass_grp[1]/e_hh_ass_car,86,931
consent_grp[1]/e_rel_grp[1]/e_hh_ass_grp[1]/e_hh_ass_tractor,86,931
consent_grp[1]/e_rel_grp[1]/e_hh_ass_grp[1]/e_hh_ass_farm_equip,86,931
consent_grp[1]/e_rel_grp[1]/e_hh_ass_grp[1]/e_hh_ass_sew_mach,86,931
consent_grp[1]/e_rel_grp[1]/e_hh_ass_grp[1]/e_hh_ass_bed,86,931
consent_grp[1]/e_rel_grp[1]/e_hh_ass_grp[1]/e_hh_ass_mattress,86,931
consent_grp[1]/e_rel_grp[1]/e_hh_ass_grp[1]/e_hh_ass_table_chair,86,931
consent_grp[1]/e_rel_grp[1]/e_hh_ass_grp[1]/e_hh_ass_stool,86,931
consent_grp[1]/e_rel_grp[1]/e_hh_ass_grp[1]/e_hh_ass_sofa,86,931
consent_grp[1]/e_rel_grp[1]/e_hh_ass_grp[1]/e_hh_ass_fan,86,931
consent_grp[1]/e_rel_grp[1]/e_hh_ass_grp[1]/e_hh_ass_lamp,86,931
consent_grp[1]/e_rel_grp[1]/e_hh_ass_grp[1]/e_hh_ass_watch,86,931
consent_grp[1]/e_rel_grp[1]/e_hh_ass_grp[1]/e_hh_ass_mat,86,931
consent_grp[1]/e_rel_grp[1]/e_hh_ass_grp[1]/e_hh_ass_torch,86,931
consent_grp[1]/e_rel_grp[1]/e_hh_ass_grp[1]/e_hh_ass_cabinet,86,931
consent_grp[1]/e_rel_grp[1]/e_hh_ass_grp[1]/e_hh_ass_pot,86,931
consent_grp[1]/e_rel_grp[1]/e_hh_ass_grp[1]/e_hh_ass_itn,86,931
consent_grp[1]/e_rel_grp[1]/e_hh_ass_grp[1]/e_hh_ass_iron_elec,86,931
consent_grp[1]/e_rel_grp[1]/e_hh_ass_grp[1]/e_hh_ass_iron_coal,86,931
consent_grp[1]/e_rel_grp[1]/e_hh_ass_grp[1]/e_hh_ass_iron_gas,86,931
consent_grp[1]/f_rel_grp[1]/f_comm_note,7,1017
consent_grp[1]/f_rel_grp[1]/section_f[1]/f_born_comm,11,1023
consent_grp[1]/f_rel_grp[1]/section_f[1]/f_school_loc,13,1034
consent_grp[1]/f_rel_grp[1]/section_f[1]/f_lived_bef_teach,16,1047
consent_grp[1]/f_rel_grp[1]/section_f[1]/f_lived_grp[1]/f_lived_comm,12,1063
consent_grp[1]/f_rel_grp[1]/section_f[1]/f_lived_grp[1]/f_lived_comm_year,12,1063
consent_grp[1]/f_rel_grp[1]/section_f[1]/f_lived_grp[1]/f_lived_comm_month,12,1063
consent_grp[1]/f_rel_grp[1]/section_f[1]/f_fam_lived,13,1075
consent_grp[1]/f_rel_grp[1]/section_f[1]/f_emot_support,15,1088
consent_grp[1]/f_rel_grp[1]/section_f[1]/f_emot_support_num,13,1103
consent_grp[1]/f_rel_grp[1]/section_f[1]/f_lend_money,20,1116
consent_grp[1]/f_rel_grp[1]/section_f[1]/f_borrow_money,10,1136
consent_grp[1]/f_rel_grp[1]/section_f[1]/f_rel_live_nearby,9,1146
consent_grp[1]/f_rel_grp[1]/section_f[1]/f_part_comm,9,1155
consent_grp[1]/f_rel_grp[1]/section_f[1]/f_main_trans,11,1164
consent_grp[1]/f_rel_grp[1]/section_f[1]/f_min_get_sch_grp[1]/f_min_get_note,16,1175
consent_grp[1]/f_rel_grp[1]/section_f[1]/f_min_get_sch_grp[1]/f_h_get_school,16,1175
consent_grp[1]/f_rel_grp[1]/section_f[1]/f_min_get_sch_grp[1]/f_m_get_school,16,1175
consent_grp[1]/g_nature_wrk_note,4,1190
consent_grp[1]/section_g[1]/g_teach_pos,7,1195
consent_grp[1]/section_g[1]/g_teach_school,7,1201
consent_grp[1]/section_g[1]/g_kg_grade,6,1209
consent_grp[1]/section_g[1]/g_class_grp[1]/g_children_note,17,1215
consent_grp[1]/section_g[1]/g_class_grp[1]/g_kg_2,17,1215
consent_grp[1]/section_g[1]/g_ah_grp[1]/g_ah_note,72,1231
consent_grp[1]/section_g[1]/g_ah_grp[1]/g_ah_working,72,1231
consent_grp[1]/section_g[1]/g_ah_grp[1]/g_ah_prepping,72,1231
consent_grp[1]/section_g[1]/g_eh_grp[1]/g_eh_note,55,1303
consent_grp[1]/section_g[1]/g_eh_grp[1]/g_eh_working,55,1303
consent_grp[1]/section_g[1]/g_eh_grp[1]/g_eh_prepping,55,1303
consent_grp[1]/section_g[1]/g_teach_salary,10,1358
consent_grp[1]/section_g[1]/g_salary_freq,11,1368
consent_grp[1]/section_g[1]/g_salary_intime,20,1379
consent_grp[1]/section_g[1]/g_money_cmp,10,1399
consent_grp[1]/section_g[1]/g_job_outside,14,1409
consent_grp[1]/section_g[1]/g_extra_money_spec,15,1423
consent_grp[1]/section_g[1]/g_sch_pro_grp[1]/tmp_g_sch_pro_lab,132,1437
consent_grp[1]/section_g[1]/g_sch_pro_grp[1]/g_class,132,1437
consent_grp[1]/section_g[1]/g_sch_pro_grp[1]/g_class_taught,132,1437
consent_grp[1]/section_g[1]/g_sch_pro_grp[1]/g_fin_resource,132,1437
consent_grp[1]/section_g[1]/g_sch_pro_grp[1]/g_high_expe,132,1437
consent_grp[1]/section_g[1]/g_sch_pro_grp[1]/g_change_curri,132,1437
consent_grp[1]/section_g[1]/g_sch_pro_grp[1]/g_diff_curri,132,1437
consent_grp[1]/section_g[1]/g_sch_pro_grp[1]/g_easy_curri,132,1437
consent_grp[1]/section_g[1]/g_sch_pro_grp[1]/g_par_dem_high,132,1437
consent_grp[1]/section_g[1]/g_sch_pro_grp[1]/g_par_suff_interest,132,1437
consent_grp[1]/section_g[1]/g_sch_pro_grp[1]/g_par_suff_active,132,1437
consent_grp[1]/section_g[1]/g_par_supp_grp[1]/g_par_supp_note,16,1569
consent_grp[1]/section_g[1]/g_par_supp_grp[1]/g_home_wrk,9,1585
consent_grp[1]/section_g[1]/g_par_supp_grp[1]/g_behave_val,11,1594
consent_grp[1]/section_g[1]/g_par_supp_grp[1]/g_get_schl,8,1605
consent_grp[1]/section_g[1]/g_par_supp_grp[1]/g_visit_schl,13,1613
consent_grp[1]/section_g[1]/g_par_supp_grp[1]/g_show_respect,29,1626
consent_grp[1]/section_g[1]/g_par_supp_grp[1]/g_best_schl,12,1654
consent_grp[1]/section_g[1]/g_par_supp_grp[1]/g_parti_pta,8,1667
consent_grp[1]/section_g[1]/g_par_supp_grp[1]/g_cont_kg_act,10,1675
consent_grp[1]/section_g[1]/g_lead_respect,14,1684
consent_grp[1]/section_g[1]/g_val_citizen,27,1698
consent_grp[1]/section_h[1]/sec_h_depre_note,3,1725
consent_grp[1]/section_h[1]/h_depression_grp[1]/h_da_note,161,1728
consent_grp[1]/section_h[1]/h_depression_grp[1]/tmp_h_da_lab,161,1728
consent_grp[1]/section_h[1]/h_depression_grp[1]/h_headache,161,1728
consent_grp[1]/section_h[1]/h_depression_grp[1]/h_appetite,161,1728
consent_grp[1]/section_h[1]/h_depression_grp[1]/h_sleep,161,1728
consent_grp[1]/section_h[1]/h_depression_grp[1]/h_frightened,161,1728
consent_grp[1]/section_h[1]/h_depression_grp[1]/h_hands_shake,161,1728
consent_grp[1]/section_h[1]/h_depression_grp[1]/h_nervous,161,1728
consent_grp[1]/section_h[1]/h_depression_grp[1]/h_digestion,161,1728
consent_grp[1]/section_h[1]/h_depression_grp[1]/h_thinking,161,1728
consent_grp[1]/section_h[1]/h_depression_grp[1]/h_unhappy,161,1728
consent_grp[1]/section_h[1]/h_depression_grp[1]/h_cry,161,1728
consent_grp[1]/section_h[1]/h_depression_grp[1]/h_activities,161,1728
consent_grp[1]/section_h[1]/h_depression_grp[1]/h_decisions,161,1728
consent_grp[1]/section_h[1]/h_depression_grp[1]/h_daily_work,161,1728
consent_grp[1]/section_h[1]/h_depression_grp[1]/h_life,161,1728
consent_grp[1]/section_h[1]/h_depression_grp[1]/h_interest,161,1728
consent_grp[1]/section_h[1]/h_depression_grp[1]/h_worthless,161,1728
consent_grp[1]/section_h[1]/h_depression_grp[1]/h_end_life,161,1728
consent_grp[1]/section_h[1]/h_depression_grp[1]/h_tired,161,1728
consent_grp[1]/section_h[1]/h_depression_grp[1]/h_uncomfortable,161,1728
consent_grp[1]/section_h[1]/h_depression_grp[1]/h_easily_tired,161,1728
consent_grp[1]/section_h[1]/sec_h_ext_contr_note,5,1889
consent_grp[1]/section_h[1]/h_ext_control_grp[1]/h_ext_cont_note,9,1894
consent_grp[1]/section_h[1]/h_ext_control_grp[1]/h_pup_learn,36,1904
consent_grp[1]/section_h[1]/h_ext_control_grp[1]/h_discipline,16,1939
consent_grp[1]/section_h[1]/h_ext_control_grp[1]/h_stu_achieve,23,1955
consent_grp[1]/section_h[1]/h_ext_control_grp[1]/h_teach_motiv,18,1979
consent_grp[1]/section_h[1]/h_ext_control_grp[1]/h_good_teach,23,1997
consent_grp[1]/section_h[1]/sec_h_motiv_note,3,2020
consent_grp[1]/section_h[1]/h_motiv_grp[1]/h_motiv_note,6,2024
consent_grp[1]/section_h[1]/h_motiv_grp[1]/h_motiv_help,10,2029
consent_grp[1]/section_h[1]/h_motiv_grp[1]/h_quest_school,10,2040
consent_grp[1]/section_h[1]/h_motiv_grp[1]/h_help_child,11,2049
consent_grp[1]/section_h[1]/h_motiv_grp[1]/h_sch_goal,8,2060
consent_grp[1]/section_h[1]/h_motiv_grp[1]/h_help_emot,15,2068
consent_grp[1]/section_h[1]/h_motiv_grp[1]/h_enjoy_teach,12,2083
consent_grp[1]/section_h[1]/h_motiv_grp[1]/h_develop_society,9,2095
consent_grp[1]/section_h[1]/h_motiv_grp[1]/h_develop_socially,17,2104
consent_grp[1]/section_h[1]/h_motiv_grp[1]/h_perso_clear,7,2121
consent_grp[1]/section_h[1]/h_impor_thing,38,2127
consent_grp[1]/section_h[1]/h_job_satisfaction_grp[1]/h_job_satis_note,23,2165
consent_grp[1]/section_h[1]/h_job_satisfaction_grp[1]/h_look_out,19,2188
consent_grp[1]/section_h[1]/h_job_satisfaction_grp[1]/h_perso_worries,12,2207
consent_grp[1]/section_h[1]/h_job_satisfaction_grp[1]/h_know_col,16,2218
consent_grp[1]/section_h[1]/h_job_satisfaction_grp[1]/h_col_coop,10,2235
consent_grp[1]/section_h[1]/h_job_satisfaction_grp[1]/h_trust_col,9,2245
consent_grp[1]/section_h[1]/h_job_satisfaction_grp[1]/h_enjoy_col,8,2253
consent_grp[1]/section_h[1]/h_job_satisfaction_grp[1]/h_sup_respect,7,2262
consent_grp[1]/section_h[1]/h_job_satisfaction_grp[1]/h_sup_busy,21,2269
consent_grp[1]/section_h[1]/h_job_satisfaction_grp[1]/h_sup_opinion,7,2290
consent_grp[1]/section_h[1]/h_job_satisfaction_grp[1]/h_count_sup,11,2297
consent_grp[1]/section_h[1]/h_job_satisfaction_grp[1]/h_motivated,8,2308
consent_grp[1]/section_h[1]/h_job_satisfaction_grp[1]/h_sup_unpredict,23,2316
consent_grp[1]/section_h[1]/h_job_satisfaction_grp[1]/h_wrk_challenge,11,2339
consent_grp[1]/section_h[1]/h_job_satisfaction_grp[1]/h_wrk_monotonous,11,2351
consent_grp[1]/section_h[1]/h_job_satisfaction_grp[1]/h_wrk_creative,7,2362
consent_grp[1]/section_h[1]/h_job_satisfaction_grp[1]/h_big_impact,10,2368
consent_grp[1]/section_h[1]/h_job_satisfaction_grp[1]/h_little_time,19,2378
consent_grp[1]/section_h[1]/h_job_satisfaction_grp[1]/h_control_satis,13,2397
consent_grp[1]/section_h[1]/h_job_satisfaction_grp[1]/h_look,13,2410
consent_grp[1]/section_h[1]/h_job_satisfaction_grp[1]/h_small_space,27,2423
consent_grp[1]/section_h[1]/h_job_satisfaction_grp[1]/h_new_mat,10,2450
consent_grp[1]/section_h[1]/h_job_satisfaction_grp[1]/h_clean_kinder,12,2460
consent_grp[1]/section_h[1]/h_job_satisfaction_grp[1]/h_loud_kinder,7,2471
consent_grp[1]/section_h[1]/h_job_satisfaction_grp[1]/h_kinder_rules,8,2478
consent_grp[1]/section_h[1]/h_job_satisfaction_grp[1]/h_satisfied_paid,13,2486
consent_grp[1]/section_h[1]/h_burnout_grp[1]/h_burnout_note,17,2499
consent_grp[1]/section_h[1]/h_burnout_grp[1]/h_emotion_drained,23,2516
consent_grp[1]/section_h[1]/h_burnout_grp[1]/h_used_up,19,2538
consent_grp[1]/section_h[1]/h_burnout_grp[1]/h_fatigued,18,2557
consent_grp[1]/section_h[1]/h_burnout_grp[1]/h_child_feel,11,2575
consent_grp[1]/section_h[1]/h_burnout_grp[1]/h_child_impersonal,13,2587
consent_grp[1]/section_h[1]/h_burnout_grp[1]/h_ppl_strain,18,2600
consent_grp[1]/section_h[1]/h_burnout_grp[1]/h_deal_effect,13,2617
consent_grp[1]/section_h[1]/h_burnout_grp[1]/h_burnout,7,2631
consent_grp[1]/section_h[1]/h_burnout_grp[1]/h_pos_influence,11,2637
consent_grp[1]/section_h[1]/h_burnout_grp[1]/h_cold,12,2648
consent_grp[1]/section_h[1]/h_burnout_grp[1]/h_hard,11,2660
consent_grp[1]/section_h[1]/h_burnout_grp[1]/h_energetic,6,2671
consent_grp[1]/section_h[1]/h_burnout_grp[1]/h_frustrated,9,2677
consent_grp[1]/section_h[1]/h_burnout_grp[1]/h_work_hard,14,2686
consent_grp[1]/section_h[1]/h_burnout_grp[1]/h_dont_care,10,2700
consent_grp[1]/section_h[1]/h_burnout_grp[1]/h_put_pressure,14,2710
consent_grp[1]/section_h[1]/h_burnout_grp[1]/h_relax,9,2724
consent_grp[1]/section_h[1]/h_burnout_grp[1]/h_excited,7,2733
consent_grp[1]/section_h[1]/h_burnout_grp[1]/h_accomplished,11,2741
consent_grp[1]/section_h[1]/h_burnout_grp[1]/h_end_of_rop,8,2752
consent_grp[1]/section_h[1]/h_burnout_grp[1]/h_emot_pro_calm,13,2760
consent_grp[1]/i_teacher_knowledge_grp[1]/I_teach_know_note,19,2773
consent_grp[1]/i_teacher_knowledge_grp[1]/i_consonance,73,2791
consent_grp[1]/i_teacher_knowledge_grp[1]/i_vowel,11,2865
consent_grp[1]/i_teacher_knowledge_grp[1]/i_unbelievable,27,2876
consent_grp[1]/i_teacher_knowledge_grp[1]/i_irregular,10,2902
consent_grp[1]/i_teacher_knowledge_grp[1]/i_cat,16,2912
consent_grp[1]/i_teacher_knowledge_grp[1]/i_cough,25,2925
consent_grp[1]/i_teacher_knowledge_grp[1]/i_check,13,2953
consent_grp[1]/i_teacher_knowledge_grp[1]/i_english,21,2966
consent_grp[1]/j_perception_grp[1]/j_perception_note,45,2987
consent_grp[1]/j_perception_grp[1]/j_dev_practice_grp[1]/j_dev_practice_note,29,3032
consent_grp[1]/j_perception_grp[1]/j_dev_practice_grp[1]/j_child_need,14,3052
consent_grp[1]/j_perception_grp[1]/j_dev_practice_grp[1]/j_recog_letter,8,3074
consent_grp[1]/j_perception_grp[1]/j_dev_practice_grp[1]/j_recog_number,8,3082
consent_grp[1]/j_perception_grp[1]/j_dev_practice_grp[1]/j_recog_colour,6,3091
consent_grp[1]/j_perception_grp[1]/j_dev_practice_grp[1]/j_indiv_goal,10,3097
consent_grp[1]/j_perception_grp[1]/j_dev_practice_grp[1]/j_play_materials,6,3107
consent_grp[1]/j_perception_grp[1]/j_dev_practice_grp[1]/j_child_measure,9,3113
consent_grp[1]/j_perception_grp[1]/j_supp_chil_grp[1]/j_supp_chil_note,8,3122
consent_grp[1]/j_perception_grp[1]/j_supp_chil_grp[1]/j_build_relation,11,3131
consent_grp[1]/j_perception_grp[1]/j_supp_chil_grp[1]/j_control_behaviour,7,3141
consent_grp[1]/j_perception_grp[1]/j_supp_chil_grp[1]/j_express_thought,11,3149
consent_grp[1]/j_perception_grp[1]/j_supp_chil_grp[1]/j_resolve_conflicts,8,3159
consent_grp[1]/j_perception_grp[1]/j_supp_chil_grp[1]/j_guidance_style,11,3167
consent_grp[1]/j_perception_grp[1]/j_fam_sensitive_grp[1]/j_fam_sensitive_note,54,3179
consent_grp[1]/j_perception_grp[1]/j_fam_sensitive_grp[1]/j_parent_goal,54,3179
consent_grp[1]/j_perception_grp[1]/j_fam_sensitive_grp[1]/j_work_schedule,54,3179
consent_grp[1]/j_perception_grp[1]/j_fam_sensitive_grp[1]/j_fam_decision,54,3179
consent_grp[1]/j_perception_grp[1]/j_fam_sensitive_grp[1]/j_family_care,54,3179
consent_grp[1]/j_perception_grp[1]/j_fam_sensitive_grp[1]/j_connect_family,54,3179
consent_grp[1]/k_grp[1]/k_instro_note,25,3233
consent_grp[1]/k_grp[1]/k_ts_grp[1]/tmp_k_labels,65,3257
consent_grp[1]/k_grp[1]/k_ts_grp[1]/k_take_priviledges,65,3257
consent_grp[1]/k_grp[1]/k_ts_grp[1]/k_explain_behavior,65,3257
consent_grp[1]/k_grp[1]/k_ts_grp[1]/k_shook,65,3257
consent_grp[1]/k_grp[1]/k_ts_grp[1]/k_shouted,65,3257
consent_grp[1]/k_grp[1]/k_ts_grp[1]/k_gave_something,65,3257
consent_grp[1]/k_grp[1]/k_ts_grp[1]/k_spanked,65,3257
consent_grp[1]/k_grp[1]/k_ts_grp[1]/k_hit_bottom,65,3257
consent_grp[1]/k_grp[1]/k_ts_grp[1]/k_call_dumb,65,3257
consent_grp[1]/k_grp[1]/k_ts_grp[1]/k_hit_face,65,3257
consent_grp[1]/k_grp[1]/k_ts_grp[1]/k_praised,65,3257
consent_grp[1]/k_grp[1]/k_ts_grp[1]/k_affection,65,3257
consent_grp[1]/k_grp[1]/k_ts_grp[1]/k_rewarded,65,3257
consent_grp[1]/l_teaching_prac_grp[1]/l_note,7,3322
consent_grp[1]/l_teaching_prac_grp[1]/l_previos_kinder_act[1]/tmp_l_prac_lab,92,3329
consent_grp[1]/l_teaching_prac_grp[1]/l_previos_kinder_act[1]/l_hygiene_routine,92,3329
consent_grp[1]/l_teaching_prac_grp[1]/l_previos_kinder_act[1]/l_supply,92,3329
consent_grp[1]/l_teaching_prac_grp[1]/l_previos_kinder_act[1]/l_pamper,92,3329
consent_grp[1]/l_teaching_prac_grp[1]/l_previos_kinder_act[1]/l_read,92,3329
consent_grp[1]/l_teaching_prac_grp[1]/l_previos_kinder_act[1]/l_tell,92,3329
consent_grp[1]/l_teaching_prac_grp[1]/l_previos_kinder_act[1]/l_conversatin,92,3329
consent_grp[1]/l_teaching_prac_grp[1]/l_previos_kinder_act[1]/l_sing,92,3329
consent_grp[1]/l_teaching_prac_grp[1]/l_previos_kinder_act[1]/l_dance,92,3329
consent_grp[1]/l_teaching_prac_grp[1]/l_previos_kinder_act[1]/l_visit,92,3329
consent_grp[1]/l_teaching_prac_grp[1]/l_previos_kinder_act[1]/l_play_kg,92,3329
consent_grp[1]/l_teaching_prac_grp[1]/l_previos_kinder_act[1]/l_play_recrea,92,3329
consent_grp[1]/l_teaching_prac_grp[1]/l_previos_kinder_act[1]/l_sleep,92,3329
consent_grp[1]/l_teaching_prac_grp[1]/l_previos_kinder_act[1]/l_run,92,3329
consent_grp[1]/l_teaching_prac_grp[1]/l_previos_kinder_act[1]/l_group_learn,92,3329
consent_grp[1]/l_teaching_prac_grp[1]/l_previos_kinder_act[1]/l_indiv_learn,92,3329
consent_grp[1]/l_teaching_prac_grp[1]/l_class_acti_grp[1]/l_act_grp[1]/tmp_l_class_lab,96,3421
consent_grp[1]/l_teaching_prac_grp[1]/l_class_acti_grp[1]/l_act_grp[1]/l_teach_colour,96,3421
consent_grp[1]/l_teaching_prac_grp[1]/l_class_acti_grp[1]/l_act_grp[1]/l_teach_number,96,3421
consent_grp[1]/l_teaching_prac_grp[1]/l_class_acti_grp[1]/l_act_grp[1]/l_teach_letter,96,3421
consent_grp[1]/l_teaching_prac_grp[1]/l_class_acti_grp[1]/l_act_grp[1]/l_teach_form,96,3421
consent_grp[1]/l_teaching_prac_grp[1]/l_class_acti_grp[1]/l_act_grp[1]/l_socialise,96,3421
consent_grp[1]/l_teaching_prac_grp[1]/l_class_acti_grp[1]/l_act_grp[1]/l_pro_solve,96,3421
consent_grp[1]/l_teaching_prac_grp[1]/l_class_acti_grp[1]/l_act_grp[1]/l_writing,96,3421
consent_grp[1]/l_teaching_prac_grp[1]/l_class_acti_grp[1]/l_act_grp[1]/l_teach_body,96,3421
consent_grp[1]/l_teaching_prac_grp[1]/l_class_acti_grp[1]/l_act_grp[1]/l_pers_hygiene,96,3421
consent_grp[1]/l_teaching_prac_grp[1]/l_class_acti_grp[1]/l_act_grp[1]/l_art_expre,96,3421
consent_grp[1]/l_teaching_prac_grp[1]/l_class_acti_grp[1]/l_act_grp[1]/l_body_lang,96,3421
consent_grp[1]/l_teaching_prac_grp[1]/l_class_acti_grp[1]/l_act_grp[1]/l_concentration,96,3421
consent_grp[1]/l_teaching_prac_grp[1]/l_class_acti_grp[1]/l_act_grp[1]/l_gross_motor,96,3421
consent_grp[1]/l_teaching_prac_grp[1]/l_class_acti_grp[1]/l_act_grp[1]/l_fine_motor,96,3421
consent_grp[1]/l_teaching_prac_grp[1]/l_class_acti_grp[1]/l_act_grp[1]/l_gender,96,3421
consent_grp[1]/l_teaching_prac_grp[1]/l_class_acti_grp[1]/l_act_grp[1]/l_responsibility,96,3421
consent_grp[1]/l_teaching_prac_grp[1]/l_class_acti_grp[1]/l_act_grp[1]/l_speech,96,3421
consent_grp[1]/l_teaching_prac_grp[1]/l_class_acti_grp[1]/l_act_grp[1]/l_explore_comm,96,3421
consent_grp[1]/l_teaching_prac_grp[1]/l_class_acti_grp[1]/l_act_grp[1]/l_explore_culture,96,3421
consent_grp[1]/l_teaching_prac_grp[1]/l_parent_interact_note,10,3517
consent_grp[1]/l_teaching_prac_grp[1]/l_actively_engaged,17,3526
consent_grp[1]/l_teaching_prac_grp[1]/l_proportion_child,14,3543
consent_grp[1]/l_teaching_prac_grp[1]/l_proportion_child_more,15,3557
consent_grp[1]/l_teaching_prac_grp[1]/l_visit_pupil_house,25,3572
consent_grp[1]/l_teaching_prac_grp[1]/l_visit_parent_house,21,3597
consent_grp[1]/l_teaching_prac_grp[1]/l_receive_parent_supp,21,3618
consent_grp[1]/l_teaching_prac_grp[1]/l_day_teaching_note,8,3639
consent_grp[1]/l_teaching_prac_grp[1]/l_day_grp[1]/tmp_l_labs,40,3647
consent_grp[1]/l_teaching_prac_grp[1]/l_day_grp[1]/l_daily_schedule,40,3647
consent_grp[1]/l_teaching_prac_grp[1]/l_day_grp[1]/l_play_period,40,3647
consent_grp[1]/l_teaching_prac_grp[1]/l_day_grp[1]/l_free_play,40,3647
consent_grp[1]/l_teaching_prac_grp[1]/l_day_grp[1]/l_activities,40,3647
consent_grp[1]/l_teaching_prac_grp[1]/l_per_daily_grp[1]/l_perc_note,160,3687
consent_grp[1]/l_teaching_prac_grp[1]/l_per_daily_grp[1]/l_admin_per,160,3687
consent_grp[1]/l_teaching_prac_grp[1]/l_per_daily_grp[1]/l_class_per,160,3687
consent_grp[1]/l_teaching_prac_grp[1]/l_per_daily_grp[1]/l_teach_per,160,3687
consent_grp[1]/l_teaching_prac_grp[1]/l_per_daily_grp[1]/l_super_per,160,3687
consent_grp[1]/l_teaching_prac_grp[1]/l_per_daily_grp[1]/l_super_oth_per,160,3687
consent_grp[1]/l_teaching_prac_grp[1]/l_per_daily_grp[1]/l_break_per,160,3687
consent_grp[1]/l_teaching_prac_grp[1]/l_discipline_note,17,3847
consent_grp[1]/l_teaching_prac_grp[1]/l_dont_like,32,3864
consent_grp[1]/l_teaching_prac_grp[1]/l_really_bad,22,3896
consent_grp[1]/l_teaching_prac_grp[1]/l_does_good,27,3918
consent_grp[1]/l_teaching_prac_grp[1]/l_praise,14,3945
consent_grp[1]/q_note,26,3960
consent_grp[1]/q_activ_yn,14,3985
consent_grp[1]/q_rpt[1]/q_activ_r,23,4000
consent_grp[1]/q_rpt[1]/q_activ_org_r,9,4022
consent_grp[1]/q_rpt[1]/q_activ_add_r,18,4031
consent_grp[1]/q_rpt[2]/q_activ_r,9,4048
consent_grp[1]/q_rpt[2]/q_activ_org_r,9,4058
consent_grp[1]/q_rpt[2]/q_activ_org_osp_r,24,4067
consent_grp[1]/q_rpt[2]/q_activ_add_r,17,4091
s_int_accom_yn,4,4108
comments,35,4112
