Field name,Total duration (seconds),First appeared (seconds into survey)
instruction,1,4
a_district_id,3,5
a_circuit_id,11,8
a_kg_id,4,19
a_community_id,3,24
a_enum_id,9,27
consent_note,3,35
con_understand,2,39
con_questions,2,40
con_written,3,42
consent_grp[1]/audio_consent,2,46
consent_grp[1]/d_background_note,1,47
consent_grp[1]/section_d[1]/kgt_key,3,48
consent_grp[1]/section_d[1]/kgt_name_gp[1]/kgt_fsn,89,52
consent_grp[1]/section_d[1]/kgt_name_gp[1]/kgt_msn,89,52
consent_grp[1]/section_d[1]/kgt_name_gp[1]/kgt_lsn,89,52
consent_grp[1]/section_d[1]/kgt_name_gp[1]/kgt_ppn,89,52
consent_grp[1]/section_d[1]/kgt_name_gp[1]/d_sex,89,52
consent_grp[1]/section_d[1]/kgt_confirm_note,8,140
consent_grp[1]/section_d[1]/d_num_cnt,4,148
consent_grp[1]/section_d[1]/d_cnt_grp[1]/d_cnt_main,28,152
consent_grp[1]/section_d[1]/d_cnt_grp[1]/d_cnt_sec,28,152
consent_grp[1]/section_d[1]/d_age,5,180
consent_grp[1]/section_d[1]/d_teacher_grp[1]/d_been_teacher,8,185
consent_grp[1]/section_d[1]/d_teacher_grp[1]/d_teacher_year,8,185
consent_grp[1]/section_d[1]/d_teacher_grp[1]/d_teacher_month,8,185
consent_grp[1]/section_d[1]/d_been_kinder_grp[1]/d_been_kinder,7,193
consent_grp[1]/section_d[1]/d_been_kinder_grp[1]/d_kinder_year,7,193
consent_grp[1]/section_d[1]/d_been_kinder_grp[1]/d_kinder_month,7,193
consent_grp[1]/section_d[1]/d_work_last,7,201
consent_grp[1]/section_d[1]/d_os_yn,4,208
consent_grp[1]/section_d[1]/d_os_grp[1]/d_os_name,18,212
consent_grp[1]/section_d[1]/d_os_grp[1]/d_os_region,18,212
consent_grp[1]/section_d[1]/d_os_district,4,230
consent_grp[1]/section_d[1]/d_os_comm_sel,20,234
consent_grp[1]/section_d[1]/d_edu_level,4,254
consent_grp[1]/section_d[1]/d_edu_train,3,258
consent_grp[1]/section_d[1]/d_edu_level_train,3,261
consent_grp[1]/section_d[1]/d_edu_level_fath,4,264
consent_grp[1]/section_d[1]/d_edu_level_mom,4,268
consent_grp[1]/section_d[1]/d_marital_status,4,272
consent_grp[1]/section_d[1]/d_ethnic_group,4,275
consent_grp[1]/section_d[1]/d_religion,3,279
consent_grp[1]/section_d[1]/d_la_spk_grp[1]/d_la_spk_note,6,282
consent_grp[1]/section_d[1]/d_la_spk_grp[1]/d_la_spk_eng,6,282
consent_grp[1]/section_d[1]/d_la_spk_grp[1]/d_la_spk_grun,6,282
consent_grp[1]/section_d[1]/d_la_wrt_grp[1]/d_la_wrt_note,5,287
consent_grp[1]/section_d[1]/d_la_wrt_grp[1]/d_la_wrt_eng,5,287
consent_grp[1]/section_d[1]/d_la_wrt_grp[1]/d_la_wrt_grun,5,287
consent_grp[1]/section_d[1]/d_main_language,3,292
consent_grp[1]/section_d[1]/d_loc_lang_kinderg,3,295
consent_grp[1]/e_rel_grp[1]/e_hh_note,2,298
consent_grp[1]/e_rel_grp[1]/e_hh_num,3,300
consent_grp[1]/e_rel_grp[1]/e_hh_grp[1]/e_hh_head,13,303
consent_grp[1]/e_rel_grp[1]/e_hh_grp[1]/e_chil_hh,13,303
consent_grp[1]/e_rel_grp[1]/e_hh_grp[1]/e_adult_hh,13,303
consent_grp[1]/e_rel_grp[1]/e_hh_school,7,315
consent_grp[1]/e_rel_grp[1]/e_read_english,3,322
consent_grp[1]/e_rel_grp[1]/e_rate_health,3,325
consent_grp[1]/e_rel_grp[1]/e_live_note,2,327
consent_grp[1]/e_rel_grp[1]/e_rooms_occu,3,329
consent_grp[1]/e_rel_grp[1]/e_own_status,5,332
consent_grp[1]/e_rel_grp[1]/e_electricity_inhouse,7,336
consent_grp[1]/e_rel_grp[1]/e_floor_material,4,344
consent_grp[1]/e_rel_grp[1]/e_interior_floor,5,348
consent_grp[1]/e_rel_grp[1]/e_roof_mat,4,354
consent_grp[1]/e_rel_grp[1]/e_cook_fuel,3,357
consent_grp[1]/e_rel_grp[1]/e_lighting,3,360
consent_grp[1]/e_rel_grp[1]/e_drink_source,4,363
consent_grp[1]/e_rel_grp[1]/e_toilet_facility,3,367
consent_grp[1]/e_rel_grp[1]/e_asset_note,3,369
consent_grp[1]/e_rel_grp[1]/e_hh_own_phone,3,373
consent_grp[1]/e_rel_grp[1]/e_hh_ass_grp[1]/tmp_e_hh_ass_lab,50,376
consent_grp[1]/e_rel_grp[1]/e_hh_ass_grp[1]/e_hh_ass_radio,50,376
consent_grp[1]/e_rel_grp[1]/e_hh_ass_grp[1]/e_hh_ass_refrig,50,376
consent_grp[1]/e_rel_grp[1]/e_hh_ass_grp[1]/e_hh_ass_bike,50,376
consent_grp[1]/e_rel_grp[1]/e_hh_ass_grp[1]/e_hh_ass_tv,50,376
consent_grp[1]/e_rel_grp[1]/e_hh_ass_grp[1]/e_hh_ass_vcr,50,376
consent_grp[1]/e_rel_grp[1]/e_hh_ass_grp[1]/e_hh_ass_motor,50,376
consent_grp[1]/e_rel_grp[1]/e_hh_ass_grp[1]/e_hh_ass_car,50,376
consent_grp[1]/e_rel_grp[1]/e_hh_ass_grp[1]/e_hh_ass_tractor,50,376
consent_grp[1]/e_rel_grp[1]/e_hh_ass_grp[1]/e_hh_ass_farm_equip,50,376
consent_grp[1]/e_rel_grp[1]/e_hh_ass_grp[1]/e_hh_ass_sew_mach,50,376
consent_grp[1]/e_rel_grp[1]/e_hh_ass_grp[1]/e_hh_ass_bed,50,376
consent_grp[1]/e_rel_grp[1]/e_hh_ass_grp[1]/e_hh_ass_mattress,50,376
consent_grp[1]/e_rel_grp[1]/e_hh_ass_grp[1]/e_hh_ass_table_chair,50,376
consent_grp[1]/e_rel_grp[1]/e_hh_ass_grp[1]/e_hh_ass_stool,50,376
consent_grp[1]/e_rel_grp[1]/e_hh_ass_grp[1]/e_hh_ass_sofa,50,376
consent_grp[1]/e_rel_grp[1]/e_hh_ass_grp[1]/e_hh_ass_fan,50,376
consent_grp[1]/e_rel_grp[1]/e_hh_ass_grp[1]/e_hh_ass_lamp,50,376
consent_grp[1]/e_rel_grp[1]/e_hh_ass_grp[1]/e_hh_ass_watch,50,376
consent_grp[1]/e_rel_grp[1]/e_hh_ass_grp[1]/e_hh_ass_mat,50,376
consent_grp[1]/e_rel_grp[1]/e_hh_ass_grp[1]/e_hh_ass_torch,50,376
consent_grp[1]/e_rel_grp[1]/e_hh_ass_grp[1]/e_hh_ass_cabinet,50,376
consent_grp[1]/e_rel_grp[1]/e_hh_ass_grp[1]/e_hh_ass_pot,50,376
consent_grp[1]/e_rel_grp[1]/e_hh_ass_grp[1]/e_hh_ass_itn,50,376
consent_grp[1]/e_rel_grp[1]/e_hh_ass_grp[1]/e_hh_ass_iron_elec,50,376
consent_grp[1]/e_rel_grp[1]/e_hh_ass_grp[1]/e_hh_ass_iron_coal,50,376
consent_grp[1]/e_rel_grp[1]/e_hh_ass_grp[1]/e_hh_ass_iron_gas,50,376
consent_grp[1]/f_rel_grp[1]/f_comm_note,3,426
consent_grp[1]/f_rel_grp[1]/section_f[1]/f_born_comm,3,429
consent_grp[1]/f_rel_grp[1]/section_f[1]/f_school_loc,14,432
consent_grp[1]/f_rel_grp[1]/section_f[1]/f_lived_bef_teach,10,441
consent_grp[1]/f_rel_grp[1]/section_f[1]/f_lived_grp[1]/f_lived_comm,7,457
consent_grp[1]/f_rel_grp[1]/section_f[1]/f_lived_grp[1]/f_lived_comm_year,7,457
consent_grp[1]/f_rel_grp[1]/section_f[1]/f_lived_grp[1]/f_lived_comm_month,7,457
consent_grp[1]/f_rel_grp[1]/section_f[1]/f_fam_lived,6,463
consent_grp[1]/f_rel_grp[1]/section_f[1]/f_emot_support,3,470
consent_grp[1]/f_rel_grp[1]/section_f[1]/f_emot_support_num,3,473
consent_grp[1]/f_rel_grp[1]/section_f[1]/f_lend_money,3,476
consent_grp[1]/f_rel_grp[1]/section_f[1]/f_borrow_money,3,479
consent_grp[1]/f_rel_grp[1]/section_f[1]/f_rel_live_nearby,3,481
consent_grp[1]/f_rel_grp[1]/section_f[1]/f_part_comm,3,484
consent_grp[1]/f_rel_grp[1]/section_f[1]/f_main_trans,3,487
consent_grp[1]/f_rel_grp[1]/section_f[1]/f_min_get_sch_grp[1]/f_min_get_note,7,490
consent_grp[1]/f_rel_grp[1]/section_f[1]/f_min_get_sch_grp[1]/f_h_get_school,7,490
consent_grp[1]/f_rel_grp[1]/section_f[1]/f_min_get_sch_grp[1]/f_m_get_school,7,490
consent_grp[1]/g_nature_wrk_note,2,497
consent_grp[1]/section_g[1]/g_teach_pos,3,499
consent_grp[1]/section_g[1]/g_teach_school,12,502
consent_grp[1]/section_g[1]/g_kg_grade,3,514
consent_grp[1]/section_g[1]/g_class_grp[1]/g_children_note,4,517
consent_grp[1]/section_g[1]/g_class_grp[1]/g_kg_2,4,517
consent_grp[1]/section_g[1]/g_ah_grp[1]/g_ah_note,10,521
consent_grp[1]/section_g[1]/g_ah_grp[1]/g_ah_working,10,521
consent_grp[1]/section_g[1]/g_ah_grp[1]/g_ah_prepping,10,521
consent_grp[1]/section_g[1]/g_eh_grp[1]/g_eh_note,10,527
consent_grp[1]/section_g[1]/g_eh_grp[1]/g_eh_working,10,527
consent_grp[1]/section_g[1]/g_eh_grp[1]/g_eh_prepping,10,527
consent_grp[1]/section_g[1]/g_teach_salary,5,540
consent_grp[1]/section_g[1]/g_salary_freq,4,545
consent_grp[1]/section_g[1]/g_salary_intime,3,549
consent_grp[1]/section_g[1]/g_money_cmp,3,552
consent_grp[1]/section_g[1]/g_extra_money_spec,3,555
consent_grp[1]/section_g[1]/g_sch_pro_grp[1]/tmp_g_sch_pro_lab,21,558
consent_grp[1]/section_g[1]/g_sch_pro_grp[1]/g_class,21,558
consent_grp[1]/section_g[1]/g_sch_pro_grp[1]/g_class_taught,21,558
consent_grp[1]/section_g[1]/g_sch_pro_grp[1]/g_fin_resource,21,558
consent_grp[1]/section_g[1]/g_sch_pro_grp[1]/g_high_expe,21,558
consent_grp[1]/section_g[1]/g_sch_pro_grp[1]/g_change_curri,21,558
consent_grp[1]/section_g[1]/g_sch_pro_grp[1]/g_diff_curri,21,558
consent_grp[1]/section_g[1]/g_sch_pro_grp[1]/g_easy_curri,21,558
consent_grp[1]/section_g[1]/g_sch_pro_grp[1]/g_par_dem_high,21,558
consent_grp[1]/section_g[1]/g_sch_pro_grp[1]/g_par_suff_interest,21,558
consent_grp[1]/section_g[1]/g_sch_pro_grp[1]/g_par_suff_active,21,558
consent_grp[1]/section_g[1]/g_par_supp_grp[1]/g_par_supp_note,2,579
consent_grp[1]/section_g[1]/g_par_supp_grp[1]/g_home_wrk,3,582
consent_grp[1]/section_g[1]/g_par_supp_grp[1]/g_behave_val,2,585
consent_grp[1]/section_g[1]/g_par_supp_grp[1]/g_get_schl,2,587
consent_grp[1]/section_g[1]/g_par_supp_grp[1]/g_visit_schl,3,589
consent_grp[1]/section_g[1]/g_par_supp_grp[1]/g_show_respect,3,592
consent_grp[1]/section_g[1]/g_par_supp_grp[1]/g_best_schl,3,595
consent_grp[1]/section_g[1]/g_par_supp_grp[1]/g_parti_pta,3,597
consent_grp[1]/section_g[1]/g_par_supp_grp[1]/g_cont_kg_act,3,600
consent_grp[1]/section_g[1]/g_lead_respect,3,603
consent_grp[1]/section_g[1]/g_val_citizen,2,606
consent_grp[1]/section_h[1]/sec_h_depre_note,2,608
consent_grp[1]/section_h[1]/h_depression_grp[1]/h_da_note,20,611
consent_grp[1]/section_h[1]/h_depression_grp[1]/tmp_h_da_lab,20,611
consent_grp[1]/section_h[1]/h_depression_grp[1]/h_headache,20,611
consent_grp[1]/section_h[1]/h_depression_grp[1]/h_appetite,20,611
consent_grp[1]/section_h[1]/h_depression_grp[1]/h_sleep,20,611
consent_grp[1]/section_h[1]/h_depression_grp[1]/h_frightened,20,611
consent_grp[1]/section_h[1]/h_depression_grp[1]/h_hands_shake,20,611
consent_grp[1]/section_h[1]/h_depression_grp[1]/h_nervous,20,611
consent_grp[1]/section_h[1]/h_depression_grp[1]/h_digestion,20,611
consent_grp[1]/section_h[1]/h_depression_grp[1]/h_thinking,20,611
consent_grp[1]/section_h[1]/h_depression_grp[1]/h_unhappy,20,611
consent_grp[1]/section_h[1]/h_depression_grp[1]/h_cry,20,611
consent_grp[1]/section_h[1]/h_depression_grp[1]/h_activities,20,611
consent_grp[1]/section_h[1]/h_depression_grp[1]/h_decisions,20,611
consent_grp[1]/section_h[1]/h_depression_grp[1]/h_daily_work,20,611
consent_grp[1]/section_h[1]/h_depression_grp[1]/h_life,20,611
consent_grp[1]/section_h[1]/h_depression_grp[1]/h_interest,20,611
consent_grp[1]/section_h[1]/h_depression_grp[1]/h_worthless,20,611
consent_grp[1]/section_h[1]/h_depression_grp[1]/h_end_life,20,611
consent_grp[1]/section_h[1]/h_depression_grp[1]/h_tired,20,611
consent_grp[1]/section_h[1]/h_depression_grp[1]/h_uncomfortable,20,611
consent_grp[1]/section_h[1]/h_depression_grp[1]/h_easily_tired,20,611
consent_grp[1]/section_h[1]/sec_h_ext_contr_note,5,630
consent_grp[1]/section_h[1]/h_ext_control_grp[1]/h_ext_cont_note,1,635
consent_grp[1]/section_h[1]/h_ext_control_grp[1]/h_pup_learn,5,636
consent_grp[1]/section_h[1]/h_ext_control_grp[1]/h_discipline,2,641
consent_grp[1]/section_h[1]/h_ext_control_grp[1]/h_stu_achieve,2,643
consent_grp[1]/section_h[1]/h_ext_control_grp[1]/h_teach_motiv,2,645
consent_grp[1]/section_h[1]/h_ext_control_grp[1]/h_good_teach,2,647
consent_grp[1]/section_h[1]/sec_h_motiv_note,2,650
consent_grp[1]/section_h[1]/h_motiv_grp[1]/h_motiv_note,2,652
consent_grp[1]/section_h[1]/h_motiv_grp[1]/h_motiv_help,3,654
consent_grp[1]/section_h[1]/h_motiv_grp[1]/h_quest_school,4,656
consent_grp[1]/section_h[1]/h_motiv_grp[1]/h_help_child,5,660
consent_grp[1]/section_h[1]/h_motiv_grp[1]/h_sch_goal,4,666
consent_grp[1]/section_h[1]/h_motiv_grp[1]/h_help_emot,3,670
consent_grp[1]/section_h[1]/h_motiv_grp[1]/h_enjoy_teach,3,673
consent_grp[1]/section_h[1]/h_motiv_grp[1]/h_develop_society,3,676
consent_grp[1]/section_h[1]/h_motiv_grp[1]/h_develop_socially,3,679
consent_grp[1]/section_h[1]/h_motiv_grp[1]/h_perso_clear,3,682
consent_grp[1]/section_h[1]/h_impor_thing,5,685
consent_grp[1]/section_h[1]/h_job_satisfaction_grp[1]/h_job_satis_note,2,690
consent_grp[1]/section_h[1]/h_job_satisfaction_grp[1]/h_look_out,4,692
consent_grp[1]/section_h[1]/h_job_satisfaction_grp[1]/h_perso_worries,3,695
consent_grp[1]/section_h[1]/h_job_satisfaction_grp[1]/h_know_col,3,698
consent_grp[1]/section_h[1]/h_job_satisfaction_grp[1]/h_col_coop,3,701
consent_grp[1]/section_h[1]/h_job_satisfaction_grp[1]/h_trust_col,4,704
consent_grp[1]/section_h[1]/h_job_satisfaction_grp[1]/h_enjoy_col,4,708
consent_grp[1]/section_h[1]/h_job_satisfaction_grp[1]/h_sup_respect,3,711
consent_grp[1]/section_h[1]/h_job_satisfaction_grp[1]/h_sup_busy,4,715
consent_grp[1]/section_h[1]/h_job_satisfaction_grp[1]/h_sup_opinion,3,719
consent_grp[1]/section_h[1]/h_job_satisfaction_grp[1]/h_count_sup,4,722
consent_grp[1]/section_h[1]/h_job_satisfaction_grp[1]/h_motivated,4,726
consent_grp[1]/section_h[1]/h_job_satisfaction_grp[1]/h_sup_unpredict,3,730
consent_grp[1]/section_h[1]/h_job_satisfaction_grp[1]/h_wrk_challenge,8,733
consent_grp[1]/section_h[1]/h_job_satisfaction_grp[1]/h_wrk_monotonous,7,741
consent_grp[1]/section_h[1]/h_job_satisfaction_grp[1]/h_wrk_creative,3,749
consent_grp[1]/section_h[1]/h_job_satisfaction_grp[1]/h_big_impact,3,752
consent_grp[1]/section_h[1]/h_job_satisfaction_grp[1]/h_little_time,3,755
consent_grp[1]/section_h[1]/h_job_satisfaction_grp[1]/h_control_satis,3,757
consent_grp[1]/section_h[1]/h_job_satisfaction_grp[1]/h_look,3,760
consent_grp[1]/section_h[1]/h_job_satisfaction_grp[1]/h_small_space,2,763
consent_grp[1]/section_h[1]/h_job_satisfaction_grp[1]/h_new_mat,4,765
consent_grp[1]/section_h[1]/h_job_satisfaction_grp[1]/h_clean_kinder,4,768
consent_grp[1]/section_h[1]/h_job_satisfaction_grp[1]/h_loud_kinder,3,773
consent_grp[1]/section_h[1]/h_job_satisfaction_grp[1]/h_kinder_rules,3,776
consent_grp[1]/section_h[1]/h_job_satisfaction_grp[1]/h_satisfied_paid,4,779
consent_grp[1]/section_h[1]/h_burnout_grp[1]/h_burnout_note,2,783
consent_grp[1]/section_h[1]/h_burnout_grp[1]/h_emotion_drained,3,785
consent_grp[1]/section_h[1]/h_burnout_grp[1]/h_used_up,2,788
consent_grp[1]/section_h[1]/h_burnout_grp[1]/h_fatigued,2,790
consent_grp[1]/section_h[1]/h_burnout_grp[1]/h_child_feel,3,792
consent_grp[1]/section_h[1]/h_burnout_grp[1]/h_child_impersonal,2,795
consent_grp[1]/section_h[1]/h_burnout_grp[1]/h_ppl_strain,4,797
consent_grp[1]/section_h[1]/h_burnout_grp[1]/h_deal_effect,5,801
consent_grp[1]/section_h[1]/h_burnout_grp[1]/h_burnout,3,806
consent_grp[1]/section_h[1]/h_burnout_grp[1]/h_pos_influence,3,809
consent_grp[1]/section_h[1]/h_burnout_grp[1]/h_cold,3,811
consent_grp[1]/section_h[1]/h_burnout_grp[1]/h_hard,3,814
consent_grp[1]/section_h[1]/h_burnout_grp[1]/h_energetic,6,818
consent_grp[1]/section_h[1]/h_burnout_grp[1]/h_frustrated,3,824
consent_grp[1]/section_h[1]/h_burnout_grp[1]/h_work_hard,2,827
consent_grp[1]/section_h[1]/h_burnout_grp[1]/h_dont_care,3,829
consent_grp[1]/section_h[1]/h_burnout_grp[1]/h_put_pressure,2,832
consent_grp[1]/section_h[1]/h_burnout_grp[1]/h_relax,3,835
consent_grp[1]/section_h[1]/h_burnout_grp[1]/h_excited,3,837
consent_grp[1]/section_h[1]/h_burnout_grp[1]/h_accomplished,3,840
consent_grp[1]/section_h[1]/h_burnout_grp[1]/h_end_of_rop,3,843
consent_grp[1]/section_h[1]/h_burnout_grp[1]/h_emot_pro_calm,3,846
consent_grp[1]/i_teacher_knowledge_grp[1]/I_teach_know_note,2,849
consent_grp[1]/i_teacher_knowledge_grp[1]/i_consonance,3,851
consent_grp[1]/i_teacher_knowledge_grp[1]/i_vowel,3,854
consent_grp[1]/i_teacher_knowledge_grp[1]/i_unbelievable,4,857
consent_grp[1]/i_teacher_knowledge_grp[1]/i_irregular,3,860
consent_grp[1]/i_teacher_knowledge_grp[1]/i_cat,4,863
consent_grp[1]/i_teacher_knowledge_grp[1]/i_cough,3,867
consent_grp[1]/i_teacher_knowledge_grp[1]/i_check,3,870
consent_grp[1]/i_teacher_knowledge_grp[1]/i_english,3,872
consent_grp[1]/j_perception_grp[1]/j_perception_note,2,875
consent_grp[1]/j_perception_grp[1]/j_dev_practice_grp[1]/j_dev_practice_note,1,877
consent_grp[1]/j_perception_grp[1]/j_dev_practice_grp[1]/j_child_need,3,878
consent_grp[1]/j_perception_grp[1]/j_dev_practice_grp[1]/j_recog_letter,2,881
consent_grp[1]/j_perception_grp[1]/j_dev_practice_grp[1]/j_recog_number,3,883
consent_grp[1]/j_perception_grp[1]/j_dev_practice_grp[1]/j_recog_colour,2,886
consent_grp[1]/j_perception_grp[1]/j_dev_practice_grp[1]/j_indiv_goal,2,888
consent_grp[1]/j_perception_grp[1]/j_dev_practice_grp[1]/j_play_materials,2,890
consent_grp[1]/j_perception_grp[1]/j_dev_practice_grp[1]/j_child_measure,2,892
consent_grp[1]/j_perception_grp[1]/j_supp_chil_grp[1]/j_supp_chil_note,2,894
consent_grp[1]/j_perception_grp[1]/j_supp_chil_grp[1]/j_build_relation,3,896
consent_grp[1]/j_perception_grp[1]/j_supp_chil_grp[1]/j_control_behaviour,3,898
consent_grp[1]/j_perception_grp[1]/j_supp_chil_grp[1]/j_express_thought,2,901
consent_grp[1]/j_perception_grp[1]/j_supp_chil_grp[1]/j_resolve_conflicts,3,903
consent_grp[1]/j_perception_grp[1]/j_supp_chil_grp[1]/j_guidance_style,3,906
consent_grp[1]/j_perception_grp[1]/j_fam_sensitive_grp[1]/j_fam_sensitive_note,12,909
consent_grp[1]/j_perception_grp[1]/j_fam_sensitive_grp[1]/j_parent_goal,12,909
consent_grp[1]/j_perception_grp[1]/j_fam_sensitive_grp[1]/j_work_schedule,12,909
consent_grp[1]/j_perception_grp[1]/j_fam_sensitive_grp[1]/j_fam_decision,12,909
consent_grp[1]/j_perception_grp[1]/j_fam_sensitive_grp[1]/j_family_care,12,909
consent_grp[1]/j_perception_grp[1]/j_fam_sensitive_grp[1]/j_connect_family,12,909
consent_grp[1]/k_grp[1]/k_instro_note,2,921
consent_grp[1]/k_grp[1]/k_ts_grp[1]/tmp_k_labels,34,923
consent_grp[1]/k_grp[1]/k_ts_grp[1]/k_take_priviledges,34,923
consent_grp[1]/k_grp[1]/k_ts_grp[1]/k_explain_behavior,34,923
consent_grp[1]/k_grp[1]/k_ts_grp[1]/k_shook,34,923
consent_grp[1]/k_grp[1]/k_ts_grp[1]/k_shouted,34,923
consent_grp[1]/k_grp[1]/k_ts_grp[1]/k_gave_something,34,923
consent_grp[1]/k_grp[1]/k_ts_grp[1]/k_spanked,34,923
consent_grp[1]/k_grp[1]/k_ts_grp[1]/k_hit_bottom,34,923
consent_grp[1]/k_grp[1]/k_ts_grp[1]/k_call_dumb,34,923
consent_grp[1]/k_grp[1]/k_ts_grp[1]/k_hit_face,34,923
consent_grp[1]/k_grp[1]/k_ts_grp[1]/k_praised,34,923
consent_grp[1]/k_grp[1]/k_ts_grp[1]/k_affection,34,923
consent_grp[1]/k_grp[1]/k_ts_grp[1]/k_rewarded,34,923
consent_grp[1]/l_teaching_prac_grp[1]/l_note,2,957
consent_grp[1]/l_teaching_prac_grp[1]/l_previos_kinder_act[1]/tmp_l_prac_lab,27,959
consent_grp[1]/l_teaching_prac_grp[1]/l_previos_kinder_act[1]/l_hygiene_routine,27,959
consent_grp[1]/l_teaching_prac_grp[1]/l_previos_kinder_act[1]/l_supply,27,959
consent_grp[1]/l_teaching_prac_grp[1]/l_previos_kinder_act[1]/l_pamper,27,959
consent_grp[1]/l_teaching_prac_grp[1]/l_previos_kinder_act[1]/l_read,27,959
consent_grp[1]/l_teaching_prac_grp[1]/l_previos_kinder_act[1]/l_tell,27,959
consent_grp[1]/l_teaching_prac_grp[1]/l_previos_kinder_act[1]/l_conversatin,27,959
consent_grp[1]/l_teaching_prac_grp[1]/l_previos_kinder_act[1]/l_sing,27,959
consent_grp[1]/l_teaching_prac_grp[1]/l_previos_kinder_act[1]/l_dance,27,959
consent_grp[1]/l_teaching_prac_grp[1]/l_previos_kinder_act[1]/l_visit,27,959
consent_grp[1]/l_teaching_prac_grp[1]/l_previos_kinder_act[1]/l_play_kg,27,959
consent_grp[1]/l_teaching_prac_grp[1]/l_previos_kinder_act[1]/l_play_recrea,27,959
consent_grp[1]/l_teaching_prac_grp[1]/l_previos_kinder_act[1]/l_sleep,27,959
consent_grp[1]/l_teaching_prac_grp[1]/l_previos_kinder_act[1]/l_run,27,959
consent_grp[1]/l_teaching_prac_grp[1]/l_previos_kinder_act[1]/l_group_learn,27,959
consent_grp[1]/l_teaching_prac_grp[1]/l_previos_kinder_act[1]/l_indiv_learn,27,959
consent_grp[1]/l_teaching_prac_grp[1]/l_class_acti_grp[1]/l_act_grp[1]/tmp_l_class_lab,27,986
consent_grp[1]/l_teaching_prac_grp[1]/l_class_acti_grp[1]/l_act_grp[1]/l_teach_colour,27,986
consent_grp[1]/l_teaching_prac_grp[1]/l_class_acti_grp[1]/l_act_grp[1]/l_teach_number,27,986
consent_grp[1]/l_teaching_prac_grp[1]/l_class_acti_grp[1]/l_act_grp[1]/l_teach_letter,27,986
consent_grp[1]/l_teaching_prac_grp[1]/l_class_acti_grp[1]/l_act_grp[1]/l_teach_form,27,986
consent_grp[1]/l_teaching_prac_grp[1]/l_class_acti_grp[1]/l_act_grp[1]/l_socialise,27,986
consent_grp[1]/l_teaching_prac_grp[1]/l_class_acti_grp[1]/l_act_grp[1]/l_pro_solve,27,986
consent_grp[1]/l_teaching_prac_grp[1]/l_class_acti_grp[1]/l_act_grp[1]/l_writing,27,986
consent_grp[1]/l_teaching_prac_grp[1]/l_class_acti_grp[1]/l_act_grp[1]/l_teach_body,27,986
consent_grp[1]/l_teaching_prac_grp[1]/l_class_acti_grp[1]/l_act_grp[1]/l_pers_hygiene,27,986
consent_grp[1]/l_teaching_prac_grp[1]/l_class_acti_grp[1]/l_act_grp[1]/l_art_expre,27,986
consent_grp[1]/l_teaching_prac_grp[1]/l_class_acti_grp[1]/l_act_grp[1]/l_body_lang,27,986
consent_grp[1]/l_teaching_prac_grp[1]/l_class_acti_grp[1]/l_act_grp[1]/l_concentration,27,986
consent_grp[1]/l_teaching_prac_grp[1]/l_class_acti_grp[1]/l_act_grp[1]/l_gross_motor,27,986
consent_grp[1]/l_teaching_prac_grp[1]/l_class_acti_grp[1]/l_act_grp[1]/l_fine_motor,27,986
consent_grp[1]/l_teaching_prac_grp[1]/l_class_acti_grp[1]/l_act_grp[1]/l_gender,27,986
consent_grp[1]/l_teaching_prac_grp[1]/l_class_acti_grp[1]/l_act_grp[1]/l_responsibility,27,986
consent_grp[1]/l_teaching_prac_grp[1]/l_class_acti_grp[1]/l_act_grp[1]/l_speech,27,986
consent_grp[1]/l_teaching_prac_grp[1]/l_class_acti_grp[1]/l_act_grp[1]/l_explore_comm,27,986
consent_grp[1]/l_teaching_prac_grp[1]/l_class_acti_grp[1]/l_act_grp[1]/l_explore_culture,27,986
consent_grp[1]/l_teaching_prac_grp[1]/l_parent_interact_note,3,1013
consent_grp[1]/l_teaching_prac_grp[1]/l_actively_engaged,3,1016
consent_grp[1]/l_teaching_prac_grp[1]/l_proportion_child,2,1018
consent_grp[1]/l_teaching_prac_grp[1]/l_proportion_child_more,2,1020
consent_grp[1]/l_teaching_prac_grp[1]/l_visit_pupil_house,3,1022
consent_grp[1]/l_teaching_prac_grp[1]/l_visit_parent_house,3,1025
consent_grp[1]/l_teaching_prac_grp[1]/l_receive_parent_supp,3,1028
consent_grp[1]/l_teaching_prac_grp[1]/l_day_teaching_note,2,1031
consent_grp[1]/l_teaching_prac_grp[1]/l_day_grp[1]/tmp_l_labs,6,1032
consent_grp[1]/l_teaching_prac_grp[1]/l_day_grp[1]/l_daily_schedule,6,1032
consent_grp[1]/l_teaching_prac_grp[1]/l_day_grp[1]/l_play_period,6,1032
consent_grp[1]/l_teaching_prac_grp[1]/l_day_grp[1]/l_free_play,6,1032
consent_grp[1]/l_teaching_prac_grp[1]/l_day_grp[1]/l_activities,6,1032
consent_grp[1]/l_teaching_prac_grp[1]/l_per_daily_grp[1]/l_perc_note,42,1038
consent_grp[1]/l_teaching_prac_grp[1]/l_per_daily_grp[1]/l_admin_per,42,1038
consent_grp[1]/l_teaching_prac_grp[1]/l_per_daily_grp[1]/l_class_per,42,1038
consent_grp[1]/l_teaching_prac_grp[1]/l_per_daily_grp[1]/l_teach_per,42,1038
consent_grp[1]/l_teaching_prac_grp[1]/l_per_daily_grp[1]/l_super_per,42,1038
consent_grp[1]/l_teaching_prac_grp[1]/l_per_daily_grp[1]/l_super_oth_per,42,1038
consent_grp[1]/l_teaching_prac_grp[1]/l_per_daily_grp[1]/l_break_per,42,1038
consent_grp[1]/l_teaching_prac_grp[1]/l_discipline_note,1,1080
consent_grp[1]/l_teaching_prac_grp[1]/l_dont_like,4,1082
consent_grp[1]/l_teaching_prac_grp[1]/l_really_bad,3,1086
consent_grp[1]/l_teaching_prac_grp[1]/l_does_good,2,1089
consent_grp[1]/l_teaching_prac_grp[1]/l_praise,3,1091
consent_grp[1]/q_note,2,1094
consent_grp[1]/q_activ_yn,3,1096
consent_grp[1]/q_rpt[1]/q_activ_r,4,1098
consent_grp[1]/q_rpt[1]/q_activ_osp_r,22,1102
consent_grp[1]/q_rpt[1]/q_activ_org_r,3,1124
consent_grp[1]/q_rpt[1]/q_activ_add_r,2,1127
consent_grp[1]/q_rpt[2]/q_activ_r,5,1129
consent_grp[1]/q_rpt[2]/q_activ_org_r,4,1134
consent_grp[1]/q_rpt[2]/q_activ_add_r,5,1138
s_int_accom_yn,4,1143
comments,10,1147
