Field name,Total duration (seconds),First appeared (seconds into survey)
instruction,1,6
a_district_id,3,7
a_circuit_id,8,10
a_kg_id,13,19
a_community_id,3,32
a_enum_id,5,35
consent_note,153,40
con_understand,2,193
con_questions,2,195
con_written,3,197
consent_grp[1]/audio_consent,1,200
consent_grp[1]/d_background_note,1,201
consent_grp[1]/section_d[1]/kgt_key,6,202
consent_grp[1]/section_d[1]/kgt_confirm_note,4,209
consent_grp[1]/section_d[1]/d_num_cnt,20,212
consent_grp[1]/section_d[1]/d_cnt_grp[1]/d_cnt_main,26,232
consent_grp[1]/section_d[1]/d_cnt_grp[1]/d_cnt_sec,26,232
consent_grp[1]/section_d[1]/d_work_last,9,259
consent_grp[1]/section_d[1]/d_edu_level,7,268
consent_grp[1]/section_d[1]/d_edu_train,11,275
consent_grp[1]/section_d[1]/d_edu_level_train,6,286
consent_grp[1]/section_d[1]/d_marital_status,5,292
consent_grp[1]/section_d[1]/d_religion,5,297
consent_grp[1]/section_d[1]/d_la_spk_grp[1]/d_la_spk_note,23,302
consent_grp[1]/section_d[1]/d_la_spk_grp[1]/d_la_spk_eng,23,302
consent_grp[1]/section_d[1]/d_la_spk_grp[1]/d_la_spk_dagb,23,302
consent_grp[1]/section_d[1]/d_la_wrt_grp[1]/d_la_wrt_note,14,325
consent_grp[1]/section_d[1]/d_la_wrt_grp[1]/d_la_wrt_eng,14,325
consent_grp[1]/section_d[1]/d_la_wrt_grp[1]/d_la_wrt_dagb,14,325
consent_grp[1]/section_d[1]/d_main_language,10,339
consent_grp[1]/section_d[1]/d_loc_lang_kinderg,12,349
consent_grp[1]/f_moved_yn,11,361
consent_grp[1]/g_nature_wrk_note,1,372
consent_grp[1]/section_g[1]/g_teach_pos,7,373
consent_grp[1]/section_g[1]/g_teach_school,7,380
consent_grp[1]/section_g[1]/g_kg_grade,8,387
consent_grp[1]/section_g[1]/g_class_grp[1]/g_children_note,13,395
consent_grp[1]/section_g[1]/g_class_grp[1]/g_kg_2,13,395
consent_grp[1]/section_g[1]/g_ah_grp[1]/g_ah_note,55,408
consent_grp[1]/section_g[1]/g_ah_grp[1]/g_ah_working,55,408
consent_grp[1]/section_g[1]/g_ah_grp[1]/g_ah_prepping,55,408
consent_grp[1]/section_g[1]/g_eh_grp[1]/g_eh_note,41,463
consent_grp[1]/section_g[1]/g_eh_grp[1]/g_eh_working,41,463
consent_grp[1]/section_g[1]/g_eh_grp[1]/g_eh_prepping,41,463
consent_grp[1]/section_g[1]/g_teach_salary,23,504
consent_grp[1]/section_g[1]/g_salary_freq,9,527
consent_grp[1]/section_g[1]/g_salary_intime,22,535
consent_grp[1]/section_g[1]/g_money_cmp,17,557
consent_grp[1]/section_g[1]/g_job_outside,21,570
consent_grp[1]/section_g[1]/g_money_cmp_hrs,1,572
consent_grp[1]/section_g[1]/g_job_outside_income,32,592
consent_grp[1]/section_g[1]/g_earn_grp[1]/g_earn_amt,12,626
consent_grp[1]/section_g[1]/g_earn_grp[1]/g_earn_freq,12,626
consent_grp[1]/section_g[1]/g_extra_money_spec,20,641
consent_grp[1]/section_g[1]/g_sch_pro_grp[1]/tmp_g_sch_pro_lab,128,660
consent_grp[1]/section_g[1]/g_sch_pro_grp[1]/g_class,128,660
consent_grp[1]/section_g[1]/g_sch_pro_grp[1]/g_class_taught,128,660
consent_grp[1]/section_g[1]/g_sch_pro_grp[1]/g_fin_resource,128,660
consent_grp[1]/section_g[1]/g_sch_pro_grp[1]/g_high_expe,128,660
consent_grp[1]/section_g[1]/g_sch_pro_grp[1]/g_change_curri,128,660
consent_grp[1]/section_g[1]/g_sch_pro_grp[1]/g_diff_curri,128,660
consent_grp[1]/section_g[1]/g_sch_pro_grp[1]/g_easy_curri,128,660
consent_grp[1]/section_g[1]/g_sch_pro_grp[1]/g_par_dem_high,128,660
consent_grp[1]/section_g[1]/g_sch_pro_grp[1]/g_par_suff_interest,128,660
consent_grp[1]/section_g[1]/g_sch_pro_grp[1]/g_par_suff_active,128,660
consent_grp[1]/section_g[1]/g_par_supp_grp[1]/g_par_supp_note,13,788
consent_grp[1]/section_g[1]/g_par_supp_grp[1]/g_home_wrk,22,801
consent_grp[1]/section_g[1]/g_par_supp_grp[1]/g_behave_val,19,823
consent_grp[1]/section_g[1]/g_par_supp_grp[1]/g_get_schl,14,842
consent_grp[1]/section_g[1]/g_par_supp_grp[1]/g_visit_schl,11,856
consent_grp[1]/section_g[1]/g_par_supp_grp[1]/g_show_respect,8,868
consent_grp[1]/section_g[1]/g_par_supp_grp[1]/g_best_schl,25,876
consent_grp[1]/section_g[1]/g_par_supp_grp[1]/g_parti_pta,18,901
consent_grp[1]/section_g[1]/g_par_supp_grp[1]/g_cont_kg_act,9,919
consent_grp[1]/section_g[1]/g_lead_respect,11,928
consent_grp[1]/section_g[1]/g_val_citizen,27,939
consent_grp[1]/section_h[1]/sec_h_depre_note,47,966
consent_grp[1]/section_h[1]/h_depression_grp[1]/h_da_note,123,1013
consent_grp[1]/section_h[1]/h_depression_grp[1]/tmp_h_da_lab,123,1013
consent_grp[1]/section_h[1]/h_depression_grp[1]/h_headache,123,1013
consent_grp[1]/section_h[1]/h_depression_grp[1]/h_appetite,123,1013
consent_grp[1]/section_h[1]/h_depression_grp[1]/h_sleep,123,1013
consent_grp[1]/section_h[1]/h_depression_grp[1]/h_frightened,123,1013
consent_grp[1]/section_h[1]/h_depression_grp[1]/h_hands_shake,123,1013
consent_grp[1]/section_h[1]/h_depression_grp[1]/h_nervous,123,1013
consent_grp[1]/section_h[1]/h_depression_grp[1]/h_digestion,123,1013
consent_grp[1]/section_h[1]/h_depression_grp[1]/h_thinking,123,1013
consent_grp[1]/section_h[1]/h_depression_grp[1]/h_unhappy,123,1013
consent_grp[1]/section_h[1]/h_depression_grp[1]/h_cry,123,1013
consent_grp[1]/section_h[1]/h_depression_grp[1]/h_activities,123,1013
consent_grp[1]/section_h[1]/h_depression_grp[1]/h_decisions,123,1013
consent_grp[1]/section_h[1]/h_depression_grp[1]/h_daily_work,123,1013
consent_grp[1]/section_h[1]/h_depression_grp[1]/h_life,123,1013
consent_grp[1]/section_h[1]/h_depression_grp[1]/h_interest,123,1013
consent_grp[1]/section_h[1]/h_depression_grp[1]/h_worthless,123,1013
consent_grp[1]/section_h[1]/h_depression_grp[1]/h_end_life,123,1013
consent_grp[1]/section_h[1]/h_depression_grp[1]/h_tired,123,1013
consent_grp[1]/section_h[1]/h_depression_grp[1]/h_uncomfortable,123,1013
consent_grp[1]/section_h[1]/h_depression_grp[1]/h_easily_tired,123,1013
consent_grp[1]/section_h[1]/sec_h_ext_contr_note,8,1137
consent_grp[1]/section_h[1]/h_ext_control_grp[1]/h_ext_cont_note,2,1144
consent_grp[1]/section_h[1]/h_ext_control_grp[1]/h_pup_learn,32,1146
consent_grp[1]/section_h[1]/h_ext_control_grp[1]/h_discipline,18,1179
consent_grp[1]/section_h[1]/h_ext_control_grp[1]/h_stu_achieve,14,1196
consent_grp[1]/section_h[1]/h_ext_control_grp[1]/h_teach_motiv,14,1211
consent_grp[1]/section_h[1]/h_ext_control_grp[1]/h_good_teach,29,1225
consent_grp[1]/section_h[1]/sec_h_motiv_note,1,1255
consent_grp[1]/section_h[1]/h_motiv_grp[1]/h_motiv_note,3,1256
consent_grp[1]/section_h[1]/h_motiv_grp[1]/h_motiv_help,18,1259
consent_grp[1]/section_h[1]/h_motiv_grp[1]/h_quest_school,10,1277
consent_grp[1]/section_h[1]/h_motiv_grp[1]/h_help_child,35,1287
consent_grp[1]/section_h[1]/h_motiv_grp[1]/h_sch_goal,24,1322
consent_grp[1]/section_h[1]/h_motiv_grp[1]/h_help_emot,7,1345
consent_grp[1]/section_h[1]/h_motiv_grp[1]/h_enjoy_teach,14,1352
consent_grp[1]/section_h[1]/h_motiv_grp[1]/h_develop_society,8,1367
consent_grp[1]/section_h[1]/h_motiv_grp[1]/h_develop_socially,9,1375
consent_grp[1]/section_h[1]/h_motiv_grp[1]/h_perso_clear,7,1385
consent_grp[1]/section_h[1]/h_impor_thing,90,1392
consent_grp[1]/section_h[1]/h_job_satisfaction_grp[1]/h_job_satis_note,17,1482
consent_grp[1]/section_h[1]/h_job_satisfaction_grp[1]/h_look_out,21,1498
consent_grp[1]/section_h[1]/h_job_satisfaction_grp[1]/h_perso_worries,12,1520
consent_grp[1]/section_h[1]/h_job_satisfaction_grp[1]/h_know_col,12,1532
consent_grp[1]/section_h[1]/h_job_satisfaction_grp[1]/h_col_coop,8,1543
consent_grp[1]/section_h[1]/h_job_satisfaction_grp[1]/h_trust_col,16,1552
consent_grp[1]/section_h[1]/h_job_satisfaction_grp[1]/h_enjoy_col,11,1568
consent_grp[1]/section_h[1]/h_job_satisfaction_grp[1]/h_sup_respect,8,1579
consent_grp[1]/section_h[1]/h_job_satisfaction_grp[1]/h_sup_busy,9,1586
consent_grp[1]/section_h[1]/h_job_satisfaction_grp[1]/h_sup_opinion,14,1596
consent_grp[1]/section_h[1]/h_job_satisfaction_grp[1]/h_count_sup,15,1610
consent_grp[1]/section_h[1]/h_job_satisfaction_grp[1]/h_motivated,9,1624
consent_grp[1]/section_h[1]/h_job_satisfaction_grp[1]/h_sup_unpredict,11,1633
consent_grp[1]/section_h[1]/h_job_satisfaction_grp[1]/h_wrk_challenge,8,1644
consent_grp[1]/section_h[1]/h_job_satisfaction_grp[1]/h_wrk_monotonous,12,1652
consent_grp[1]/section_h[1]/h_job_satisfaction_grp[1]/h_wrk_creative,6,1664
consent_grp[1]/section_h[1]/h_job_satisfaction_grp[1]/h_big_impact,7,1670
consent_grp[1]/section_h[1]/h_job_satisfaction_grp[1]/h_little_time,18,1677
consent_grp[1]/section_h[1]/h_job_satisfaction_grp[1]/h_control_satis,10,1695
consent_grp[1]/section_h[1]/h_job_satisfaction_grp[1]/h_look,15,1705
consent_grp[1]/section_h[1]/h_job_satisfaction_grp[1]/h_small_space,14,1720
consent_grp[1]/section_h[1]/h_job_satisfaction_grp[1]/h_new_mat,10,1734
consent_grp[1]/section_h[1]/h_job_satisfaction_grp[1]/h_clean_kinder,16,1744
consent_grp[1]/section_h[1]/h_job_satisfaction_grp[1]/h_loud_kinder,16,1760
consent_grp[1]/section_h[1]/h_job_satisfaction_grp[1]/h_kinder_rules,11,1775
consent_grp[1]/section_h[1]/h_job_satisfaction_grp[1]/h_satisfied_paid,9,1786
consent_grp[1]/section_h[1]/h_burnout_grp[1]/h_burnout_note,17,1795
consent_grp[1]/section_h[1]/h_burnout_grp[1]/h_emotion_drained,26,1812
consent_grp[1]/section_h[1]/h_burnout_grp[1]/h_used_up,18,1837
consent_grp[1]/section_h[1]/h_burnout_grp[1]/h_fatigued,6,1855
consent_grp[1]/section_h[1]/h_burnout_grp[1]/h_child_feel,11,1861
consent_grp[1]/section_h[1]/h_burnout_grp[1]/h_child_impersonal,8,1872
consent_grp[1]/section_h[1]/h_burnout_grp[1]/h_ppl_strain,9,1880
consent_grp[1]/section_h[1]/h_burnout_grp[1]/h_deal_effect,22,1889
consent_grp[1]/section_h[1]/h_burnout_grp[1]/h_burnout,6,1911
consent_grp[1]/section_h[1]/h_burnout_grp[1]/h_pos_influence,12,1917
consent_grp[1]/section_h[1]/h_burnout_grp[1]/h_cold,11,1929
consent_grp[1]/section_h[1]/h_burnout_grp[1]/h_hard,7,1941
consent_grp[1]/section_h[1]/h_burnout_grp[1]/h_energetic,25,1947
consent_grp[1]/section_h[1]/h_burnout_grp[1]/h_frustrated,8,1972
consent_grp[1]/section_h[1]/h_burnout_grp[1]/h_work_hard,7,1980
consent_grp[1]/section_h[1]/h_burnout_grp[1]/h_dont_care,9,1987
consent_grp[1]/section_h[1]/h_burnout_grp[1]/h_put_pressure,16,1996
consent_grp[1]/section_h[1]/h_burnout_grp[1]/h_relax,9,2013
consent_grp[1]/section_h[1]/h_burnout_grp[1]/h_excited,8,2022
consent_grp[1]/section_h[1]/h_burnout_grp[1]/h_accomplished,31,2030
consent_grp[1]/section_h[1]/h_burnout_grp[1]/h_end_of_rop,8,2061
consent_grp[1]/section_h[1]/h_burnout_grp[1]/h_emot_pro_calm,12,2069
consent_grp[1]/i_teacher_knowledge_grp[1]/I_teach_know_note,11,2081
consent_grp[1]/i_teacher_knowledge_grp[1]/i_consonance,24,2092
consent_grp[1]/i_teacher_knowledge_grp[1]/i_vowel,6,2116
consent_grp[1]/i_teacher_knowledge_grp[1]/i_unbelievable,54,2122
consent_grp[1]/i_teacher_knowledge_grp[1]/i_irregular,33,2176
consent_grp[1]/i_teacher_knowledge_grp[1]/i_cat,9,2209
consent_grp[1]/i_teacher_knowledge_grp[1]/i_cough,14,2218
consent_grp[1]/i_teacher_knowledge_grp[1]/i_check,14,2232
consent_grp[1]/i_teacher_knowledge_grp[1]/i_english,17,2246
consent_grp[1]/j_perception_grp[1]/j_perception_note,41,2263
consent_grp[1]/j_perception_grp[1]/j_dev_practice_grp[1]/j_dev_practice_note,9,2304
consent_grp[1]/j_perception_grp[1]/j_dev_practice_grp[1]/j_child_need,13,2313
consent_grp[1]/j_perception_grp[1]/j_dev_practice_grp[1]/j_recog_letter,11,2325
consent_grp[1]/j_perception_grp[1]/j_dev_practice_grp[1]/j_recog_number,8,2336
consent_grp[1]/j_perception_grp[1]/j_dev_practice_grp[1]/j_recog_colour,12,2344
consent_grp[1]/j_perception_grp[1]/j_dev_practice_grp[1]/j_indiv_goal,16,2356
consent_grp[1]/j_perception_grp[1]/j_dev_practice_grp[1]/j_play_materials,34,2371
consent_grp[1]/j_perception_grp[1]/j_dev_practice_grp[1]/j_child_measure,13,2406
consent_grp[1]/j_perception_grp[1]/j_supp_chil_grp[1]/j_supp_chil_note,3,2419
consent_grp[1]/j_perception_grp[1]/j_supp_chil_grp[1]/j_build_relation,9,2422
consent_grp[1]/j_perception_grp[1]/j_supp_chil_grp[1]/j_control_behaviour,14,2431
consent_grp[1]/j_perception_grp[1]/j_supp_chil_grp[1]/j_express_thought,10,2445
consent_grp[1]/j_perception_grp[1]/j_supp_chil_grp[1]/j_resolve_conflicts,10,2456
consent_grp[1]/j_perception_grp[1]/j_supp_chil_grp[1]/j_guidance_style,23,2465
consent_grp[1]/j_perception_grp[1]/j_fam_sensitive_grp[1]/j_fam_sensitive_note,59,2489
consent_grp[1]/j_perception_grp[1]/j_fam_sensitive_grp[1]/j_parent_goal,59,2489
consent_grp[1]/j_perception_grp[1]/j_fam_sensitive_grp[1]/j_work_schedule,59,2489
consent_grp[1]/j_perception_grp[1]/j_fam_sensitive_grp[1]/j_fam_decision,59,2489
consent_grp[1]/j_perception_grp[1]/j_fam_sensitive_grp[1]/j_family_care,59,2489
consent_grp[1]/j_perception_grp[1]/j_fam_sensitive_grp[1]/j_connect_family,59,2489
consent_grp[1]/k_grp[1]/k_instro_note,22,2548
consent_grp[1]/k_grp[1]/k_ts_grp[1]/tmp_k_labels,108,2569
consent_grp[1]/k_grp[1]/k_ts_grp[1]/k_take_priviledges,108,2569
consent_grp[1]/k_grp[1]/k_ts_grp[1]/k_explain_behavior,108,2569
consent_grp[1]/k_grp[1]/k_ts_grp[1]/k_shook,108,2569
consent_grp[1]/k_grp[1]/k_ts_grp[1]/k_shouted,108,2569
consent_grp[1]/k_grp[1]/k_ts_grp[1]/k_gave_something,108,2569
consent_grp[1]/k_grp[1]/k_ts_grp[1]/k_spanked,108,2569
consent_grp[1]/k_grp[1]/k_ts_grp[1]/k_hit_bottom,108,2569
consent_grp[1]/k_grp[1]/k_ts_grp[1]/k_call_dumb,108,2569
consent_grp[1]/k_grp[1]/k_ts_grp[1]/k_hit_face,108,2569
consent_grp[1]/k_grp[1]/k_ts_grp[1]/k_praised,108,2569
consent_grp[1]/k_grp[1]/k_ts_grp[1]/k_affection,108,2569
consent_grp[1]/k_grp[1]/k_ts_grp[1]/k_rewarded,108,2569
consent_grp[1]/l_teaching_prac_grp[1]/l_note,6,2678
consent_grp[1]/l_teaching_prac_grp[1]/l_previos_kinder_act[1]/tmp_l_prac_lab,97,2684
consent_grp[1]/l_teaching_prac_grp[1]/l_previos_kinder_act[1]/l_hygiene_routine,97,2684
consent_grp[1]/l_teaching_prac_grp[1]/l_previos_kinder_act[1]/l_supply,97,2684
consent_grp[1]/l_teaching_prac_grp[1]/l_previos_kinder_act[1]/l_pamper,97,2684
consent_grp[1]/l_teaching_prac_grp[1]/l_previos_kinder_act[1]/l_read,97,2684
consent_grp[1]/l_teaching_prac_grp[1]/l_previos_kinder_act[1]/l_tell,97,2684
consent_grp[1]/l_teaching_prac_grp[1]/l_previos_kinder_act[1]/l_conversatin,97,2684
consent_grp[1]/l_teaching_prac_grp[1]/l_previos_kinder_act[1]/l_sing,97,2684
consent_grp[1]/l_teaching_prac_grp[1]/l_previos_kinder_act[1]/l_dance,97,2684
consent_grp[1]/l_teaching_prac_grp[1]/l_previos_kinder_act[1]/l_visit,97,2684
consent_grp[1]/l_teaching_prac_grp[1]/l_previos_kinder_act[1]/l_play_kg,97,2684
consent_grp[1]/l_teaching_prac_grp[1]/l_previos_kinder_act[1]/l_play_recrea,97,2684
consent_grp[1]/l_teaching_prac_grp[1]/l_previos_kinder_act[1]/l_sleep,97,2684
consent_grp[1]/l_teaching_prac_grp[1]/l_previos_kinder_act[1]/l_run,97,2684
consent_grp[1]/l_teaching_prac_grp[1]/l_previos_kinder_act[1]/l_group_learn,97,2684
consent_grp[1]/l_teaching_prac_grp[1]/l_previos_kinder_act[1]/l_indiv_learn,97,2684
consent_grp[1]/l_teaching_prac_grp[1]/l_class_acti_grp[1]/l_act_grp[1]/tmp_l_class_lab,110,2781
consent_grp[1]/l_teaching_prac_grp[1]/l_class_acti_grp[1]/l_act_grp[1]/l_teach_colour,110,2781
consent_grp[1]/l_teaching_prac_grp[1]/l_class_acti_grp[1]/l_act_grp[1]/l_teach_number,110,2781
consent_grp[1]/l_teaching_prac_grp[1]/l_class_acti_grp[1]/l_act_grp[1]/l_teach_letter,110,2781
consent_grp[1]/l_teaching_prac_grp[1]/l_class_acti_grp[1]/l_act_grp[1]/l_teach_form,110,2781
consent_grp[1]/l_teaching_prac_grp[1]/l_class_acti_grp[1]/l_act_grp[1]/l_socialise,110,2781
consent_grp[1]/l_teaching_prac_grp[1]/l_class_acti_grp[1]/l_act_grp[1]/l_pro_solve,110,2781
consent_grp[1]/l_teaching_prac_grp[1]/l_class_acti_grp[1]/l_act_grp[1]/l_writing,110,2781
consent_grp[1]/l_teaching_prac_grp[1]/l_class_acti_grp[1]/l_act_grp[1]/l_teach_body,110,2781
consent_grp[1]/l_teaching_prac_grp[1]/l_class_acti_grp[1]/l_act_grp[1]/l_pers_hygiene,110,2781
consent_grp[1]/l_teaching_prac_grp[1]/l_class_acti_grp[1]/l_act_grp[1]/l_art_expre,110,2781
consent_grp[1]/l_teaching_prac_grp[1]/l_class_acti_grp[1]/l_act_grp[1]/l_body_lang,110,2781
consent_grp[1]/l_teaching_prac_grp[1]/l_class_acti_grp[1]/l_act_grp[1]/l_concentration,110,2781
consent_grp[1]/l_teaching_prac_grp[1]/l_class_acti_grp[1]/l_act_grp[1]/l_gross_motor,110,2781
consent_grp[1]/l_teaching_prac_grp[1]/l_class_acti_grp[1]/l_act_grp[1]/l_fine_motor,110,2781
consent_grp[1]/l_teaching_prac_grp[1]/l_class_acti_grp[1]/l_act_grp[1]/l_gender,110,2781
consent_grp[1]/l_teaching_prac_grp[1]/l_class_acti_grp[1]/l_act_grp[1]/l_responsibility,110,2781
consent_grp[1]/l_teaching_prac_grp[1]/l_class_acti_grp[1]/l_act_grp[1]/l_speech,110,2781
consent_grp[1]/l_teaching_prac_grp[1]/l_class_acti_grp[1]/l_act_grp[1]/l_explore_comm,110,2781
consent_grp[1]/l_teaching_prac_grp[1]/l_class_acti_grp[1]/l_act_grp[1]/l_explore_culture,110,2781
consent_grp[1]/l_teaching_prac_grp[1]/l_parent_interact_note,13,2861
consent_grp[1]/l_teaching_prac_grp[1]/l_actively_engaged,35,2898
consent_grp[1]/l_teaching_prac_grp[1]/l_proportion_child,50,2938
consent_grp[1]/l_teaching_prac_grp[1]/l_proportion_child_more,59,2961
consent_grp[1]/l_teaching_prac_grp[1]/l_visit_pupil_house,38,3047
consent_grp[1]/l_teaching_prac_grp[1]/l_visit_parent_house,38,3084
consent_grp[1]/l_teaching_prac_grp[1]/l_receive_parent_supp,15,3122
consent_grp[1]/l_teaching_prac_grp[1]/l_day_teaching_note,5,3137
consent_grp[1]/l_teaching_prac_grp[1]/l_day_grp[1]/tmp_l_labs,46,3142
consent_grp[1]/l_teaching_prac_grp[1]/l_day_grp[1]/l_daily_schedule,46,3142
consent_grp[1]/l_teaching_prac_grp[1]/l_day_grp[1]/l_play_period,46,3142
consent_grp[1]/l_teaching_prac_grp[1]/l_day_grp[1]/l_free_play,46,3142
consent_grp[1]/l_teaching_prac_grp[1]/l_day_grp[1]/l_activities,46,3142
consent_grp[1]/l_teaching_prac_grp[1]/l_per_daily_grp[1]/l_perc_note,152,3188
consent_grp[1]/l_teaching_prac_grp[1]/l_per_daily_grp[1]/l_admin_per,152,3188
consent_grp[1]/l_teaching_prac_grp[1]/l_per_daily_grp[1]/l_class_per,152,3188
consent_grp[1]/l_teaching_prac_grp[1]/l_per_daily_grp[1]/l_teach_per,152,3188
consent_grp[1]/l_teaching_prac_grp[1]/l_per_daily_grp[1]/l_super_per,152,3188
consent_grp[1]/l_teaching_prac_grp[1]/l_per_daily_grp[1]/l_super_oth_per,152,3188
consent_grp[1]/l_teaching_prac_grp[1]/l_per_daily_grp[1]/l_break_per,152,3188
consent_grp[1]/l_teaching_prac_grp[1]/l_discipline_note,5,3340
consent_grp[1]/l_teaching_prac_grp[1]/l_dont_like,84,3343
consent_grp[1]/l_teaching_prac_grp[1]/l_really_bad,13,3429
consent_grp[1]/l_teaching_prac_grp[1]/l_does_good,14,3441
consent_grp[1]/l_teaching_prac_grp[1]/l_praise,21,3455
consent_grp[1]/q_note,13,3476
consent_grp[1]/q_activ_yn,11,3490
consent_grp[1]/q_rpt[1]/q_activ_r,18,3501
consent_grp[1]/q_rpt[1]/q_activ_org_r,15,3519
consent_grp[1]/q_rpt[1]/q_activ_add_r,11,3535
s_int_accom_yn,27,3546
s_int_accom,18,3573
comments,3,3591
