Field name,Total duration (seconds),First appeared (seconds into survey)
instruction,2,143
a_district_id,4,144
a_circuit_id,9,148
a_kg_id,6,157
a_community_id,18,163
a_enum_id,13,181
consent_note,125,194
con_understand,2,319
con_questions,7,321
s_int_accom_yn,12,323
s_int_accom,10,325
comments,8,330
con_written,3,347
consent_grp[1]/audio_consent,24,350
consent_grp[1]/d_background_note,1,374
consent_grp[1]/section_d[1]/kgt_key,5,375
consent_grp[1]/section_d[1]/kgt_confirm_note,7,380
consent_grp[1]/section_d[1]/d_num_cnt,61,387
consent_grp[1]/section_d[1]/d_cnt_grp[1]/d_cnt_main,10,447
consent_grp[1]/section_d[1]/d_work_last,58,457
consent_grp[1]/section_d[1]/d_edu_level,12,516
consent_grp[1]/section_d[1]/d_edu_train,11,528
consent_grp[1]/section_d[1]/d_edu_level_train,13,539
consent_grp[1]/section_d[1]/d_marital_status,6,552
consent_grp[1]/section_d[1]/d_religion,4,558
consent_grp[1]/section_d[1]/d_la_spk_grp[1]/d_la_spk_note,32,562
consent_grp[1]/section_d[1]/d_la_spk_grp[1]/d_la_spk_eng,32,562
consent_grp[1]/section_d[1]/d_la_spk_grp[1]/d_la_spk_dagb,32,562
consent_grp[1]/section_d[1]/d_la_wrt_grp[1]/d_la_wrt_note,46,594
consent_grp[1]/section_d[1]/d_la_wrt_grp[1]/d_la_wrt_eng,46,594
consent_grp[1]/section_d[1]/d_la_wrt_grp[1]/d_la_wrt_dagb,46,594
consent_grp[1]/section_d[1]/d_main_language,11,640
consent_grp[1]/section_d[1]/d_loc_lang_kinderg,7,651
consent_grp[1]/f_moved_yn,24,658
consent_grp[1]/g_nature_wrk_note,7,682
consent_grp[1]/section_g[1]/g_teach_pos,18,690
consent_grp[1]/section_g[1]/g_teach_school,10,708
consent_grp[1]/section_g[1]/g_kg_grade,8,718
consent_grp[1]/section_g[1]/g_class_grp[1]/g_children_note,17,726
consent_grp[1]/section_g[1]/g_class_grp[1]/g_kg_2,17,726
consent_grp[1]/section_g[1]/g_ah_grp[1]/g_ah_note,52,743
consent_grp[1]/section_g[1]/g_ah_grp[1]/g_ah_working,52,743
consent_grp[1]/section_g[1]/g_ah_grp[1]/g_ah_prepping,52,743
consent_grp[1]/section_g[1]/g_eh_grp[1]/g_eh_note,79,795
consent_grp[1]/section_g[1]/g_eh_grp[1]/g_eh_working,79,795
consent_grp[1]/section_g[1]/g_eh_grp[1]/g_eh_prepping,79,795
consent_grp[1]/section_g[1]/g_teach_salary,18,873
consent_grp[1]/section_g[1]/g_salary_freq,8,891
consent_grp[1]/section_g[1]/g_salary_intime,21,900
consent_grp[1]/section_g[1]/g_money_cmp,8,920
consent_grp[1]/section_g[1]/g_job_outside,12,929
consent_grp[1]/section_g[1]/g_extra_money_spec,48,941
consent_grp[1]/section_g[1]/g_sch_pro_grp[1]/tmp_g_sch_pro_lab,205,989
consent_grp[1]/section_g[1]/g_sch_pro_grp[1]/g_class,205,989
consent_grp[1]/section_g[1]/g_sch_pro_grp[1]/g_class_taught,205,989
consent_grp[1]/section_g[1]/g_sch_pro_grp[1]/g_fin_resource,205,989
consent_grp[1]/section_g[1]/g_sch_pro_grp[1]/g_high_expe,205,989
consent_grp[1]/section_g[1]/g_sch_pro_grp[1]/g_change_curri,205,989
consent_grp[1]/section_g[1]/g_sch_pro_grp[1]/g_diff_curri,205,989
consent_grp[1]/section_g[1]/g_sch_pro_grp[1]/g_easy_curri,205,989
consent_grp[1]/section_g[1]/g_sch_pro_grp[1]/g_par_dem_high,205,989
consent_grp[1]/section_g[1]/g_sch_pro_grp[1]/g_par_suff_interest,205,989
consent_grp[1]/section_g[1]/g_sch_pro_grp[1]/g_par_suff_active,205,989
consent_grp[1]/section_g[1]/g_par_supp_grp[1]/g_par_supp_note,13,1193
consent_grp[1]/section_g[1]/g_par_supp_grp[1]/g_home_wrk,14,1206
consent_grp[1]/section_g[1]/g_par_supp_grp[1]/g_behave_val,14,1221
consent_grp[1]/section_g[1]/g_par_supp_grp[1]/g_get_schl,9,1234
consent_grp[1]/section_g[1]/g_par_supp_grp[1]/g_visit_schl,9,1243
consent_grp[1]/section_g[1]/g_par_supp_grp[1]/g_show_respect,10,1252
consent_grp[1]/section_g[1]/g_par_supp_grp[1]/g_best_schl,7,1262
consent_grp[1]/section_g[1]/g_par_supp_grp[1]/g_parti_pta,14,1269
consent_grp[1]/section_g[1]/g_par_supp_grp[1]/g_cont_kg_act,9,1280
consent_grp[1]/section_g[1]/g_lead_respect,20,1292
consent_grp[1]/section_g[1]/g_val_citizen,37,1313
consent_grp[1]/section_h[1]/sec_h_depre_note,40,1350
consent_grp[1]/section_h[1]/h_depression_grp[1]/h_da_note,201,1390
consent_grp[1]/section_h[1]/h_depression_grp[1]/tmp_h_da_lab,201,1390
consent_grp[1]/section_h[1]/h_depression_grp[1]/h_headache,201,1390
consent_grp[1]/section_h[1]/h_depression_grp[1]/h_appetite,201,1390
consent_grp[1]/section_h[1]/h_depression_grp[1]/h_sleep,201,1390
consent_grp[1]/section_h[1]/h_depression_grp[1]/h_frightened,201,1390
consent_grp[1]/section_h[1]/h_depression_grp[1]/h_hands_shake,201,1390
consent_grp[1]/section_h[1]/h_depression_grp[1]/h_nervous,201,1390
consent_grp[1]/section_h[1]/h_depression_grp[1]/h_digestion,201,1390
consent_grp[1]/section_h[1]/h_depression_grp[1]/h_thinking,201,1390
consent_grp[1]/section_h[1]/h_depression_grp[1]/h_unhappy,201,1390
consent_grp[1]/section_h[1]/h_depression_grp[1]/h_cry,201,1390
consent_grp[1]/section_h[1]/h_depression_grp[1]/h_activities,201,1390
consent_grp[1]/section_h[1]/h_depression_grp[1]/h_decisions,201,1390
consent_grp[1]/section_h[1]/h_depression_grp[1]/h_daily_work,201,1390
consent_grp[1]/section_h[1]/h_depression_grp[1]/h_life,201,1390
consent_grp[1]/section_h[1]/h_depression_grp[1]/h_interest,201,1390
consent_grp[1]/section_h[1]/h_depression_grp[1]/h_worthless,201,1390
consent_grp[1]/section_h[1]/h_depression_grp[1]/h_end_life,201,1390
consent_grp[1]/section_h[1]/h_depression_grp[1]/h_tired,201,1390
consent_grp[1]/section_h[1]/h_depression_grp[1]/h_uncomfortable,201,1390
consent_grp[1]/section_h[1]/h_depression_grp[1]/h_easily_tired,201,1390
consent_grp[1]/section_h[1]/sec_h_ext_contr_note,6,1591
consent_grp[1]/section_h[1]/h_ext_control_grp[1]/h_ext_cont_note,24,1597
consent_grp[1]/section_h[1]/h_ext_control_grp[1]/h_pup_learn,148,1602
consent_grp[1]/section_h[1]/h_ext_control_grp[1]/h_discipline,52,1769
consent_grp[1]/section_h[1]/h_ext_control_grp[1]/h_stu_achieve,13,1821
consent_grp[1]/section_h[1]/h_ext_control_grp[1]/h_teach_motiv,25,1834
consent_grp[1]/section_h[1]/h_ext_control_grp[1]/h_good_teach,75,1858
consent_grp[1]/section_h[1]/sec_h_motiv_note,7,1878
consent_grp[1]/section_h[1]/h_motiv_grp[1]/h_motiv_note,3,1939
consent_grp[1]/section_h[1]/h_motiv_grp[1]/h_motiv_help,22,1941
consent_grp[1]/section_h[1]/h_motiv_grp[1]/h_quest_school,8,1964
consent_grp[1]/section_h[1]/h_motiv_grp[1]/h_help_child,9,1973
consent_grp[1]/section_h[1]/h_motiv_grp[1]/h_sch_goal,6,1981
consent_grp[1]/section_h[1]/h_motiv_grp[1]/h_help_emot,6,1987
consent_grp[1]/section_h[1]/h_motiv_grp[1]/h_enjoy_teach,14,1994
consent_grp[1]/section_h[1]/h_motiv_grp[1]/h_develop_society,7,2008
consent_grp[1]/section_h[1]/h_motiv_grp[1]/h_develop_socially,26,2015
consent_grp[1]/section_h[1]/h_motiv_grp[1]/h_perso_clear,14,2041
consent_grp[1]/section_h[1]/h_impor_thing,75,2052
consent_grp[1]/section_h[1]/h_job_satisfaction_grp[1]/h_job_satis_note,15,2130
consent_grp[1]/section_h[1]/h_job_satisfaction_grp[1]/h_look_out,14,2145
consent_grp[1]/section_h[1]/h_job_satisfaction_grp[1]/h_perso_worries,10,2159
consent_grp[1]/section_h[1]/h_job_satisfaction_grp[1]/h_know_col,13,2169
consent_grp[1]/section_h[1]/h_job_satisfaction_grp[1]/h_col_coop,9,2182
consent_grp[1]/section_h[1]/h_job_satisfaction_grp[1]/h_trust_col,14,2191
consent_grp[1]/section_h[1]/h_job_satisfaction_grp[1]/h_enjoy_col,9,2203
consent_grp[1]/section_h[1]/h_job_satisfaction_grp[1]/h_sup_respect,5,2214
consent_grp[1]/section_h[1]/h_job_satisfaction_grp[1]/h_sup_busy,9,2219
consent_grp[1]/section_h[1]/h_job_satisfaction_grp[1]/h_sup_opinion,11,2228
consent_grp[1]/section_h[1]/h_job_satisfaction_grp[1]/h_count_sup,7,2239
consent_grp[1]/section_h[1]/h_job_satisfaction_grp[1]/h_motivated,8,2246
consent_grp[1]/section_h[1]/h_job_satisfaction_grp[1]/h_sup_unpredict,6,2254
consent_grp[1]/section_h[1]/h_job_satisfaction_grp[1]/h_wrk_challenge,7,2260
consent_grp[1]/section_h[1]/h_job_satisfaction_grp[1]/h_wrk_monotonous,31,2267
consent_grp[1]/section_h[1]/h_job_satisfaction_grp[1]/h_wrk_creative,21,2298
consent_grp[1]/section_h[1]/h_job_satisfaction_grp[1]/h_big_impact,9,2319
consent_grp[1]/section_h[1]/h_job_satisfaction_grp[1]/h_little_time,19,2328
consent_grp[1]/section_h[1]/h_job_satisfaction_grp[1]/h_control_satis,21,2347
consent_grp[1]/section_h[1]/h_job_satisfaction_grp[1]/h_look,11,2368
consent_grp[1]/section_h[1]/h_job_satisfaction_grp[1]/h_small_space,30,2379
consent_grp[1]/section_h[1]/h_job_satisfaction_grp[1]/h_new_mat,6,2409
consent_grp[1]/section_h[1]/h_job_satisfaction_grp[1]/h_clean_kinder,12,2415
consent_grp[1]/section_h[1]/h_job_satisfaction_grp[1]/h_loud_kinder,11,2427
consent_grp[1]/section_h[1]/h_job_satisfaction_grp[1]/h_kinder_rules,8,2437
consent_grp[1]/section_h[1]/h_job_satisfaction_grp[1]/h_satisfied_paid,14,2445
consent_grp[1]/section_h[1]/h_burnout_grp[1]/h_burnout_note,11,2459
consent_grp[1]/section_h[1]/h_burnout_grp[1]/h_emotion_drained,32,2470
consent_grp[1]/section_h[1]/h_burnout_grp[1]/h_used_up,17,2502
consent_grp[1]/section_h[1]/h_burnout_grp[1]/h_fatigued,16,2519
consent_grp[1]/section_h[1]/h_burnout_grp[1]/h_child_feel,17,2536
consent_grp[1]/section_h[1]/h_burnout_grp[1]/h_child_impersonal,9,2552
consent_grp[1]/section_h[1]/h_burnout_grp[1]/h_ppl_strain,14,2561
consent_grp[1]/section_h[1]/h_burnout_grp[1]/h_deal_effect,10,2575
consent_grp[1]/section_h[1]/h_burnout_grp[1]/h_burnout,14,2585
consent_grp[1]/section_h[1]/h_burnout_grp[1]/h_pos_influence,8,2599
consent_grp[1]/section_h[1]/h_burnout_grp[1]/h_cold,43,2607
consent_grp[1]/section_h[1]/h_burnout_grp[1]/h_hard,42,2649
consent_grp[1]/section_h[1]/h_burnout_grp[1]/h_energetic,6,2691
consent_grp[1]/section_h[1]/h_burnout_grp[1]/h_frustrated,5,2697
consent_grp[1]/section_h[1]/h_burnout_grp[1]/h_work_hard,9,2702
consent_grp[1]/section_h[1]/h_burnout_grp[1]/h_dont_care,6,2711
consent_grp[1]/section_h[1]/h_burnout_grp[1]/h_put_pressure,8,2717
consent_grp[1]/section_h[1]/h_burnout_grp[1]/h_relax,9,2725
consent_grp[1]/section_h[1]/h_burnout_grp[1]/h_excited,10,2734
consent_grp[1]/section_h[1]/h_burnout_grp[1]/h_accomplished,25,2744
consent_grp[1]/section_h[1]/h_burnout_grp[1]/h_end_of_rop,9,2769
consent_grp[1]/section_h[1]/h_burnout_grp[1]/h_emot_pro_calm,26,2778
consent_grp[1]/i_teacher_knowledge_grp[1]/I_teach_know_note,29,2803
consent_grp[1]/i_teacher_knowledge_grp[1]/i_consonance,49,2819
consent_grp[1]/i_teacher_knowledge_grp[1]/i_vowel,59,2882
consent_grp[1]/i_teacher_knowledge_grp[1]/i_unbelievable,34,2941
consent_grp[1]/i_teacher_knowledge_grp[1]/i_irregular,24,2975
consent_grp[1]/i_teacher_knowledge_grp[1]/i_cat,13,2999
consent_grp[1]/i_teacher_knowledge_grp[1]/i_cough,21,3012
consent_grp[1]/i_teacher_knowledge_grp[1]/i_check,10,3033
consent_grp[1]/i_teacher_knowledge_grp[1]/i_english,25,3043
consent_grp[1]/j_perception_grp[1]/j_perception_note,38,3068
consent_grp[1]/j_perception_grp[1]/j_dev_practice_grp[1]/j_dev_practice_note,8,3106
consent_grp[1]/j_perception_grp[1]/j_dev_practice_grp[1]/j_child_need,21,3114
consent_grp[1]/j_perception_grp[1]/j_dev_practice_grp[1]/j_recog_letter,8,3134
consent_grp[1]/j_perception_grp[1]/j_dev_practice_grp[1]/j_recog_number,10,3143
consent_grp[1]/j_perception_grp[1]/j_dev_practice_grp[1]/j_recog_colour,8,3152
consent_grp[1]/j_perception_grp[1]/j_dev_practice_grp[1]/j_indiv_goal,10,3160
consent_grp[1]/j_perception_grp[1]/j_dev_practice_grp[1]/j_play_materials,5,3170
consent_grp[1]/j_perception_grp[1]/j_dev_practice_grp[1]/j_child_measure,11,3175
consent_grp[1]/j_perception_grp[1]/j_supp_chil_grp[1]/j_supp_chil_note,8,3186
consent_grp[1]/j_perception_grp[1]/j_supp_chil_grp[1]/j_build_relation,10,3193
consent_grp[1]/j_perception_grp[1]/j_supp_chil_grp[1]/j_control_behaviour,7,3204
consent_grp[1]/j_perception_grp[1]/j_supp_chil_grp[1]/j_express_thought,11,3211
consent_grp[1]/j_perception_grp[1]/j_supp_chil_grp[1]/j_resolve_conflicts,6,3222
consent_grp[1]/j_perception_grp[1]/j_supp_chil_grp[1]/j_guidance_style,6,3228
consent_grp[1]/j_perception_grp[1]/j_fam_sensitive_grp[1]/j_fam_sensitive_note,164,3234
consent_grp[1]/j_perception_grp[1]/j_fam_sensitive_grp[1]/j_parent_goal,164,3234
consent_grp[1]/j_perception_grp[1]/j_fam_sensitive_grp[1]/j_work_schedule,164,3234
consent_grp[1]/j_perception_grp[1]/j_fam_sensitive_grp[1]/j_fam_decision,164,3234
consent_grp[1]/j_perception_grp[1]/j_fam_sensitive_grp[1]/j_family_care,164,3234
consent_grp[1]/j_perception_grp[1]/j_fam_sensitive_grp[1]/j_connect_family,164,3234
consent_grp[1]/k_grp[1]/k_instro_note,25,3398
consent_grp[1]/k_grp[1]/k_ts_grp[1]/tmp_k_labels,121,3423
consent_grp[1]/k_grp[1]/k_ts_grp[1]/k_take_priviledges,121,3423
consent_grp[1]/k_grp[1]/k_ts_grp[1]/k_explain_behavior,121,3423
consent_grp[1]/k_grp[1]/k_ts_grp[1]/k_shook,121,3423
consent_grp[1]/k_grp[1]/k_ts_grp[1]/k_shouted,121,3423
consent_grp[1]/k_grp[1]/k_ts_grp[1]/k_gave_something,121,3423
consent_grp[1]/k_grp[1]/k_ts_grp[1]/k_spanked,121,3423
consent_grp[1]/k_grp[1]/k_ts_grp[1]/k_hit_bottom,121,3423
consent_grp[1]/k_grp[1]/k_ts_grp[1]/k_call_dumb,121,3423
consent_grp[1]/k_grp[1]/k_ts_grp[1]/k_hit_face,121,3423
consent_grp[1]/k_grp[1]/k_ts_grp[1]/k_praised,121,3423
consent_grp[1]/k_grp[1]/k_ts_grp[1]/k_affection,121,3423
consent_grp[1]/k_grp[1]/k_ts_grp[1]/k_rewarded,121,3423
consent_grp[1]/l_teaching_prac_grp[1]/l_note,8,3544
consent_grp[1]/l_teaching_prac_grp[1]/l_previos_kinder_act[1]/tmp_l_prac_lab,527,3552
consent_grp[1]/l_teaching_prac_grp[1]/l_previos_kinder_act[1]/l_hygiene_routine,527,3552
consent_grp[1]/l_teaching_prac_grp[1]/l_previos_kinder_act[1]/l_supply,527,3552
consent_grp[1]/l_teaching_prac_grp[1]/l_previos_kinder_act[1]/l_pamper,527,3552
consent_grp[1]/l_teaching_prac_grp[1]/l_previos_kinder_act[1]/l_read,527,3552
consent_grp[1]/l_teaching_prac_grp[1]/l_previos_kinder_act[1]/l_tell,527,3552
consent_grp[1]/l_teaching_prac_grp[1]/l_previos_kinder_act[1]/l_conversatin,527,3552
consent_grp[1]/l_teaching_prac_grp[1]/l_previos_kinder_act[1]/l_sing,527,3552
consent_grp[1]/l_teaching_prac_grp[1]/l_previos_kinder_act[1]/l_dance,527,3552
consent_grp[1]/l_teaching_prac_grp[1]/l_previos_kinder_act[1]/l_visit,527,3552
consent_grp[1]/l_teaching_prac_grp[1]/l_previos_kinder_act[1]/l_play_kg,527,3552
consent_grp[1]/l_teaching_prac_grp[1]/l_previos_kinder_act[1]/l_play_recrea,527,3552
consent_grp[1]/l_teaching_prac_grp[1]/l_previos_kinder_act[1]/l_sleep,527,3552
consent_grp[1]/l_teaching_prac_grp[1]/l_previos_kinder_act[1]/l_run,527,3552
consent_grp[1]/l_teaching_prac_grp[1]/l_previos_kinder_act[1]/l_group_learn,527,3552
consent_grp[1]/l_teaching_prac_grp[1]/l_previos_kinder_act[1]/l_indiv_learn,527,3552
consent_grp[1]/l_teaching_prac_grp[1]/l_class_acti_grp[1]/l_act_grp[1]/tmp_l_class_lab,84,4079
consent_grp[1]/l_teaching_prac_grp[1]/l_class_acti_grp[1]/l_act_grp[1]/l_teach_colour,84,4079
consent_grp[1]/l_teaching_prac_grp[1]/l_class_acti_grp[1]/l_act_grp[1]/l_teach_number,84,4079
consent_grp[1]/l_teaching_prac_grp[1]/l_class_acti_grp[1]/l_act_grp[1]/l_teach_letter,84,4079
consent_grp[1]/l_teaching_prac_grp[1]/l_class_acti_grp[1]/l_act_grp[1]/l_teach_form,84,4079
consent_grp[1]/l_teaching_prac_grp[1]/l_class_acti_grp[1]/l_act_grp[1]/l_socialise,84,4079
consent_grp[1]/l_teaching_prac_grp[1]/l_class_acti_grp[1]/l_act_grp[1]/l_pro_solve,84,4079
consent_grp[1]/l_teaching_prac_grp[1]/l_class_acti_grp[1]/l_act_grp[1]/l_writing,84,4079
consent_grp[1]/l_teaching_prac_grp[1]/l_class_acti_grp[1]/l_act_grp[1]/l_teach_body,84,4079
consent_grp[1]/l_teaching_prac_grp[1]/l_class_acti_grp[1]/l_act_grp[1]/l_pers_hygiene,84,4079
consent_grp[1]/l_teaching_prac_grp[1]/l_class_acti_grp[1]/l_act_grp[1]/l_art_expre,84,4079
consent_grp[1]/l_teaching_prac_grp[1]/l_class_acti_grp[1]/l_act_grp[1]/l_body_lang,84,4079
consent_grp[1]/l_teaching_prac_grp[1]/l_class_acti_grp[1]/l_act_grp[1]/l_concentration,84,4079
consent_grp[1]/l_teaching_prac_grp[1]/l_class_acti_grp[1]/l_act_grp[1]/l_gross_motor,84,4079
consent_grp[1]/l_teaching_prac_grp[1]/l_class_acti_grp[1]/l_act_grp[1]/l_fine_motor,84,4079
consent_grp[1]/l_teaching_prac_grp[1]/l_class_acti_grp[1]/l_act_grp[1]/l_gender,84,4079
consent_grp[1]/l_teaching_prac_grp[1]/l_class_acti_grp[1]/l_act_grp[1]/l_responsibility,84,4079
consent_grp[1]/l_teaching_prac_grp[1]/l_class_acti_grp[1]/l_act_grp[1]/l_speech,84,4079
consent_grp[1]/l_teaching_prac_grp[1]/l_class_acti_grp[1]/l_act_grp[1]/l_explore_comm,84,4079
consent_grp[1]/l_teaching_prac_grp[1]/l_class_acti_grp[1]/l_act_grp[1]/l_explore_culture,84,4079
consent_grp[1]/l_teaching_prac_grp[1]/l_parent_interact_note,1,4163
consent_grp[1]/l_teaching_prac_grp[1]/l_actively_engaged,27,4165
consent_grp[1]/l_teaching_prac_grp[1]/l_proportion_child,11,4192
consent_grp[1]/l_teaching_prac_grp[1]/l_proportion_child_more,11,4203
consent_grp[1]/l_teaching_prac_grp[1]/l_visit_pupil_house,26,4213
consent_grp[1]/l_teaching_prac_grp[1]/l_visit_parent_house,16,4239
consent_grp[1]/l_teaching_prac_grp[1]/l_receive_parent_supp,13,4255
consent_grp[1]/l_teaching_prac_grp[1]/l_day_teaching_note,11,4269
consent_grp[1]/l_teaching_prac_grp[1]/l_day_grp[1]/tmp_l_labs,44,4280
consent_grp[1]/l_teaching_prac_grp[1]/l_day_grp[1]/l_daily_schedule,44,4280
consent_grp[1]/l_teaching_prac_grp[1]/l_day_grp[1]/l_play_period,44,4280
consent_grp[1]/l_teaching_prac_grp[1]/l_day_grp[1]/l_free_play,44,4280
consent_grp[1]/l_teaching_prac_grp[1]/l_day_grp[1]/l_activities,44,4280
consent_grp[1]/l_teaching_prac_grp[1]/l_per_daily_grp[1]/l_perc_note,246,4323
consent_grp[1]/l_teaching_prac_grp[1]/l_per_daily_grp[1]/l_admin_per,246,4323
consent_grp[1]/l_teaching_prac_grp[1]/l_per_daily_grp[1]/l_class_per,246,4323
consent_grp[1]/l_teaching_prac_grp[1]/l_per_daily_grp[1]/l_teach_per,246,4323
consent_grp[1]/l_teaching_prac_grp[1]/l_per_daily_grp[1]/l_super_per,246,4323
consent_grp[1]/l_teaching_prac_grp[1]/l_per_daily_grp[1]/l_super_oth_per,246,4323
consent_grp[1]/l_teaching_prac_grp[1]/l_per_daily_grp[1]/l_break_per,246,4323
consent_grp[1]/l_teaching_prac_grp[1]/tmp_force_note,8,4564
consent_grp[1]/l_teaching_prac_grp[1]/l_discipline_note,2,4577
consent_grp[1]/l_teaching_prac_grp[1]/l_dont_like,43,4579
consent_grp[1]/l_teaching_prac_grp[1]/l_really_bad,12,4622
consent_grp[1]/l_teaching_prac_grp[1]/l_does_good,12,4634
consent_grp[1]/l_teaching_prac_grp[1]/l_praise,14,4645
consent_grp[1]/q_note,2,4659
consent_grp[1]/q_activ_yn,11,4661
consent_grp[1]/q_rpt[1]/q_activ_r,21,4671
consent_grp[1]/q_rpt[1]/q_activ_org_r,5,4692
consent_grp[1]/q_rpt[1]/q_activ_add_r,10,4698
