Field name,Total duration (seconds),First appeared (seconds into survey)
instruction,7,4
a_district_id,5,6
a_circuit_id,14,8
a_kg_id,53,12
a_community_id,6,55
a_enum_id,419,57
consent_note,390,465
con_understand,2,897
con_questions,2,899
con_written,2,902
consent_grp[1]/audio_consent,2,904
consent_grp[1]/d_background_note,2,905
consent_grp[1]/section_d[1]/kgt_key,204,907
consent_grp[1]/section_d[1]/kgt_confirm_note,14,1111
consent_grp[1]/section_d[1]/d_num_cnt,19,1125
consent_grp[1]/section_d[1]/d_cnt_grp[1]/d_cnt_main,34,1143
consent_grp[1]/section_d[1]/d_work_last,14,1160
consent_grp[1]/section_d[1]/d_cnt_grp[1]/d_cnt_sec,15,1165
consent_grp[1]/section_d[1]/d_edu_level,10,1192
consent_grp[1]/section_d[1]/d_edu_train,30,1202
consent_grp[1]/section_d[1]/d_marital_status,20,1229
consent_grp[1]/section_d[1]/d_edu_level_train,32,1234
consent_grp[1]/section_d[1]/d_religion,20,1284
consent_grp[1]/section_d[1]/d_la_spk_grp[1]/d_la_spk_note,89,1304
consent_grp[1]/section_d[1]/d_la_spk_grp[1]/d_la_spk_eng,89,1304
consent_grp[1]/section_d[1]/d_la_spk_grp[1]/d_la_spk_grun,89,1304
consent_grp[1]/section_d[1]/d_la_wrt_grp[1]/d_la_wrt_note,113,1394
consent_grp[1]/section_d[1]/d_la_wrt_grp[1]/d_la_wrt_eng,113,1394
consent_grp[1]/section_d[1]/d_la_wrt_grp[1]/d_la_wrt_grun,113,1394
consent_grp[1]/section_d[1]/d_main_language,18,1507
consent_grp[1]/section_d[1]/d_loc_lang_kinderg,30,1518
consent_grp[1]/f_moved_yn,25,1555
consent_grp[1]/g_nature_wrk_note,15,1578
consent_grp[1]/section_g[1]/g_teach_pos,14,1592
consent_grp[1]/section_g[1]/g_teach_school,42,1602
consent_grp[1]/section_g[1]/g_kg_grade,13,1632
consent_grp[1]/section_g[1]/g_class_grp[1]/g_children_note,856,1642
consent_grp[1]/section_g[1]/g_class_grp[1]/g_kg_1,856,1642
consent_grp[1]/section_g[1]/g_ah_grp[1]/g_ah_note,521,1757
consent_grp[1]/section_g[1]/g_ah_grp[1]/g_ah_working,521,1757
consent_grp[1]/section_g[1]/g_ah_grp[1]/g_ah_prepping,521,1757
consent_grp[1]/section_g[1]/g_eh_grp[1]/g_eh_note,101,1767
consent_grp[1]/section_g[1]/g_eh_grp[1]/g_eh_working,101,1767
consent_grp[1]/section_g[1]/g_eh_grp[1]/g_eh_prepping,101,1767
consent_grp[1]/section_g[1]/g_teach_salary,172,1769
consent_grp[1]/section_g[1]/g_salary_freq,21,3201
consent_grp[1]/section_g[1]/g_salary_intime,105,3219
consent_grp[1]/section_g[1]/g_money_cmp,25,3322
consent_grp[1]/section_g[1]/g_job_outside,11,3345
consent_grp[1]/section_g[1]/g_extra_money_spec,13,3354
consent_grp[1]/section_g[1]/g_sch_pro_grp[1]/tmp_g_sch_pro_lab,234,3364
consent_grp[1]/section_g[1]/g_sch_pro_grp[1]/g_class,234,3364
consent_grp[1]/section_g[1]/g_sch_pro_grp[1]/g_class_taught,234,3364
consent_grp[1]/section_g[1]/g_sch_pro_grp[1]/g_fin_resource,234,3364
consent_grp[1]/section_g[1]/g_sch_pro_grp[1]/g_high_expe,234,3364
consent_grp[1]/section_g[1]/g_sch_pro_grp[1]/g_change_curri,234,3364
consent_grp[1]/section_g[1]/g_sch_pro_grp[1]/g_diff_curri,234,3364
consent_grp[1]/section_g[1]/g_sch_pro_grp[1]/g_easy_curri,234,3364
consent_grp[1]/section_g[1]/g_sch_pro_grp[1]/g_par_dem_high,234,3364
consent_grp[1]/section_g[1]/g_sch_pro_grp[1]/g_par_suff_interest,234,3364
consent_grp[1]/section_g[1]/g_sch_pro_grp[1]/g_par_suff_active,234,3364
consent_grp[1]/section_g[1]/g_par_supp_grp[1]/g_par_supp_note,48,3593
consent_grp[1]/section_g[1]/g_par_supp_grp[1]/g_home_wrk,22,3620
consent_grp[1]/section_g[1]/g_par_supp_grp[1]/g_behave_val,28,3648
consent_grp[1]/section_g[1]/g_par_supp_grp[1]/g_get_schl,15,3780
consent_grp[1]/section_g[1]/g_par_supp_grp[1]/g_visit_schl,20,3806
consent_grp[1]/section_g[1]/g_par_supp_grp[1]/g_show_respect,12,3826
consent_grp[1]/section_g[1]/g_par_supp_grp[1]/g_best_schl,27,3839
consent_grp[1]/section_g[1]/g_par_supp_grp[1]/g_parti_pta,9,3865
consent_grp[1]/section_g[1]/g_par_supp_grp[1]/g_cont_kg_act,15,3875
consent_grp[1]/section_g[1]/g_lead_respect,13,3890
consent_grp[1]/section_g[1]/g_val_citizen,23,3903
consent_grp[1]/section_h[1]/sec_h_depre_note,33,3926
consent_grp[1]/section_h[1]/h_depression_grp[1]/h_da_note,165,3959
consent_grp[1]/section_h[1]/h_depression_grp[1]/tmp_h_da_lab,165,3959
consent_grp[1]/section_h[1]/h_depression_grp[1]/h_headache,165,3959
consent_grp[1]/section_h[1]/h_depression_grp[1]/h_appetite,165,3959
consent_grp[1]/section_h[1]/h_depression_grp[1]/h_sleep,165,3959
consent_grp[1]/section_h[1]/h_depression_grp[1]/h_frightened,165,3959
consent_grp[1]/section_h[1]/h_depression_grp[1]/h_hands_shake,165,3959
consent_grp[1]/section_h[1]/h_depression_grp[1]/h_nervous,165,3959
consent_grp[1]/section_h[1]/h_depression_grp[1]/h_digestion,165,3959
consent_grp[1]/section_h[1]/h_depression_grp[1]/h_thinking,165,3959
consent_grp[1]/section_h[1]/h_depression_grp[1]/h_unhappy,165,3959
consent_grp[1]/section_h[1]/h_depression_grp[1]/h_cry,165,3959
consent_grp[1]/section_h[1]/h_depression_grp[1]/h_activities,165,3959
consent_grp[1]/section_h[1]/h_depression_grp[1]/h_decisions,165,3959
consent_grp[1]/section_h[1]/h_depression_grp[1]/h_daily_work,165,3959
consent_grp[1]/section_h[1]/h_depression_grp[1]/h_life,165,3959
consent_grp[1]/section_h[1]/h_depression_grp[1]/h_interest,165,3959
consent_grp[1]/section_h[1]/h_depression_grp[1]/h_worthless,165,3959
consent_grp[1]/section_h[1]/h_depression_grp[1]/h_end_life,165,3959
consent_grp[1]/section_h[1]/h_depression_grp[1]/h_tired,165,3959
consent_grp[1]/section_h[1]/h_depression_grp[1]/h_uncomfortable,165,3959
consent_grp[1]/section_h[1]/h_depression_grp[1]/h_easily_tired,165,3959
consent_grp[1]/section_h[1]/sec_h_ext_contr_note,14,4124
consent_grp[1]/section_h[1]/h_ext_control_grp[1]/h_ext_cont_note,11,4137
consent_grp[1]/section_h[1]/h_ext_control_grp[1]/h_pup_learn,127,4146
consent_grp[1]/section_h[1]/h_ext_control_grp[1]/h_discipline,34,4237
consent_grp[1]/section_h[1]/h_ext_control_grp[1]/h_stu_achieve,57,4255
consent_grp[1]/section_h[1]/h_ext_control_grp[1]/h_teach_motiv,27,4367
consent_grp[1]/section_h[1]/h_ext_control_grp[1]/h_good_teach,39,4394
consent_grp[1]/section_h[1]/sec_h_motiv_note,10,4432
consent_grp[1]/section_h[1]/h_motiv_grp[1]/h_motiv_note,2,4442
consent_grp[1]/section_h[1]/h_motiv_grp[1]/h_motiv_help,21,4444
consent_grp[1]/section_h[1]/h_motiv_grp[1]/h_quest_school,21,4465
consent_grp[1]/section_h[1]/h_motiv_grp[1]/h_help_child,7,4486
consent_grp[1]/section_h[1]/h_motiv_grp[1]/h_sch_goal,11,4492
consent_grp[1]/section_h[1]/h_motiv_grp[1]/h_help_emot,24,4504
consent_grp[1]/section_h[1]/h_motiv_grp[1]/h_enjoy_teach,7,4528
consent_grp[1]/section_h[1]/h_motiv_grp[1]/h_develop_society,19,4535
consent_grp[1]/section_h[1]/h_motiv_grp[1]/h_develop_socially,20,4554
consent_grp[1]/section_h[1]/h_motiv_grp[1]/h_perso_clear,55,4574
consent_grp[1]/section_h[1]/h_impor_thing,53,4629
consent_grp[1]/section_h[1]/h_job_satisfaction_grp[1]/h_job_satis_note,28,4682
consent_grp[1]/section_h[1]/h_job_satisfaction_grp[1]/h_look_out,49,4684
consent_grp[1]/section_h[1]/h_job_satisfaction_grp[1]/h_perso_worries,22,4749
consent_grp[1]/section_h[1]/h_job_satisfaction_grp[1]/h_know_col,35,4762
consent_grp[1]/section_h[1]/h_job_satisfaction_grp[1]/h_col_coop,43,4785
consent_grp[1]/section_h[1]/h_job_satisfaction_grp[1]/h_trust_col,41,4793
consent_grp[1]/section_h[1]/h_job_satisfaction_grp[1]/h_enjoy_col,29,4801
consent_grp[1]/section_h[1]/h_job_satisfaction_grp[1]/h_sup_respect,48,4813
consent_grp[1]/section_h[1]/h_job_satisfaction_grp[1]/h_sup_busy,8,4977
consent_grp[1]/section_h[1]/h_job_satisfaction_grp[1]/h_sup_opinion,27,4984
consent_grp[1]/section_h[1]/h_job_satisfaction_grp[1]/h_count_sup,23,5011
consent_grp[1]/section_h[1]/h_job_satisfaction_grp[1]/h_motivated,10,5034
consent_grp[1]/section_h[1]/h_job_satisfaction_grp[1]/h_sup_unpredict,25,5044
consent_grp[1]/section_h[1]/h_job_satisfaction_grp[1]/h_wrk_challenge,34,5069
consent_grp[1]/section_h[1]/h_job_satisfaction_grp[1]/h_wrk_monotonous,17,5103
consent_grp[1]/section_h[1]/h_job_satisfaction_grp[1]/h_wrk_creative,19,5119
consent_grp[1]/section_h[1]/h_job_satisfaction_grp[1]/h_big_impact,16,5138
consent_grp[1]/section_h[1]/h_job_satisfaction_grp[1]/h_little_time,16,5154
consent_grp[1]/section_h[1]/h_job_satisfaction_grp[1]/h_control_satis,14,5169
consent_grp[1]/section_h[1]/h_job_satisfaction_grp[1]/h_look,26,5184
consent_grp[1]/section_h[1]/h_job_satisfaction_grp[1]/h_small_space,15,5203
consent_grp[1]/section_h[1]/h_job_satisfaction_grp[1]/h_new_mat,11,5222
consent_grp[1]/section_h[1]/h_job_satisfaction_grp[1]/h_clean_kinder,33,5235
consent_grp[1]/section_h[1]/h_job_satisfaction_grp[1]/h_loud_kinder,17,5269
consent_grp[1]/section_h[1]/h_job_satisfaction_grp[1]/h_kinder_rules,31,5278
consent_grp[1]/section_h[1]/h_job_satisfaction_grp[1]/h_satisfied_paid,20,5315
consent_grp[1]/section_h[1]/h_burnout_grp[1]/h_burnout_note,11,5336
consent_grp[1]/section_h[1]/h_burnout_grp[1]/h_emotion_drained,45,5339
consent_grp[1]/section_h[1]/h_burnout_grp[1]/h_used_up,21,5392
consent_grp[1]/section_h[1]/h_burnout_grp[1]/h_fatigued,51,5413
consent_grp[1]/section_h[1]/h_burnout_grp[1]/h_child_feel,45,5464
consent_grp[1]/section_h[1]/h_burnout_grp[1]/h_child_impersonal,20,5509
consent_grp[1]/section_h[1]/h_burnout_grp[1]/h_ppl_strain,16,5529
consent_grp[1]/section_h[1]/h_burnout_grp[1]/h_deal_effect,29,5545
consent_grp[1]/section_h[1]/h_burnout_grp[1]/h_burnout,22,5575
consent_grp[1]/section_h[1]/h_burnout_grp[1]/h_pos_influence,59,5597
consent_grp[1]/section_h[1]/h_burnout_grp[1]/h_cold,39,5656
consent_grp[1]/section_h[1]/h_burnout_grp[1]/h_hard,12,5695
consent_grp[1]/section_h[1]/h_burnout_grp[1]/h_energetic,35,5706
consent_grp[1]/section_h[1]/h_burnout_grp[1]/h_frustrated,6,5741
consent_grp[1]/section_h[1]/h_burnout_grp[1]/h_work_hard,6,5748
consent_grp[1]/section_h[1]/h_burnout_grp[1]/h_dont_care,7,5754
consent_grp[1]/section_h[1]/h_burnout_grp[1]/h_put_pressure,7,5760
consent_grp[1]/section_h[1]/h_burnout_grp[1]/h_relax,19,5767
consent_grp[1]/section_h[1]/h_burnout_grp[1]/h_excited,11,5787
consent_grp[1]/section_h[1]/h_burnout_grp[1]/h_accomplished,26,5798
consent_grp[1]/section_h[1]/h_burnout_grp[1]/h_end_of_rop,34,5824
consent_grp[1]/section_h[1]/h_burnout_grp[1]/h_emot_pro_calm,17,5858
consent_grp[1]/i_teacher_knowledge_grp[1]/I_teach_know_note,16,5875
consent_grp[1]/i_teacher_knowledge_grp[1]/i_consonance,58,5879
consent_grp[1]/i_teacher_knowledge_grp[1]/i_vowel,33,5949
consent_grp[1]/i_teacher_knowledge_grp[1]/i_unbelievable,59,5982
consent_grp[1]/i_teacher_knowledge_grp[1]/i_irregular,20,6041
consent_grp[1]/i_teacher_knowledge_grp[1]/i_cat,24,6060
consent_grp[1]/i_teacher_knowledge_grp[1]/i_cough,15,6084
consent_grp[1]/i_teacher_knowledge_grp[1]/i_check,29,6100
consent_grp[1]/i_teacher_knowledge_grp[1]/i_english,30,6129
consent_grp[1]/j_perception_grp[1]/j_perception_note,34,6158
consent_grp[1]/j_perception_grp[1]/j_dev_practice_grp[1]/j_dev_practice_note,5,6160
consent_grp[1]/j_perception_grp[1]/j_dev_practice_grp[1]/j_child_need,36,6197
consent_grp[1]/j_perception_grp[1]/j_dev_practice_grp[1]/j_recog_letter,28,6234
consent_grp[1]/j_perception_grp[1]/j_dev_practice_grp[1]/j_recog_number,10,6262
consent_grp[1]/j_perception_grp[1]/j_dev_practice_grp[1]/j_recog_colour,6,6272
consent_grp[1]/j_perception_grp[1]/j_dev_practice_grp[1]/j_indiv_goal,12,6278
consent_grp[1]/j_perception_grp[1]/j_dev_practice_grp[1]/j_play_materials,6,6290
consent_grp[1]/j_perception_grp[1]/j_dev_practice_grp[1]/j_child_measure,8,6296
consent_grp[1]/j_perception_grp[1]/j_supp_chil_grp[1]/j_supp_chil_note,14,6304
consent_grp[1]/j_perception_grp[1]/j_supp_chil_grp[1]/j_build_relation,37,6317
consent_grp[1]/j_perception_grp[1]/j_supp_chil_grp[1]/j_control_behaviour,16,6355
consent_grp[1]/j_perception_grp[1]/j_supp_chil_grp[1]/j_express_thought,13,6371
consent_grp[1]/j_perception_grp[1]/j_supp_chil_grp[1]/j_resolve_conflicts,6,6384
consent_grp[1]/j_perception_grp[1]/j_supp_chil_grp[1]/j_guidance_style,15,6389
consent_grp[1]/j_perception_grp[1]/j_fam_sensitive_grp[1]/j_fam_sensitive_note,120,6404
consent_grp[1]/j_perception_grp[1]/j_fam_sensitive_grp[1]/j_parent_goal,120,6404
consent_grp[1]/j_perception_grp[1]/j_fam_sensitive_grp[1]/j_work_schedule,120,6404
consent_grp[1]/j_perception_grp[1]/j_fam_sensitive_grp[1]/j_fam_decision,120,6404
consent_grp[1]/j_perception_grp[1]/j_fam_sensitive_grp[1]/j_family_care,120,6404
consent_grp[1]/j_perception_grp[1]/j_fam_sensitive_grp[1]/j_connect_family,120,6404
consent_grp[1]/k_grp[1]/k_instro_note,36,6524
consent_grp[1]/k_grp[1]/k_ts_grp[1]/tmp_k_labels,101,6560
consent_grp[1]/k_grp[1]/k_ts_grp[1]/k_take_priviledges,101,6560
consent_grp[1]/k_grp[1]/k_ts_grp[1]/k_explain_behavior,101,6560
consent_grp[1]/k_grp[1]/k_ts_grp[1]/k_shook,101,6560
consent_grp[1]/k_grp[1]/k_ts_grp[1]/k_shouted,101,6560
consent_grp[1]/k_grp[1]/k_ts_grp[1]/k_gave_something,101,6560
consent_grp[1]/k_grp[1]/k_ts_grp[1]/k_spanked,101,6560
consent_grp[1]/k_grp[1]/k_ts_grp[1]/k_hit_bottom,101,6560
consent_grp[1]/k_grp[1]/k_ts_grp[1]/k_call_dumb,101,6560
consent_grp[1]/k_grp[1]/k_ts_grp[1]/k_hit_face,101,6560
consent_grp[1]/k_grp[1]/k_ts_grp[1]/k_praised,101,6560
consent_grp[1]/k_grp[1]/k_ts_grp[1]/k_affection,101,6560
consent_grp[1]/k_grp[1]/k_ts_grp[1]/k_rewarded,101,6560
consent_grp[1]/l_teaching_prac_grp[1]/l_note,9,6661
consent_grp[1]/l_teaching_prac_grp[1]/l_previos_kinder_act[1]/tmp_l_prac_lab,122,6664
consent_grp[1]/l_teaching_prac_grp[1]/l_previos_kinder_act[1]/l_hygiene_routine,122,6664
consent_grp[1]/l_teaching_prac_grp[1]/l_previos_kinder_act[1]/l_supply,122,6664
consent_grp[1]/l_teaching_prac_grp[1]/l_previos_kinder_act[1]/l_pamper,122,6664
consent_grp[1]/l_teaching_prac_grp[1]/l_previos_kinder_act[1]/l_read,122,6664
consent_grp[1]/l_teaching_prac_grp[1]/l_previos_kinder_act[1]/l_tell,122,6664
consent_grp[1]/l_teaching_prac_grp[1]/l_previos_kinder_act[1]/l_conversatin,122,6664
consent_grp[1]/l_teaching_prac_grp[1]/l_previos_kinder_act[1]/l_sing,122,6664
consent_grp[1]/l_teaching_prac_grp[1]/l_previos_kinder_act[1]/l_dance,122,6664
consent_grp[1]/l_teaching_prac_grp[1]/l_previos_kinder_act[1]/l_visit,122,6664
consent_grp[1]/l_teaching_prac_grp[1]/l_previos_kinder_act[1]/l_play_kg,122,6664
consent_grp[1]/l_teaching_prac_grp[1]/l_previos_kinder_act[1]/l_play_recrea,122,6664
consent_grp[1]/l_teaching_prac_grp[1]/l_previos_kinder_act[1]/l_sleep,122,6664
consent_grp[1]/l_teaching_prac_grp[1]/l_previos_kinder_act[1]/l_run,122,6664
consent_grp[1]/l_teaching_prac_grp[1]/l_previos_kinder_act[1]/l_group_learn,122,6664
consent_grp[1]/l_teaching_prac_grp[1]/l_previos_kinder_act[1]/l_indiv_learn,122,6664
consent_grp[1]/l_teaching_prac_grp[1]/l_class_acti_grp[1]/l_act_grp[1]/tmp_l_class_lab,194,6793
consent_grp[1]/l_teaching_prac_grp[1]/l_class_acti_grp[1]/l_act_grp[1]/l_teach_colour,194,6793
consent_grp[1]/l_teaching_prac_grp[1]/l_class_acti_grp[1]/l_act_grp[1]/l_teach_number,194,6793
consent_grp[1]/l_teaching_prac_grp[1]/l_class_acti_grp[1]/l_act_grp[1]/l_teach_letter,194,6793
consent_grp[1]/l_teaching_prac_grp[1]/l_class_acti_grp[1]/l_act_grp[1]/l_teach_form,194,6793
consent_grp[1]/l_teaching_prac_grp[1]/l_class_acti_grp[1]/l_act_grp[1]/l_socialise,194,6793
consent_grp[1]/l_teaching_prac_grp[1]/l_class_acti_grp[1]/l_act_grp[1]/l_pro_solve,194,6793
consent_grp[1]/l_teaching_prac_grp[1]/l_class_acti_grp[1]/l_act_grp[1]/l_writing,194,6793
consent_grp[1]/l_teaching_prac_grp[1]/l_class_acti_grp[1]/l_act_grp[1]/l_teach_body,194,6793
consent_grp[1]/l_teaching_prac_grp[1]/l_class_acti_grp[1]/l_act_grp[1]/l_pers_hygiene,194,6793
consent_grp[1]/l_teaching_prac_grp[1]/l_class_acti_grp[1]/l_act_grp[1]/l_art_expre,194,6793
consent_grp[1]/l_teaching_prac_grp[1]/l_class_acti_grp[1]/l_act_grp[1]/l_body_lang,194,6793
consent_grp[1]/l_teaching_prac_grp[1]/l_class_acti_grp[1]/l_act_grp[1]/l_concentration,194,6793
consent_grp[1]/l_teaching_prac_grp[1]/l_class_acti_grp[1]/l_act_grp[1]/l_gross_motor,194,6793
consent_grp[1]/l_teaching_prac_grp[1]/l_class_acti_grp[1]/l_act_grp[1]/l_fine_motor,194,6793
consent_grp[1]/l_teaching_prac_grp[1]/l_class_acti_grp[1]/l_act_grp[1]/l_gender,194,6793
consent_grp[1]/l_teaching_prac_grp[1]/l_class_acti_grp[1]/l_act_grp[1]/l_responsibility,194,6793
consent_grp[1]/l_teaching_prac_grp[1]/l_class_acti_grp[1]/l_act_grp[1]/l_speech,194,6793
consent_grp[1]/l_teaching_prac_grp[1]/l_class_acti_grp[1]/l_act_grp[1]/l_explore_comm,194,6793
consent_grp[1]/l_teaching_prac_grp[1]/l_class_acti_grp[1]/l_act_grp[1]/l_explore_culture,194,6793
consent_grp[1]/l_teaching_prac_grp[1]/l_parent_interact_note,9,6986
consent_grp[1]/l_teaching_prac_grp[1]/l_actively_engaged,36,6995
consent_grp[1]/l_teaching_prac_grp[1]/l_proportion_child,25,7030
consent_grp[1]/l_teaching_prac_grp[1]/l_proportion_child_more,13,7053
consent_grp[1]/l_teaching_prac_grp[1]/l_visit_pupil_house,45,7069
consent_grp[1]/l_teaching_prac_grp[1]/l_visit_parent_house,52,7113
consent_grp[1]/l_teaching_prac_grp[1]/l_receive_parent_supp,12,7166
consent_grp[1]/l_teaching_prac_grp[1]/l_day_teaching_note,4,7177
consent_grp[1]/l_teaching_prac_grp[1]/l_day_grp[1]/tmp_l_labs,54,7181
consent_grp[1]/l_teaching_prac_grp[1]/l_day_grp[1]/l_daily_schedule,54,7181
consent_grp[1]/l_teaching_prac_grp[1]/l_day_grp[1]/l_play_period,54,7181
consent_grp[1]/l_teaching_prac_grp[1]/l_day_grp[1]/l_free_play,54,7181
consent_grp[1]/l_teaching_prac_grp[1]/l_day_grp[1]/l_activities,54,7181
consent_grp[1]/l_teaching_prac_grp[1]/l_per_daily_grp[1]/l_perc_note,97,7236
consent_grp[1]/l_teaching_prac_grp[1]/l_per_daily_grp[1]/l_admin_per,97,7236
consent_grp[1]/l_teaching_prac_grp[1]/l_per_daily_grp[1]/l_class_per,97,7236
consent_grp[1]/l_teaching_prac_grp[1]/l_per_daily_grp[1]/l_teach_per,97,7236
consent_grp[1]/l_teaching_prac_grp[1]/l_per_daily_grp[1]/l_super_per,97,7236
consent_grp[1]/l_teaching_prac_grp[1]/l_per_daily_grp[1]/l_super_oth_per,97,7236
consent_grp[1]/l_teaching_prac_grp[1]/l_per_daily_grp[1]/l_break_per,97,7236
consent_grp[1]/l_teaching_prac_grp[1]/l_discipline_note,4,7332
consent_grp[1]/l_teaching_prac_grp[1]/l_dont_like,68,7337
consent_grp[1]/l_teaching_prac_grp[1]/l_really_bad,32,7405
consent_grp[1]/l_teaching_prac_grp[1]/l_does_good,26,7435
consent_grp[1]/l_teaching_prac_grp[1]/l_praise,28,7462
consent_grp[1]/q_note,11,7490
consent_grp[1]/q_activ_yn,15,7501
consent_grp[1]/q_rpt[1]/q_activ_r,75,7517
consent_grp[1]/q_rpt[1]/q_activ_org_r,8,7592
consent_grp[1]/q_rpt[1]/q_activ_add_r,10,7600
s_int_accom_yn,4,7609
comments,43,7612
