Field name,Total duration (seconds),First appeared (seconds into survey)
instruction,1,1
a_district_id,3,3
a_circuit_id,20,5
a_kg_id,60,16
a_community_id,4,86
a_enum_id,6,89
consent_note,1,96
con_understand,2,97
con_questions,2,99
con_written,4,101
consent_grp[1]/audio_consent,1,105
consent_grp[1]/d_background_note,1,107
consent_grp[1]/section_d[1]/kgt_key,276,108
consent_grp[1]/section_d[1]/kgt_confirm_note,42,382
consent_grp[1]/section_d[1]/d_num_cnt,18,426
consent_grp[1]/section_d[1]/d_cnt_grp[1]/d_cnt_main,14,444
consent_grp[1]/section_d[1]/d_work_last,14,458
consent_grp[1]/section_d[1]/d_edu_level,15,472
consent_grp[1]/section_d[1]/d_edu_train,12,487
consent_grp[1]/section_d[1]/d_edu_level_train,15,499
consent_grp[1]/section_d[1]/d_marital_status,8,514
consent_grp[1]/section_d[1]/d_religion,6,522
consent_grp[1]/section_d[1]/d_la_spk_grp[1]/d_la_spk_note,36,528
consent_grp[1]/section_d[1]/d_la_spk_grp[1]/d_la_spk_eng,36,528
consent_grp[1]/section_d[1]/d_la_spk_grp[1]/d_la_spk_dagb,36,528
consent_grp[1]/section_d[1]/d_la_wrt_grp[1]/d_la_wrt_note,17,564
consent_grp[1]/section_d[1]/d_la_wrt_grp[1]/d_la_wrt_eng,17,564
consent_grp[1]/section_d[1]/d_la_wrt_grp[1]/d_la_wrt_dagb,17,564
consent_grp[1]/section_d[1]/d_main_language,21,581
consent_grp[1]/section_d[1]/d_loc_lang_kinderg,18,602
consent_grp[1]/f_moved_yn,20,620
consent_grp[1]/g_nature_wrk_note,17,620
consent_grp[1]/section_g[1]/g_teach_pos,11,657
consent_grp[1]/section_g[1]/g_teach_school,16,667
consent_grp[1]/section_g[1]/g_kg_grade,12,683
consent_grp[1]/section_g[1]/g_class_grp[1]/g_children_note,14,695
consent_grp[1]/section_g[1]/g_class_grp[1]/g_kg_2,14,695
consent_grp[1]/section_g[1]/g_ah_grp[1]/g_ah_note,192,709
consent_grp[1]/section_g[1]/g_ah_grp[1]/g_ah_working,192,709
consent_grp[1]/section_g[1]/g_ah_grp[1]/g_ah_prepping,192,709
consent_grp[1]/section_g[1]/g_eh_grp[1]/g_eh_note,70,869
consent_grp[1]/section_g[1]/g_eh_grp[1]/g_eh_working,70,869
consent_grp[1]/section_g[1]/g_eh_grp[1]/g_eh_prepping,70,869
consent_grp[1]/section_g[1]/g_teach_salary,42,970
consent_grp[1]/section_g[1]/g_salary_freq,14,1012
consent_grp[1]/section_g[1]/g_salary_intime,22,1026
consent_grp[1]/section_g[1]/g_money_cmp,16,1048
consent_grp[1]/section_g[1]/g_job_outside,26,1064
consent_grp[1]/section_g[1]/g_extra_money_spec,31,1091
consent_grp[1]/section_g[1]/g_sch_pro_grp[1]/tmp_g_sch_pro_lab,263,1122
consent_grp[1]/section_g[1]/g_sch_pro_grp[1]/g_class,263,1122
consent_grp[1]/section_g[1]/g_sch_pro_grp[1]/g_class_taught,263,1122
consent_grp[1]/section_g[1]/g_sch_pro_grp[1]/g_fin_resource,263,1122
consent_grp[1]/section_g[1]/g_sch_pro_grp[1]/g_high_expe,263,1122
consent_grp[1]/section_g[1]/g_sch_pro_grp[1]/g_change_curri,263,1122
consent_grp[1]/section_g[1]/g_sch_pro_grp[1]/g_diff_curri,263,1122
consent_grp[1]/section_g[1]/g_sch_pro_grp[1]/g_easy_curri,263,1122
consent_grp[1]/section_g[1]/g_sch_pro_grp[1]/g_par_dem_high,263,1122
consent_grp[1]/section_g[1]/g_sch_pro_grp[1]/g_par_suff_interest,263,1122
consent_grp[1]/section_g[1]/g_sch_pro_grp[1]/g_par_suff_active,263,1122
consent_grp[1]/section_g[1]/g_par_supp_grp[1]/g_par_supp_note,39,1385
consent_grp[1]/section_g[1]/g_par_supp_grp[1]/g_home_wrk,39,1400
consent_grp[1]/section_g[1]/g_par_supp_grp[1]/g_behave_val,37,1441
consent_grp[1]/section_g[1]/g_par_supp_grp[1]/g_get_schl,32,1498
consent_grp[1]/section_g[1]/g_par_supp_grp[1]/g_visit_schl,14,1532
consent_grp[1]/section_g[1]/g_par_supp_grp[1]/g_show_respect,11,1546
consent_grp[1]/section_g[1]/g_par_supp_grp[1]/g_best_schl,21,1557
consent_grp[1]/section_g[1]/g_par_supp_grp[1]/g_parti_pta,14,1578
consent_grp[1]/section_g[1]/g_par_supp_grp[1]/g_cont_kg_act,11,1592
consent_grp[1]/section_g[1]/g_lead_respect,47,1602
consent_grp[1]/section_g[1]/g_val_citizen,41,1649
consent_grp[1]/section_h[1]/sec_h_depre_note,58,1690
consent_grp[1]/section_h[1]/h_depression_grp[1]/h_da_note,201,1748
consent_grp[1]/section_h[1]/h_depression_grp[1]/tmp_h_da_lab,201,1748
consent_grp[1]/section_h[1]/h_depression_grp[1]/h_headache,201,1748
consent_grp[1]/section_h[1]/h_depression_grp[1]/h_appetite,201,1748
consent_grp[1]/section_h[1]/h_depression_grp[1]/h_sleep,201,1748
consent_grp[1]/section_h[1]/h_depression_grp[1]/h_frightened,201,1748
consent_grp[1]/section_h[1]/h_depression_grp[1]/h_hands_shake,201,1748
consent_grp[1]/section_h[1]/h_depression_grp[1]/h_nervous,201,1748
consent_grp[1]/section_h[1]/h_depression_grp[1]/h_digestion,201,1748
consent_grp[1]/section_h[1]/h_depression_grp[1]/h_thinking,201,1748
consent_grp[1]/section_h[1]/h_depression_grp[1]/h_unhappy,201,1748
consent_grp[1]/section_h[1]/h_depression_grp[1]/h_cry,201,1748
consent_grp[1]/section_h[1]/h_depression_grp[1]/h_activities,201,1748
consent_grp[1]/section_h[1]/h_depression_grp[1]/h_decisions,201,1748
consent_grp[1]/section_h[1]/h_depression_grp[1]/h_daily_work,201,1748
consent_grp[1]/section_h[1]/h_depression_grp[1]/h_life,201,1748
consent_grp[1]/section_h[1]/h_depression_grp[1]/h_interest,201,1748
consent_grp[1]/section_h[1]/h_depression_grp[1]/h_worthless,201,1748
consent_grp[1]/section_h[1]/h_depression_grp[1]/h_end_life,201,1748
consent_grp[1]/section_h[1]/h_depression_grp[1]/h_tired,201,1748
consent_grp[1]/section_h[1]/h_depression_grp[1]/h_uncomfortable,201,1748
consent_grp[1]/section_h[1]/h_depression_grp[1]/h_easily_tired,201,1748
consent_grp[1]/section_h[1]/sec_h_ext_contr_note,33,1949
consent_grp[1]/section_h[1]/h_ext_control_grp[1]/h_ext_cont_note,9,1982
consent_grp[1]/section_h[1]/h_ext_control_grp[1]/h_pup_learn,76,1986
consent_grp[1]/section_h[1]/h_ext_control_grp[1]/h_discipline,31,2067
consent_grp[1]/section_h[1]/h_ext_control_grp[1]/h_stu_achieve,32,2098
consent_grp[1]/section_h[1]/h_ext_control_grp[1]/h_teach_motiv,45,2130
consent_grp[1]/section_h[1]/h_ext_control_grp[1]/h_good_teach,48,2174
consent_grp[1]/section_h[1]/sec_h_motiv_note,3,2222
consent_grp[1]/section_h[1]/h_motiv_grp[1]/h_motiv_note,15,2225
consent_grp[1]/section_h[1]/h_motiv_grp[1]/h_motiv_help,27,2240
consent_grp[1]/section_h[1]/h_motiv_grp[1]/h_quest_school,23,2267
consent_grp[1]/section_h[1]/h_motiv_grp[1]/h_help_child,15,2290
consent_grp[1]/section_h[1]/h_motiv_grp[1]/h_sch_goal,11,2306
consent_grp[1]/section_h[1]/h_motiv_grp[1]/h_help_emot,50,2316
consent_grp[1]/section_h[1]/h_motiv_grp[1]/h_enjoy_teach,13,2367
consent_grp[1]/section_h[1]/h_motiv_grp[1]/h_develop_society,14,2380
consent_grp[1]/section_h[1]/h_motiv_grp[1]/h_develop_socially,37,2394
consent_grp[1]/section_h[1]/h_motiv_grp[1]/h_perso_clear,10,2432
consent_grp[1]/section_h[1]/h_impor_thing,67,2441
consent_grp[1]/section_h[1]/h_job_satisfaction_grp[1]/h_job_satis_note,43,2508
consent_grp[1]/section_h[1]/h_job_satisfaction_grp[1]/h_look_out,36,2551
consent_grp[1]/section_h[1]/h_job_satisfaction_grp[1]/h_perso_worries,10,2587
consent_grp[1]/section_h[1]/h_job_satisfaction_grp[1]/h_know_col,10,2597
consent_grp[1]/section_h[1]/h_job_satisfaction_grp[1]/h_col_coop,8,2607
consent_grp[1]/section_h[1]/h_job_satisfaction_grp[1]/h_trust_col,51,2615
consent_grp[1]/section_h[1]/h_job_satisfaction_grp[1]/h_enjoy_col,11,2666
consent_grp[1]/section_h[1]/h_job_satisfaction_grp[1]/h_sup_respect,12,2677
consent_grp[1]/section_h[1]/h_job_satisfaction_grp[1]/h_sup_busy,19,2685
consent_grp[1]/section_h[1]/h_job_satisfaction_grp[1]/h_sup_opinion,14,2707
consent_grp[1]/section_h[1]/h_job_satisfaction_grp[1]/h_count_sup,38,2720
consent_grp[1]/section_h[1]/h_job_satisfaction_grp[1]/h_motivated,27,2759
consent_grp[1]/section_h[1]/h_job_satisfaction_grp[1]/h_sup_unpredict,14,2786
consent_grp[1]/section_h[1]/h_job_satisfaction_grp[1]/h_wrk_challenge,32,2800
consent_grp[1]/section_h[1]/h_job_satisfaction_grp[1]/h_wrk_monotonous,15,2832
consent_grp[1]/section_h[1]/h_job_satisfaction_grp[1]/h_wrk_creative,7,2847
consent_grp[1]/section_h[1]/h_job_satisfaction_grp[1]/h_big_impact,8,2855
consent_grp[1]/section_h[1]/h_job_satisfaction_grp[1]/h_little_time,17,2862
consent_grp[1]/section_h[1]/h_job_satisfaction_grp[1]/h_control_satis,28,2879
consent_grp[1]/section_h[1]/h_job_satisfaction_grp[1]/h_look,16,2907
consent_grp[1]/section_h[1]/h_job_satisfaction_grp[1]/h_small_space,20,2923
consent_grp[1]/section_h[1]/h_job_satisfaction_grp[1]/h_new_mat,9,2944
consent_grp[1]/section_h[1]/h_job_satisfaction_grp[1]/h_clean_kinder,16,2953
consent_grp[1]/section_h[1]/h_job_satisfaction_grp[1]/h_loud_kinder,24,2969
consent_grp[1]/section_h[1]/h_job_satisfaction_grp[1]/h_kinder_rules,25,2993
consent_grp[1]/section_h[1]/h_job_satisfaction_grp[1]/h_satisfied_paid,20,3018
consent_grp[1]/section_h[1]/h_burnout_grp[1]/h_burnout_note,15,3037
consent_grp[1]/section_h[1]/h_burnout_grp[1]/h_emotion_drained,53,3053
consent_grp[1]/section_h[1]/h_burnout_grp[1]/h_used_up,30,3106
consent_grp[1]/section_h[1]/h_burnout_grp[1]/h_fatigued,15,3136
consent_grp[1]/section_h[1]/h_burnout_grp[1]/h_child_feel,30,3151
consent_grp[1]/section_h[1]/h_burnout_grp[1]/h_child_impersonal,26,3181
consent_grp[1]/section_h[1]/h_burnout_grp[1]/h_ppl_strain,44,3208
consent_grp[1]/section_h[1]/h_burnout_grp[1]/h_deal_effect,16,3252
consent_grp[1]/section_h[1]/h_burnout_grp[1]/h_burnout,10,3268
consent_grp[1]/section_h[1]/h_burnout_grp[1]/h_pos_influence,20,3278
consent_grp[1]/section_h[1]/h_burnout_grp[1]/h_cold,40,3298
consent_grp[1]/section_h[1]/h_burnout_grp[1]/h_hard,19,3338
consent_grp[1]/section_h[1]/h_burnout_grp[1]/h_energetic,29,3357
consent_grp[1]/section_h[1]/h_burnout_grp[1]/h_frustrated,9,3386
consent_grp[1]/section_h[1]/h_burnout_grp[1]/h_work_hard,9,3395
consent_grp[1]/section_h[1]/h_burnout_grp[1]/h_dont_care,11,3404
consent_grp[1]/section_h[1]/h_burnout_grp[1]/h_put_pressure,13,3416
consent_grp[1]/section_h[1]/h_burnout_grp[1]/h_relax,12,3428
consent_grp[1]/section_h[1]/h_burnout_grp[1]/h_excited,15,3440
consent_grp[1]/section_h[1]/h_burnout_grp[1]/h_accomplished,24,3455
consent_grp[1]/section_h[1]/h_burnout_grp[1]/h_end_of_rop,23,3479
consent_grp[1]/section_h[1]/h_burnout_grp[1]/h_emot_pro_calm,19,3502
consent_grp[1]/i_teacher_knowledge_grp[1]/I_teach_know_note,17,3521
consent_grp[1]/i_teacher_knowledge_grp[1]/i_consonance,59,3538
consent_grp[1]/i_teacher_knowledge_grp[1]/i_vowel,8,3597
consent_grp[1]/i_teacher_knowledge_grp[1]/i_unbelievable,30,3606
consent_grp[1]/i_teacher_knowledge_grp[1]/i_irregular,28,3636
consent_grp[1]/i_teacher_knowledge_grp[1]/i_cat,31,3664
consent_grp[1]/i_teacher_knowledge_grp[1]/i_cough,66,3693
consent_grp[1]/i_teacher_knowledge_grp[1]/i_check,18,3729
consent_grp[1]/i_teacher_knowledge_grp[1]/i_english,27,3778
consent_grp[1]/j_perception_grp[1]/j_perception_note,48,3805
consent_grp[1]/j_perception_grp[1]/j_dev_practice_grp[1]/j_dev_practice_note,37,3853
consent_grp[1]/j_perception_grp[1]/j_dev_practice_grp[1]/j_child_need,52,3862
consent_grp[1]/j_perception_grp[1]/j_dev_practice_grp[1]/j_recog_letter,23,3928
consent_grp[1]/j_perception_grp[1]/j_dev_practice_grp[1]/j_recog_number,11,3964
consent_grp[1]/j_perception_grp[1]/j_dev_practice_grp[1]/j_recog_colour,7,3975
consent_grp[1]/j_perception_grp[1]/j_dev_practice_grp[1]/j_indiv_goal,25,3982
consent_grp[1]/j_perception_grp[1]/j_dev_practice_grp[1]/j_play_materials,28,4007
consent_grp[1]/j_perception_grp[1]/j_dev_practice_grp[1]/j_child_measure,18,4035
consent_grp[1]/j_perception_grp[1]/j_supp_chil_grp[1]/j_supp_chil_note,12,4053
consent_grp[1]/j_perception_grp[1]/j_supp_chil_grp[1]/j_build_relation,11,4059
consent_grp[1]/j_perception_grp[1]/j_supp_chil_grp[1]/j_control_behaviour,9,4070
consent_grp[1]/j_perception_grp[1]/j_supp_chil_grp[1]/j_express_thought,21,4079
consent_grp[1]/j_perception_grp[1]/j_supp_chil_grp[1]/j_resolve_conflicts,39,4100
consent_grp[1]/j_perception_grp[1]/j_supp_chil_grp[1]/j_guidance_style,29,4144
consent_grp[1]/j_perception_grp[1]/j_fam_sensitive_grp[1]/j_fam_sensitive_note,104,4173
consent_grp[1]/j_perception_grp[1]/j_fam_sensitive_grp[1]/j_parent_goal,104,4173
consent_grp[1]/j_perception_grp[1]/j_fam_sensitive_grp[1]/j_work_schedule,104,4173
consent_grp[1]/j_perception_grp[1]/j_fam_sensitive_grp[1]/j_fam_decision,104,4173
consent_grp[1]/j_perception_grp[1]/j_fam_sensitive_grp[1]/j_family_care,104,4173
consent_grp[1]/j_perception_grp[1]/j_fam_sensitive_grp[1]/j_connect_family,104,4173
consent_grp[1]/k_grp[1]/k_instro_note,67,4278
consent_grp[1]/k_grp[1]/k_ts_grp[1]/tmp_k_labels,145,4305
consent_grp[1]/k_grp[1]/k_ts_grp[1]/k_take_priviledges,145,4305
consent_grp[1]/k_grp[1]/k_ts_grp[1]/k_explain_behavior,145,4305
consent_grp[1]/k_grp[1]/k_ts_grp[1]/k_shook,145,4305
consent_grp[1]/k_grp[1]/k_ts_grp[1]/k_shouted,145,4305
consent_grp[1]/k_grp[1]/k_ts_grp[1]/k_gave_something,145,4305
consent_grp[1]/k_grp[1]/k_ts_grp[1]/k_spanked,145,4305
consent_grp[1]/k_grp[1]/k_ts_grp[1]/k_hit_bottom,145,4305
consent_grp[1]/k_grp[1]/k_ts_grp[1]/k_call_dumb,145,4305
consent_grp[1]/k_grp[1]/k_ts_grp[1]/k_hit_face,145,4305
consent_grp[1]/k_grp[1]/k_ts_grp[1]/k_praised,145,4305
consent_grp[1]/k_grp[1]/k_ts_grp[1]/k_affection,145,4305
consent_grp[1]/k_grp[1]/k_ts_grp[1]/k_rewarded,145,4305
consent_grp[1]/l_teaching_prac_grp[1]/l_note,7,4489
consent_grp[1]/l_teaching_prac_grp[1]/l_previos_kinder_act[1]/tmp_l_prac_lab,112,4497
consent_grp[1]/l_teaching_prac_grp[1]/l_previos_kinder_act[1]/l_hygiene_routine,112,4497
consent_grp[1]/l_teaching_prac_grp[1]/l_previos_kinder_act[1]/l_supply,112,4497
consent_grp[1]/l_teaching_prac_grp[1]/l_previos_kinder_act[1]/l_pamper,112,4497
consent_grp[1]/l_teaching_prac_grp[1]/l_previos_kinder_act[1]/l_read,112,4497
consent_grp[1]/l_teaching_prac_grp[1]/l_previos_kinder_act[1]/l_tell,112,4497
consent_grp[1]/l_teaching_prac_grp[1]/l_previos_kinder_act[1]/l_conversatin,112,4497
consent_grp[1]/l_teaching_prac_grp[1]/l_previos_kinder_act[1]/l_sing,112,4497
consent_grp[1]/l_teaching_prac_grp[1]/l_previos_kinder_act[1]/l_dance,112,4497
consent_grp[1]/l_teaching_prac_grp[1]/l_previos_kinder_act[1]/l_visit,112,4497
consent_grp[1]/l_teaching_prac_grp[1]/l_previos_kinder_act[1]/l_play_kg,112,4497
consent_grp[1]/l_teaching_prac_grp[1]/l_previos_kinder_act[1]/l_play_recrea,112,4497
consent_grp[1]/l_teaching_prac_grp[1]/l_previos_kinder_act[1]/l_sleep,112,4497
consent_grp[1]/l_teaching_prac_grp[1]/l_previos_kinder_act[1]/l_run,112,4497
consent_grp[1]/l_teaching_prac_grp[1]/l_previos_kinder_act[1]/l_group_learn,112,4497
consent_grp[1]/l_teaching_prac_grp[1]/l_previos_kinder_act[1]/l_indiv_learn,112,4497
consent_grp[1]/l_teaching_prac_grp[1]/l_class_acti_grp[1]/l_act_grp[1]/tmp_l_class_lab,129,4608
consent_grp[1]/l_teaching_prac_grp[1]/l_class_acti_grp[1]/l_act_grp[1]/l_teach_colour,129,4608
consent_grp[1]/l_teaching_prac_grp[1]/l_class_acti_grp[1]/l_act_grp[1]/l_teach_number,129,4608
consent_grp[1]/l_teaching_prac_grp[1]/l_class_acti_grp[1]/l_act_grp[1]/l_teach_letter,129,4608
consent_grp[1]/l_teaching_prac_grp[1]/l_class_acti_grp[1]/l_act_grp[1]/l_teach_form,129,4608
consent_grp[1]/l_teaching_prac_grp[1]/l_class_acti_grp[1]/l_act_grp[1]/l_socialise,129,4608
consent_grp[1]/l_teaching_prac_grp[1]/l_class_acti_grp[1]/l_act_grp[1]/l_pro_solve,129,4608
consent_grp[1]/l_teaching_prac_grp[1]/l_class_acti_grp[1]/l_act_grp[1]/l_writing,129,4608
consent_grp[1]/l_teaching_prac_grp[1]/l_class_acti_grp[1]/l_act_grp[1]/l_teach_body,129,4608
consent_grp[1]/l_teaching_prac_grp[1]/l_class_acti_grp[1]/l_act_grp[1]/l_pers_hygiene,129,4608
consent_grp[1]/l_teaching_prac_grp[1]/l_class_acti_grp[1]/l_act_grp[1]/l_art_expre,129,4608
consent_grp[1]/l_teaching_prac_grp[1]/l_class_acti_grp[1]/l_act_grp[1]/l_body_lang,129,4608
consent_grp[1]/l_teaching_prac_grp[1]/l_class_acti_grp[1]/l_act_grp[1]/l_concentration,129,4608
consent_grp[1]/l_teaching_prac_grp[1]/l_class_acti_grp[1]/l_act_grp[1]/l_gross_motor,129,4608
consent_grp[1]/l_teaching_prac_grp[1]/l_class_acti_grp[1]/l_act_grp[1]/l_fine_motor,129,4608
consent_grp[1]/l_teaching_prac_grp[1]/l_class_acti_grp[1]/l_act_grp[1]/l_gender,129,4608
consent_grp[1]/l_teaching_prac_grp[1]/l_class_acti_grp[1]/l_act_grp[1]/l_responsibility,129,4608
consent_grp[1]/l_teaching_prac_grp[1]/l_class_acti_grp[1]/l_act_grp[1]/l_speech,129,4608
consent_grp[1]/l_teaching_prac_grp[1]/l_class_acti_grp[1]/l_act_grp[1]/l_explore_comm,129,4608
consent_grp[1]/l_teaching_prac_grp[1]/l_class_acti_grp[1]/l_act_grp[1]/l_explore_culture,129,4608
consent_grp[1]/l_teaching_prac_grp[1]/l_parent_interact_note,9,4736
consent_grp[1]/l_teaching_prac_grp[1]/l_actively_engaged,33,4746
consent_grp[1]/l_teaching_prac_grp[1]/l_proportion_child,14,4779
consent_grp[1]/l_teaching_prac_grp[1]/l_proportion_child_more,19,4793
consent_grp[1]/l_teaching_prac_grp[1]/l_visit_pupil_house,44,4813
consent_grp[1]/l_teaching_prac_grp[1]/l_visit_parent_house,42,4853
consent_grp[1]/l_teaching_prac_grp[1]/l_receive_parent_supp,44,4899
consent_grp[1]/l_teaching_prac_grp[1]/l_day_teaching_note,18,4943
consent_grp[1]/l_teaching_prac_grp[1]/l_day_grp[1]/tmp_l_labs,62,4951
consent_grp[1]/l_teaching_prac_grp[1]/l_day_grp[1]/l_daily_schedule,62,4951
consent_grp[1]/l_teaching_prac_grp[1]/l_day_grp[1]/l_play_period,62,4951
consent_grp[1]/l_teaching_prac_grp[1]/l_day_grp[1]/l_free_play,62,4951
consent_grp[1]/l_teaching_prac_grp[1]/l_day_grp[1]/l_activities,62,4951
consent_grp[1]/l_teaching_prac_grp[1]/l_per_daily_grp[1]/l_perc_note,265,5023
consent_grp[1]/l_teaching_prac_grp[1]/l_per_daily_grp[1]/l_admin_per,265,5023
consent_grp[1]/l_teaching_prac_grp[1]/l_per_daily_grp[1]/l_class_per,265,5023
consent_grp[1]/l_teaching_prac_grp[1]/l_per_daily_grp[1]/l_teach_per,265,5023
consent_grp[1]/l_teaching_prac_grp[1]/l_per_daily_grp[1]/l_super_per,265,5023
consent_grp[1]/l_teaching_prac_grp[1]/l_per_daily_grp[1]/l_super_oth_per,265,5023
consent_grp[1]/l_teaching_prac_grp[1]/l_per_daily_grp[1]/l_break_per,265,5023
consent_grp[1]/l_teaching_prac_grp[1]/l_discipline_note,8,5287
consent_grp[1]/l_teaching_prac_grp[1]/l_dont_like,57,5295
consent_grp[1]/l_teaching_prac_grp[1]/l_really_bad,31,5337
consent_grp[1]/l_teaching_prac_grp[1]/l_does_good,26,5383
consent_grp[1]/l_teaching_prac_grp[1]/l_praise,54,5409
consent_grp[1]/q_note,30,5463
consent_grp[1]/q_activ_yn,14,5494
consent_grp[1]/q_rpt[1]/q_activ_r,74,5507
consent_grp[1]/q_rpt[1]/q_activ_org_r,21,5574
consent_grp[1]/q_rpt[1]/q_activ_add_r,18,5592
consent_grp[1]/q_rpt[2]/q_activ_r,19,5603
consent_grp[1]/q_rpt[2]/q_activ_org_r,4,5638
consent_grp[1]/q_rpt[2]/q_activ_add_r,14,5643
s_int_accom_yn,4,5657
s_int_accom,3,5660
comments,2,5663
