Field name,Total duration (seconds),First appeared (seconds into survey)
instruction,2,4
a_district_id,3,5
a_circuit_id,7,9
a_kg_id,10,16
a_community_id,4,26
a_enum_id,8,30
consent_note,4,38
con_understand,6,41
con_questions,3,47
con_written,2,50
consent_grp[1]/audio_consent,3,52
consent_grp[1]/d_background_note,1,55
consent_grp[1]/section_d[1]/kgt_key,10,56
consent_grp[1]/section_d[1]/kgt_name_gp[1]/kgt_fsn,24,66
consent_grp[1]/section_d[1]/kgt_name_gp[1]/kgt_msn,24,66
consent_grp[1]/section_d[1]/kgt_name_gp[1]/kgt_lsn,24,66
consent_grp[1]/section_d[1]/kgt_name_gp[1]/kgt_ppn,24,66
consent_grp[1]/section_d[1]/kgt_name_gp[1]/d_sex,24,66
consent_grp[1]/section_d[1]/kgt_confirm_note,4,90
consent_grp[1]/section_d[1]/d_num_cnt,10,94
consent_grp[1]/section_d[1]/d_cnt_grp[1]/d_cnt_main,24,104
consent_grp[1]/section_d[1]/d_cnt_grp[1]/d_cnt_sec,24,104
consent_grp[1]/section_d[1]/d_age,10,129
consent_grp[1]/section_d[1]/d_teacher_grp[1]/d_been_teacher,25,139
consent_grp[1]/section_d[1]/d_teacher_grp[1]/d_teacher_year,25,139
consent_grp[1]/section_d[1]/d_teacher_grp[1]/d_teacher_month,25,139
consent_grp[1]/section_d[1]/d_been_kinder_grp[1]/d_been_kinder,8,164
consent_grp[1]/section_d[1]/d_been_kinder_grp[1]/d_kinder_year,8,164
consent_grp[1]/section_d[1]/d_been_kinder_grp[1]/d_kinder_month,8,164
consent_grp[1]/section_d[1]/d_work_last,16,172
consent_grp[1]/section_d[1]/d_os_yn,6,183
consent_grp[1]/section_d[1]/d_edu_level,6,195
consent_grp[1]/section_d[1]/d_edu_train,13,201
consent_grp[1]/section_d[1]/d_edu_level_fath,12,214
consent_grp[1]/section_d[1]/d_edu_level_mom,2,226
consent_grp[1]/section_d[1]/d_marital_status,11,228
consent_grp[1]/section_d[1]/d_ethnic_group,16,239
consent_grp[1]/section_d[1]/d_religion,8,255
consent_grp[1]/section_d[1]/d_la_spk_grp[1]/d_la_spk_note,94,262
consent_grp[1]/section_d[1]/d_la_spk_grp[1]/d_la_spk_eng,94,262
consent_grp[1]/section_d[1]/d_la_spk_grp[1]/d_la_spk_grun,94,262
consent_grp[1]/section_d[1]/d_la_wrt_grp[1]/d_la_wrt_note,20,357
consent_grp[1]/section_d[1]/d_la_wrt_grp[1]/d_la_wrt_eng,20,357
consent_grp[1]/section_d[1]/d_la_wrt_grp[1]/d_la_wrt_grun,20,357
consent_grp[1]/section_d[1]/d_main_language,18,377
consent_grp[1]/section_d[1]/d_loc_lang_kinderg,8,393
consent_grp[1]/e_rel_grp[1]/e_hh_note,39,403
consent_grp[1]/e_rel_grp[1]/e_hh_num,18,441
consent_grp[1]/e_rel_grp[1]/e_hh_grp[1]/e_hh_head,42,459
consent_grp[1]/e_rel_grp[1]/e_hh_grp[1]/e_chil_hh,42,459
consent_grp[1]/e_rel_grp[1]/e_hh_grp[1]/e_adult_hh,42,459
consent_grp[1]/e_rel_grp[1]/e_hh_school,16,501
consent_grp[1]/e_rel_grp[1]/e_read_english,10,517
consent_grp[1]/e_rel_grp[1]/e_rate_health,21,527
consent_grp[1]/e_rel_grp[1]/e_live_note,8,548
consent_grp[1]/e_rel_grp[1]/e_rooms_occu,16,555
consent_grp[1]/e_rel_grp[1]/e_own_status,16,571
consent_grp[1]/e_rel_grp[1]/e_electricity_inhouse,6,587
consent_grp[1]/e_rel_grp[1]/e_floor_material,16,593
consent_grp[1]/e_rel_grp[1]/e_interior_floor,11,609
consent_grp[1]/e_rel_grp[1]/e_roof_mat,19,620
consent_grp[1]/e_rel_grp[1]/e_cook_fuel,4,639
consent_grp[1]/e_rel_grp[1]/e_lighting,9,644
consent_grp[1]/e_rel_grp[1]/e_drink_source,12,652
consent_grp[1]/e_rel_grp[1]/e_toilet_facility,5,664
consent_grp[1]/e_rel_grp[1]/e_asset_note,3,669
consent_grp[1]/e_rel_grp[1]/e_hh_own_phone,19,673
consent_grp[1]/e_rel_grp[1]/e_hh_ass_grp[1]/tmp_e_hh_ass_lab,120,692
consent_grp[1]/e_rel_grp[1]/e_hh_ass_grp[1]/e_hh_ass_radio,120,692
consent_grp[1]/e_rel_grp[1]/e_hh_ass_grp[1]/e_hh_ass_refrig,120,692
consent_grp[1]/e_rel_grp[1]/e_hh_ass_grp[1]/e_hh_ass_bike,120,692
consent_grp[1]/e_rel_grp[1]/e_hh_ass_grp[1]/e_hh_ass_tv,120,692
consent_grp[1]/e_rel_grp[1]/e_hh_ass_grp[1]/e_hh_ass_vcr,120,692
consent_grp[1]/e_rel_grp[1]/e_hh_ass_grp[1]/e_hh_ass_motor,120,692
consent_grp[1]/e_rel_grp[1]/e_hh_ass_grp[1]/e_hh_ass_car,120,692
consent_grp[1]/e_rel_grp[1]/e_hh_ass_grp[1]/e_hh_ass_tractor,120,692
consent_grp[1]/e_rel_grp[1]/e_hh_ass_grp[1]/e_hh_ass_farm_equip,120,692
consent_grp[1]/e_rel_grp[1]/e_hh_ass_grp[1]/e_hh_ass_sew_mach,120,692
consent_grp[1]/e_rel_grp[1]/e_hh_ass_grp[1]/e_hh_ass_bed,120,692
consent_grp[1]/e_rel_grp[1]/e_hh_ass_grp[1]/e_hh_ass_mattress,120,692
consent_grp[1]/e_rel_grp[1]/e_hh_ass_grp[1]/e_hh_ass_table_chair,120,692
consent_grp[1]/e_rel_grp[1]/e_hh_ass_grp[1]/e_hh_ass_stool,120,692
consent_grp[1]/e_rel_grp[1]/e_hh_ass_grp[1]/e_hh_ass_sofa,120,692
consent_grp[1]/e_rel_grp[1]/e_hh_ass_grp[1]/e_hh_ass_fan,120,692
consent_grp[1]/e_rel_grp[1]/e_hh_ass_grp[1]/e_hh_ass_lamp,120,692
consent_grp[1]/e_rel_grp[1]/e_hh_ass_grp[1]/e_hh_ass_watch,120,692
consent_grp[1]/e_rel_grp[1]/e_hh_ass_grp[1]/e_hh_ass_mat,120,692
consent_grp[1]/e_rel_grp[1]/e_hh_ass_grp[1]/e_hh_ass_torch,120,692
consent_grp[1]/e_rel_grp[1]/e_hh_ass_grp[1]/e_hh_ass_cabinet,120,692
consent_grp[1]/e_rel_grp[1]/e_hh_ass_grp[1]/e_hh_ass_pot,120,692
consent_grp[1]/e_rel_grp[1]/e_hh_ass_grp[1]/e_hh_ass_itn,120,692
consent_grp[1]/e_rel_grp[1]/e_hh_ass_grp[1]/e_hh_ass_iron_elec,120,692
consent_grp[1]/e_rel_grp[1]/e_hh_ass_grp[1]/e_hh_ass_iron_coal,120,692
consent_grp[1]/e_rel_grp[1]/e_hh_ass_grp[1]/e_hh_ass_iron_gas,120,692
consent_grp[1]/f_rel_grp[1]/f_comm_note,3,812
consent_grp[1]/f_rel_grp[1]/section_f[1]/f_born_comm,17,815
consent_grp[1]/f_rel_grp[1]/section_f[1]/f_school_loc,6,832
consent_grp[1]/f_rel_grp[1]/section_f[1]/f_lived_bef_teach,15,838
consent_grp[1]/f_rel_grp[1]/section_f[1]/f_lived_grp[1]/f_lived_comm,25,853
consent_grp[1]/f_rel_grp[1]/section_f[1]/f_lived_grp[1]/f_lived_comm_year,25,853
consent_grp[1]/f_rel_grp[1]/section_f[1]/f_lived_grp[1]/f_lived_comm_month,25,853
consent_grp[1]/f_rel_grp[1]/section_f[1]/f_fam_lived,15,879
consent_grp[1]/f_rel_grp[1]/section_f[1]/f_emot_support,19,894
consent_grp[1]/f_rel_grp[1]/section_f[1]/f_emot_support_num,10,913
consent_grp[1]/f_rel_grp[1]/section_f[1]/f_lend_money,18,923
consent_grp[1]/f_rel_grp[1]/section_f[1]/f_borrow_money,10,941
consent_grp[1]/f_rel_grp[1]/section_f[1]/f_rel_live_nearby,8,950
consent_grp[1]/f_rel_grp[1]/section_f[1]/f_part_comm,10,959
consent_grp[1]/f_rel_grp[1]/section_f[1]/f_main_trans,21,968
consent_grp[1]/f_rel_grp[1]/section_f[1]/f_min_get_sch_grp[1]/f_min_get_note,42,989
consent_grp[1]/f_rel_grp[1]/section_f[1]/f_min_get_sch_grp[1]/f_h_get_school,42,989
consent_grp[1]/f_rel_grp[1]/section_f[1]/f_min_get_sch_grp[1]/f_m_get_school,42,989
consent_grp[1]/g_nature_wrk_note,6,1032
consent_grp[1]/section_g[1]/g_teach_pos,7,1037
consent_grp[1]/section_g[1]/g_teach_school,6,1045
consent_grp[1]/section_g[1]/g_kg_grade,7,1050
consent_grp[1]/section_g[1]/g_class_grp[1]/g_children_note,21,1058
consent_grp[1]/section_g[1]/g_class_grp[1]/g_kg_1,21,1058
consent_grp[1]/section_g[1]/g_ah_grp[1]/g_ah_note,66,1079
consent_grp[1]/section_g[1]/g_ah_grp[1]/g_ah_working,66,1079
consent_grp[1]/section_g[1]/g_ah_grp[1]/g_ah_prepping,66,1079
consent_grp[1]/section_g[1]/g_eh_grp[1]/g_eh_note,26,1144
consent_grp[1]/section_g[1]/g_eh_grp[1]/g_eh_working,26,1144
consent_grp[1]/section_g[1]/g_eh_grp[1]/g_eh_prepping,26,1144
consent_grp[1]/section_g[1]/g_teach_salary,21,1171
consent_grp[1]/section_g[1]/g_salary_range,15,1191
consent_grp[1]/section_g[1]/g_salary_freq,11,1206
consent_grp[1]/section_g[1]/g_salary_intime,18,1218
consent_grp[1]/section_g[1]/g_money_cmp,10,1236
consent_grp[1]/section_g[1]/g_extra_money_spec,14,1246
consent_grp[1]/section_g[1]/g_sch_pro_grp[1]/tmp_g_sch_pro_lab,122,1260
consent_grp[1]/section_g[1]/g_sch_pro_grp[1]/g_class,122,1260
consent_grp[1]/section_g[1]/g_sch_pro_grp[1]/g_class_taught,122,1260
consent_grp[1]/section_g[1]/g_sch_pro_grp[1]/g_fin_resource,122,1260
consent_grp[1]/section_g[1]/g_sch_pro_grp[1]/g_high_expe,122,1260
consent_grp[1]/section_g[1]/g_sch_pro_grp[1]/g_change_curri,122,1260
consent_grp[1]/section_g[1]/g_sch_pro_grp[1]/g_diff_curri,122,1260
consent_grp[1]/section_g[1]/g_sch_pro_grp[1]/g_easy_curri,122,1260
consent_grp[1]/section_g[1]/g_sch_pro_grp[1]/g_par_dem_high,122,1260
consent_grp[1]/section_g[1]/g_sch_pro_grp[1]/g_par_suff_interest,122,1260
consent_grp[1]/section_g[1]/g_sch_pro_grp[1]/g_par_suff_active,122,1260
consent_grp[1]/section_g[1]/g_par_supp_grp[1]/g_par_supp_note,3,1381
consent_grp[1]/section_g[1]/g_par_supp_grp[1]/g_home_wrk,36,1384
consent_grp[1]/section_g[1]/g_par_supp_grp[1]/g_behave_val,12,1420
consent_grp[1]/section_g[1]/g_par_supp_grp[1]/g_get_schl,10,1432
consent_grp[1]/section_g[1]/g_par_supp_grp[1]/g_visit_schl,59,1442
consent_grp[1]/section_g[1]/g_par_supp_grp[1]/g_show_respect,17,1500
consent_grp[1]/section_g[1]/g_par_supp_grp[1]/g_best_schl,14,1517
consent_grp[1]/section_g[1]/g_par_supp_grp[1]/g_parti_pta,6,1531
consent_grp[1]/section_g[1]/g_par_supp_grp[1]/g_cont_kg_act,10,1538
consent_grp[1]/section_g[1]/g_lead_respect,11,1548
consent_grp[1]/section_g[1]/g_val_citizen,14,1559
consent_grp[1]/section_h[1]/sec_h_depre_note,23,1574
consent_grp[1]/section_h[1]/h_depression_grp[1]/h_da_note,156,1597
consent_grp[1]/section_h[1]/h_depression_grp[1]/tmp_h_da_lab,156,1597
consent_grp[1]/section_h[1]/h_depression_grp[1]/h_headache,156,1597
consent_grp[1]/section_h[1]/h_depression_grp[1]/h_appetite,156,1597
consent_grp[1]/section_h[1]/h_depression_grp[1]/h_sleep,156,1597
consent_grp[1]/section_h[1]/h_depression_grp[1]/h_frightened,156,1597
consent_grp[1]/section_h[1]/h_depression_grp[1]/h_hands_shake,156,1597
consent_grp[1]/section_h[1]/h_depression_grp[1]/h_nervous,156,1597
consent_grp[1]/section_h[1]/h_depression_grp[1]/h_digestion,156,1597
consent_grp[1]/section_h[1]/h_depression_grp[1]/h_thinking,156,1597
consent_grp[1]/section_h[1]/h_depression_grp[1]/h_unhappy,156,1597
consent_grp[1]/section_h[1]/h_depression_grp[1]/h_cry,156,1597
consent_grp[1]/section_h[1]/h_depression_grp[1]/h_activities,156,1597
consent_grp[1]/section_h[1]/h_depression_grp[1]/h_decisions,156,1597
consent_grp[1]/section_h[1]/h_depression_grp[1]/h_daily_work,156,1597
consent_grp[1]/section_h[1]/h_depression_grp[1]/h_life,156,1597
consent_grp[1]/section_h[1]/h_depression_grp[1]/h_interest,156,1597
consent_grp[1]/section_h[1]/h_depression_grp[1]/h_worthless,156,1597
consent_grp[1]/section_h[1]/h_depression_grp[1]/h_end_life,156,1597
consent_grp[1]/section_h[1]/h_depression_grp[1]/h_tired,156,1597
consent_grp[1]/section_h[1]/h_depression_grp[1]/h_uncomfortable,156,1597
consent_grp[1]/section_h[1]/h_depression_grp[1]/h_easily_tired,156,1597
consent_grp[1]/section_h[1]/sec_h_ext_contr_note,17,1753
consent_grp[1]/section_h[1]/h_ext_control_grp[1]/h_ext_cont_note,5,1770
consent_grp[1]/section_h[1]/h_ext_control_grp[1]/h_pup_learn,29,1775
consent_grp[1]/section_h[1]/h_ext_control_grp[1]/h_discipline,15,1804
consent_grp[1]/section_h[1]/h_ext_control_grp[1]/h_stu_achieve,16,1819
consent_grp[1]/section_h[1]/h_ext_control_grp[1]/h_teach_motiv,18,1835
consent_grp[1]/section_h[1]/h_ext_control_grp[1]/h_good_teach,40,1852
consent_grp[1]/section_h[1]/sec_h_motiv_note,4,1892
consent_grp[1]/section_h[1]/h_motiv_grp[1]/h_motiv_note,2,1896
consent_grp[1]/section_h[1]/h_motiv_grp[1]/h_motiv_help,29,1898
consent_grp[1]/section_h[1]/h_motiv_grp[1]/h_quest_school,29,1926
consent_grp[1]/section_h[1]/h_motiv_grp[1]/h_help_child,12,1955
consent_grp[1]/section_h[1]/h_motiv_grp[1]/h_sch_goal,25,1967
consent_grp[1]/section_h[1]/h_motiv_grp[1]/h_help_emot,26,1992
consent_grp[1]/section_h[1]/h_motiv_grp[1]/h_enjoy_teach,10,2017
consent_grp[1]/section_h[1]/h_motiv_grp[1]/h_develop_society,13,2027
consent_grp[1]/section_h[1]/h_motiv_grp[1]/h_develop_socially,15,2040
consent_grp[1]/section_h[1]/h_motiv_grp[1]/h_perso_clear,10,2055
consent_grp[1]/section_h[1]/h_impor_thing,51,2065
consent_grp[1]/section_h[1]/h_job_satisfaction_grp[1]/h_job_satis_note,22,2116
consent_grp[1]/section_h[1]/h_job_satisfaction_grp[1]/h_look_out,15,2138
consent_grp[1]/section_h[1]/h_job_satisfaction_grp[1]/h_perso_worries,10,2152
consent_grp[1]/section_h[1]/h_job_satisfaction_grp[1]/h_know_col,17,2162
consent_grp[1]/section_h[1]/h_job_satisfaction_grp[1]/h_col_coop,11,2180
consent_grp[1]/section_h[1]/h_job_satisfaction_grp[1]/h_trust_col,10,2190
consent_grp[1]/section_h[1]/h_job_satisfaction_grp[1]/h_enjoy_col,6,2200
consent_grp[1]/section_h[1]/h_job_satisfaction_grp[1]/h_sup_respect,8,2206
consent_grp[1]/section_h[1]/h_job_satisfaction_grp[1]/h_sup_busy,7,2214
consent_grp[1]/section_h[1]/h_job_satisfaction_grp[1]/h_sup_opinion,12,2222
consent_grp[1]/section_h[1]/h_job_satisfaction_grp[1]/h_count_sup,12,2234
consent_grp[1]/section_h[1]/h_job_satisfaction_grp[1]/h_motivated,11,2246
consent_grp[1]/section_h[1]/h_job_satisfaction_grp[1]/h_sup_unpredict,6,2257
consent_grp[1]/section_h[1]/h_job_satisfaction_grp[1]/h_wrk_challenge,23,2262
consent_grp[1]/section_h[1]/h_job_satisfaction_grp[1]/h_wrk_monotonous,14,2285
consent_grp[1]/section_h[1]/h_job_satisfaction_grp[1]/h_wrk_creative,9,2299
consent_grp[1]/section_h[1]/h_job_satisfaction_grp[1]/h_big_impact,10,2308
consent_grp[1]/section_h[1]/h_job_satisfaction_grp[1]/h_little_time,15,2317
consent_grp[1]/section_h[1]/h_job_satisfaction_grp[1]/h_control_satis,14,2333
consent_grp[1]/section_h[1]/h_job_satisfaction_grp[1]/h_look,14,2347
consent_grp[1]/section_h[1]/h_job_satisfaction_grp[1]/h_small_space,19,2361
consent_grp[1]/section_h[1]/h_job_satisfaction_grp[1]/h_new_mat,15,2379
consent_grp[1]/section_h[1]/h_job_satisfaction_grp[1]/h_clean_kinder,14,2395
consent_grp[1]/section_h[1]/h_job_satisfaction_grp[1]/h_loud_kinder,11,2407
consent_grp[1]/section_h[1]/h_job_satisfaction_grp[1]/h_kinder_rules,17,2419
consent_grp[1]/section_h[1]/h_job_satisfaction_grp[1]/h_satisfied_paid,13,2436
consent_grp[1]/section_h[1]/h_burnout_grp[1]/h_burnout_note,40,2449
consent_grp[1]/section_h[1]/h_burnout_grp[1]/h_emotion_drained,29,2489
consent_grp[1]/section_h[1]/h_burnout_grp[1]/h_used_up,22,2518
consent_grp[1]/section_h[1]/h_burnout_grp[1]/h_fatigued,15,2540
consent_grp[1]/section_h[1]/h_burnout_grp[1]/h_child_feel,19,2554
consent_grp[1]/section_h[1]/h_burnout_grp[1]/h_child_impersonal,24,2573
consent_grp[1]/section_h[1]/h_burnout_grp[1]/h_ppl_strain,23,2597
consent_grp[1]/section_h[1]/h_burnout_grp[1]/h_deal_effect,8,2620
consent_grp[1]/section_h[1]/h_burnout_grp[1]/h_burnout,8,2628
consent_grp[1]/section_h[1]/h_burnout_grp[1]/h_pos_influence,14,2636
consent_grp[1]/section_h[1]/h_burnout_grp[1]/h_cold,10,2649
consent_grp[1]/section_h[1]/h_burnout_grp[1]/h_hard,10,2660
consent_grp[1]/section_h[1]/h_burnout_grp[1]/h_energetic,7,2670
consent_grp[1]/section_h[1]/h_burnout_grp[1]/h_frustrated,8,2677
consent_grp[1]/section_h[1]/h_burnout_grp[1]/h_work_hard,8,2684
consent_grp[1]/section_h[1]/h_burnout_grp[1]/h_dont_care,10,2693
consent_grp[1]/section_h[1]/h_burnout_grp[1]/h_put_pressure,9,2702
consent_grp[1]/section_h[1]/h_burnout_grp[1]/h_relax,13,2712
consent_grp[1]/section_h[1]/h_burnout_grp[1]/h_excited,6,2724
consent_grp[1]/section_h[1]/h_burnout_grp[1]/h_accomplished,29,2730
consent_grp[1]/section_h[1]/h_burnout_grp[1]/h_end_of_rop,5,2759
consent_grp[1]/section_h[1]/h_burnout_grp[1]/h_emot_pro_calm,9,2764
consent_grp[1]/i_teacher_knowledge_grp[1]/I_teach_know_note,11,2774
consent_grp[1]/i_teacher_knowledge_grp[1]/i_consonance,43,2784
consent_grp[1]/i_teacher_knowledge_grp[1]/i_vowel,8,2827
consent_grp[1]/i_teacher_knowledge_grp[1]/i_unbelievable,34,2836
consent_grp[1]/i_teacher_knowledge_grp[1]/i_irregular,17,2870
consent_grp[1]/i_teacher_knowledge_grp[1]/i_cat,20,2886
consent_grp[1]/i_teacher_knowledge_grp[1]/i_cough,20,2906
consent_grp[1]/i_teacher_knowledge_grp[1]/i_check,20,2927
consent_grp[1]/i_teacher_knowledge_grp[1]/i_english,20,2946
consent_grp[1]/j_perception_grp[1]/j_perception_note,21,2967
consent_grp[1]/j_perception_grp[1]/j_dev_practice_grp[1]/j_dev_practice_note,8,2988
consent_grp[1]/j_perception_grp[1]/j_dev_practice_grp[1]/j_child_need,16,2996
consent_grp[1]/j_perception_grp[1]/j_dev_practice_grp[1]/j_recog_letter,8,3012
consent_grp[1]/j_perception_grp[1]/j_dev_practice_grp[1]/j_recog_number,7,3020
consent_grp[1]/j_perception_grp[1]/j_dev_practice_grp[1]/j_recog_colour,12,3026
consent_grp[1]/j_perception_grp[1]/j_dev_practice_grp[1]/j_indiv_goal,41,3038
consent_grp[1]/j_perception_grp[1]/j_dev_practice_grp[1]/j_play_materials,9,3079
consent_grp[1]/j_perception_grp[1]/j_dev_practice_grp[1]/j_child_measure,10,3088
consent_grp[1]/j_perception_grp[1]/j_supp_chil_grp[1]/j_supp_chil_note,16,3099
consent_grp[1]/j_perception_grp[1]/j_supp_chil_grp[1]/j_build_relation,57,3115
consent_grp[1]/j_perception_grp[1]/j_supp_chil_grp[1]/j_control_behaviour,22,3172
consent_grp[1]/j_perception_grp[1]/j_supp_chil_grp[1]/j_express_thought,8,3194
consent_grp[1]/j_perception_grp[1]/j_supp_chil_grp[1]/j_resolve_conflicts,10,3202
consent_grp[1]/j_perception_grp[1]/j_supp_chil_grp[1]/j_guidance_style,25,3211
consent_grp[1]/j_perception_grp[1]/j_fam_sensitive_grp[1]/j_fam_sensitive_note,88,3236
consent_grp[1]/j_perception_grp[1]/j_fam_sensitive_grp[1]/j_parent_goal,88,3236
consent_grp[1]/j_perception_grp[1]/j_fam_sensitive_grp[1]/j_work_schedule,88,3236
consent_grp[1]/j_perception_grp[1]/j_fam_sensitive_grp[1]/j_fam_decision,88,3236
consent_grp[1]/j_perception_grp[1]/j_fam_sensitive_grp[1]/j_family_care,88,3236
consent_grp[1]/j_perception_grp[1]/j_fam_sensitive_grp[1]/j_connect_family,88,3236
consent_grp[1]/k_grp[1]/k_instro_note,23,3324
consent_grp[1]/k_grp[1]/k_ts_grp[1]/tmp_k_labels,82,3346
consent_grp[1]/k_grp[1]/k_ts_grp[1]/k_take_priviledges,82,3346
consent_grp[1]/k_grp[1]/k_ts_grp[1]/k_explain_behavior,82,3346
consent_grp[1]/k_grp[1]/k_ts_grp[1]/k_shook,82,3346
consent_grp[1]/k_grp[1]/k_ts_grp[1]/k_shouted,82,3346
consent_grp[1]/k_grp[1]/k_ts_grp[1]/k_gave_something,82,3346
consent_grp[1]/k_grp[1]/k_ts_grp[1]/k_spanked,82,3346
consent_grp[1]/k_grp[1]/k_ts_grp[1]/k_hit_bottom,82,3346
consent_grp[1]/k_grp[1]/k_ts_grp[1]/k_call_dumb,82,3346
consent_grp[1]/k_grp[1]/k_ts_grp[1]/k_hit_face,82,3346
consent_grp[1]/k_grp[1]/k_ts_grp[1]/k_praised,82,3346
consent_grp[1]/k_grp[1]/k_ts_grp[1]/k_affection,82,3346
consent_grp[1]/k_grp[1]/k_ts_grp[1]/k_rewarded,82,3346
consent_grp[1]/l_teaching_prac_grp[1]/l_note,78,3428
consent_grp[1]/l_teaching_prac_grp[1]/l_previos_kinder_act[1]/tmp_l_prac_lab,84,3491
consent_grp[1]/l_teaching_prac_grp[1]/l_previos_kinder_act[1]/l_hygiene_routine,84,3491
consent_grp[1]/l_teaching_prac_grp[1]/l_previos_kinder_act[1]/l_supply,84,3491
consent_grp[1]/l_teaching_prac_grp[1]/l_previos_kinder_act[1]/l_pamper,84,3491
consent_grp[1]/l_teaching_prac_grp[1]/l_previos_kinder_act[1]/l_read,84,3491
consent_grp[1]/l_teaching_prac_grp[1]/l_previos_kinder_act[1]/l_tell,84,3491
consent_grp[1]/l_teaching_prac_grp[1]/l_previos_kinder_act[1]/l_conversatin,84,3491
consent_grp[1]/l_teaching_prac_grp[1]/l_previos_kinder_act[1]/l_sing,84,3491
consent_grp[1]/l_teaching_prac_grp[1]/l_previos_kinder_act[1]/l_dance,84,3491
consent_grp[1]/l_teaching_prac_grp[1]/l_previos_kinder_act[1]/l_visit,84,3491
consent_grp[1]/l_teaching_prac_grp[1]/l_previos_kinder_act[1]/l_play_kg,84,3491
consent_grp[1]/l_teaching_prac_grp[1]/l_previos_kinder_act[1]/l_play_recrea,84,3491
consent_grp[1]/l_teaching_prac_grp[1]/l_previos_kinder_act[1]/l_sleep,84,3491
consent_grp[1]/l_teaching_prac_grp[1]/l_previos_kinder_act[1]/l_run,84,3491
consent_grp[1]/l_teaching_prac_grp[1]/l_previos_kinder_act[1]/l_group_learn,84,3491
consent_grp[1]/l_teaching_prac_grp[1]/l_previos_kinder_act[1]/l_indiv_learn,84,3491
consent_grp[1]/l_teaching_prac_grp[1]/l_class_acti_grp[1]/l_act_grp[1]/tmp_l_class_lab,50,3591
consent_grp[1]/l_teaching_prac_grp[1]/l_class_acti_grp[1]/l_act_grp[1]/l_teach_colour,50,3591
consent_grp[1]/l_teaching_prac_grp[1]/l_class_acti_grp[1]/l_act_grp[1]/l_teach_number,50,3591
consent_grp[1]/l_teaching_prac_grp[1]/l_class_acti_grp[1]/l_act_grp[1]/l_teach_letter,50,3591
consent_grp[1]/l_teaching_prac_grp[1]/l_class_acti_grp[1]/l_act_grp[1]/l_teach_form,50,3591
consent_grp[1]/l_teaching_prac_grp[1]/l_class_acti_grp[1]/l_act_grp[1]/l_socialise,50,3591
consent_grp[1]/l_teaching_prac_grp[1]/l_class_acti_grp[1]/l_act_grp[1]/l_pro_solve,50,3591
consent_grp[1]/l_teaching_prac_grp[1]/l_class_acti_grp[1]/l_act_grp[1]/l_writing,50,3591
consent_grp[1]/l_teaching_prac_grp[1]/l_class_acti_grp[1]/l_act_grp[1]/l_teach_body,50,3591
consent_grp[1]/l_teaching_prac_grp[1]/l_class_acti_grp[1]/l_act_grp[1]/l_pers_hygiene,50,3591
consent_grp[1]/l_teaching_prac_grp[1]/l_class_acti_grp[1]/l_act_grp[1]/l_art_expre,50,3591
consent_grp[1]/l_teaching_prac_grp[1]/l_class_acti_grp[1]/l_act_grp[1]/l_body_lang,50,3591
consent_grp[1]/l_teaching_prac_grp[1]/l_class_acti_grp[1]/l_act_grp[1]/l_concentration,50,3591
consent_grp[1]/l_teaching_prac_grp[1]/l_class_acti_grp[1]/l_act_grp[1]/l_gross_motor,50,3591
consent_grp[1]/l_teaching_prac_grp[1]/l_class_acti_grp[1]/l_act_grp[1]/l_fine_motor,50,3591
consent_grp[1]/l_teaching_prac_grp[1]/l_class_acti_grp[1]/l_act_grp[1]/l_gender,50,3591
consent_grp[1]/l_teaching_prac_grp[1]/l_class_acti_grp[1]/l_act_grp[1]/l_responsibility,50,3591
consent_grp[1]/l_teaching_prac_grp[1]/l_class_acti_grp[1]/l_act_grp[1]/l_speech,50,3591
consent_grp[1]/l_teaching_prac_grp[1]/l_class_acti_grp[1]/l_act_grp[1]/l_explore_comm,50,3591
consent_grp[1]/l_teaching_prac_grp[1]/l_class_acti_grp[1]/l_act_grp[1]/l_explore_culture,50,3591
consent_grp[1]/l_teaching_prac_grp[1]/l_parent_interact_note,3,3641
consent_grp[1]/l_teaching_prac_grp[1]/l_actively_engaged,36,3644
consent_grp[1]/l_teaching_prac_grp[1]/l_proportion_child,16,3680
consent_grp[1]/l_teaching_prac_grp[1]/l_proportion_child_more,6,3696
consent_grp[1]/l_teaching_prac_grp[1]/l_visit_pupil_house,22,3702
consent_grp[1]/l_teaching_prac_grp[1]/l_visit_parent_house,10,3724
consent_grp[1]/l_teaching_prac_grp[1]/l_receive_parent_supp,27,3734
consent_grp[1]/l_teaching_prac_grp[1]/l_day_teaching_note,4,3760
consent_grp[1]/l_teaching_prac_grp[1]/l_day_grp[1]/tmp_l_labs,27,3764
consent_grp[1]/l_teaching_prac_grp[1]/l_day_grp[1]/l_daily_schedule,27,3764
consent_grp[1]/l_teaching_prac_grp[1]/l_day_grp[1]/l_play_period,27,3764
consent_grp[1]/l_teaching_prac_grp[1]/l_day_grp[1]/l_free_play,27,3764
consent_grp[1]/l_teaching_prac_grp[1]/l_day_grp[1]/l_activities,27,3764
consent_grp[1]/l_teaching_prac_grp[1]/l_per_daily_grp[1]/l_perc_note,279,3791
consent_grp[1]/l_teaching_prac_grp[1]/l_per_daily_grp[1]/l_admin_per,279,3791
consent_grp[1]/l_teaching_prac_grp[1]/l_per_daily_grp[1]/l_class_per,279,3791
consent_grp[1]/l_teaching_prac_grp[1]/l_per_daily_grp[1]/l_teach_per,279,3791
consent_grp[1]/l_teaching_prac_grp[1]/l_per_daily_grp[1]/l_super_per,279,3791
consent_grp[1]/l_teaching_prac_grp[1]/l_per_daily_grp[1]/l_super_oth_per,279,3791
consent_grp[1]/l_teaching_prac_grp[1]/l_per_daily_grp[1]/l_break_per,279,3791
consent_grp[1]/l_teaching_prac_grp[1]/l_discipline_note,4,4071
consent_grp[1]/l_teaching_prac_grp[1]/l_dont_like,60,4075
consent_grp[1]/l_teaching_prac_grp[1]/l_really_bad,29,4135
consent_grp[1]/l_teaching_prac_grp[1]/l_does_good,8,4164
consent_grp[1]/l_teaching_prac_grp[1]/l_praise,19,4172
consent_grp[1]/q_note,10,4191
consent_grp[1]/q_activ_yn,12,4201
s_int_accom_yn,3,4212
comments,2,4216
