Field name,Total duration (seconds),First appeared (seconds into survey)
instruction,1,3
a_district_id,60,4
a_circuit_id,11,64
a_kg_id,9,68
a_community_id,3,84
a_enum_id,10,87
consent_note,2,97
con_understand,95,99
con_questions,8,194
con_written,2,202
consent_grp[1]/audio_consent,2,203
consent_grp[1]/d_background_note,1,205
consent_grp[1]/section_d[1]/kgt_key,24,206
consent_grp[1]/section_d[1]/kgt_confirm_note,11,231
consent_grp[1]/section_d[1]/d_num_cnt,8,242
consent_grp[1]/section_d[1]/d_cnt_grp[1]/d_cnt_main,29,250
consent_grp[1]/section_d[1]/d_cnt_grp[1]/d_cnt_sec,29,250
consent_grp[1]/section_d[1]/d_work_last,13,279
consent_grp[1]/section_d[1]/d_edu_level,8,292
consent_grp[1]/section_d[1]/d_edu_train,20,300
consent_grp[1]/section_d[1]/d_edu_level_train,23,320
consent_grp[1]/section_d[1]/d_marital_status,9,342
consent_grp[1]/section_d[1]/d_religion,5,352
consent_grp[1]/section_d[1]/d_la_spk_grp[1]/d_la_spk_note,21,357
consent_grp[1]/section_d[1]/d_la_spk_grp[1]/d_la_spk_eng,21,357
consent_grp[1]/section_d[1]/d_la_spk_grp[1]/d_la_spk_grun,21,357
consent_grp[1]/section_d[1]/d_la_wrt_grp[1]/d_la_wrt_note,11,378
consent_grp[1]/section_d[1]/d_la_wrt_grp[1]/d_la_wrt_eng,11,378
consent_grp[1]/section_d[1]/d_la_wrt_grp[1]/d_la_wrt_grun,11,378
consent_grp[1]/section_d[1]/d_main_language,25,389
consent_grp[1]/section_d[1]/d_loc_lang_kinderg,8,414
consent_grp[1]/f_moved_yn,10,422
consent_grp[1]/g_nature_wrk_note,4,432
consent_grp[1]/section_g[1]/g_teach_pos,10,435
consent_grp[1]/section_g[1]/g_teach_school,14,446
consent_grp[1]/section_g[1]/g_teach_sch_num,14,460
consent_grp[1]/section_g[1]/g_kg_grade,8,474
consent_grp[1]/section_g[1]/g_class_grp[1]/g_children_note,15,482
consent_grp[1]/section_g[1]/g_class_grp[1]/g_kg_2,15,482
consent_grp[1]/section_g[1]/g_ah_grp[1]/g_ah_note,73,497
consent_grp[1]/section_g[1]/g_ah_grp[1]/g_ah_working,73,497
consent_grp[1]/section_g[1]/g_ah_grp[1]/g_ah_prepping,73,497
consent_grp[1]/section_g[1]/g_eh_grp[1]/g_eh_note,39,570
consent_grp[1]/section_g[1]/g_eh_grp[1]/g_eh_working,39,570
consent_grp[1]/section_g[1]/g_eh_grp[1]/g_eh_prepping,39,570
consent_grp[1]/section_g[1]/g_teach_salary,16,609
consent_grp[1]/section_g[1]/g_salary_freq,9,624
consent_grp[1]/section_g[1]/g_salary_intime,19,633
consent_grp[1]/section_g[1]/g_money_cmp,9,652
consent_grp[1]/section_g[1]/g_job_outside,10,661
consent_grp[1]/section_g[1]/g_extra_money_spec,8,671
consent_grp[1]/section_g[1]/g_sch_pro_grp[1]/tmp_g_sch_pro_lab,133,679
consent_grp[1]/section_g[1]/g_sch_pro_grp[1]/g_class,133,679
consent_grp[1]/section_g[1]/g_sch_pro_grp[1]/g_class_taught,133,679
consent_grp[1]/section_g[1]/g_sch_pro_grp[1]/g_fin_resource,133,679
consent_grp[1]/section_g[1]/g_sch_pro_grp[1]/g_high_expe,133,679
consent_grp[1]/section_g[1]/g_sch_pro_grp[1]/g_change_curri,133,679
consent_grp[1]/section_g[1]/g_sch_pro_grp[1]/g_diff_curri,133,679
consent_grp[1]/section_g[1]/g_sch_pro_grp[1]/g_easy_curri,133,679
consent_grp[1]/section_g[1]/g_sch_pro_grp[1]/g_par_dem_high,133,679
consent_grp[1]/section_g[1]/g_sch_pro_grp[1]/g_par_suff_interest,133,679
consent_grp[1]/section_g[1]/g_sch_pro_grp[1]/g_par_suff_active,133,679
consent_grp[1]/section_g[1]/g_par_supp_grp[1]/g_par_supp_note,15,812
consent_grp[1]/section_g[1]/g_par_supp_grp[1]/g_home_wrk,11,827
consent_grp[1]/section_g[1]/g_par_supp_grp[1]/g_behave_val,9,838
consent_grp[1]/section_g[1]/g_par_supp_grp[1]/g_get_schl,9,846
consent_grp[1]/section_g[1]/g_par_supp_grp[1]/g_visit_schl,9,855
consent_grp[1]/section_g[1]/g_par_supp_grp[1]/g_show_respect,12,864
consent_grp[1]/section_g[1]/g_par_supp_grp[1]/g_best_schl,9,876
consent_grp[1]/section_g[1]/g_par_supp_grp[1]/g_parti_pta,7,885
consent_grp[1]/section_g[1]/g_par_supp_grp[1]/g_cont_kg_act,9,892
consent_grp[1]/section_g[1]/g_lead_respect,10,901
consent_grp[1]/section_g[1]/g_val_citizen,26,911
consent_grp[1]/section_h[1]/sec_h_depre_note,46,937
consent_grp[1]/section_h[1]/h_depression_grp[1]/h_da_note,126,981
consent_grp[1]/section_h[1]/h_depression_grp[1]/tmp_h_da_lab,126,981
consent_grp[1]/section_h[1]/h_depression_grp[1]/h_headache,126,981
consent_grp[1]/section_h[1]/h_depression_grp[1]/h_appetite,126,981
consent_grp[1]/section_h[1]/h_depression_grp[1]/h_sleep,126,981
consent_grp[1]/section_h[1]/h_depression_grp[1]/h_frightened,126,981
consent_grp[1]/section_h[1]/h_depression_grp[1]/h_hands_shake,126,981
consent_grp[1]/section_h[1]/h_depression_grp[1]/h_nervous,126,981
consent_grp[1]/section_h[1]/h_depression_grp[1]/h_digestion,126,981
consent_grp[1]/section_h[1]/h_depression_grp[1]/h_thinking,126,981
consent_grp[1]/section_h[1]/h_depression_grp[1]/h_unhappy,126,981
consent_grp[1]/section_h[1]/h_depression_grp[1]/h_cry,126,981
consent_grp[1]/section_h[1]/h_depression_grp[1]/h_activities,126,981
consent_grp[1]/section_h[1]/h_depression_grp[1]/h_decisions,126,981
consent_grp[1]/section_h[1]/h_depression_grp[1]/h_daily_work,126,981
consent_grp[1]/section_h[1]/h_depression_grp[1]/h_life,126,981
consent_grp[1]/section_h[1]/h_depression_grp[1]/h_interest,126,981
consent_grp[1]/section_h[1]/h_depression_grp[1]/h_worthless,126,981
consent_grp[1]/section_h[1]/h_depression_grp[1]/h_end_life,126,981
consent_grp[1]/section_h[1]/h_depression_grp[1]/h_tired,126,981
consent_grp[1]/section_h[1]/h_depression_grp[1]/h_uncomfortable,126,981
consent_grp[1]/section_h[1]/h_depression_grp[1]/h_easily_tired,126,981
consent_grp[1]/section_h[1]/sec_h_ext_contr_note,8,1108
consent_grp[1]/section_h[1]/h_ext_control_grp[1]/h_ext_cont_note,3,1117
consent_grp[1]/section_h[1]/h_ext_control_grp[1]/h_pup_learn,36,1119
consent_grp[1]/section_h[1]/h_ext_control_grp[1]/h_discipline,23,1156
consent_grp[1]/section_h[1]/h_ext_control_grp[1]/h_stu_achieve,14,1179
consent_grp[1]/section_h[1]/h_ext_control_grp[1]/h_teach_motiv,15,1193
consent_grp[1]/section_h[1]/h_ext_control_grp[1]/h_good_teach,24,1208
consent_grp[1]/section_h[1]/sec_h_motiv_note,3,1231
consent_grp[1]/section_h[1]/h_motiv_grp[1]/h_motiv_note,2,1235
consent_grp[1]/section_h[1]/h_motiv_grp[1]/h_motiv_help,10,1236
consent_grp[1]/section_h[1]/h_motiv_grp[1]/h_quest_school,8,1247
consent_grp[1]/section_h[1]/h_motiv_grp[1]/h_help_child,6,1255
consent_grp[1]/section_h[1]/h_motiv_grp[1]/h_sch_goal,6,1261
consent_grp[1]/section_h[1]/h_motiv_grp[1]/h_help_emot,10,1267
consent_grp[1]/section_h[1]/h_motiv_grp[1]/h_enjoy_teach,7,1277
consent_grp[1]/section_h[1]/h_motiv_grp[1]/h_develop_society,10,1284
consent_grp[1]/section_h[1]/h_motiv_grp[1]/h_develop_socially,24,1294
consent_grp[1]/section_h[1]/h_motiv_grp[1]/h_perso_clear,6,1318
consent_grp[1]/section_h[1]/h_impor_thing,51,1324
consent_grp[1]/section_h[1]/h_job_satisfaction_grp[1]/h_job_satis_note,23,1373
consent_grp[1]/section_h[1]/h_job_satisfaction_grp[1]/h_look_out,8,1398
consent_grp[1]/section_h[1]/h_job_satisfaction_grp[1]/h_perso_worries,6,1406
consent_grp[1]/section_h[1]/h_job_satisfaction_grp[1]/h_know_col,28,1412
consent_grp[1]/section_h[1]/h_job_satisfaction_grp[1]/h_col_coop,9,1440
consent_grp[1]/section_h[1]/h_job_satisfaction_grp[1]/h_trust_col,7,1449
consent_grp[1]/section_h[1]/h_job_satisfaction_grp[1]/h_enjoy_col,7,1456
consent_grp[1]/section_h[1]/h_job_satisfaction_grp[1]/h_sup_respect,5,1463
consent_grp[1]/section_h[1]/h_job_satisfaction_grp[1]/h_sup_busy,8,1468
consent_grp[1]/section_h[1]/h_job_satisfaction_grp[1]/h_sup_opinion,6,1476
consent_grp[1]/section_h[1]/h_job_satisfaction_grp[1]/h_count_sup,7,1482
consent_grp[1]/section_h[1]/h_job_satisfaction_grp[1]/h_motivated,7,1489
consent_grp[1]/section_h[1]/h_job_satisfaction_grp[1]/h_sup_unpredict,6,1496
consent_grp[1]/section_h[1]/h_job_satisfaction_grp[1]/h_wrk_challenge,11,1502
consent_grp[1]/section_h[1]/h_job_satisfaction_grp[1]/h_wrk_monotonous,8,1513
consent_grp[1]/section_h[1]/h_job_satisfaction_grp[1]/h_wrk_creative,5,1521
consent_grp[1]/section_h[1]/h_job_satisfaction_grp[1]/h_big_impact,7,1526
consent_grp[1]/section_h[1]/h_job_satisfaction_grp[1]/h_little_time,7,1533
consent_grp[1]/section_h[1]/h_job_satisfaction_grp[1]/h_control_satis,9,1540
consent_grp[1]/section_h[1]/h_job_satisfaction_grp[1]/h_look,9,1549
consent_grp[1]/section_h[1]/h_job_satisfaction_grp[1]/h_small_space,14,1559
consent_grp[1]/section_h[1]/h_job_satisfaction_grp[1]/h_new_mat,6,1572
consent_grp[1]/section_h[1]/h_job_satisfaction_grp[1]/h_clean_kinder,8,1578
consent_grp[1]/section_h[1]/h_job_satisfaction_grp[1]/h_loud_kinder,6,1586
consent_grp[1]/section_h[1]/h_job_satisfaction_grp[1]/h_kinder_rules,6,1592
consent_grp[1]/section_h[1]/h_job_satisfaction_grp[1]/h_satisfied_paid,8,1599
consent_grp[1]/section_h[1]/h_burnout_grp[1]/h_burnout_note,11,1607
consent_grp[1]/section_h[1]/h_burnout_grp[1]/h_emotion_drained,35,1618
consent_grp[1]/section_h[1]/h_burnout_grp[1]/h_used_up,7,1654
consent_grp[1]/section_h[1]/h_burnout_grp[1]/h_fatigued,11,1661
consent_grp[1]/section_h[1]/h_burnout_grp[1]/h_child_feel,28,1671
consent_grp[1]/section_h[1]/h_burnout_grp[1]/h_child_impersonal,22,1699
consent_grp[1]/section_h[1]/h_burnout_grp[1]/h_ppl_strain,9,1721
consent_grp[1]/section_h[1]/h_burnout_grp[1]/h_deal_effect,6,1730
consent_grp[1]/section_h[1]/h_burnout_grp[1]/h_burnout,7,1736
consent_grp[1]/section_h[1]/h_burnout_grp[1]/h_pos_influence,8,1743
consent_grp[1]/section_h[1]/h_burnout_grp[1]/h_cold,13,1752
consent_grp[1]/section_h[1]/h_burnout_grp[1]/h_hard,8,1765
consent_grp[1]/section_h[1]/h_burnout_grp[1]/h_energetic,6,1773
consent_grp[1]/section_h[1]/h_burnout_grp[1]/h_frustrated,5,1779
consent_grp[1]/section_h[1]/h_burnout_grp[1]/h_work_hard,9,1784
consent_grp[1]/section_h[1]/h_burnout_grp[1]/h_dont_care,7,1793
consent_grp[1]/section_h[1]/h_burnout_grp[1]/h_put_pressure,7,1800
consent_grp[1]/section_h[1]/h_burnout_grp[1]/h_relax,7,1807
consent_grp[1]/section_h[1]/h_burnout_grp[1]/h_excited,7,1814
consent_grp[1]/section_h[1]/h_burnout_grp[1]/h_accomplished,22,1821
consent_grp[1]/section_h[1]/h_burnout_grp[1]/h_end_of_rop,7,1843
consent_grp[1]/section_h[1]/h_burnout_grp[1]/h_emot_pro_calm,9,1850
consent_grp[1]/i_teacher_knowledge_grp[1]/I_teach_know_note,23,1859
consent_grp[1]/i_teacher_knowledge_grp[1]/i_consonance,62,1881
consent_grp[1]/i_teacher_knowledge_grp[1]/i_vowel,7,1944
consent_grp[1]/i_teacher_knowledge_grp[1]/i_unbelievable,29,1951
consent_grp[1]/i_teacher_knowledge_grp[1]/i_irregular,29,1980
consent_grp[1]/i_teacher_knowledge_grp[1]/i_cat,11,2008
consent_grp[1]/i_teacher_knowledge_grp[1]/i_cough,8,2020
consent_grp[1]/i_teacher_knowledge_grp[1]/i_check,11,2028
consent_grp[1]/i_teacher_knowledge_grp[1]/i_english,18,2039
consent_grp[1]/j_perception_grp[1]/j_perception_note,40,2057
consent_grp[1]/j_perception_grp[1]/j_dev_practice_grp[1]/j_dev_practice_note,8,2098
consent_grp[1]/j_perception_grp[1]/j_dev_practice_grp[1]/j_child_need,9,2106
consent_grp[1]/j_perception_grp[1]/j_dev_practice_grp[1]/j_recog_letter,5,2114
consent_grp[1]/j_perception_grp[1]/j_dev_practice_grp[1]/j_recog_number,5,2120
consent_grp[1]/j_perception_grp[1]/j_dev_practice_grp[1]/j_recog_colour,4,2125
consent_grp[1]/j_perception_grp[1]/j_dev_practice_grp[1]/j_indiv_goal,7,2129
consent_grp[1]/j_perception_grp[1]/j_dev_practice_grp[1]/j_play_materials,11,2136
consent_grp[1]/j_perception_grp[1]/j_dev_practice_grp[1]/j_child_measure,17,2148
consent_grp[1]/j_perception_grp[1]/j_supp_chil_grp[1]/j_supp_chil_note,7,2165
consent_grp[1]/j_perception_grp[1]/j_supp_chil_grp[1]/j_build_relation,8,2172
consent_grp[1]/j_perception_grp[1]/j_supp_chil_grp[1]/j_control_behaviour,10,2180
consent_grp[1]/j_perception_grp[1]/j_supp_chil_grp[1]/j_express_thought,13,2190
consent_grp[1]/j_perception_grp[1]/j_supp_chil_grp[1]/j_resolve_conflicts,9,2203
consent_grp[1]/j_perception_grp[1]/j_supp_chil_grp[1]/j_guidance_style,28,2211
consent_grp[1]/j_perception_grp[1]/j_fam_sensitive_grp[1]/j_fam_sensitive_note,58,2239
consent_grp[1]/j_perception_grp[1]/j_fam_sensitive_grp[1]/j_parent_goal,58,2239
consent_grp[1]/j_perception_grp[1]/j_fam_sensitive_grp[1]/j_work_schedule,58,2239
consent_grp[1]/j_perception_grp[1]/j_fam_sensitive_grp[1]/j_fam_decision,58,2239
consent_grp[1]/j_perception_grp[1]/j_fam_sensitive_grp[1]/j_family_care,58,2239
consent_grp[1]/j_perception_grp[1]/j_fam_sensitive_grp[1]/j_connect_family,58,2239
consent_grp[1]/k_grp[1]/k_instro_note,27,2297
consent_grp[1]/k_grp[1]/k_ts_grp[1]/tmp_k_labels,97,2325
consent_grp[1]/k_grp[1]/k_ts_grp[1]/k_take_priviledges,97,2325
consent_grp[1]/k_grp[1]/k_ts_grp[1]/k_explain_behavior,97,2325
consent_grp[1]/k_grp[1]/k_ts_grp[1]/k_shook,97,2325
consent_grp[1]/k_grp[1]/k_ts_grp[1]/k_shouted,97,2325
consent_grp[1]/k_grp[1]/k_ts_grp[1]/k_gave_something,97,2325
consent_grp[1]/k_grp[1]/k_ts_grp[1]/k_spanked,97,2325
consent_grp[1]/k_grp[1]/k_ts_grp[1]/k_hit_bottom,97,2325
consent_grp[1]/k_grp[1]/k_ts_grp[1]/k_call_dumb,97,2325
consent_grp[1]/k_grp[1]/k_ts_grp[1]/k_hit_face,97,2325
consent_grp[1]/k_grp[1]/k_ts_grp[1]/k_praised,97,2325
consent_grp[1]/k_grp[1]/k_ts_grp[1]/k_affection,97,2325
consent_grp[1]/k_grp[1]/k_ts_grp[1]/k_rewarded,97,2325
consent_grp[1]/l_teaching_prac_grp[1]/l_note,5,2422
consent_grp[1]/l_teaching_prac_grp[1]/l_previos_kinder_act[1]/tmp_l_prac_lab,57,2427
consent_grp[1]/l_teaching_prac_grp[1]/l_previos_kinder_act[1]/l_hygiene_routine,57,2427
consent_grp[1]/l_teaching_prac_grp[1]/l_previos_kinder_act[1]/l_supply,57,2427
consent_grp[1]/l_teaching_prac_grp[1]/l_previos_kinder_act[1]/l_pamper,57,2427
consent_grp[1]/l_teaching_prac_grp[1]/l_previos_kinder_act[1]/l_read,57,2427
consent_grp[1]/l_teaching_prac_grp[1]/l_previos_kinder_act[1]/l_tell,57,2427
consent_grp[1]/l_teaching_prac_grp[1]/l_previos_kinder_act[1]/l_conversatin,57,2427
consent_grp[1]/l_teaching_prac_grp[1]/l_previos_kinder_act[1]/l_sing,57,2427
consent_grp[1]/l_teaching_prac_grp[1]/l_previos_kinder_act[1]/l_dance,57,2427
consent_grp[1]/l_teaching_prac_grp[1]/l_previos_kinder_act[1]/l_visit,57,2427
consent_grp[1]/l_teaching_prac_grp[1]/l_previos_kinder_act[1]/l_play_kg,57,2427
consent_grp[1]/l_teaching_prac_grp[1]/l_previos_kinder_act[1]/l_play_recrea,57,2427
consent_grp[1]/l_teaching_prac_grp[1]/l_previos_kinder_act[1]/l_sleep,57,2427
consent_grp[1]/l_teaching_prac_grp[1]/l_previos_kinder_act[1]/l_run,57,2427
consent_grp[1]/l_teaching_prac_grp[1]/l_previos_kinder_act[1]/l_group_learn,57,2427
consent_grp[1]/l_teaching_prac_grp[1]/l_previos_kinder_act[1]/l_indiv_learn,57,2427
consent_grp[1]/l_teaching_prac_grp[1]/l_class_acti_grp[1]/l_act_grp[1]/tmp_l_class_lab,74,2484
consent_grp[1]/l_teaching_prac_grp[1]/l_class_acti_grp[1]/l_act_grp[1]/l_teach_colour,74,2484
consent_grp[1]/l_teaching_prac_grp[1]/l_class_acti_grp[1]/l_act_grp[1]/l_teach_number,74,2484
consent_grp[1]/l_teaching_prac_grp[1]/l_class_acti_grp[1]/l_act_grp[1]/l_teach_letter,74,2484
consent_grp[1]/l_teaching_prac_grp[1]/l_class_acti_grp[1]/l_act_grp[1]/l_teach_form,74,2484
consent_grp[1]/l_teaching_prac_grp[1]/l_class_acti_grp[1]/l_act_grp[1]/l_socialise,74,2484
consent_grp[1]/l_teaching_prac_grp[1]/l_class_acti_grp[1]/l_act_grp[1]/l_pro_solve,74,2484
consent_grp[1]/l_teaching_prac_grp[1]/l_class_acti_grp[1]/l_act_grp[1]/l_writing,74,2484
consent_grp[1]/l_teaching_prac_grp[1]/l_class_acti_grp[1]/l_act_grp[1]/l_teach_body,74,2484
consent_grp[1]/l_teaching_prac_grp[1]/l_class_acti_grp[1]/l_act_grp[1]/l_pers_hygiene,74,2484
consent_grp[1]/l_teaching_prac_grp[1]/l_class_acti_grp[1]/l_act_grp[1]/l_art_expre,74,2484
consent_grp[1]/l_teaching_prac_grp[1]/l_class_acti_grp[1]/l_act_grp[1]/l_body_lang,74,2484
consent_grp[1]/l_teaching_prac_grp[1]/l_class_acti_grp[1]/l_act_grp[1]/l_concentration,74,2484
consent_grp[1]/l_teaching_prac_grp[1]/l_class_acti_grp[1]/l_act_grp[1]/l_gross_motor,74,2484
consent_grp[1]/l_teaching_prac_grp[1]/l_class_acti_grp[1]/l_act_grp[1]/l_fine_motor,74,2484
consent_grp[1]/l_teaching_prac_grp[1]/l_class_acti_grp[1]/l_act_grp[1]/l_gender,74,2484
consent_grp[1]/l_teaching_prac_grp[1]/l_class_acti_grp[1]/l_act_grp[1]/l_responsibility,74,2484
consent_grp[1]/l_teaching_prac_grp[1]/l_class_acti_grp[1]/l_act_grp[1]/l_speech,74,2484
consent_grp[1]/l_teaching_prac_grp[1]/l_class_acti_grp[1]/l_act_grp[1]/l_explore_comm,74,2484
consent_grp[1]/l_teaching_prac_grp[1]/l_class_acti_grp[1]/l_act_grp[1]/l_explore_culture,74,2484
consent_grp[1]/l_teaching_prac_grp[1]/l_parent_interact_note,5,2558
consent_grp[1]/l_teaching_prac_grp[1]/l_actively_engaged,18,2563
consent_grp[1]/l_teaching_prac_grp[1]/l_proportion_child,12,2581
consent_grp[1]/l_teaching_prac_grp[1]/l_proportion_child_more,18,2593
consent_grp[1]/l_teaching_prac_grp[1]/l_visit_pupil_house,25,2611
consent_grp[1]/l_teaching_prac_grp[1]/l_visit_parent_house,10,2636
consent_grp[1]/l_teaching_prac_grp[1]/l_receive_parent_supp,25,2646
consent_grp[1]/l_teaching_prac_grp[1]/l_day_teaching_note,7,2671
consent_grp[1]/l_teaching_prac_grp[1]/l_day_grp[1]/tmp_l_labs,36,2678
consent_grp[1]/l_teaching_prac_grp[1]/l_day_grp[1]/l_daily_schedule,36,2678
consent_grp[1]/l_teaching_prac_grp[1]/l_day_grp[1]/l_play_period,36,2678
consent_grp[1]/l_teaching_prac_grp[1]/l_day_grp[1]/l_free_play,36,2678
consent_grp[1]/l_teaching_prac_grp[1]/l_day_grp[1]/l_activities,36,2678
consent_grp[1]/l_teaching_prac_grp[1]/l_per_daily_grp[1]/l_perc_note,257,2714
consent_grp[1]/l_teaching_prac_grp[1]/l_per_daily_grp[1]/l_admin_per,257,2714
consent_grp[1]/l_teaching_prac_grp[1]/l_per_daily_grp[1]/l_class_per,257,2714
consent_grp[1]/l_teaching_prac_grp[1]/l_per_daily_grp[1]/l_teach_per,257,2714
consent_grp[1]/l_teaching_prac_grp[1]/l_per_daily_grp[1]/l_super_per,257,2714
consent_grp[1]/l_teaching_prac_grp[1]/l_per_daily_grp[1]/l_super_oth_per,257,2714
consent_grp[1]/l_teaching_prac_grp[1]/l_per_daily_grp[1]/l_break_per,257,2714
consent_grp[1]/l_teaching_prac_grp[1]/l_discipline_note,6,2971
consent_grp[1]/l_teaching_prac_grp[1]/l_dont_like,38,2977
consent_grp[1]/l_teaching_prac_grp[1]/l_really_bad,51,3015
consent_grp[1]/l_teaching_prac_grp[1]/l_does_good,22,3067
consent_grp[1]/l_teaching_prac_grp[1]/l_praise,13,3089
consent_grp[1]/q_note,13,3102
consent_grp[1]/q_activ_yn,30,3115
consent_grp[1]/q_rpt[1]/q_activ_r,76,3130
s_int_accom_yn,8,3132
consent_grp[1]/q_rpt[1]/q_activ_org_r,6,3227
consent_grp[1]/q_rpt[1]/q_activ_add_r,6,3233
comments,1,3241
