Field name,Total duration (seconds),First appeared (seconds into survey)
instruction,1,2
a_district_id,7,3
a_circuit_id,3,9
a_kg_id,3,12
a_community_id,3,15
a_enum_id,2,18
consent_note,8,21
con_understand,4,22
con_questions,6,24
con_written,45,26
consent_grp[1]/audio_consent,4,27
consent_grp[1]/d_background_note,2,28
consent_grp[1]/section_d[1]/kgt_key,4,89
consent_grp[1]/section_d[1]/kgt_name_gp[1]/kgt_fsn,21,93
consent_grp[1]/section_d[1]/kgt_name_gp[1]/kgt_msn,21,93
consent_grp[1]/section_d[1]/kgt_name_gp[1]/kgt_lsn,21,93
consent_grp[1]/section_d[1]/kgt_name_gp[1]/kgt_ppn,21,93
consent_grp[1]/section_d[1]/kgt_name_gp[1]/d_sex,21,93
consent_grp[1]/section_d[1]/kgt_confirm_note,5,114
consent_grp[1]/section_d[1]/d_num_cnt,2,119
consent_grp[1]/section_d[1]/d_cnt_grp[1]/d_cnt_main,11,121
consent_grp[1]/section_d[1]/d_age,7,132
consent_grp[1]/section_d[1]/d_teacher_grp[1]/d_been_teacher,7,139
consent_grp[1]/section_d[1]/d_teacher_grp[1]/d_teacher_year,7,139
consent_grp[1]/section_d[1]/d_teacher_grp[1]/d_teacher_month,7,139
consent_grp[1]/section_d[1]/d_been_kinder_grp[1]/d_been_kinder,6,146
consent_grp[1]/section_d[1]/d_been_kinder_grp[1]/d_kinder_year,6,146
consent_grp[1]/section_d[1]/d_been_kinder_grp[1]/d_kinder_month,6,146
consent_grp[1]/section_d[1]/d_work_last,2,152
consent_grp[1]/section_d[1]/d_os_yn,2,155
consent_grp[1]/section_d[1]/d_edu_level,4,157
consent_grp[1]/section_d[1]/d_edu_train,2,161
consent_grp[1]/section_d[1]/d_edu_level_fath,3,163
consent_grp[1]/section_d[1]/d_edu_level_mom,6,166
consent_grp[1]/section_d[1]/d_marital_status,3,172
consent_grp[1]/section_d[1]/d_ethnic_group,6,175
consent_grp[1]/section_d[1]/d_ethnic_group_oth,4,181
consent_grp[1]/section_d[1]/d_religion,5,185
consent_grp[1]/section_d[1]/d_la_spk_grp[1]/d_la_spk_note,6,190
consent_grp[1]/section_d[1]/d_la_spk_grp[1]/d_la_spk_eng,6,190
consent_grp[1]/section_d[1]/d_la_spk_grp[1]/d_la_spk_dagb,6,190
consent_grp[1]/section_d[1]/d_la_wrt_grp[1]/d_la_wrt_note,3,196
consent_grp[1]/section_d[1]/d_la_wrt_grp[1]/d_la_wrt_eng,3,196
consent_grp[1]/section_d[1]/d_la_wrt_grp[1]/d_la_wrt_dagb,3,196
consent_grp[1]/section_d[1]/d_main_language,3,199
consent_grp[1]/e_rel_grp[1]/e_hh_note,1,202
consent_grp[1]/e_rel_grp[1]/e_hh_num,5,203
consent_grp[1]/e_rel_grp[1]/e_hh_grp[1]/e_hh_head,19,208
consent_grp[1]/e_rel_grp[1]/e_hh_grp[1]/e_chil_hh,19,208
consent_grp[1]/e_rel_grp[1]/e_hh_grp[1]/e_adult_hh,19,208
consent_grp[1]/e_rel_grp[1]/e_hh_school,5,221
consent_grp[1]/e_rel_grp[1]/e_hh_check,3,225
consent_grp[1]/e_rel_grp[1]/e_read_english,2,235
consent_grp[1]/e_rel_grp[1]/e_rate_health,3,237
consent_grp[1]/e_rel_grp[1]/e_live_note,1,240
consent_grp[1]/e_rel_grp[1]/e_rooms_occu,9,241
consent_grp[1]/e_rel_grp[1]/e_own_status,4,251
consent_grp[1]/e_rel_grp[1]/e_electricity_inhouse,4,253
consent_grp[1]/e_rel_grp[1]/e_floor_material,4,259
consent_grp[1]/e_rel_grp[1]/e_interior_floor,8,263
consent_grp[1]/e_rel_grp[1]/e_roof_mat,6,271
consent_grp[1]/e_rel_grp[1]/e_cook_fuel,4,277
consent_grp[1]/e_rel_grp[1]/e_lighting,3,280
consent_grp[1]/e_rel_grp[1]/e_drink_source,2,283
consent_grp[1]/e_rel_grp[1]/e_toilet_facility,2,285
consent_grp[1]/e_rel_grp[1]/e_asset_note,1,287
consent_grp[1]/e_rel_grp[1]/e_hh_own_phone,2,289
consent_grp[1]/e_rel_grp[1]/e_hh_ass_grp[1]/tmp_e_hh_ass_lab,29,291
consent_grp[1]/e_rel_grp[1]/e_hh_ass_grp[1]/e_hh_ass_radio,29,291
consent_grp[1]/e_rel_grp[1]/e_hh_ass_grp[1]/e_hh_ass_refrig,29,291
consent_grp[1]/e_rel_grp[1]/e_hh_ass_grp[1]/e_hh_ass_bike,29,291
consent_grp[1]/e_rel_grp[1]/e_hh_ass_grp[1]/e_hh_ass_tv,29,291
consent_grp[1]/e_rel_grp[1]/e_hh_ass_grp[1]/e_hh_ass_vcr,29,291
consent_grp[1]/e_rel_grp[1]/e_hh_ass_grp[1]/e_hh_ass_motor,29,291
consent_grp[1]/e_rel_grp[1]/e_hh_ass_grp[1]/e_hh_ass_car,29,291
consent_grp[1]/e_rel_grp[1]/e_hh_ass_grp[1]/e_hh_ass_tractor,29,291
consent_grp[1]/e_rel_grp[1]/e_hh_ass_grp[1]/e_hh_ass_farm_equip,29,291
consent_grp[1]/e_rel_grp[1]/e_hh_ass_grp[1]/e_hh_ass_sew_mach,29,291
consent_grp[1]/e_rel_grp[1]/e_hh_ass_grp[1]/e_hh_ass_bed,29,291
consent_grp[1]/e_rel_grp[1]/e_hh_ass_grp[1]/e_hh_ass_mattress,29,291
consent_grp[1]/e_rel_grp[1]/e_hh_ass_grp[1]/e_hh_ass_table_chair,29,291
consent_grp[1]/e_rel_grp[1]/e_hh_ass_grp[1]/e_hh_ass_stool,29,291
consent_grp[1]/e_rel_grp[1]/e_hh_ass_grp[1]/e_hh_ass_sofa,29,291
consent_grp[1]/e_rel_grp[1]/e_hh_ass_grp[1]/e_hh_ass_fan,29,291
consent_grp[1]/e_rel_grp[1]/e_hh_ass_grp[1]/e_hh_ass_lamp,29,291
consent_grp[1]/e_rel_grp[1]/e_hh_ass_grp[1]/e_hh_ass_watch,29,291
consent_grp[1]/e_rel_grp[1]/e_hh_ass_grp[1]/e_hh_ass_mat,29,291
consent_grp[1]/e_rel_grp[1]/e_hh_ass_grp[1]/e_hh_ass_torch,29,291
consent_grp[1]/e_rel_grp[1]/e_hh_ass_grp[1]/e_hh_ass_cabinet,29,291
consent_grp[1]/e_rel_grp[1]/e_hh_ass_grp[1]/e_hh_ass_pot,29,291
consent_grp[1]/e_rel_grp[1]/e_hh_ass_grp[1]/e_hh_ass_itn,29,291
consent_grp[1]/e_rel_grp[1]/e_hh_ass_grp[1]/e_hh_ass_iron_elec,29,291
consent_grp[1]/e_rel_grp[1]/e_hh_ass_grp[1]/e_hh_ass_iron_coal,29,291
consent_grp[1]/e_rel_grp[1]/e_hh_ass_grp[1]/e_hh_ass_iron_gas,29,291
consent_grp[1]/f_rel_grp[1]/f_comm_note,1,320
consent_grp[1]/f_rel_grp[1]/section_f[1]/f_born_comm,9,322
consent_grp[1]/f_rel_grp[1]/section_f[1]/f_school_loc,127,327
consent_grp[1]/f_rel_grp[1]/section_f[1]/f_lived_bef_teach,2,458
consent_grp[1]/f_rel_grp[1]/section_f[1]/f_lived_grp[1]/f_lived_comm,4,460
consent_grp[1]/f_rel_grp[1]/section_f[1]/f_lived_grp[1]/f_lived_comm_year,4,460
consent_grp[1]/f_rel_grp[1]/section_f[1]/f_lived_grp[1]/f_lived_comm_month,4,460
consent_grp[1]/f_rel_grp[1]/section_f[1]/f_fam_lived,8,465
consent_grp[1]/f_rel_grp[1]/section_f[1]/f_emot_support,3,472
consent_grp[1]/f_rel_grp[1]/section_f[1]/f_emot_support_num,4,475
consent_grp[1]/f_rel_grp[1]/section_f[1]/f_lend_money,4,479
consent_grp[1]/f_rel_grp[1]/section_f[1]/f_borrow_money,2,483
consent_grp[1]/f_rel_grp[1]/section_f[1]/f_rel_live_nearby,2,484
consent_grp[1]/f_rel_grp[1]/section_f[1]/f_part_comm,3,486
consent_grp[1]/f_rel_grp[1]/section_f[1]/f_main_trans,3,489
consent_grp[1]/f_rel_grp[1]/section_f[1]/f_min_get_sch_grp[1]/f_min_get_note,4,492
consent_grp[1]/f_rel_grp[1]/section_f[1]/f_min_get_sch_grp[1]/f_h_get_school,4,492
consent_grp[1]/f_rel_grp[1]/section_f[1]/f_min_get_sch_grp[1]/f_m_get_school,4,492
consent_grp[1]/g_nature_wrk_note,1,497
consent_grp[1]/section_g[1]/g_teach_pos,3,498
consent_grp[1]/section_g[1]/g_teach_school,2,501
consent_grp[1]/section_g[1]/g_kg_grade,4,503
consent_grp[1]/section_g[1]/g_class_grp[1]/g_children_note,7,506
consent_grp[1]/section_g[1]/g_class_grp[1]/g_kg_1,7,506
consent_grp[1]/section_g[1]/g_ah_grp[1]/g_ah_note,15,511
consent_grp[1]/section_g[1]/g_ah_grp[1]/g_ah_working,15,511
consent_grp[1]/section_g[1]/g_ah_grp[1]/g_ah_prepping,15,511
consent_grp[1]/section_g[1]/g_eh_grp[1]/g_eh_note,8,529
consent_grp[1]/section_g[1]/g_eh_grp[1]/g_eh_working,8,529
consent_grp[1]/section_g[1]/g_eh_grp[1]/g_eh_prepping,8,529
consent_grp[1]/section_g[1]/g_teach_salary,7,537
consent_grp[1]/section_g[1]/g_salary_freq,6,544
consent_grp[1]/section_g[1]/g_salary_intime,4,549
consent_grp[1]/section_g[1]/g_money_cmp,6,553
consent_grp[1]/section_g[1]/g_job_outside,3,559
consent_grp[1]/section_g[1]/g_extra_money_spec,3,562
consent_grp[1]/section_g[1]/g_sch_pro_grp[1]/tmp_g_sch_pro_lab,13,565
consent_grp[1]/section_g[1]/g_sch_pro_grp[1]/g_class,13,565
consent_grp[1]/section_g[1]/g_sch_pro_grp[1]/g_class_taught,13,565
consent_grp[1]/section_g[1]/g_sch_pro_grp[1]/g_fin_resource,13,565
consent_grp[1]/section_g[1]/g_sch_pro_grp[1]/g_high_expe,13,565
consent_grp[1]/section_g[1]/g_sch_pro_grp[1]/g_change_curri,13,565
consent_grp[1]/section_g[1]/g_sch_pro_grp[1]/g_diff_curri,13,565
consent_grp[1]/section_g[1]/g_sch_pro_grp[1]/g_easy_curri,13,565
consent_grp[1]/section_g[1]/g_sch_pro_grp[1]/g_par_dem_high,13,565
consent_grp[1]/section_g[1]/g_sch_pro_grp[1]/g_par_suff_interest,13,565
consent_grp[1]/section_g[1]/g_sch_pro_grp[1]/g_par_suff_active,13,565
consent_grp[1]/section_g[1]/g_par_supp_grp[1]/g_par_supp_note,1,578
consent_grp[1]/section_g[1]/g_par_supp_grp[1]/g_home_wrk,3,580
consent_grp[1]/section_g[1]/g_par_supp_grp[1]/g_behave_val,2,582
consent_grp[1]/section_g[1]/g_par_supp_grp[1]/g_get_schl,3,584
consent_grp[1]/section_g[1]/g_par_supp_grp[1]/g_visit_schl,1,587
consent_grp[1]/section_g[1]/g_par_supp_grp[1]/g_show_respect,1,588
consent_grp[1]/section_g[1]/g_par_supp_grp[1]/g_best_schl,1,590
consent_grp[1]/section_g[1]/g_par_supp_grp[1]/g_parti_pta,1,591
consent_grp[1]/section_g[1]/g_par_supp_grp[1]/g_cont_kg_act,1,592
consent_grp[1]/section_g[1]/g_lead_respect,1,593
consent_grp[1]/section_g[1]/g_val_citizen,1,594
consent_grp[1]/section_h[1]/sec_h_depre_note,1,595
consent_grp[1]/section_h[1]/h_depression_grp[1]/h_da_note,16,597
consent_grp[1]/section_h[1]/h_depression_grp[1]/tmp_h_da_lab,16,597
consent_grp[1]/section_h[1]/h_depression_grp[1]/h_headache,16,597
consent_grp[1]/section_h[1]/h_depression_grp[1]/h_appetite,16,597
consent_grp[1]/section_h[1]/h_depression_grp[1]/h_sleep,16,597
consent_grp[1]/section_h[1]/h_depression_grp[1]/h_frightened,16,597
consent_grp[1]/section_h[1]/h_depression_grp[1]/h_hands_shake,16,597
consent_grp[1]/section_h[1]/h_depression_grp[1]/h_nervous,16,597
consent_grp[1]/section_h[1]/h_depression_grp[1]/h_digestion,16,597
consent_grp[1]/section_h[1]/h_depression_grp[1]/h_thinking,16,597
consent_grp[1]/section_h[1]/h_depression_grp[1]/h_unhappy,16,597
consent_grp[1]/section_h[1]/h_depression_grp[1]/h_cry,16,597
consent_grp[1]/section_h[1]/h_depression_grp[1]/h_activities,16,597
consent_grp[1]/section_h[1]/h_depression_grp[1]/h_decisions,16,597
consent_grp[1]/section_h[1]/h_depression_grp[1]/h_daily_work,16,597
consent_grp[1]/section_h[1]/h_depression_grp[1]/h_life,16,597
consent_grp[1]/section_h[1]/h_depression_grp[1]/h_interest,16,597
consent_grp[1]/section_h[1]/h_depression_grp[1]/h_worthless,16,597
consent_grp[1]/section_h[1]/h_depression_grp[1]/h_end_life,16,597
consent_grp[1]/section_h[1]/h_depression_grp[1]/h_tired,16,597
consent_grp[1]/section_h[1]/h_depression_grp[1]/h_uncomfortable,16,597
consent_grp[1]/section_h[1]/h_depression_grp[1]/h_easily_tired,16,597
consent_grp[1]/section_h[1]/sec_h_ext_contr_note,1,613
consent_grp[1]/section_h[1]/h_ext_control_grp[1]/h_ext_cont_note,1,614
consent_grp[1]/section_h[1]/h_ext_control_grp[1]/h_pup_learn,2,615
consent_grp[1]/section_h[1]/h_ext_control_grp[1]/h_discipline,1,617
consent_grp[1]/section_h[1]/h_ext_control_grp[1]/h_stu_achieve,1,618
consent_grp[1]/section_h[1]/h_ext_control_grp[1]/h_teach_motiv,1,619
consent_grp[1]/section_h[1]/h_ext_control_grp[1]/h_good_teach,1,620
consent_grp[1]/section_h[1]/sec_h_motiv_note,1,621
consent_grp[1]/section_h[1]/h_motiv_grp[1]/h_motiv_note,1,622
consent_grp[1]/section_h[1]/h_motiv_grp[1]/h_motiv_help,1,623
consent_grp[1]/section_h[1]/h_motiv_grp[1]/h_quest_school,1,624
consent_grp[1]/section_h[1]/h_motiv_grp[1]/h_help_child,1,625
consent_grp[1]/section_h[1]/h_motiv_grp[1]/h_sch_goal,1,626
consent_grp[1]/section_h[1]/h_motiv_grp[1]/h_help_emot,1,627
consent_grp[1]/section_h[1]/h_motiv_grp[1]/h_enjoy_teach,2,628
consent_grp[1]/section_h[1]/h_motiv_grp[1]/h_develop_society,1,630
consent_grp[1]/section_h[1]/h_motiv_grp[1]/h_develop_socially,1,632
consent_grp[1]/section_h[1]/h_motiv_grp[1]/h_perso_clear,1,633
consent_grp[1]/section_h[1]/h_impor_thing,4,634
consent_grp[1]/section_h[1]/h_job_satisfaction_grp[1]/h_job_satis_note,2,636
consent_grp[1]/section_h[1]/h_job_satisfaction_grp[1]/h_look_out,3,637
consent_grp[1]/section_h[1]/h_job_satisfaction_grp[1]/h_perso_worries,1,643
consent_grp[1]/section_h[1]/h_job_satisfaction_grp[1]/h_know_col,1,644
consent_grp[1]/section_h[1]/h_job_satisfaction_grp[1]/h_col_coop,1,645
consent_grp[1]/section_h[1]/h_job_satisfaction_grp[1]/h_trust_col,1,646
consent_grp[1]/section_h[1]/h_job_satisfaction_grp[1]/h_enjoy_col,1,647
consent_grp[1]/section_h[1]/h_job_satisfaction_grp[1]/h_sup_respect,1,648
consent_grp[1]/section_h[1]/h_job_satisfaction_grp[1]/h_sup_busy,1,649
consent_grp[1]/section_h[1]/h_job_satisfaction_grp[1]/h_sup_opinion,2,650
consent_grp[1]/section_h[1]/h_job_satisfaction_grp[1]/h_count_sup,1,652
consent_grp[1]/section_h[1]/h_job_satisfaction_grp[1]/h_motivated,1,653
consent_grp[1]/section_h[1]/h_job_satisfaction_grp[1]/h_sup_unpredict,1,654
consent_grp[1]/section_h[1]/h_job_satisfaction_grp[1]/h_wrk_challenge,1,655
consent_grp[1]/section_h[1]/h_job_satisfaction_grp[1]/h_wrk_monotonous,1,656
consent_grp[1]/section_h[1]/h_job_satisfaction_grp[1]/h_wrk_creative,1,657
consent_grp[1]/section_h[1]/h_job_satisfaction_grp[1]/h_big_impact,1,659
consent_grp[1]/section_h[1]/h_job_satisfaction_grp[1]/h_little_time,1,660
consent_grp[1]/section_h[1]/h_job_satisfaction_grp[1]/h_control_satis,1,661
consent_grp[1]/section_h[1]/h_job_satisfaction_grp[1]/h_look,3,662
consent_grp[1]/section_h[1]/h_job_satisfaction_grp[1]/h_small_space,1,665
consent_grp[1]/section_h[1]/h_job_satisfaction_grp[1]/h_new_mat,1,666
consent_grp[1]/section_h[1]/h_job_satisfaction_grp[1]/h_clean_kinder,1,667
consent_grp[1]/section_h[1]/h_job_satisfaction_grp[1]/h_loud_kinder,1,668
consent_grp[1]/section_h[1]/h_job_satisfaction_grp[1]/h_kinder_rules,1,670
consent_grp[1]/section_h[1]/h_job_satisfaction_grp[1]/h_satisfied_paid,1,671
consent_grp[1]/section_h[1]/h_burnout_grp[1]/h_burnout_note,2,672
consent_grp[1]/section_h[1]/h_burnout_grp[1]/h_emotion_drained,30,674
consent_grp[1]/section_h[1]/h_burnout_grp[1]/h_used_up,1,704
consent_grp[1]/section_h[1]/h_burnout_grp[1]/h_fatigued,1,705
consent_grp[1]/section_h[1]/h_burnout_grp[1]/h_child_feel,1,707
consent_grp[1]/section_h[1]/h_burnout_grp[1]/h_child_impersonal,3,708
consent_grp[1]/section_h[1]/h_burnout_grp[1]/h_ppl_strain,1,711
consent_grp[1]/section_h[1]/h_burnout_grp[1]/h_deal_effect,1,712
consent_grp[1]/section_h[1]/h_burnout_grp[1]/h_burnout,2,713
consent_grp[1]/section_h[1]/h_burnout_grp[1]/h_pos_influence,1,715
consent_grp[1]/section_h[1]/h_burnout_grp[1]/h_cold,1,717
consent_grp[1]/section_h[1]/h_burnout_grp[1]/h_hard,4,718
consent_grp[1]/section_h[1]/h_burnout_grp[1]/h_energetic,1,721
consent_grp[1]/section_h[1]/h_burnout_grp[1]/h_frustrated,1,723
consent_grp[1]/section_h[1]/h_burnout_grp[1]/h_work_hard,1,724
consent_grp[1]/section_h[1]/h_burnout_grp[1]/h_dont_care,1,725
consent_grp[1]/section_h[1]/h_burnout_grp[1]/h_put_pressure,1,726
consent_grp[1]/section_h[1]/h_burnout_grp[1]/h_relax,1,727
consent_grp[1]/section_h[1]/h_burnout_grp[1]/h_excited,1,728
consent_grp[1]/section_h[1]/h_burnout_grp[1]/h_accomplished,1,730
consent_grp[1]/section_h[1]/h_burnout_grp[1]/h_end_of_rop,2,731
consent_grp[1]/section_h[1]/h_burnout_grp[1]/h_emot_pro_calm,1,732
consent_grp[1]/i_teacher_knowledge_grp[1]/I_teach_know_note,1,734
consent_grp[1]/i_teacher_knowledge_grp[1]/i_consonance,3,735
consent_grp[1]/i_teacher_knowledge_grp[1]/i_vowel,2,738
consent_grp[1]/i_teacher_knowledge_grp[1]/i_unbelievable,1,739
consent_grp[1]/i_teacher_knowledge_grp[1]/i_irregular,1,741
consent_grp[1]/i_teacher_knowledge_grp[1]/i_cat,1,742
consent_grp[1]/i_teacher_knowledge_grp[1]/i_cough,1,743
consent_grp[1]/i_teacher_knowledge_grp[1]/i_check,1,744
consent_grp[1]/i_teacher_knowledge_grp[1]/i_english,1,746
consent_grp[1]/j_perception_grp[1]/j_perception_note,1,747
consent_grp[1]/j_perception_grp[1]/j_dev_practice_grp[1]/j_dev_practice_note,1,748
consent_grp[1]/j_perception_grp[1]/j_dev_practice_grp[1]/j_child_need,2,749
consent_grp[1]/j_perception_grp[1]/j_dev_practice_grp[1]/j_recog_letter,1,751
consent_grp[1]/j_perception_grp[1]/j_dev_practice_grp[1]/j_recog_number,1,752
consent_grp[1]/j_perception_grp[1]/j_dev_practice_grp[1]/j_recog_colour,1,753
consent_grp[1]/j_perception_grp[1]/j_dev_practice_grp[1]/j_indiv_goal,1,754
consent_grp[1]/j_perception_grp[1]/j_dev_practice_grp[1]/j_play_materials,2,756
consent_grp[1]/j_perception_grp[1]/j_dev_practice_grp[1]/j_child_measure,1,758
consent_grp[1]/j_perception_grp[1]/j_supp_chil_grp[1]/j_supp_chil_note,1,759
consent_grp[1]/j_perception_grp[1]/j_supp_chil_grp[1]/j_build_relation,1,760
consent_grp[1]/j_perception_grp[1]/j_supp_chil_grp[1]/j_control_behaviour,2,761
consent_grp[1]/j_perception_grp[1]/j_supp_chil_grp[1]/j_express_thought,1,763
consent_grp[1]/j_perception_grp[1]/j_supp_chil_grp[1]/j_resolve_conflicts,1,764
consent_grp[1]/j_perception_grp[1]/j_supp_chil_grp[1]/j_guidance_style,2,765
consent_grp[1]/j_perception_grp[1]/j_fam_sensitive_grp[1]/j_fam_sensitive_note,4,767
consent_grp[1]/j_perception_grp[1]/j_fam_sensitive_grp[1]/j_parent_goal,4,767
consent_grp[1]/j_perception_grp[1]/j_fam_sensitive_grp[1]/j_work_schedule,4,767
consent_grp[1]/j_perception_grp[1]/j_fam_sensitive_grp[1]/j_fam_decision,4,767
consent_grp[1]/j_perception_grp[1]/j_fam_sensitive_grp[1]/j_family_care,4,767
consent_grp[1]/j_perception_grp[1]/j_fam_sensitive_grp[1]/j_connect_family,4,767
consent_grp[1]/k_grp[1]/k_instro_note,1,771
consent_grp[1]/k_grp[1]/k_ts_grp[1]/tmp_k_labels,9,773
consent_grp[1]/k_grp[1]/k_ts_grp[1]/k_take_priviledges,9,773
consent_grp[1]/k_grp[1]/k_ts_grp[1]/k_explain_behavior,9,773
consent_grp[1]/k_grp[1]/k_ts_grp[1]/k_shook,9,773
consent_grp[1]/k_grp[1]/k_ts_grp[1]/k_shouted,9,773
consent_grp[1]/k_grp[1]/k_ts_grp[1]/k_gave_something,9,773
consent_grp[1]/k_grp[1]/k_ts_grp[1]/k_spanked,9,773
consent_grp[1]/k_grp[1]/k_ts_grp[1]/k_hit_bottom,9,773
consent_grp[1]/k_grp[1]/k_ts_grp[1]/k_call_dumb,9,773
consent_grp[1]/k_grp[1]/k_ts_grp[1]/k_hit_face,9,773
consent_grp[1]/k_grp[1]/k_ts_grp[1]/k_praised,9,773
consent_grp[1]/k_grp[1]/k_ts_grp[1]/k_affection,9,773
consent_grp[1]/k_grp[1]/k_ts_grp[1]/k_rewarded,9,773
consent_grp[1]/l_teaching_prac_grp[1]/l_note,1,782
consent_grp[1]/l_teaching_prac_grp[1]/l_previos_kinder_act[1]/tmp_l_prac_lab,12,783
consent_grp[1]/l_teaching_prac_grp[1]/l_previos_kinder_act[1]/l_hygiene_routine,12,783
consent_grp[1]/l_teaching_prac_grp[1]/l_previos_kinder_act[1]/l_supply,12,783
consent_grp[1]/l_teaching_prac_grp[1]/l_previos_kinder_act[1]/l_pamper,12,783
consent_grp[1]/l_teaching_prac_grp[1]/l_previos_kinder_act[1]/l_read,12,783
consent_grp[1]/l_teaching_prac_grp[1]/l_previos_kinder_act[1]/l_tell,12,783
consent_grp[1]/l_teaching_prac_grp[1]/l_previos_kinder_act[1]/l_conversatin,12,783
consent_grp[1]/l_teaching_prac_grp[1]/l_previos_kinder_act[1]/l_sing,12,783
consent_grp[1]/l_teaching_prac_grp[1]/l_previos_kinder_act[1]/l_dance,12,783
consent_grp[1]/l_teaching_prac_grp[1]/l_previos_kinder_act[1]/l_visit,12,783
consent_grp[1]/l_teaching_prac_grp[1]/l_previos_kinder_act[1]/l_play_kg,12,783
consent_grp[1]/l_teaching_prac_grp[1]/l_previos_kinder_act[1]/l_play_recrea,12,783
consent_grp[1]/l_teaching_prac_grp[1]/l_previos_kinder_act[1]/l_sleep,12,783
consent_grp[1]/l_teaching_prac_grp[1]/l_previos_kinder_act[1]/l_run,12,783
consent_grp[1]/l_teaching_prac_grp[1]/l_previos_kinder_act[1]/l_group_learn,12,783
consent_grp[1]/l_teaching_prac_grp[1]/l_previos_kinder_act[1]/l_indiv_learn,12,783
consent_grp[1]/l_teaching_prac_grp[1]/l_class_acti_grp[1]/l_act_grp[1]/tmp_l_class_lab,12,794
consent_grp[1]/l_teaching_prac_grp[1]/l_class_acti_grp[1]/l_act_grp[1]/l_teach_colour,12,794
consent_grp[1]/l_teaching_prac_grp[1]/l_class_acti_grp[1]/l_act_grp[1]/l_teach_number,12,794
consent_grp[1]/l_teaching_prac_grp[1]/l_class_acti_grp[1]/l_act_grp[1]/l_teach_letter,12,794
consent_grp[1]/l_teaching_prac_grp[1]/l_class_acti_grp[1]/l_act_grp[1]/l_teach_form,12,794
consent_grp[1]/l_teaching_prac_grp[1]/l_class_acti_grp[1]/l_act_grp[1]/l_socialise,12,794
consent_grp[1]/l_teaching_prac_grp[1]/l_class_acti_grp[1]/l_act_grp[1]/l_pro_solve,12,794
consent_grp[1]/l_teaching_prac_grp[1]/l_class_acti_grp[1]/l_act_grp[1]/l_writing,12,794
consent_grp[1]/l_teaching_prac_grp[1]/l_class_acti_grp[1]/l_act_grp[1]/l_teach_body,12,794
consent_grp[1]/l_teaching_prac_grp[1]/l_class_acti_grp[1]/l_act_grp[1]/l_pers_hygiene,12,794
consent_grp[1]/l_teaching_prac_grp[1]/l_class_acti_grp[1]/l_act_grp[1]/l_art_expre,12,794
consent_grp[1]/l_teaching_prac_grp[1]/l_class_acti_grp[1]/l_act_grp[1]/l_body_lang,12,794
consent_grp[1]/l_teaching_prac_grp[1]/l_class_acti_grp[1]/l_act_grp[1]/l_concentration,12,794
consent_grp[1]/l_teaching_prac_grp[1]/l_class_acti_grp[1]/l_act_grp[1]/l_gross_motor,12,794
consent_grp[1]/l_teaching_prac_grp[1]/l_class_acti_grp[1]/l_act_grp[1]/l_fine_motor,12,794
consent_grp[1]/l_teaching_prac_grp[1]/l_class_acti_grp[1]/l_act_grp[1]/l_gender,12,794
consent_grp[1]/l_teaching_prac_grp[1]/l_class_acti_grp[1]/l_act_grp[1]/l_responsibility,12,794
consent_grp[1]/l_teaching_prac_grp[1]/l_class_acti_grp[1]/l_act_grp[1]/l_speech,12,794
consent_grp[1]/l_teaching_prac_grp[1]/l_class_acti_grp[1]/l_act_grp[1]/l_explore_comm,12,794
consent_grp[1]/l_teaching_prac_grp[1]/l_class_acti_grp[1]/l_act_grp[1]/l_explore_culture,12,794
consent_grp[1]/l_teaching_prac_grp[1]/l_parent_interact_note,1,807
consent_grp[1]/l_teaching_prac_grp[1]/l_actively_engaged,2,808
consent_grp[1]/l_teaching_prac_grp[1]/l_proportion_child,14,810
consent_grp[1]/l_teaching_prac_grp[1]/l_proportion_child_more,3,824
consent_grp[1]/l_teaching_prac_grp[1]/l_visit_pupil_house,2,827
consent_grp[1]/l_teaching_prac_grp[1]/l_visit_parent_house,2,829
consent_grp[1]/l_teaching_prac_grp[1]/l_receive_parent_supp,1,831
consent_grp[1]/l_teaching_prac_grp[1]/l_day_teaching_note,1,832
consent_grp[1]/l_teaching_prac_grp[1]/l_day_grp[1]/tmp_l_labs,9,833
consent_grp[1]/l_teaching_prac_grp[1]/l_day_grp[1]/l_daily_schedule,9,833
consent_grp[1]/l_teaching_prac_grp[1]/l_day_grp[1]/l_play_period,9,833
consent_grp[1]/l_teaching_prac_grp[1]/l_day_grp[1]/l_free_play,9,833
consent_grp[1]/l_teaching_prac_grp[1]/l_day_grp[1]/l_activities,9,833
consent_grp[1]/l_teaching_prac_grp[1]/l_per_daily_grp[1]/l_perc_note,11,842
consent_grp[1]/l_teaching_prac_grp[1]/l_per_daily_grp[1]/l_admin_per,11,842
consent_grp[1]/l_teaching_prac_grp[1]/l_per_daily_grp[1]/l_class_per,11,842
consent_grp[1]/l_teaching_prac_grp[1]/l_per_daily_grp[1]/l_teach_per,11,842
consent_grp[1]/l_teaching_prac_grp[1]/l_per_daily_grp[1]/l_super_per,11,842
consent_grp[1]/l_teaching_prac_grp[1]/l_per_daily_grp[1]/l_super_oth_per,11,842
consent_grp[1]/l_teaching_prac_grp[1]/l_per_daily_grp[1]/l_break_per,11,842
consent_grp[1]/l_teaching_prac_grp[1]/l_discipline_note,1,854
consent_grp[1]/l_teaching_prac_grp[1]/l_dont_like,2,854
consent_grp[1]/l_teaching_prac_grp[1]/l_really_bad,1,857
consent_grp[1]/l_teaching_prac_grp[1]/l_does_good,1,858
consent_grp[1]/l_teaching_prac_grp[1]/l_praise,1,859
consent_grp[1]/q_note,1,860
consent_grp[1]/q_activ_yn,1,861
consent_grp[1]/q_rpt[1]/q_activ_r,4,863
consent_grp[1]/q_rpt[1]/q_activ_org_r,5,867
consent_grp[1]/q_rpt[1]/q_activ_add_r,4,870
consent_grp[1]/q_rpt[1]/q_activ_org_osp_r,5,873
consent_grp[1]/q_rpt[2]/q_activ_r,2,880
consent_grp[1]/q_rpt[2]/q_activ_org_r,1,882
consent_grp[1]/q_rpt[2]/q_activ_add_r,2,884
comments,3,885
