Field name,Total duration (seconds),First appeared (seconds into survey)
instruction,1,3
a_district_id,4,4
a_circuit_id,4,8
a_kg_id,12,12
a_community_id,3,24
a_enum_id,10,27
consent_note,394,37
con_understand,6,431
con_questions,4,437
con_written,2,441
consent_grp[1]/audio_consent,2,443
consent_grp[1]/d_background_note,2,445
consent_grp[1]/section_d[1]/kgt_key,7,446
consent_grp[1]/section_d[1]/kgt_confirm_note,6,453
consent_grp[1]/section_d[1]/d_num_cnt,9,459
consent_grp[1]/section_d[1]/d_cnt_grp[1]/d_cnt_main,25,469
consent_grp[1]/section_d[1]/d_cnt_grp[1]/d_cnt_sec,25,469
consent_grp[1]/section_d[1]/d_work_last,17,490
consent_grp[1]/section_d[1]/d_edu_level,18,510
consent_grp[1]/section_d[1]/d_edu_train,10,529
consent_grp[1]/section_d[1]/d_edu_level_train,14,538
consent_grp[1]/section_d[1]/d_marital_status,7,552
consent_grp[1]/section_d[1]/d_religion,4,559
consent_grp[1]/section_d[1]/d_la_spk_grp[1]/d_la_spk_note,19,563
consent_grp[1]/section_d[1]/d_la_spk_grp[1]/d_la_spk_eng,19,563
consent_grp[1]/section_d[1]/d_la_spk_grp[1]/d_la_spk_dagb,19,563
consent_grp[1]/section_d[1]/d_la_wrt_grp[1]/d_la_wrt_note,17,582
consent_grp[1]/section_d[1]/d_la_wrt_grp[1]/d_la_wrt_eng,17,582
consent_grp[1]/section_d[1]/d_la_wrt_grp[1]/d_la_wrt_dagb,17,582
consent_grp[1]/section_d[1]/d_main_language,12,599
consent_grp[1]/section_d[1]/d_loc_lang_kinderg,4,610
consent_grp[1]/f_moved_yn,10,615
consent_grp[1]/g_nature_wrk_note,3,625
consent_grp[1]/section_g[1]/g_teach_pos,10,626
consent_grp[1]/section_g[1]/g_teach_school,5,638
consent_grp[1]/section_g[1]/g_kg_grade,14,642
consent_grp[1]/section_g[1]/g_class_grp[1]/g_children_note,22,653
consent_grp[1]/section_g[1]/g_class_grp[1]/g_kg_1,2,653
consent_grp[1]/section_g[1]/g_class_grp[1]/g_kg_combined,20,658
consent_grp[1]/section_g[1]/g_ah_grp[1]/g_ah_note,65,678
consent_grp[1]/section_g[1]/g_ah_grp[1]/g_ah_working,65,678
consent_grp[1]/section_g[1]/g_ah_grp[1]/g_ah_prepping,65,678
consent_grp[1]/section_g[1]/g_eh_grp[1]/g_eh_note,13,744
consent_grp[1]/section_g[1]/g_eh_grp[1]/g_eh_working,13,744
consent_grp[1]/section_g[1]/g_eh_grp[1]/g_eh_prepping,13,744
consent_grp[1]/section_g[1]/g_teach_salary,18,757
consent_grp[1]/section_g[1]/g_salary_freq,10,775
consent_grp[1]/section_g[1]/g_salary_intime,17,784
consent_grp[1]/section_g[1]/g_money_cmp,9,802
consent_grp[1]/section_g[1]/g_job_outside,7,810
consent_grp[1]/section_g[1]/g_extra_money_spec,13,818
consent_grp[1]/section_g[1]/g_sch_pro_grp[1]/tmp_g_sch_pro_lab,125,830
consent_grp[1]/section_g[1]/g_sch_pro_grp[1]/g_class,125,830
consent_grp[1]/section_g[1]/g_sch_pro_grp[1]/g_class_taught,125,830
consent_grp[1]/section_g[1]/g_sch_pro_grp[1]/g_fin_resource,125,830
consent_grp[1]/section_g[1]/g_sch_pro_grp[1]/g_high_expe,125,830
consent_grp[1]/section_g[1]/g_sch_pro_grp[1]/g_change_curri,125,830
consent_grp[1]/section_g[1]/g_sch_pro_grp[1]/g_diff_curri,125,830
consent_grp[1]/section_g[1]/g_sch_pro_grp[1]/g_easy_curri,125,830
consent_grp[1]/section_g[1]/g_sch_pro_grp[1]/g_par_dem_high,125,830
consent_grp[1]/section_g[1]/g_sch_pro_grp[1]/g_par_suff_interest,125,830
consent_grp[1]/section_g[1]/g_sch_pro_grp[1]/g_par_suff_active,125,830
consent_grp[1]/section_g[1]/g_par_supp_grp[1]/g_par_supp_note,9,955
consent_grp[1]/section_g[1]/g_par_supp_grp[1]/g_home_wrk,12,964
consent_grp[1]/section_g[1]/g_par_supp_grp[1]/g_behave_val,9,976
consent_grp[1]/section_g[1]/g_par_supp_grp[1]/g_get_schl,14,985
consent_grp[1]/section_g[1]/g_par_supp_grp[1]/g_visit_schl,11,999
consent_grp[1]/section_g[1]/g_par_supp_grp[1]/g_show_respect,10,1010
consent_grp[1]/section_g[1]/g_par_supp_grp[1]/g_best_schl,11,1020
consent_grp[1]/section_g[1]/g_par_supp_grp[1]/g_parti_pta,11,1030
consent_grp[1]/section_g[1]/g_par_supp_grp[1]/g_cont_kg_act,9,1041
consent_grp[1]/section_g[1]/g_lead_respect,27,1050
consent_grp[1]/section_g[1]/g_val_citizen,13,1078
consent_grp[1]/section_h[1]/sec_h_depre_note,38,1091
consent_grp[1]/section_h[1]/h_depression_grp[1]/h_da_note,150,1129
consent_grp[1]/section_h[1]/h_depression_grp[1]/tmp_h_da_lab,150,1129
consent_grp[1]/section_h[1]/h_depression_grp[1]/h_headache,150,1129
consent_grp[1]/section_h[1]/h_depression_grp[1]/h_appetite,150,1129
consent_grp[1]/section_h[1]/h_depression_grp[1]/h_sleep,150,1129
consent_grp[1]/section_h[1]/h_depression_grp[1]/h_frightened,150,1129
consent_grp[1]/section_h[1]/h_depression_grp[1]/h_hands_shake,150,1129
consent_grp[1]/section_h[1]/h_depression_grp[1]/h_nervous,150,1129
consent_grp[1]/section_h[1]/h_depression_grp[1]/h_digestion,150,1129
consent_grp[1]/section_h[1]/h_depression_grp[1]/h_thinking,150,1129
consent_grp[1]/section_h[1]/h_depression_grp[1]/h_unhappy,150,1129
consent_grp[1]/section_h[1]/h_depression_grp[1]/h_cry,150,1129
consent_grp[1]/section_h[1]/h_depression_grp[1]/h_activities,150,1129
consent_grp[1]/section_h[1]/h_depression_grp[1]/h_decisions,150,1129
consent_grp[1]/section_h[1]/h_depression_grp[1]/h_daily_work,150,1129
consent_grp[1]/section_h[1]/h_depression_grp[1]/h_life,150,1129
consent_grp[1]/section_h[1]/h_depression_grp[1]/h_interest,150,1129
consent_grp[1]/section_h[1]/h_depression_grp[1]/h_worthless,150,1129
consent_grp[1]/section_h[1]/h_depression_grp[1]/h_end_life,150,1129
consent_grp[1]/section_h[1]/h_depression_grp[1]/h_tired,150,1129
consent_grp[1]/section_h[1]/h_depression_grp[1]/h_uncomfortable,150,1129
consent_grp[1]/section_h[1]/h_depression_grp[1]/h_easily_tired,150,1129
consent_grp[1]/section_h[1]/sec_h_ext_contr_note,7,1279
consent_grp[1]/section_h[1]/h_ext_control_grp[1]/h_ext_cont_note,6,1286
consent_grp[1]/section_h[1]/h_ext_control_grp[1]/h_pup_learn,76,1292
consent_grp[1]/section_h[1]/h_ext_control_grp[1]/h_discipline,20,1368
consent_grp[1]/section_h[1]/h_ext_control_grp[1]/h_stu_achieve,59,1388
consent_grp[1]/section_h[1]/h_ext_control_grp[1]/h_teach_motiv,16,1447
consent_grp[1]/section_h[1]/h_ext_control_grp[1]/h_good_teach,56,1463
consent_grp[1]/section_h[1]/sec_h_motiv_note,2,1519
consent_grp[1]/section_h[1]/h_motiv_grp[1]/h_motiv_note,9,1521
consent_grp[1]/section_h[1]/h_motiv_grp[1]/h_motiv_help,30,1530
consent_grp[1]/section_h[1]/h_motiv_grp[1]/h_quest_school,8,1549
consent_grp[1]/section_h[1]/h_motiv_grp[1]/h_help_child,13,1568
consent_grp[1]/section_h[1]/h_motiv_grp[1]/h_sch_goal,10,1581
consent_grp[1]/section_h[1]/h_motiv_grp[1]/h_help_emot,14,1591
consent_grp[1]/section_h[1]/h_motiv_grp[1]/h_enjoy_teach,9,1605
consent_grp[1]/section_h[1]/h_motiv_grp[1]/h_develop_society,21,1614
consent_grp[1]/section_h[1]/h_motiv_grp[1]/h_develop_socially,19,1635
consent_grp[1]/section_h[1]/h_motiv_grp[1]/h_perso_clear,11,1654
consent_grp[1]/section_h[1]/h_impor_thing,31,1665
consent_grp[1]/section_h[1]/h_job_satisfaction_grp[1]/h_job_satis_note,16,1696
consent_grp[1]/section_h[1]/h_job_satisfaction_grp[1]/h_look_out,17,1712
consent_grp[1]/section_h[1]/h_job_satisfaction_grp[1]/h_perso_worries,10,1729
consent_grp[1]/section_h[1]/h_job_satisfaction_grp[1]/h_know_col,18,1739
consent_grp[1]/section_h[1]/h_job_satisfaction_grp[1]/h_col_coop,10,1757
consent_grp[1]/section_h[1]/h_job_satisfaction_grp[1]/h_trust_col,7,1767
consent_grp[1]/section_h[1]/h_job_satisfaction_grp[1]/h_enjoy_col,8,1774
consent_grp[1]/section_h[1]/h_job_satisfaction_grp[1]/h_sup_respect,8,1781
consent_grp[1]/section_h[1]/h_job_satisfaction_grp[1]/h_sup_busy,7,1789
consent_grp[1]/section_h[1]/h_job_satisfaction_grp[1]/h_sup_opinion,7,1796
consent_grp[1]/section_h[1]/h_job_satisfaction_grp[1]/h_count_sup,7,1803
consent_grp[1]/section_h[1]/h_job_satisfaction_grp[1]/h_motivated,9,1810
consent_grp[1]/section_h[1]/h_job_satisfaction_grp[1]/h_sup_unpredict,10,1819
consent_grp[1]/section_h[1]/h_job_satisfaction_grp[1]/h_wrk_challenge,11,1829
consent_grp[1]/section_h[1]/h_job_satisfaction_grp[1]/h_wrk_monotonous,7,1840
consent_grp[1]/section_h[1]/h_job_satisfaction_grp[1]/h_wrk_creative,6,1847
consent_grp[1]/section_h[1]/h_job_satisfaction_grp[1]/h_big_impact,10,1853
consent_grp[1]/section_h[1]/h_job_satisfaction_grp[1]/h_little_time,12,1863
consent_grp[1]/section_h[1]/h_job_satisfaction_grp[1]/h_control_satis,21,1875
consent_grp[1]/section_h[1]/h_job_satisfaction_grp[1]/h_look,11,1896
consent_grp[1]/section_h[1]/h_job_satisfaction_grp[1]/h_small_space,14,1907
consent_grp[1]/section_h[1]/h_job_satisfaction_grp[1]/h_new_mat,7,1921
consent_grp[1]/section_h[1]/h_job_satisfaction_grp[1]/h_clean_kinder,10,1928
consent_grp[1]/section_h[1]/h_job_satisfaction_grp[1]/h_loud_kinder,12,1936
consent_grp[1]/section_h[1]/h_job_satisfaction_grp[1]/h_kinder_rules,7,1951
consent_grp[1]/section_h[1]/h_job_satisfaction_grp[1]/h_satisfied_paid,12,1958
consent_grp[1]/section_h[1]/h_burnout_grp[1]/h_burnout_note,11,1969
consent_grp[1]/section_h[1]/h_burnout_grp[1]/h_emotion_drained,22,1980
consent_grp[1]/section_h[1]/h_burnout_grp[1]/h_used_up,14,2002
consent_grp[1]/section_h[1]/h_burnout_grp[1]/h_fatigued,19,2016
consent_grp[1]/section_h[1]/h_burnout_grp[1]/h_child_feel,14,2034
consent_grp[1]/section_h[1]/h_burnout_grp[1]/h_child_impersonal,11,2048
consent_grp[1]/section_h[1]/h_burnout_grp[1]/h_ppl_strain,18,2059
consent_grp[1]/section_h[1]/h_burnout_grp[1]/h_deal_effect,27,2077
consent_grp[1]/section_h[1]/h_burnout_grp[1]/h_burnout,17,2103
consent_grp[1]/section_h[1]/h_burnout_grp[1]/h_pos_influence,19,2120
consent_grp[1]/section_h[1]/h_burnout_grp[1]/h_cold,22,2139
consent_grp[1]/section_h[1]/h_burnout_grp[1]/h_hard,26,2161
consent_grp[1]/section_h[1]/h_burnout_grp[1]/h_energetic,19,2187
consent_grp[1]/section_h[1]/h_burnout_grp[1]/h_frustrated,13,2207
consent_grp[1]/section_h[1]/h_burnout_grp[1]/h_work_hard,15,2220
consent_grp[1]/section_h[1]/h_burnout_grp[1]/h_dont_care,7,2235
consent_grp[1]/section_h[1]/h_burnout_grp[1]/h_put_pressure,18,2243
consent_grp[1]/section_h[1]/h_burnout_grp[1]/h_relax,16,2260
consent_grp[1]/section_h[1]/h_burnout_grp[1]/h_excited,13,2277
consent_grp[1]/section_h[1]/h_burnout_grp[1]/h_accomplished,13,2290
consent_grp[1]/section_h[1]/h_burnout_grp[1]/h_end_of_rop,13,2303
consent_grp[1]/section_h[1]/h_burnout_grp[1]/h_emot_pro_calm,20,2317
consent_grp[1]/i_teacher_knowledge_grp[1]/I_teach_know_note,13,2334
consent_grp[1]/i_teacher_knowledge_grp[1]/i_consonance,36,2350
consent_grp[1]/i_teacher_knowledge_grp[1]/i_vowel,9,2386
consent_grp[1]/i_teacher_knowledge_grp[1]/i_unbelievable,20,2394
consent_grp[1]/i_teacher_knowledge_grp[1]/i_irregular,16,2414
consent_grp[1]/i_teacher_knowledge_grp[1]/i_cat,15,2431
consent_grp[1]/i_teacher_knowledge_grp[1]/i_cough,14,2445
consent_grp[1]/i_teacher_knowledge_grp[1]/i_check,14,2459
consent_grp[1]/i_teacher_knowledge_grp[1]/i_english,16,2473
consent_grp[1]/j_perception_grp[1]/j_perception_note,33,2489
consent_grp[1]/j_perception_grp[1]/j_dev_practice_grp[1]/j_dev_practice_note,18,2521
consent_grp[1]/j_perception_grp[1]/j_dev_practice_grp[1]/j_child_need,22,2539
consent_grp[1]/j_perception_grp[1]/j_dev_practice_grp[1]/j_recog_letter,14,2561
consent_grp[1]/j_perception_grp[1]/j_dev_practice_grp[1]/j_recog_number,6,2575
consent_grp[1]/j_perception_grp[1]/j_dev_practice_grp[1]/j_recog_colour,7,2581
consent_grp[1]/j_perception_grp[1]/j_dev_practice_grp[1]/j_indiv_goal,8,2588
consent_grp[1]/j_perception_grp[1]/j_dev_practice_grp[1]/j_play_materials,7,2597
consent_grp[1]/j_perception_grp[1]/j_dev_practice_grp[1]/j_child_measure,8,2603
consent_grp[1]/j_perception_grp[1]/j_supp_chil_grp[1]/j_supp_chil_note,2,2612
consent_grp[1]/j_perception_grp[1]/j_supp_chil_grp[1]/j_build_relation,13,2614
consent_grp[1]/j_perception_grp[1]/j_supp_chil_grp[1]/j_control_behaviour,8,2627
consent_grp[1]/j_perception_grp[1]/j_supp_chil_grp[1]/j_express_thought,10,2635
consent_grp[1]/j_perception_grp[1]/j_supp_chil_grp[1]/j_resolve_conflicts,7,2645
consent_grp[1]/j_perception_grp[1]/j_supp_chil_grp[1]/j_guidance_style,31,2652
consent_grp[1]/j_perception_grp[1]/j_fam_sensitive_grp[1]/j_fam_sensitive_note,96,2683
consent_grp[1]/j_perception_grp[1]/j_fam_sensitive_grp[1]/j_parent_goal,96,2683
consent_grp[1]/j_perception_grp[1]/j_fam_sensitive_grp[1]/j_work_schedule,96,2683
consent_grp[1]/j_perception_grp[1]/j_fam_sensitive_grp[1]/j_fam_decision,96,2683
consent_grp[1]/j_perception_grp[1]/j_fam_sensitive_grp[1]/j_family_care,96,2683
consent_grp[1]/j_perception_grp[1]/j_fam_sensitive_grp[1]/j_connect_family,96,2683
consent_grp[1]/k_grp[1]/k_instro_note,42,2779
consent_grp[1]/k_grp[1]/k_ts_grp[1]/tmp_k_labels,141,2821
consent_grp[1]/k_grp[1]/k_ts_grp[1]/k_take_priviledges,141,2821
consent_grp[1]/k_grp[1]/k_ts_grp[1]/k_explain_behavior,141,2821
consent_grp[1]/k_grp[1]/k_ts_grp[1]/k_shook,141,2821
consent_grp[1]/k_grp[1]/k_ts_grp[1]/k_shouted,141,2821
consent_grp[1]/k_grp[1]/k_ts_grp[1]/k_gave_something,141,2821
consent_grp[1]/k_grp[1]/k_ts_grp[1]/k_spanked,141,2821
consent_grp[1]/k_grp[1]/k_ts_grp[1]/k_hit_bottom,141,2821
consent_grp[1]/k_grp[1]/k_ts_grp[1]/k_call_dumb,141,2821
consent_grp[1]/k_grp[1]/k_ts_grp[1]/k_hit_face,141,2821
consent_grp[1]/k_grp[1]/k_ts_grp[1]/k_praised,141,2821
consent_grp[1]/k_grp[1]/k_ts_grp[1]/k_affection,141,2821
consent_grp[1]/k_grp[1]/k_ts_grp[1]/k_rewarded,141,2821
consent_grp[1]/l_teaching_prac_grp[1]/l_note,5,2962
consent_grp[1]/l_teaching_prac_grp[1]/l_previos_kinder_act[1]/tmp_l_prac_lab,125,2967
consent_grp[1]/l_teaching_prac_grp[1]/l_previos_kinder_act[1]/l_hygiene_routine,125,2967
consent_grp[1]/l_teaching_prac_grp[1]/l_previos_kinder_act[1]/l_supply,125,2967
consent_grp[1]/l_teaching_prac_grp[1]/l_previos_kinder_act[1]/l_pamper,125,2967
consent_grp[1]/l_teaching_prac_grp[1]/l_previos_kinder_act[1]/l_read,125,2967
consent_grp[1]/l_teaching_prac_grp[1]/l_previos_kinder_act[1]/l_tell,125,2967
consent_grp[1]/l_teaching_prac_grp[1]/l_previos_kinder_act[1]/l_conversatin,125,2967
consent_grp[1]/l_teaching_prac_grp[1]/l_previos_kinder_act[1]/l_sing,125,2967
consent_grp[1]/l_teaching_prac_grp[1]/l_previos_kinder_act[1]/l_dance,125,2967
consent_grp[1]/l_teaching_prac_grp[1]/l_previos_kinder_act[1]/l_visit,125,2967
consent_grp[1]/l_teaching_prac_grp[1]/l_previos_kinder_act[1]/l_play_kg,125,2967
consent_grp[1]/l_teaching_prac_grp[1]/l_previos_kinder_act[1]/l_play_recrea,125,2967
consent_grp[1]/l_teaching_prac_grp[1]/l_previos_kinder_act[1]/l_sleep,125,2967
consent_grp[1]/l_teaching_prac_grp[1]/l_previos_kinder_act[1]/l_run,125,2967
consent_grp[1]/l_teaching_prac_grp[1]/l_previos_kinder_act[1]/l_group_learn,125,2967
consent_grp[1]/l_teaching_prac_grp[1]/l_previos_kinder_act[1]/l_indiv_learn,125,2967
consent_grp[1]/l_teaching_prac_grp[1]/l_class_acti_grp[1]/l_act_grp[1]/tmp_l_class_lab,76,3092
consent_grp[1]/l_teaching_prac_grp[1]/l_class_acti_grp[1]/l_act_grp[1]/l_teach_colour,76,3092
consent_grp[1]/l_teaching_prac_grp[1]/l_class_acti_grp[1]/l_act_grp[1]/l_teach_number,76,3092
consent_grp[1]/l_teaching_prac_grp[1]/l_class_acti_grp[1]/l_act_grp[1]/l_teach_letter,76,3092
consent_grp[1]/l_teaching_prac_grp[1]/l_class_acti_grp[1]/l_act_grp[1]/l_teach_form,76,3092
consent_grp[1]/l_teaching_prac_grp[1]/l_class_acti_grp[1]/l_act_grp[1]/l_socialise,76,3092
consent_grp[1]/l_teaching_prac_grp[1]/l_class_acti_grp[1]/l_act_grp[1]/l_pro_solve,76,3092
consent_grp[1]/l_teaching_prac_grp[1]/l_class_acti_grp[1]/l_act_grp[1]/l_writing,76,3092
consent_grp[1]/l_teaching_prac_grp[1]/l_class_acti_grp[1]/l_act_grp[1]/l_teach_body,76,3092
consent_grp[1]/l_teaching_prac_grp[1]/l_class_acti_grp[1]/l_act_grp[1]/l_pers_hygiene,76,3092
consent_grp[1]/l_teaching_prac_grp[1]/l_class_acti_grp[1]/l_act_grp[1]/l_art_expre,76,3092
consent_grp[1]/l_teaching_prac_grp[1]/l_class_acti_grp[1]/l_act_grp[1]/l_body_lang,76,3092
consent_grp[1]/l_teaching_prac_grp[1]/l_class_acti_grp[1]/l_act_grp[1]/l_concentration,76,3092
consent_grp[1]/l_teaching_prac_grp[1]/l_class_acti_grp[1]/l_act_grp[1]/l_gross_motor,76,3092
consent_grp[1]/l_teaching_prac_grp[1]/l_class_acti_grp[1]/l_act_grp[1]/l_fine_motor,76,3092
consent_grp[1]/l_teaching_prac_grp[1]/l_class_acti_grp[1]/l_act_grp[1]/l_gender,76,3092
consent_grp[1]/l_teaching_prac_grp[1]/l_class_acti_grp[1]/l_act_grp[1]/l_responsibility,76,3092
consent_grp[1]/l_teaching_prac_grp[1]/l_class_acti_grp[1]/l_act_grp[1]/l_speech,76,3092
consent_grp[1]/l_teaching_prac_grp[1]/l_class_acti_grp[1]/l_act_grp[1]/l_explore_comm,76,3092
consent_grp[1]/l_teaching_prac_grp[1]/l_class_acti_grp[1]/l_act_grp[1]/l_explore_culture,76,3092
consent_grp[1]/l_teaching_prac_grp[1]/l_parent_interact_note,5,3169
consent_grp[1]/l_teaching_prac_grp[1]/l_actively_engaged,49,3173
consent_grp[1]/l_teaching_prac_grp[1]/l_proportion_child,23,3222
consent_grp[1]/l_teaching_prac_grp[1]/l_proportion_child_more,27,3245
consent_grp[1]/l_teaching_prac_grp[1]/l_visit_pupil_house,30,3273
consent_grp[1]/l_teaching_prac_grp[1]/l_visit_parent_house,18,3302
consent_grp[1]/l_teaching_prac_grp[1]/l_receive_parent_supp,12,3321
consent_grp[1]/l_teaching_prac_grp[1]/l_day_teaching_note,6,3332
consent_grp[1]/l_teaching_prac_grp[1]/l_day_grp[1]/tmp_l_labs,36,3339
consent_grp[1]/l_teaching_prac_grp[1]/l_day_grp[1]/l_daily_schedule,36,3339
consent_grp[1]/l_teaching_prac_grp[1]/l_day_grp[1]/l_play_period,36,3339
consent_grp[1]/l_teaching_prac_grp[1]/l_day_grp[1]/l_free_play,36,3339
consent_grp[1]/l_teaching_prac_grp[1]/l_day_grp[1]/l_activities,36,3339
consent_grp[1]/l_teaching_prac_grp[1]/l_per_daily_grp[1]/l_perc_note,220,3375
consent_grp[1]/l_teaching_prac_grp[1]/l_per_daily_grp[1]/l_admin_per,220,3375
consent_grp[1]/l_teaching_prac_grp[1]/l_per_daily_grp[1]/l_class_per,220,3375
consent_grp[1]/l_teaching_prac_grp[1]/l_per_daily_grp[1]/l_teach_per,220,3375
consent_grp[1]/l_teaching_prac_grp[1]/l_per_daily_grp[1]/l_super_per,220,3375
consent_grp[1]/l_teaching_prac_grp[1]/l_per_daily_grp[1]/l_super_oth_per,220,3375
consent_grp[1]/l_teaching_prac_grp[1]/l_per_daily_grp[1]/l_break_per,220,3375
consent_grp[1]/l_teaching_prac_grp[1]/tmp_force_note,6,3585
consent_grp[1]/l_teaching_prac_grp[1]/l_discipline_note,26,3601
consent_grp[1]/l_teaching_prac_grp[1]/l_dont_like,23,3627
consent_grp[1]/l_teaching_prac_grp[1]/l_really_bad,22,3650
consent_grp[1]/l_teaching_prac_grp[1]/l_does_good,14,3672
consent_grp[1]/l_teaching_prac_grp[1]/l_praise,20,3686
consent_grp[1]/q_note,17,3706
consent_grp[1]/q_activ_yn,10,3722
consent_grp[1]/q_rpt[1]/q_activ_r,18,3733
consent_grp[1]/q_rpt[1]/q_activ_org_r,8,3751
consent_grp[1]/q_rpt[1]/q_activ_add_r,16,3759
s_int_accom_yn,5,3774
s_int_accom,2,3779
comments,223,3782
