Field name,Total duration (seconds),First appeared (seconds into survey)
instruction,7,7
a_district_id,27,8
a_circuit_id,24,32
a_kg_id,10,49
a_community_id,6,63
a_enum_id,46,66
consent_note,17,73
con_understand,11,85
con_questions,55,88
con_written,5,112
consent_grp[1]/audio_consent,12,115
consent_grp[1]/d_background_note,13,126
consent_grp[1]/section_d[1]/kgt_key,15,136
consent_grp[1]/section_d[1]/kgt_confirm_note,67,148
consent_grp[1]/section_d[1]/d_num_cnt,102,157
consent_grp[1]/section_d[1]/d_cnt_grp[1]/d_cnt_main,55,312
consent_grp[1]/section_d[1]/d_cnt_grp[1]/d_cnt_sec,55,312
consent_grp[1]/section_d[1]/d_work_last,25,363
consent_grp[1]/section_d[1]/d_edu_level,26,385
consent_grp[1]/section_d[1]/d_edu_train,64,409
consent_grp[1]/section_d[1]/d_edu_level_train,11,470
consent_grp[1]/section_d[1]/d_marital_status,10,480
consent_grp[1]/section_d[1]/d_religion,7,489
consent_grp[1]/section_d[1]/d_la_spk_grp[1]/d_la_spk_note,55,495
consent_grp[1]/section_d[1]/d_la_spk_grp[1]/d_la_spk_eng,55,495
consent_grp[1]/section_d[1]/d_la_spk_grp[1]/d_la_spk_grun,55,495
consent_grp[1]/section_d[1]/d_la_wrt_grp[1]/d_la_wrt_note,24,549
consent_grp[1]/section_d[1]/d_la_wrt_grp[1]/d_la_wrt_eng,24,549
consent_grp[1]/section_d[1]/d_la_wrt_grp[1]/d_la_wrt_grun,24,549
consent_grp[1]/section_d[1]/d_main_language,53,571
consent_grp[1]/section_d[1]/d_loc_lang_kinderg,14,614
consent_grp[1]/f_moved_yn,28,637
consent_grp[1]/g_nature_wrk_note,12,662
consent_grp[1]/section_g[1]/g_teach_pos,10,674
consent_grp[1]/section_g[1]/g_teach_school,11,684
consent_grp[1]/section_g[1]/g_kg_grade,7,695
consent_grp[1]/section_g[1]/g_class_grp[1]/g_children_note,18,702
consent_grp[1]/section_g[1]/g_class_grp[1]/g_kg_2,18,702
consent_grp[1]/section_g[1]/g_ah_grp[1]/g_ah_note,170,719
consent_grp[1]/section_g[1]/g_ah_grp[1]/g_ah_working,170,719
consent_grp[1]/section_g[1]/g_ah_grp[1]/g_ah_prepping,170,719
consent_grp[1]/section_g[1]/g_eh_grp[1]/g_eh_note,554,862
consent_grp[1]/section_g[1]/g_eh_grp[1]/g_eh_working,554,862
consent_grp[1]/section_g[1]/g_eh_grp[1]/g_eh_prepping,554,862
consent_grp[1]/section_g[1]/g_teach_salary,81,1091
consent_grp[1]/section_g[1]/g_salary_freq,15,1165
consent_grp[1]/section_g[1]/g_salary_intime,65,1177
consent_grp[1]/section_g[1]/g_money_cmp,16,1232
consent_grp[1]/section_g[1]/g_job_outside,16,1254
consent_grp[1]/section_g[1]/g_extra_money_spec,57,1270
consent_grp[1]/section_g[1]/g_sch_pro_grp[1]/tmp_g_sch_pro_lab,334,1323
consent_grp[1]/section_g[1]/g_sch_pro_grp[1]/g_class,334,1323
consent_grp[1]/section_g[1]/g_sch_pro_grp[1]/g_class_taught,334,1323
consent_grp[1]/section_g[1]/g_sch_pro_grp[1]/g_fin_resource,334,1323
consent_grp[1]/section_g[1]/g_sch_pro_grp[1]/g_high_expe,334,1323
consent_grp[1]/section_g[1]/g_sch_pro_grp[1]/g_change_curri,334,1323
consent_grp[1]/section_g[1]/g_sch_pro_grp[1]/g_diff_curri,334,1323
consent_grp[1]/section_g[1]/g_sch_pro_grp[1]/g_easy_curri,334,1323
consent_grp[1]/section_g[1]/g_sch_pro_grp[1]/g_par_dem_high,334,1323
consent_grp[1]/section_g[1]/g_sch_pro_grp[1]/g_par_suff_interest,334,1323
consent_grp[1]/section_g[1]/g_sch_pro_grp[1]/g_par_suff_active,334,1323
consent_grp[1]/section_g[1]/g_par_supp_grp[1]/g_par_supp_note,23,1661
consent_grp[1]/section_g[1]/g_par_supp_grp[1]/g_home_wrk,35,1678
consent_grp[1]/section_g[1]/g_par_supp_grp[1]/g_behave_val,27,1701
consent_grp[1]/section_g[1]/g_par_supp_grp[1]/g_get_schl,27,1736
consent_grp[1]/section_g[1]/g_par_supp_grp[1]/g_visit_schl,15,1763
consent_grp[1]/section_g[1]/g_par_supp_grp[1]/g_show_respect,21,1777
consent_grp[1]/section_g[1]/g_par_supp_grp[1]/g_best_schl,42,1799
consent_grp[1]/section_g[1]/g_par_supp_grp[1]/g_parti_pta,15,1840
consent_grp[1]/section_g[1]/g_par_supp_grp[1]/g_cont_kg_act,8,1856
consent_grp[1]/section_g[1]/g_lead_respect,22,1864
consent_grp[1]/section_g[1]/g_val_citizen,80,1886
consent_grp[1]/section_h[1]/sec_h_depre_note,47,1966
consent_grp[1]/section_h[1]/h_depression_grp[1]/h_da_note,229,2013
consent_grp[1]/section_h[1]/h_depression_grp[1]/tmp_h_da_lab,229,2013
consent_grp[1]/section_h[1]/h_depression_grp[1]/h_headache,229,2013
consent_grp[1]/section_h[1]/h_depression_grp[1]/h_appetite,229,2013
consent_grp[1]/section_h[1]/h_depression_grp[1]/h_sleep,229,2013
consent_grp[1]/section_h[1]/h_depression_grp[1]/h_frightened,229,2013
consent_grp[1]/section_h[1]/h_depression_grp[1]/h_hands_shake,229,2013
consent_grp[1]/section_h[1]/h_depression_grp[1]/h_nervous,229,2013
consent_grp[1]/section_h[1]/h_depression_grp[1]/h_digestion,229,2013
consent_grp[1]/section_h[1]/h_depression_grp[1]/h_thinking,229,2013
consent_grp[1]/section_h[1]/h_depression_grp[1]/h_unhappy,229,2013
consent_grp[1]/section_h[1]/h_depression_grp[1]/h_cry,229,2013
consent_grp[1]/section_h[1]/h_depression_grp[1]/h_activities,229,2013
consent_grp[1]/section_h[1]/h_depression_grp[1]/h_decisions,229,2013
consent_grp[1]/section_h[1]/h_depression_grp[1]/h_daily_work,229,2013
consent_grp[1]/section_h[1]/h_depression_grp[1]/h_life,229,2013
consent_grp[1]/section_h[1]/h_depression_grp[1]/h_interest,229,2013
consent_grp[1]/section_h[1]/h_depression_grp[1]/h_worthless,229,2013
consent_grp[1]/section_h[1]/h_depression_grp[1]/h_end_life,229,2013
consent_grp[1]/section_h[1]/h_depression_grp[1]/h_tired,229,2013
consent_grp[1]/section_h[1]/h_depression_grp[1]/h_uncomfortable,229,2013
consent_grp[1]/section_h[1]/h_depression_grp[1]/h_easily_tired,229,2013
consent_grp[1]/section_h[1]/sec_h_ext_contr_note,19,2242
consent_grp[1]/section_h[1]/h_ext_control_grp[1]/h_ext_cont_note,9,2261
consent_grp[1]/section_h[1]/h_ext_control_grp[1]/h_pup_learn,32,2270
consent_grp[1]/section_h[1]/h_ext_control_grp[1]/h_discipline,22,2301
consent_grp[1]/section_h[1]/h_ext_control_grp[1]/h_stu_achieve,15,2324
consent_grp[1]/section_h[1]/h_ext_control_grp[1]/h_teach_motiv,78,2339
consent_grp[1]/section_h[1]/h_ext_control_grp[1]/h_good_teach,17,2417
consent_grp[1]/section_h[1]/sec_h_motiv_note,3,2435
consent_grp[1]/section_h[1]/h_motiv_grp[1]/h_motiv_note,3,2437
consent_grp[1]/section_h[1]/h_motiv_grp[1]/h_motiv_help,21,2440
consent_grp[1]/section_h[1]/h_motiv_grp[1]/h_quest_school,30,2461
consent_grp[1]/section_h[1]/h_motiv_grp[1]/h_help_child,34,2491
consent_grp[1]/section_h[1]/h_motiv_grp[1]/h_sch_goal,16,2526
consent_grp[1]/section_h[1]/h_motiv_grp[1]/h_help_emot,10,2541
consent_grp[1]/section_h[1]/h_motiv_grp[1]/h_enjoy_teach,39,2551
consent_grp[1]/section_h[1]/h_motiv_grp[1]/h_develop_society,9,2590
consent_grp[1]/section_h[1]/h_motiv_grp[1]/h_develop_socially,97,2598
consent_grp[1]/section_h[1]/h_motiv_grp[1]/h_perso_clear,37,2663
consent_grp[1]/section_h[1]/h_impor_thing,52,2732
consent_grp[1]/section_h[1]/h_job_satisfaction_grp[1]/h_job_satis_note,17,2784
consent_grp[1]/section_h[1]/h_job_satisfaction_grp[1]/h_look_out,27,2801
consent_grp[1]/section_h[1]/h_job_satisfaction_grp[1]/h_perso_worries,11,2828
consent_grp[1]/section_h[1]/h_job_satisfaction_grp[1]/h_know_col,27,2839
consent_grp[1]/section_h[1]/h_job_satisfaction_grp[1]/h_col_coop,11,2866
consent_grp[1]/section_h[1]/h_job_satisfaction_grp[1]/h_trust_col,15,2877
consent_grp[1]/section_h[1]/h_job_satisfaction_grp[1]/h_enjoy_col,10,2892
consent_grp[1]/section_h[1]/h_job_satisfaction_grp[1]/h_sup_respect,19,2902
consent_grp[1]/section_h[1]/h_job_satisfaction_grp[1]/h_sup_busy,32,2922
consent_grp[1]/section_h[1]/h_job_satisfaction_grp[1]/h_sup_opinion,13,2954
consent_grp[1]/section_h[1]/h_job_satisfaction_grp[1]/h_count_sup,34,2967
consent_grp[1]/section_h[1]/h_job_satisfaction_grp[1]/h_motivated,15,2998
consent_grp[1]/section_h[1]/h_job_satisfaction_grp[1]/h_sup_unpredict,37,3013
consent_grp[1]/section_h[1]/h_job_satisfaction_grp[1]/h_wrk_challenge,15,3049
consent_grp[1]/section_h[1]/h_job_satisfaction_grp[1]/h_wrk_monotonous,20,3064
consent_grp[1]/section_h[1]/h_job_satisfaction_grp[1]/h_wrk_creative,13,3084
consent_grp[1]/section_h[1]/h_job_satisfaction_grp[1]/h_big_impact,11,3098
consent_grp[1]/section_h[1]/h_job_satisfaction_grp[1]/h_little_time,50,3109
consent_grp[1]/section_h[1]/h_job_satisfaction_grp[1]/h_control_satis,50,3143
consent_grp[1]/section_h[1]/h_job_satisfaction_grp[1]/h_look,35,3209
consent_grp[1]/section_h[1]/h_job_satisfaction_grp[1]/h_small_space,49,3244
consent_grp[1]/section_h[1]/h_job_satisfaction_grp[1]/h_new_mat,9,3278
consent_grp[1]/section_h[1]/h_job_satisfaction_grp[1]/h_clean_kinder,15,3300
consent_grp[1]/section_h[1]/h_job_satisfaction_grp[1]/h_loud_kinder,9,3315
consent_grp[1]/section_h[1]/h_job_satisfaction_grp[1]/h_kinder_rules,23,3324
consent_grp[1]/section_h[1]/h_job_satisfaction_grp[1]/h_satisfied_paid,10,3347
consent_grp[1]/section_h[1]/h_burnout_grp[1]/h_burnout_note,13,3358
consent_grp[1]/section_h[1]/h_burnout_grp[1]/h_emotion_drained,43,3370
consent_grp[1]/section_h[1]/h_burnout_grp[1]/h_used_up,26,3414
consent_grp[1]/section_h[1]/h_burnout_grp[1]/h_fatigued,36,3439
consent_grp[1]/section_h[1]/h_burnout_grp[1]/h_child_feel,28,3475
consent_grp[1]/section_h[1]/h_burnout_grp[1]/h_child_impersonal,42,3503
consent_grp[1]/section_h[1]/h_burnout_grp[1]/h_ppl_strain,26,3545
consent_grp[1]/section_h[1]/h_burnout_grp[1]/h_deal_effect,22,3564
consent_grp[1]/section_h[1]/h_burnout_grp[1]/h_burnout,26,3587
consent_grp[1]/section_h[1]/h_burnout_grp[1]/h_pos_influence,29,3613
consent_grp[1]/section_h[1]/h_burnout_grp[1]/h_cold,40,3642
consent_grp[1]/section_h[1]/h_burnout_grp[1]/h_hard,31,3681
consent_grp[1]/section_h[1]/h_burnout_grp[1]/h_energetic,28,3711
consent_grp[1]/section_h[1]/h_burnout_grp[1]/h_frustrated,26,3741
consent_grp[1]/section_h[1]/h_burnout_grp[1]/h_work_hard,9,3767
consent_grp[1]/section_h[1]/h_burnout_grp[1]/h_dont_care,11,3776
consent_grp[1]/section_h[1]/h_burnout_grp[1]/h_put_pressure,19,3787
consent_grp[1]/section_h[1]/h_burnout_grp[1]/h_relax,14,3806
consent_grp[1]/section_h[1]/h_burnout_grp[1]/h_excited,41,3819
consent_grp[1]/section_h[1]/h_burnout_grp[1]/h_accomplished,51,3860
consent_grp[1]/section_h[1]/h_burnout_grp[1]/h_end_of_rop,21,3912
consent_grp[1]/section_h[1]/h_burnout_grp[1]/h_emot_pro_calm,17,3932
consent_grp[1]/i_teacher_knowledge_grp[1]/I_teach_know_note,14,3949
consent_grp[1]/i_teacher_knowledge_grp[1]/i_consonance,44,3964
consent_grp[1]/i_teacher_knowledge_grp[1]/i_vowel,14,4008
consent_grp[1]/i_teacher_knowledge_grp[1]/i_unbelievable,32,4022
consent_grp[1]/i_teacher_knowledge_grp[1]/i_irregular,17,4053
consent_grp[1]/i_teacher_knowledge_grp[1]/i_cat,38,4070
consent_grp[1]/i_teacher_knowledge_grp[1]/i_cough,14,4109
consent_grp[1]/i_teacher_knowledge_grp[1]/i_check,12,4123
consent_grp[1]/i_teacher_knowledge_grp[1]/i_english,29,4134
consent_grp[1]/j_perception_grp[1]/j_perception_note,44,4159
consent_grp[1]/j_perception_grp[1]/j_dev_practice_grp[1]/j_dev_practice_note,26,4203
consent_grp[1]/j_perception_grp[1]/j_dev_practice_grp[1]/j_child_need,19,4220
consent_grp[1]/j_perception_grp[1]/j_dev_practice_grp[1]/j_recog_letter,23,4238
consent_grp[1]/j_perception_grp[1]/j_dev_practice_grp[1]/j_recog_number,13,4272
consent_grp[1]/j_perception_grp[1]/j_dev_practice_grp[1]/j_recog_colour,12,4285
consent_grp[1]/j_perception_grp[1]/j_dev_practice_grp[1]/j_indiv_goal,25,4297
consent_grp[1]/j_perception_grp[1]/j_dev_practice_grp[1]/j_play_materials,15,4322
consent_grp[1]/j_perception_grp[1]/j_dev_practice_grp[1]/j_child_measure,19,4337
consent_grp[1]/j_perception_grp[1]/j_supp_chil_grp[1]/j_supp_chil_note,7,4356
consent_grp[1]/j_perception_grp[1]/j_supp_chil_grp[1]/j_build_relation,11,4363
consent_grp[1]/j_perception_grp[1]/j_supp_chil_grp[1]/j_control_behaviour,15,4374
consent_grp[1]/j_perception_grp[1]/j_supp_chil_grp[1]/j_express_thought,21,4389
consent_grp[1]/j_perception_grp[1]/j_supp_chil_grp[1]/j_resolve_conflicts,24,4408
consent_grp[1]/j_perception_grp[1]/j_supp_chil_grp[1]/j_guidance_style,64,4432
consent_grp[1]/j_perception_grp[1]/j_fam_sensitive_grp[1]/j_fam_sensitive_note,93,4496
consent_grp[1]/j_perception_grp[1]/j_fam_sensitive_grp[1]/j_parent_goal,93,4496
consent_grp[1]/j_perception_grp[1]/j_fam_sensitive_grp[1]/j_work_schedule,93,4496
consent_grp[1]/j_perception_grp[1]/j_fam_sensitive_grp[1]/j_fam_decision,93,4496
consent_grp[1]/j_perception_grp[1]/j_fam_sensitive_grp[1]/j_family_care,93,4496
consent_grp[1]/j_perception_grp[1]/j_fam_sensitive_grp[1]/j_connect_family,93,4496
consent_grp[1]/k_grp[1]/k_instro_note,30,4589
consent_grp[1]/k_grp[1]/k_ts_grp[1]/tmp_k_labels,152,4611
consent_grp[1]/k_grp[1]/k_ts_grp[1]/k_take_priviledges,152,4611
consent_grp[1]/k_grp[1]/k_ts_grp[1]/k_explain_behavior,152,4611
consent_grp[1]/k_grp[1]/k_ts_grp[1]/k_shook,152,4611
consent_grp[1]/k_grp[1]/k_ts_grp[1]/k_shouted,152,4611
consent_grp[1]/k_grp[1]/k_ts_grp[1]/k_gave_something,152,4611
consent_grp[1]/k_grp[1]/k_ts_grp[1]/k_spanked,152,4611
consent_grp[1]/k_grp[1]/k_ts_grp[1]/k_hit_bottom,152,4611
consent_grp[1]/k_grp[1]/k_ts_grp[1]/k_call_dumb,152,4611
consent_grp[1]/k_grp[1]/k_ts_grp[1]/k_hit_face,152,4611
consent_grp[1]/k_grp[1]/k_ts_grp[1]/k_praised,152,4611
consent_grp[1]/k_grp[1]/k_ts_grp[1]/k_affection,152,4611
consent_grp[1]/k_grp[1]/k_ts_grp[1]/k_rewarded,152,4611
consent_grp[1]/l_teaching_prac_grp[1]/l_note,6,4771
consent_grp[1]/l_teaching_prac_grp[1]/l_previos_kinder_act[1]/tmp_l_prac_lab,193,4776
consent_grp[1]/l_teaching_prac_grp[1]/l_previos_kinder_act[1]/l_hygiene_routine,193,4776
consent_grp[1]/l_teaching_prac_grp[1]/l_previos_kinder_act[1]/l_supply,193,4776
consent_grp[1]/l_teaching_prac_grp[1]/l_previos_kinder_act[1]/l_pamper,193,4776
consent_grp[1]/l_teaching_prac_grp[1]/l_previos_kinder_act[1]/l_read,193,4776
consent_grp[1]/l_teaching_prac_grp[1]/l_previos_kinder_act[1]/l_tell,193,4776
consent_grp[1]/l_teaching_prac_grp[1]/l_previos_kinder_act[1]/l_conversatin,193,4776
consent_grp[1]/l_teaching_prac_grp[1]/l_previos_kinder_act[1]/l_sing,193,4776
consent_grp[1]/l_teaching_prac_grp[1]/l_previos_kinder_act[1]/l_dance,193,4776
consent_grp[1]/l_teaching_prac_grp[1]/l_previos_kinder_act[1]/l_visit,193,4776
consent_grp[1]/l_teaching_prac_grp[1]/l_previos_kinder_act[1]/l_play_kg,193,4776
consent_grp[1]/l_teaching_prac_grp[1]/l_previos_kinder_act[1]/l_play_recrea,193,4776
consent_grp[1]/l_teaching_prac_grp[1]/l_previos_kinder_act[1]/l_sleep,193,4776
consent_grp[1]/l_teaching_prac_grp[1]/l_previos_kinder_act[1]/l_run,193,4776
consent_grp[1]/l_teaching_prac_grp[1]/l_previos_kinder_act[1]/l_group_learn,193,4776
consent_grp[1]/l_teaching_prac_grp[1]/l_previos_kinder_act[1]/l_indiv_learn,193,4776
consent_grp[1]/l_teaching_prac_grp[1]/l_class_acti_grp[1]/l_act_grp[1]/tmp_l_class_lab,131,4967
consent_grp[1]/l_teaching_prac_grp[1]/l_class_acti_grp[1]/l_act_grp[1]/l_teach_colour,131,4967
consent_grp[1]/l_teaching_prac_grp[1]/l_class_acti_grp[1]/l_act_grp[1]/l_teach_number,131,4967
consent_grp[1]/l_teaching_prac_grp[1]/l_class_acti_grp[1]/l_act_grp[1]/l_teach_letter,131,4967
consent_grp[1]/l_teaching_prac_grp[1]/l_class_acti_grp[1]/l_act_grp[1]/l_teach_form,131,4967
consent_grp[1]/l_teaching_prac_grp[1]/l_class_acti_grp[1]/l_act_grp[1]/l_socialise,131,4967
consent_grp[1]/l_teaching_prac_grp[1]/l_class_acti_grp[1]/l_act_grp[1]/l_pro_solve,131,4967
consent_grp[1]/l_teaching_prac_grp[1]/l_class_acti_grp[1]/l_act_grp[1]/l_writing,131,4967
consent_grp[1]/l_teaching_prac_grp[1]/l_class_acti_grp[1]/l_act_grp[1]/l_teach_body,131,4967
consent_grp[1]/l_teaching_prac_grp[1]/l_class_acti_grp[1]/l_act_grp[1]/l_pers_hygiene,131,4967
consent_grp[1]/l_teaching_prac_grp[1]/l_class_acti_grp[1]/l_act_grp[1]/l_art_expre,131,4967
consent_grp[1]/l_teaching_prac_grp[1]/l_class_acti_grp[1]/l_act_grp[1]/l_body_lang,131,4967
consent_grp[1]/l_teaching_prac_grp[1]/l_class_acti_grp[1]/l_act_grp[1]/l_concentration,131,4967
consent_grp[1]/l_teaching_prac_grp[1]/l_class_acti_grp[1]/l_act_grp[1]/l_gross_motor,131,4967
consent_grp[1]/l_teaching_prac_grp[1]/l_class_acti_grp[1]/l_act_grp[1]/l_fine_motor,131,4967
consent_grp[1]/l_teaching_prac_grp[1]/l_class_acti_grp[1]/l_act_grp[1]/l_gender,131,4967
consent_grp[1]/l_teaching_prac_grp[1]/l_class_acti_grp[1]/l_act_grp[1]/l_responsibility,131,4967
consent_grp[1]/l_teaching_prac_grp[1]/l_class_acti_grp[1]/l_act_grp[1]/l_speech,131,4967
consent_grp[1]/l_teaching_prac_grp[1]/l_class_acti_grp[1]/l_act_grp[1]/l_explore_comm,131,4967
consent_grp[1]/l_teaching_prac_grp[1]/l_class_acti_grp[1]/l_act_grp[1]/l_explore_culture,131,4967
consent_grp[1]/l_teaching_prac_grp[1]/l_parent_interact_note,6,5100
consent_grp[1]/l_teaching_prac_grp[1]/l_actively_engaged,32,5105
consent_grp[1]/l_teaching_prac_grp[1]/l_proportion_child,18,5139
consent_grp[1]/l_teaching_prac_grp[1]/l_proportion_child_more,7,5154
consent_grp[1]/l_teaching_prac_grp[1]/l_visit_pupil_house,55,5161
consent_grp[1]/l_teaching_prac_grp[1]/l_visit_parent_house,14,5216
consent_grp[1]/l_teaching_prac_grp[1]/l_receive_parent_supp,16,5230
consent_grp[1]/l_teaching_prac_grp[1]/l_day_teaching_note,6,5246
consent_grp[1]/l_teaching_prac_grp[1]/l_day_grp[1]/tmp_l_labs,71,5252
consent_grp[1]/l_teaching_prac_grp[1]/l_day_grp[1]/l_daily_schedule,71,5252
consent_grp[1]/l_teaching_prac_grp[1]/l_day_grp[1]/l_play_period,71,5252
consent_grp[1]/l_teaching_prac_grp[1]/l_day_grp[1]/l_free_play,71,5252
consent_grp[1]/l_teaching_prac_grp[1]/l_day_grp[1]/l_activities,71,5252
consent_grp[1]/l_teaching_prac_grp[1]/l_per_daily_grp[1]/l_perc_note,245,5318
consent_grp[1]/l_teaching_prac_grp[1]/l_per_daily_grp[1]/l_admin_per,245,5318
consent_grp[1]/l_teaching_prac_grp[1]/l_per_daily_grp[1]/l_class_per,245,5318
consent_grp[1]/l_teaching_prac_grp[1]/l_per_daily_grp[1]/l_teach_per,245,5318
consent_grp[1]/l_teaching_prac_grp[1]/l_per_daily_grp[1]/l_super_per,245,5318
consent_grp[1]/l_teaching_prac_grp[1]/l_per_daily_grp[1]/l_super_oth_per,245,5318
consent_grp[1]/l_teaching_prac_grp[1]/l_per_daily_grp[1]/l_break_per,245,5318
consent_grp[1]/l_teaching_prac_grp[1]/l_discipline_note,8,5567
consent_grp[1]/l_teaching_prac_grp[1]/l_dont_like,49,5574
consent_grp[1]/l_teaching_prac_grp[1]/l_really_bad,47,5616
consent_grp[1]/l_teaching_prac_grp[1]/l_does_good,18,5666
consent_grp[1]/l_teaching_prac_grp[1]/l_praise,57,5687
consent_grp[1]/q_note,18,5744
consent_grp[1]/q_activ_yn,14,5762
consent_grp[1]/q_rpt[1]/q_activ_r,68,5776
consent_grp[1]/q_rpt[1]/q_activ_org_r,8,5844
consent_grp[1]/q_rpt[1]/q_activ_add_r,10,5852
s_int_accom_yn,8,5862
s_int_accom,17,5867
comments,8,5880
