Field name,Total duration (seconds),First appeared (seconds into survey)
instruction,1,2
a_district_id,4,3
a_circuit_id,23,7
a_kg_id,14,22
a_community_id,8,44
a_enum_id,7,47
consent_note,200,58
con_understand,3,258
con_questions,2,261
con_written,2,263
consent_grp[1]/audio_consent,41,265
consent_grp[1]/d_background_note,1,305
consent_grp[1]/section_d[1]/kgt_key,20,307
consent_grp[1]/section_d[1]/kgt_name_gp[1]/kgt_fsn,200,325
consent_grp[1]/section_d[1]/kgt_name_gp[1]/kgt_msn,200,325
consent_grp[1]/section_d[1]/kgt_name_gp[1]/kgt_lsn,200,325
consent_grp[1]/section_d[1]/kgt_name_gp[1]/kgt_ppn,200,325
consent_grp[1]/section_d[1]/kgt_name_gp[1]/d_sex,200,325
consent_grp[1]/section_d[1]/kgt_confirm_note,21,527
consent_grp[1]/section_d[1]/d_num_cnt,2,548
consent_grp[1]/section_d[1]/d_cnt_grp[1]/d_cnt_main,18,550
consent_grp[1]/section_d[1]/d_age,7,568
consent_grp[1]/section_d[1]/d_teacher_grp[1]/d_been_teacher,16,575
consent_grp[1]/section_d[1]/d_teacher_grp[1]/d_teacher_year,16,575
consent_grp[1]/section_d[1]/d_teacher_grp[1]/d_teacher_month,16,575
consent_grp[1]/section_d[1]/d_been_kinder_grp[1]/d_been_kinder,13,591
consent_grp[1]/section_d[1]/d_been_kinder_grp[1]/d_kinder_year,13,591
consent_grp[1]/section_d[1]/d_been_kinder_grp[1]/d_kinder_month,13,591
consent_grp[1]/section_d[1]/d_work_last,8,604
consent_grp[1]/section_d[1]/d_os_yn,6,611
consent_grp[1]/section_d[1]/d_os_grp[1]/d_os_name,25,618
consent_grp[1]/section_d[1]/d_os_grp[1]/d_os_region,25,618
consent_grp[1]/section_d[1]/d_os_district,4,643
consent_grp[1]/section_d[1]/d_os_comm_sel,29,647
consent_grp[1]/section_d[1]/d_os_comm,7,676
consent_grp[1]/section_d[1]/d_edu_level,14,683
consent_grp[1]/section_d[1]/d_edu_train,11,697
consent_grp[1]/section_d[1]/d_edu_level_train,4,708
consent_grp[1]/section_d[1]/d_edu_level_fath,15,712
consent_grp[1]/section_d[1]/d_edu_level_mom,7,727
consent_grp[1]/section_d[1]/d_marital_status,6,734
consent_grp[1]/section_d[1]/d_ethnic_group,6,740
consent_grp[1]/section_d[1]/d_religion,4,745
consent_grp[1]/section_d[1]/d_la_spk_grp[1]/d_la_spk_note,44,750
consent_grp[1]/section_d[1]/d_la_spk_grp[1]/d_la_spk_eng,44,750
consent_grp[1]/section_d[1]/d_la_spk_grp[1]/d_la_spk_dagb,44,750
consent_grp[1]/section_d[1]/d_la_wrt_grp[1]/d_la_wrt_note,24,794
consent_grp[1]/section_d[1]/d_la_wrt_grp[1]/d_la_wrt_eng,24,794
consent_grp[1]/section_d[1]/d_la_wrt_grp[1]/d_la_wrt_dagb,24,794
consent_grp[1]/section_d[1]/d_main_language,15,817
consent_grp[1]/section_d[1]/d_loc_lang_kinderg,4,833
consent_grp[1]/e_rel_grp[1]/e_hh_note,2,837
consent_grp[1]/e_rel_grp[1]/e_hh_num,16,839
consent_grp[1]/e_rel_grp[1]/e_hh_grp[1]/e_hh_head,39,855
consent_grp[1]/e_rel_grp[1]/e_hh_grp[1]/e_chil_hh,39,855
consent_grp[1]/e_rel_grp[1]/e_hh_grp[1]/e_adult_hh,39,855
consent_grp[1]/e_rel_grp[1]/e_hh_school,29,886
consent_grp[1]/e_rel_grp[1]/e_read_english,7,923
consent_grp[1]/e_rel_grp[1]/e_rate_health,18,930
consent_grp[1]/e_rel_grp[1]/e_live_note,8,948
consent_grp[1]/e_rel_grp[1]/e_rooms_occu,19,956
consent_grp[1]/e_rel_grp[1]/e_own_status,12,975
consent_grp[1]/e_rel_grp[1]/e_electricity_inhouse,3,986
consent_grp[1]/e_rel_grp[1]/e_floor_material,8,989
consent_grp[1]/e_rel_grp[1]/e_interior_floor,12,998
consent_grp[1]/e_rel_grp[1]/e_roof_mat,6,1009
consent_grp[1]/e_rel_grp[1]/e_cook_fuel,24,1015
consent_grp[1]/e_rel_grp[1]/e_lighting,5,1039
consent_grp[1]/e_rel_grp[1]/e_drink_source,15,1043
consent_grp[1]/e_rel_grp[1]/e_toilet_facility,13,1058
consent_grp[1]/e_rel_grp[1]/e_asset_note,4,1071
consent_grp[1]/e_rel_grp[1]/e_hh_own_phone,20,1075
consent_grp[1]/e_rel_grp[1]/e_hh_ass_grp[1]/tmp_e_hh_ass_lab,71,1096
consent_grp[1]/e_rel_grp[1]/e_hh_ass_grp[1]/e_hh_ass_radio,71,1096
consent_grp[1]/e_rel_grp[1]/e_hh_ass_grp[1]/e_hh_ass_refrig,71,1096
consent_grp[1]/e_rel_grp[1]/e_hh_ass_grp[1]/e_hh_ass_bike,71,1096
consent_grp[1]/e_rel_grp[1]/e_hh_ass_grp[1]/e_hh_ass_tv,71,1096
consent_grp[1]/e_rel_grp[1]/e_hh_ass_grp[1]/e_hh_ass_vcr,71,1096
consent_grp[1]/e_rel_grp[1]/e_hh_ass_grp[1]/e_hh_ass_motor,71,1096
consent_grp[1]/e_rel_grp[1]/e_hh_ass_grp[1]/e_hh_ass_car,71,1096
consent_grp[1]/e_rel_grp[1]/e_hh_ass_grp[1]/e_hh_ass_tractor,71,1096
consent_grp[1]/e_rel_grp[1]/e_hh_ass_grp[1]/e_hh_ass_farm_equip,71,1096
consent_grp[1]/e_rel_grp[1]/e_hh_ass_grp[1]/e_hh_ass_sew_mach,71,1096
consent_grp[1]/e_rel_grp[1]/e_hh_ass_grp[1]/e_hh_ass_bed,71,1096
consent_grp[1]/e_rel_grp[1]/e_hh_ass_grp[1]/e_hh_ass_mattress,71,1096
consent_grp[1]/e_rel_grp[1]/e_hh_ass_grp[1]/e_hh_ass_table_chair,71,1096
consent_grp[1]/e_rel_grp[1]/e_hh_ass_grp[1]/e_hh_ass_stool,71,1096
consent_grp[1]/e_rel_grp[1]/e_hh_ass_grp[1]/e_hh_ass_sofa,71,1096
consent_grp[1]/e_rel_grp[1]/e_hh_ass_grp[1]/e_hh_ass_fan,71,1096
consent_grp[1]/e_rel_grp[1]/e_hh_ass_grp[1]/e_hh_ass_lamp,71,1096
consent_grp[1]/e_rel_grp[1]/e_hh_ass_grp[1]/e_hh_ass_watch,71,1096
consent_grp[1]/e_rel_grp[1]/e_hh_ass_grp[1]/e_hh_ass_mat,71,1096
consent_grp[1]/e_rel_grp[1]/e_hh_ass_grp[1]/e_hh_ass_torch,71,1096
consent_grp[1]/e_rel_grp[1]/e_hh_ass_grp[1]/e_hh_ass_cabinet,71,1096
consent_grp[1]/e_rel_grp[1]/e_hh_ass_grp[1]/e_hh_ass_pot,71,1096
consent_grp[1]/e_rel_grp[1]/e_hh_ass_grp[1]/e_hh_ass_itn,71,1096
consent_grp[1]/e_rel_grp[1]/e_hh_ass_grp[1]/e_hh_ass_iron_elec,71,1096
consent_grp[1]/e_rel_grp[1]/e_hh_ass_grp[1]/e_hh_ass_iron_coal,71,1096
consent_grp[1]/e_rel_grp[1]/e_hh_ass_grp[1]/e_hh_ass_iron_gas,71,1096
consent_grp[1]/f_rel_grp[1]/f_comm_note,6,1165
consent_grp[1]/f_rel_grp[1]/section_f[1]/f_born_comm,5,1172
consent_grp[1]/f_rel_grp[1]/section_f[1]/f_school_loc,4,1178
consent_grp[1]/f_rel_grp[1]/section_f[1]/f_lived_bef_teach,13,1182
consent_grp[1]/f_rel_grp[1]/section_f[1]/f_lived_grp[1]/f_lived_comm,12,1194
consent_grp[1]/f_rel_grp[1]/section_f[1]/f_lived_grp[1]/f_lived_comm_year,12,1194
consent_grp[1]/f_rel_grp[1]/section_f[1]/f_lived_grp[1]/f_lived_comm_month,12,1194
consent_grp[1]/f_rel_grp[1]/section_f[1]/f_fam_lived,11,1207
consent_grp[1]/f_rel_grp[1]/section_f[1]/f_emot_support,21,1218
consent_grp[1]/f_rel_grp[1]/section_f[1]/f_emot_support_num,2,1239
consent_grp[1]/f_rel_grp[1]/section_f[1]/f_lend_money,12,1242
consent_grp[1]/f_rel_grp[1]/section_f[1]/f_borrow_money,15,1254
consent_grp[1]/f_rel_grp[1]/section_f[1]/f_rel_live_nearby,8,1268
consent_grp[1]/f_rel_grp[1]/section_f[1]/f_part_comm,9,1276
consent_grp[1]/f_rel_grp[1]/section_f[1]/f_main_trans,24,1285
consent_grp[1]/f_rel_grp[1]/section_f[1]/f_min_get_sch_grp[1]/f_min_get_note,23,1309
consent_grp[1]/f_rel_grp[1]/section_f[1]/f_min_get_sch_grp[1]/f_h_get_school,23,1309
consent_grp[1]/f_rel_grp[1]/section_f[1]/f_min_get_sch_grp[1]/f_m_get_school,23,1309
consent_grp[1]/g_nature_wrk_note,6,1332
consent_grp[1]/section_g[1]/g_teach_pos,7,1339
consent_grp[1]/section_g[1]/g_teach_school,7,1346
consent_grp[1]/section_g[1]/g_kg_grade,10,1353
consent_grp[1]/section_g[1]/g_class_grp[1]/g_children_note,14,1363
consent_grp[1]/section_g[1]/g_class_grp[1]/g_kg_2,14,1363
consent_grp[1]/section_g[1]/g_ah_grp[1]/g_ah_note,56,1378
consent_grp[1]/section_g[1]/g_ah_grp[1]/g_ah_working,56,1378
consent_grp[1]/section_g[1]/g_ah_grp[1]/g_ah_prepping,56,1378
consent_grp[1]/section_g[1]/g_eh_grp[1]/g_eh_note,60,1434
consent_grp[1]/section_g[1]/g_eh_grp[1]/g_eh_working,60,1434
consent_grp[1]/section_g[1]/g_eh_grp[1]/g_eh_prepping,60,1434
consent_grp[1]/section_g[1]/g_teach_salary,24,1493
consent_grp[1]/section_g[1]/g_salary_freq,10,1518
consent_grp[1]/section_g[1]/g_salary_intime,9,1527
consent_grp[1]/section_g[1]/g_money_cmp,10,1536
consent_grp[1]/section_g[1]/g_job_outside,10,1545
consent_grp[1]/section_g[1]/g_extra_money_spec,9,1556
consent_grp[1]/section_g[1]/g_sch_pro_grp[1]/tmp_g_sch_pro_lab,122,1565
consent_grp[1]/section_g[1]/g_sch_pro_grp[1]/g_class,122,1565
consent_grp[1]/section_g[1]/g_sch_pro_grp[1]/g_class_taught,122,1565
consent_grp[1]/section_g[1]/g_sch_pro_grp[1]/g_fin_resource,122,1565
consent_grp[1]/section_g[1]/g_sch_pro_grp[1]/g_high_expe,122,1565
consent_grp[1]/section_g[1]/g_sch_pro_grp[1]/g_change_curri,122,1565
consent_grp[1]/section_g[1]/g_sch_pro_grp[1]/g_diff_curri,122,1565
consent_grp[1]/section_g[1]/g_sch_pro_grp[1]/g_easy_curri,122,1565
consent_grp[1]/section_g[1]/g_sch_pro_grp[1]/g_par_dem_high,122,1565
consent_grp[1]/section_g[1]/g_sch_pro_grp[1]/g_par_suff_interest,122,1565
consent_grp[1]/section_g[1]/g_sch_pro_grp[1]/g_par_suff_active,122,1565
consent_grp[1]/section_g[1]/g_par_supp_grp[1]/g_par_supp_note,9,1687
consent_grp[1]/section_g[1]/g_par_supp_grp[1]/g_home_wrk,8,1692
consent_grp[1]/section_g[1]/g_par_supp_grp[1]/g_behave_val,14,1704
consent_grp[1]/section_g[1]/g_par_supp_grp[1]/g_get_schl,7,1718
consent_grp[1]/section_g[1]/g_par_supp_grp[1]/g_visit_schl,8,1725
consent_grp[1]/section_g[1]/g_par_supp_grp[1]/g_show_respect,7,1733
consent_grp[1]/section_g[1]/g_par_supp_grp[1]/g_best_schl,8,1740
consent_grp[1]/section_g[1]/g_par_supp_grp[1]/g_parti_pta,6,1749
consent_grp[1]/section_g[1]/g_par_supp_grp[1]/g_cont_kg_act,11,1755
consent_grp[1]/section_g[1]/g_lead_respect,10,1766
consent_grp[1]/section_g[1]/g_val_citizen,13,1777
consent_grp[1]/section_h[1]/sec_h_depre_note,50,1789
consent_grp[1]/section_h[1]/h_depression_grp[1]/h_da_note,107,1840
consent_grp[1]/section_h[1]/h_depression_grp[1]/tmp_h_da_lab,107,1840
consent_grp[1]/section_h[1]/h_depression_grp[1]/h_headache,107,1840
consent_grp[1]/section_h[1]/h_depression_grp[1]/h_appetite,107,1840
consent_grp[1]/section_h[1]/h_depression_grp[1]/h_sleep,107,1840
consent_grp[1]/section_h[1]/h_depression_grp[1]/h_frightened,107,1840
consent_grp[1]/section_h[1]/h_depression_grp[1]/h_hands_shake,107,1840
consent_grp[1]/section_h[1]/h_depression_grp[1]/h_nervous,107,1840
consent_grp[1]/section_h[1]/h_depression_grp[1]/h_digestion,107,1840
consent_grp[1]/section_h[1]/h_depression_grp[1]/h_thinking,107,1840
consent_grp[1]/section_h[1]/h_depression_grp[1]/h_unhappy,107,1840
consent_grp[1]/section_h[1]/h_depression_grp[1]/h_cry,107,1840
consent_grp[1]/section_h[1]/h_depression_grp[1]/h_activities,107,1840
consent_grp[1]/section_h[1]/h_depression_grp[1]/h_decisions,107,1840
consent_grp[1]/section_h[1]/h_depression_grp[1]/h_daily_work,107,1840
consent_grp[1]/section_h[1]/h_depression_grp[1]/h_life,107,1840
consent_grp[1]/section_h[1]/h_depression_grp[1]/h_interest,107,1840
consent_grp[1]/section_h[1]/h_depression_grp[1]/h_worthless,107,1840
consent_grp[1]/section_h[1]/h_depression_grp[1]/h_end_life,107,1840
consent_grp[1]/section_h[1]/h_depression_grp[1]/h_tired,107,1840
consent_grp[1]/section_h[1]/h_depression_grp[1]/h_uncomfortable,107,1840
consent_grp[1]/section_h[1]/h_depression_grp[1]/h_easily_tired,107,1840
consent_grp[1]/section_h[1]/sec_h_ext_contr_note,8,1946
consent_grp[1]/section_h[1]/h_ext_control_grp[1]/h_ext_cont_note,1,1955
consent_grp[1]/section_h[1]/h_ext_control_grp[1]/h_pup_learn,95,1956
consent_grp[1]/section_h[1]/h_ext_control_grp[1]/h_discipline,11,2051
consent_grp[1]/section_h[1]/h_ext_control_grp[1]/h_stu_achieve,12,2062
consent_grp[1]/section_h[1]/h_ext_control_grp[1]/h_teach_motiv,30,2074
consent_grp[1]/section_h[1]/h_ext_control_grp[1]/h_good_teach,16,2104
consent_grp[1]/section_h[1]/sec_h_motiv_note,1,2120
consent_grp[1]/section_h[1]/h_motiv_grp[1]/h_motiv_note,2,2121
consent_grp[1]/section_h[1]/h_motiv_grp[1]/h_motiv_help,10,2122
consent_grp[1]/section_h[1]/h_motiv_grp[1]/h_quest_school,8,2133
consent_grp[1]/section_h[1]/h_motiv_grp[1]/h_help_child,7,2141
consent_grp[1]/section_h[1]/h_motiv_grp[1]/h_sch_goal,12,2146
consent_grp[1]/section_h[1]/h_motiv_grp[1]/h_help_emot,6,2160
consent_grp[1]/section_h[1]/h_motiv_grp[1]/h_enjoy_teach,4,2166
consent_grp[1]/section_h[1]/h_motiv_grp[1]/h_develop_society,5,2170
consent_grp[1]/section_h[1]/h_motiv_grp[1]/h_develop_socially,7,2175
consent_grp[1]/section_h[1]/h_motiv_grp[1]/h_perso_clear,6,2182
consent_grp[1]/section_h[1]/h_impor_thing,42,2188
consent_grp[1]/section_h[1]/h_job_satisfaction_grp[1]/h_job_satis_note,14,2230
consent_grp[1]/section_h[1]/h_job_satisfaction_grp[1]/h_look_out,10,2245
consent_grp[1]/section_h[1]/h_job_satisfaction_grp[1]/h_perso_worries,10,2255
consent_grp[1]/section_h[1]/h_job_satisfaction_grp[1]/h_know_col,8,2265
consent_grp[1]/section_h[1]/h_job_satisfaction_grp[1]/h_col_coop,9,2273
consent_grp[1]/section_h[1]/h_job_satisfaction_grp[1]/h_trust_col,7,2283
consent_grp[1]/section_h[1]/h_job_satisfaction_grp[1]/h_enjoy_col,6,2289
consent_grp[1]/section_h[1]/h_job_satisfaction_grp[1]/h_sup_respect,5,2295
consent_grp[1]/section_h[1]/h_job_satisfaction_grp[1]/h_sup_busy,17,2300
consent_grp[1]/section_h[1]/h_job_satisfaction_grp[1]/h_sup_opinion,9,2309
consent_grp[1]/section_h[1]/h_job_satisfaction_grp[1]/h_count_sup,4,2327
consent_grp[1]/section_h[1]/h_job_satisfaction_grp[1]/h_motivated,14,2330
consent_grp[1]/section_h[1]/h_job_satisfaction_grp[1]/h_sup_unpredict,8,2345
consent_grp[1]/section_h[1]/h_job_satisfaction_grp[1]/h_wrk_challenge,17,2352
consent_grp[1]/section_h[1]/h_job_satisfaction_grp[1]/h_wrk_monotonous,18,2370
consent_grp[1]/section_h[1]/h_job_satisfaction_grp[1]/h_wrk_creative,8,2387
consent_grp[1]/section_h[1]/h_job_satisfaction_grp[1]/h_big_impact,9,2394
consent_grp[1]/section_h[1]/h_job_satisfaction_grp[1]/h_little_time,8,2404
consent_grp[1]/section_h[1]/h_job_satisfaction_grp[1]/h_control_satis,19,2412
consent_grp[1]/section_h[1]/h_job_satisfaction_grp[1]/h_look,6,2431
consent_grp[1]/section_h[1]/h_job_satisfaction_grp[1]/h_small_space,12,2437
consent_grp[1]/section_h[1]/h_job_satisfaction_grp[1]/h_new_mat,6,2449
consent_grp[1]/section_h[1]/h_job_satisfaction_grp[1]/h_clean_kinder,9,2455
consent_grp[1]/section_h[1]/h_job_satisfaction_grp[1]/h_loud_kinder,8,2464
consent_grp[1]/section_h[1]/h_job_satisfaction_grp[1]/h_kinder_rules,18,2471
consent_grp[1]/section_h[1]/h_job_satisfaction_grp[1]/h_satisfied_paid,9,2489
consent_grp[1]/section_h[1]/h_burnout_grp[1]/h_burnout_note,11,2498
consent_grp[1]/section_h[1]/h_burnout_grp[1]/h_emotion_drained,9,2509
consent_grp[1]/section_h[1]/h_burnout_grp[1]/h_used_up,8,2518
consent_grp[1]/section_h[1]/h_burnout_grp[1]/h_fatigued,10,2525
consent_grp[1]/section_h[1]/h_burnout_grp[1]/h_child_feel,15,2535
consent_grp[1]/section_h[1]/h_burnout_grp[1]/h_child_impersonal,12,2551
consent_grp[1]/section_h[1]/h_burnout_grp[1]/h_ppl_strain,7,2563
consent_grp[1]/section_h[1]/h_burnout_grp[1]/h_deal_effect,8,2570
consent_grp[1]/section_h[1]/h_burnout_grp[1]/h_burnout,6,2577
consent_grp[1]/section_h[1]/h_burnout_grp[1]/h_pos_influence,7,2583
consent_grp[1]/section_h[1]/h_burnout_grp[1]/h_cold,9,2589
consent_grp[1]/section_h[1]/h_burnout_grp[1]/h_hard,7,2598
consent_grp[1]/section_h[1]/h_burnout_grp[1]/h_energetic,27,2605
consent_grp[1]/section_h[1]/h_burnout_grp[1]/h_frustrated,10,2632
consent_grp[1]/section_h[1]/h_burnout_grp[1]/h_work_hard,103,2642
consent_grp[1]/section_h[1]/h_burnout_grp[1]/h_dont_care,7,2746
consent_grp[1]/section_h[1]/h_burnout_grp[1]/h_put_pressure,11,2753
consent_grp[1]/section_h[1]/h_burnout_grp[1]/h_relax,11,2764
consent_grp[1]/section_h[1]/h_burnout_grp[1]/h_excited,11,2774
consent_grp[1]/section_h[1]/h_burnout_grp[1]/h_accomplished,11,2785
consent_grp[1]/section_h[1]/h_burnout_grp[1]/h_end_of_rop,10,2795
consent_grp[1]/section_h[1]/h_burnout_grp[1]/h_emot_pro_calm,10,2807
consent_grp[1]/i_teacher_knowledge_grp[1]/I_teach_know_note,4,2817
consent_grp[1]/i_teacher_knowledge_grp[1]/i_consonance,33,2822
consent_grp[1]/i_teacher_knowledge_grp[1]/i_vowel,18,2854
consent_grp[1]/i_teacher_knowledge_grp[1]/i_unbelievable,26,2872
consent_grp[1]/i_teacher_knowledge_grp[1]/i_irregular,22,2898
consent_grp[1]/i_teacher_knowledge_grp[1]/i_cat,12,2919
consent_grp[1]/i_teacher_knowledge_grp[1]/i_cough,25,2932
consent_grp[1]/i_teacher_knowledge_grp[1]/i_check,26,2939
consent_grp[1]/i_teacher_knowledge_grp[1]/i_english,19,2983
consent_grp[1]/j_perception_grp[1]/j_perception_note,31,3002
consent_grp[1]/j_perception_grp[1]/j_dev_practice_grp[1]/j_dev_practice_note,7,3033
consent_grp[1]/j_perception_grp[1]/j_dev_practice_grp[1]/j_child_need,21,3040
consent_grp[1]/j_perception_grp[1]/j_dev_practice_grp[1]/j_recog_letter,7,3061
consent_grp[1]/j_perception_grp[1]/j_dev_practice_grp[1]/j_recog_number,7,3068
consent_grp[1]/j_perception_grp[1]/j_dev_practice_grp[1]/j_recog_colour,11,3075
consent_grp[1]/j_perception_grp[1]/j_dev_practice_grp[1]/j_indiv_goal,8,3085
consent_grp[1]/j_perception_grp[1]/j_dev_practice_grp[1]/j_play_materials,7,3093
consent_grp[1]/j_perception_grp[1]/j_dev_practice_grp[1]/j_child_measure,6,3100
consent_grp[1]/j_perception_grp[1]/j_supp_chil_grp[1]/j_supp_chil_note,2,3107
consent_grp[1]/j_perception_grp[1]/j_supp_chil_grp[1]/j_build_relation,8,3109
consent_grp[1]/j_perception_grp[1]/j_supp_chil_grp[1]/j_control_behaviour,6,3117
consent_grp[1]/j_perception_grp[1]/j_supp_chil_grp[1]/j_express_thought,9,3123
consent_grp[1]/j_perception_grp[1]/j_supp_chil_grp[1]/j_resolve_conflicts,7,3132
consent_grp[1]/j_perception_grp[1]/j_supp_chil_grp[1]/j_guidance_style,4,3139
consent_grp[1]/j_perception_grp[1]/j_fam_sensitive_grp[1]/j_fam_sensitive_note,51,3142
consent_grp[1]/j_perception_grp[1]/j_fam_sensitive_grp[1]/j_parent_goal,51,3142
consent_grp[1]/j_perception_grp[1]/j_fam_sensitive_grp[1]/j_work_schedule,51,3142
consent_grp[1]/j_perception_grp[1]/j_fam_sensitive_grp[1]/j_fam_decision,51,3142
consent_grp[1]/j_perception_grp[1]/j_fam_sensitive_grp[1]/j_family_care,51,3142
consent_grp[1]/j_perception_grp[1]/j_fam_sensitive_grp[1]/j_connect_family,51,3142
consent_grp[1]/k_grp[1]/k_instro_note,19,3194
consent_grp[1]/k_grp[1]/k_ts_grp[1]/tmp_k_labels,59,3212
consent_grp[1]/k_grp[1]/k_ts_grp[1]/k_take_priviledges,59,3212
consent_grp[1]/k_grp[1]/k_ts_grp[1]/k_explain_behavior,59,3212
consent_grp[1]/k_grp[1]/k_ts_grp[1]/k_shook,59,3212
consent_grp[1]/k_grp[1]/k_ts_grp[1]/k_shouted,59,3212
consent_grp[1]/k_grp[1]/k_ts_grp[1]/k_gave_something,59,3212
consent_grp[1]/k_grp[1]/k_ts_grp[1]/k_spanked,59,3212
consent_grp[1]/k_grp[1]/k_ts_grp[1]/k_hit_bottom,59,3212
consent_grp[1]/k_grp[1]/k_ts_grp[1]/k_call_dumb,59,3212
consent_grp[1]/k_grp[1]/k_ts_grp[1]/k_hit_face,59,3212
consent_grp[1]/k_grp[1]/k_ts_grp[1]/k_praised,59,3212
consent_grp[1]/k_grp[1]/k_ts_grp[1]/k_affection,59,3212
consent_grp[1]/k_grp[1]/k_ts_grp[1]/k_rewarded,59,3212
consent_grp[1]/l_teaching_prac_grp[1]/l_note,13,3271
consent_grp[1]/l_teaching_prac_grp[1]/l_previos_kinder_act[1]/tmp_l_prac_lab,102,3283
consent_grp[1]/l_teaching_prac_grp[1]/l_previos_kinder_act[1]/l_hygiene_routine,102,3283
consent_grp[1]/l_teaching_prac_grp[1]/l_previos_kinder_act[1]/l_supply,102,3283
consent_grp[1]/l_teaching_prac_grp[1]/l_previos_kinder_act[1]/l_pamper,102,3283
consent_grp[1]/l_teaching_prac_grp[1]/l_previos_kinder_act[1]/l_read,102,3283
consent_grp[1]/l_teaching_prac_grp[1]/l_previos_kinder_act[1]/l_tell,102,3283
consent_grp[1]/l_teaching_prac_grp[1]/l_previos_kinder_act[1]/l_conversatin,102,3283
consent_grp[1]/l_teaching_prac_grp[1]/l_previos_kinder_act[1]/l_sing,102,3283
consent_grp[1]/l_teaching_prac_grp[1]/l_previos_kinder_act[1]/l_dance,102,3283
consent_grp[1]/l_teaching_prac_grp[1]/l_previos_kinder_act[1]/l_visit,102,3283
consent_grp[1]/l_teaching_prac_grp[1]/l_previos_kinder_act[1]/l_play_kg,102,3283
consent_grp[1]/l_teaching_prac_grp[1]/l_previos_kinder_act[1]/l_play_recrea,102,3283
consent_grp[1]/l_teaching_prac_grp[1]/l_previos_kinder_act[1]/l_sleep,102,3283
consent_grp[1]/l_teaching_prac_grp[1]/l_previos_kinder_act[1]/l_run,102,3283
consent_grp[1]/l_teaching_prac_grp[1]/l_previos_kinder_act[1]/l_group_learn,102,3283
consent_grp[1]/l_teaching_prac_grp[1]/l_previos_kinder_act[1]/l_indiv_learn,102,3283
consent_grp[1]/l_teaching_prac_grp[1]/l_class_acti_grp[1]/l_act_grp[1]/tmp_l_class_lab,42,3386
consent_grp[1]/l_teaching_prac_grp[1]/l_class_acti_grp[1]/l_act_grp[1]/l_teach_colour,42,3386
consent_grp[1]/l_teaching_prac_grp[1]/l_class_acti_grp[1]/l_act_grp[1]/l_teach_number,42,3386
consent_grp[1]/l_teaching_prac_grp[1]/l_class_acti_grp[1]/l_act_grp[1]/l_teach_letter,42,3386
consent_grp[1]/l_teaching_prac_grp[1]/l_class_acti_grp[1]/l_act_grp[1]/l_teach_form,42,3386
consent_grp[1]/l_teaching_prac_grp[1]/l_class_acti_grp[1]/l_act_grp[1]/l_socialise,42,3386
consent_grp[1]/l_teaching_prac_grp[1]/l_class_acti_grp[1]/l_act_grp[1]/l_pro_solve,42,3386
consent_grp[1]/l_teaching_prac_grp[1]/l_class_acti_grp[1]/l_act_grp[1]/l_writing,42,3386
consent_grp[1]/l_teaching_prac_grp[1]/l_class_acti_grp[1]/l_act_grp[1]/l_teach_body,42,3386
consent_grp[1]/l_teaching_prac_grp[1]/l_class_acti_grp[1]/l_act_grp[1]/l_pers_hygiene,42,3386
consent_grp[1]/l_teaching_prac_grp[1]/l_class_acti_grp[1]/l_act_grp[1]/l_art_expre,42,3386
consent_grp[1]/l_teaching_prac_grp[1]/l_class_acti_grp[1]/l_act_grp[1]/l_body_lang,42,3386
consent_grp[1]/l_teaching_prac_grp[1]/l_class_acti_grp[1]/l_act_grp[1]/l_concentration,42,3386
consent_grp[1]/l_teaching_prac_grp[1]/l_class_acti_grp[1]/l_act_grp[1]/l_gross_motor,42,3386
consent_grp[1]/l_teaching_prac_grp[1]/l_class_acti_grp[1]/l_act_grp[1]/l_fine_motor,42,3386
consent_grp[1]/l_teaching_prac_grp[1]/l_class_acti_grp[1]/l_act_grp[1]/l_gender,42,3386
consent_grp[1]/l_teaching_prac_grp[1]/l_class_acti_grp[1]/l_act_grp[1]/l_responsibility,42,3386
consent_grp[1]/l_teaching_prac_grp[1]/l_class_acti_grp[1]/l_act_grp[1]/l_speech,42,3386
consent_grp[1]/l_teaching_prac_grp[1]/l_class_acti_grp[1]/l_act_grp[1]/l_explore_comm,42,3386
consent_grp[1]/l_teaching_prac_grp[1]/l_class_acti_grp[1]/l_act_grp[1]/l_explore_culture,42,3386
consent_grp[1]/l_teaching_prac_grp[1]/l_parent_interact_note,3,3429
consent_grp[1]/l_teaching_prac_grp[1]/l_actively_engaged,23,3432
consent_grp[1]/l_teaching_prac_grp[1]/l_proportion_child,17,3454
consent_grp[1]/l_teaching_prac_grp[1]/l_proportion_child_more,18,3471
consent_grp[1]/l_teaching_prac_grp[1]/l_visit_pupil_house,18,3489
consent_grp[1]/l_teaching_prac_grp[1]/l_visit_parent_house,15,3507
consent_grp[1]/l_teaching_prac_grp[1]/l_receive_parent_supp,5,3521
consent_grp[1]/l_teaching_prac_grp[1]/l_day_teaching_note,5,3528
consent_grp[1]/l_teaching_prac_grp[1]/l_day_grp[1]/tmp_l_labs,29,3532
consent_grp[1]/l_teaching_prac_grp[1]/l_day_grp[1]/l_daily_schedule,29,3532
consent_grp[1]/l_teaching_prac_grp[1]/l_day_grp[1]/l_play_period,29,3532
consent_grp[1]/l_teaching_prac_grp[1]/l_day_grp[1]/l_free_play,29,3532
consent_grp[1]/l_teaching_prac_grp[1]/l_day_grp[1]/l_activities,29,3532
consent_grp[1]/l_teaching_prac_grp[1]/l_per_daily_grp[1]/l_perc_note,191,3558
consent_grp[1]/l_teaching_prac_grp[1]/l_per_daily_grp[1]/l_admin_per,191,3558
consent_grp[1]/l_teaching_prac_grp[1]/l_per_daily_grp[1]/l_class_per,191,3558
consent_grp[1]/l_teaching_prac_grp[1]/l_per_daily_grp[1]/l_teach_per,191,3558
consent_grp[1]/l_teaching_prac_grp[1]/l_per_daily_grp[1]/l_super_per,191,3558
consent_grp[1]/l_teaching_prac_grp[1]/l_per_daily_grp[1]/l_super_oth_per,191,3558
consent_grp[1]/l_teaching_prac_grp[1]/l_per_daily_grp[1]/l_break_per,191,3558
consent_grp[1]/l_teaching_prac_grp[1]/l_discipline_note,1,3752
consent_grp[1]/l_teaching_prac_grp[1]/l_dont_like,23,3753
consent_grp[1]/l_teaching_prac_grp[1]/l_really_bad,21,3776
consent_grp[1]/l_teaching_prac_grp[1]/l_does_good,16,3798
consent_grp[1]/l_teaching_prac_grp[1]/l_praise,7,3813
consent_grp[1]/q_note,3,3821
consent_grp[1]/q_activ_yn,12,3824
consent_grp[1]/q_rpt[1]/q_activ_r,13,3835
consent_grp[1]/q_rpt[1]/q_activ_org_r,4,3849
consent_grp[1]/q_rpt[1]/q_activ_org_osp_r,18,3852
consent_grp[1]/q_rpt[1]/q_activ_add_r,7,3870
s_int_accom_yn,4,3876
consent_grp[1]/q_rpt[2]/q_activ_r,8,3880
consent_grp[1]/q_rpt[2]/q_activ_org_r,3,3888
consent_grp[1]/q_rpt[2]/q_activ_org_osp_r,4,3891
consent_grp[1]/q_rpt[2]/q_activ_add_r,9,3895
consent_grp[1]/q_rpt[3]/q_activ_r,12,3904
consent_grp[1]/q_rpt[3]/q_activ_org_r,2,3916
consent_grp[1]/q_rpt[3]/q_activ_org_osp_r,6,3918
consent_grp[1]/q_rpt[3]/q_activ_add_r,2,3924
comments,1,3928
