Field name,Total duration (seconds),First appeared (seconds into survey)
instruction,13,3
a_district_id,5,5
a_circuit_id,13,8
a_kg_id,23,19
a_community_id,9,39
a_enum_id,9,42
consent_note,207,47
con_understand,24,79
con_questions,11,82
con_written,8,86
consent_grp[1]/audio_consent,75,89
consent_grp[1]/d_background_note,7,91
consent_grp[1]/section_d[1]/kgt_key,55,93
consent_grp[1]/section_d[1]/kgt_name_gp[1]/kgt_fsn,374,383
consent_grp[1]/section_d[1]/kgt_name_gp[1]/kgt_msn,374,383
consent_grp[1]/section_d[1]/kgt_name_gp[1]/kgt_lsn,374,383
consent_grp[1]/section_d[1]/kgt_name_gp[1]/kgt_ppn,374,383
consent_grp[1]/section_d[1]/kgt_name_gp[1]/d_sex,374,383
consent_grp[1]/section_d[1]/kgt_confirm_note,64,806
consent_grp[1]/section_d[1]/d_num_cnt,14,898
consent_grp[1]/section_d[1]/d_cnt_grp[1]/d_cnt_main,21,912
consent_grp[1]/section_d[1]/d_cnt_grp[1]/d_cnt_sec,21,912
consent_grp[1]/section_d[1]/d_age,8,933
consent_grp[1]/section_d[1]/d_teacher_grp[1]/d_been_teacher,32,941
consent_grp[1]/section_d[1]/d_teacher_grp[1]/d_teacher_year,32,941
consent_grp[1]/section_d[1]/d_teacher_grp[1]/d_teacher_month,32,941
consent_grp[1]/section_d[1]/d_been_kinder_grp[1]/d_been_kinder,20,963
consent_grp[1]/section_d[1]/d_been_kinder_grp[1]/d_kinder_year,20,963
consent_grp[1]/section_d[1]/d_been_kinder_grp[1]/d_kinder_month,20,963
consent_grp[1]/section_d[1]/d_work_last,9,993
consent_grp[1]/section_d[1]/d_os_yn,9,1002
consent_grp[1]/section_d[1]/d_edu_level,20,1008
consent_grp[1]/section_d[1]/d_os_grp[1]/d_os_name,41,1012
consent_grp[1]/section_d[1]/d_os_grp[1]/d_os_region,41,1012
consent_grp[1]/section_d[1]/d_os_district,5,1053
consent_grp[1]/section_d[1]/d_os_comm,10,1059
consent_grp[1]/section_d[1]/d_edu_train,8,1086
consent_grp[1]/section_d[1]/d_edu_level_fath,8,1094
consent_grp[1]/section_d[1]/d_edu_level_mom,4,1102
consent_grp[1]/section_d[1]/d_marital_status,13,1106
consent_grp[1]/section_d[1]/d_ethnic_group,5,1119
consent_grp[1]/section_d[1]/d_religion,3,1124
consent_grp[1]/section_d[1]/d_la_spk_grp[1]/d_la_spk_note,41,1127
consent_grp[1]/section_d[1]/d_la_spk_grp[1]/d_la_spk_eng,41,1127
consent_grp[1]/section_d[1]/d_la_spk_grp[1]/d_la_spk_dagb,41,1127
consent_grp[1]/section_d[1]/d_la_wrt_grp[1]/d_la_wrt_note,41,1168
consent_grp[1]/section_d[1]/d_la_wrt_grp[1]/d_la_wrt_eng,41,1168
consent_grp[1]/section_d[1]/d_la_wrt_grp[1]/d_la_wrt_dagb,41,1168
consent_grp[1]/section_d[1]/d_main_language,18,1210
consent_grp[1]/section_d[1]/d_loc_lang_kinderg,5,1227
consent_grp[1]/e_rel_grp[1]/e_hh_note,8,1232
consent_grp[1]/e_rel_grp[1]/e_hh_num,16,1240
consent_grp[1]/e_rel_grp[1]/e_hh_grp[1]/e_hh_head,68,1255
consent_grp[1]/e_rel_grp[1]/e_hh_grp[1]/e_chil_hh,68,1255
consent_grp[1]/e_rel_grp[1]/e_hh_grp[1]/e_adult_hh,68,1255
consent_grp[1]/e_rel_grp[1]/e_hh_school,17,1324
consent_grp[1]/e_rel_grp[1]/e_read_english,16,1341
consent_grp[1]/e_rel_grp[1]/e_rate_health,18,1357
consent_grp[1]/e_rel_grp[1]/e_live_note,7,1375
consent_grp[1]/e_rel_grp[1]/e_rooms_occu,20,1382
consent_grp[1]/e_rel_grp[1]/e_own_status,22,1402
consent_grp[1]/e_rel_grp[1]/e_electricity_inhouse,6,1424
consent_grp[1]/e_rel_grp[1]/e_floor_material,26,1430
consent_grp[1]/e_rel_grp[1]/e_interior_floor,11,1456
consent_grp[1]/e_rel_grp[1]/e_roof_mat,14,1467
consent_grp[1]/e_rel_grp[1]/e_cook_fuel,10,1481
consent_grp[1]/e_rel_grp[1]/e_lighting,8,1491
consent_grp[1]/e_rel_grp[1]/e_drink_source,17,1499
consent_grp[1]/e_rel_grp[1]/e_toilet_facility,7,1516
consent_grp[1]/e_rel_grp[1]/e_asset_note,9,1523
consent_grp[1]/e_rel_grp[1]/e_hh_own_phone,21,1532
consent_grp[1]/e_rel_grp[1]/e_hh_ass_grp[1]/tmp_e_hh_ass_lab,99,1553
consent_grp[1]/e_rel_grp[1]/e_hh_ass_grp[1]/e_hh_ass_radio,99,1553
consent_grp[1]/e_rel_grp[1]/e_hh_ass_grp[1]/e_hh_ass_refrig,99,1553
consent_grp[1]/e_rel_grp[1]/e_hh_ass_grp[1]/e_hh_ass_bike,99,1553
consent_grp[1]/e_rel_grp[1]/e_hh_ass_grp[1]/e_hh_ass_tv,99,1553
consent_grp[1]/e_rel_grp[1]/e_hh_ass_grp[1]/e_hh_ass_vcr,99,1553
consent_grp[1]/e_rel_grp[1]/e_hh_ass_grp[1]/e_hh_ass_motor,99,1553
consent_grp[1]/e_rel_grp[1]/e_hh_ass_grp[1]/e_hh_ass_car,99,1553
consent_grp[1]/e_rel_grp[1]/e_hh_ass_grp[1]/e_hh_ass_tractor,99,1553
consent_grp[1]/e_rel_grp[1]/e_hh_ass_grp[1]/e_hh_ass_farm_equip,99,1553
consent_grp[1]/e_rel_grp[1]/e_hh_ass_grp[1]/e_hh_ass_sew_mach,99,1553
consent_grp[1]/e_rel_grp[1]/e_hh_ass_grp[1]/e_hh_ass_bed,99,1553
consent_grp[1]/e_rel_grp[1]/e_hh_ass_grp[1]/e_hh_ass_mattress,99,1553
consent_grp[1]/e_rel_grp[1]/e_hh_ass_grp[1]/e_hh_ass_table_chair,99,1553
consent_grp[1]/e_rel_grp[1]/e_hh_ass_grp[1]/e_hh_ass_stool,99,1553
consent_grp[1]/e_rel_grp[1]/e_hh_ass_grp[1]/e_hh_ass_sofa,99,1553
consent_grp[1]/e_rel_grp[1]/e_hh_ass_grp[1]/e_hh_ass_fan,99,1553
consent_grp[1]/e_rel_grp[1]/e_hh_ass_grp[1]/e_hh_ass_lamp,99,1553
consent_grp[1]/e_rel_grp[1]/e_hh_ass_grp[1]/e_hh_ass_watch,99,1553
consent_grp[1]/e_rel_grp[1]/e_hh_ass_grp[1]/e_hh_ass_mat,99,1553
consent_grp[1]/e_rel_grp[1]/e_hh_ass_grp[1]/e_hh_ass_torch,99,1553
consent_grp[1]/e_rel_grp[1]/e_hh_ass_grp[1]/e_hh_ass_cabinet,99,1553
consent_grp[1]/e_rel_grp[1]/e_hh_ass_grp[1]/e_hh_ass_pot,99,1553
consent_grp[1]/e_rel_grp[1]/e_hh_ass_grp[1]/e_hh_ass_itn,99,1553
consent_grp[1]/e_rel_grp[1]/e_hh_ass_grp[1]/e_hh_ass_iron_elec,99,1553
consent_grp[1]/e_rel_grp[1]/e_hh_ass_grp[1]/e_hh_ass_iron_coal,99,1553
consent_grp[1]/e_rel_grp[1]/e_hh_ass_grp[1]/e_hh_ass_iron_gas,99,1553
consent_grp[1]/f_rel_grp[1]/f_comm_note,5,1653
consent_grp[1]/f_rel_grp[1]/section_f[1]/f_born_comm,37,1658
consent_grp[1]/f_rel_grp[1]/section_f[1]/f_school_loc,14,1695
consent_grp[1]/f_rel_grp[1]/section_f[1]/f_lived_bef_teach,12,1708
consent_grp[1]/f_rel_grp[1]/section_f[1]/f_lived_grp[1]/f_lived_comm,21,1721
consent_grp[1]/f_rel_grp[1]/section_f[1]/f_lived_grp[1]/f_lived_comm_year,21,1721
consent_grp[1]/f_rel_grp[1]/section_f[1]/f_lived_grp[1]/f_lived_comm_month,21,1721
consent_grp[1]/f_rel_grp[1]/section_f[1]/f_fam_lived,17,1742
consent_grp[1]/f_rel_grp[1]/section_f[1]/f_emot_support,13,1758
consent_grp[1]/f_rel_grp[1]/section_f[1]/f_emot_support_num,17,1771
consent_grp[1]/f_rel_grp[1]/section_f[1]/f_lend_money,14,1788
consent_grp[1]/f_rel_grp[1]/section_f[1]/f_borrow_money,12,1802
consent_grp[1]/f_rel_grp[1]/section_f[1]/f_rel_live_nearby,12,1815
consent_grp[1]/f_rel_grp[1]/section_f[1]/f_part_comm,15,1826
consent_grp[1]/f_rel_grp[1]/section_f[1]/f_main_trans,7,1841
consent_grp[1]/f_rel_grp[1]/section_f[1]/f_min_get_sch_grp[1]/f_min_get_note,26,1848
consent_grp[1]/f_rel_grp[1]/section_f[1]/f_min_get_sch_grp[1]/f_h_get_school,26,1848
consent_grp[1]/f_rel_grp[1]/section_f[1]/f_min_get_sch_grp[1]/f_m_get_school,26,1848
consent_grp[1]/g_nature_wrk_note,9,1874
consent_grp[1]/section_g[1]/g_teach_pos,10,1882
consent_grp[1]/section_g[1]/g_teach_school,6,1893
consent_grp[1]/section_g[1]/g_kg_grade,9,1898
consent_grp[1]/section_g[1]/g_class_grp[1]/g_children_note,12,1907
consent_grp[1]/section_g[1]/g_class_grp[1]/g_kg_2,12,1907
consent_grp[1]/section_g[1]/g_ah_grp[1]/g_ah_note,88,1920
consent_grp[1]/section_g[1]/g_ah_grp[1]/g_ah_working,88,1920
consent_grp[1]/section_g[1]/g_ah_grp[1]/g_ah_prepping,88,1920
consent_grp[1]/section_g[1]/g_eh_grp[1]/g_eh_note,51,1948
consent_grp[1]/section_g[1]/g_eh_grp[1]/g_eh_working,51,1948
consent_grp[1]/section_g[1]/g_eh_grp[1]/g_eh_prepping,51,1948
consent_grp[1]/section_g[1]/g_teach_salary,26,2059
consent_grp[1]/section_g[1]/g_salary_freq,22,2085
consent_grp[1]/section_g[1]/g_salary_intime,23,2107
consent_grp[1]/section_g[1]/g_money_cmp,12,2129
consent_grp[1]/section_g[1]/g_job_outside,10,2141
consent_grp[1]/section_g[1]/g_job_outside_income,14,2150
consent_grp[1]/section_g[1]/g_earn_grp[1]/g_earn_amt,26,2164
consent_grp[1]/section_g[1]/g_earn_grp[1]/g_earn_freq,26,2164
consent_grp[1]/section_g[1]/g_extra_money_spec,14,2187
consent_grp[1]/section_g[1]/g_sch_pro_grp[1]/tmp_g_sch_pro_lab,163,2202
consent_grp[1]/section_g[1]/g_sch_pro_grp[1]/g_class,163,2202
consent_grp[1]/section_g[1]/g_sch_pro_grp[1]/g_class_taught,163,2202
consent_grp[1]/section_g[1]/g_sch_pro_grp[1]/g_fin_resource,163,2202
consent_grp[1]/section_g[1]/g_sch_pro_grp[1]/g_high_expe,163,2202
consent_grp[1]/section_g[1]/g_sch_pro_grp[1]/g_change_curri,163,2202
consent_grp[1]/section_g[1]/g_sch_pro_grp[1]/g_diff_curri,163,2202
consent_grp[1]/section_g[1]/g_sch_pro_grp[1]/g_easy_curri,163,2202
consent_grp[1]/section_g[1]/g_sch_pro_grp[1]/g_par_dem_high,163,2202
consent_grp[1]/section_g[1]/g_sch_pro_grp[1]/g_par_suff_interest,163,2202
consent_grp[1]/section_g[1]/g_sch_pro_grp[1]/g_par_suff_active,163,2202
consent_grp[1]/section_g[1]/g_par_supp_grp[1]/g_par_supp_note,14,2367
consent_grp[1]/section_g[1]/g_par_supp_grp[1]/g_home_wrk,33,2381
consent_grp[1]/section_g[1]/g_par_supp_grp[1]/g_behave_val,11,2414
consent_grp[1]/section_g[1]/g_par_supp_grp[1]/g_get_schl,8,2425
consent_grp[1]/section_g[1]/g_par_supp_grp[1]/g_visit_schl,16,2434
consent_grp[1]/section_g[1]/g_par_supp_grp[1]/g_show_respect,9,2450
consent_grp[1]/section_g[1]/g_par_supp_grp[1]/g_best_schl,15,2459
consent_grp[1]/section_g[1]/g_par_supp_grp[1]/g_parti_pta,9,2472
consent_grp[1]/section_g[1]/g_par_supp_grp[1]/g_cont_kg_act,15,2483
consent_grp[1]/section_g[1]/g_lead_respect,19,2497
consent_grp[1]/section_g[1]/g_val_citizen,11,2516
consent_grp[1]/section_h[1]/sec_h_depre_note,52,2527
consent_grp[1]/section_h[1]/h_depression_grp[1]/h_da_note,157,2579
consent_grp[1]/section_h[1]/h_depression_grp[1]/tmp_h_da_lab,157,2579
consent_grp[1]/section_h[1]/h_depression_grp[1]/h_headache,157,2579
consent_grp[1]/section_h[1]/h_depression_grp[1]/h_appetite,157,2579
consent_grp[1]/section_h[1]/h_depression_grp[1]/h_sleep,157,2579
consent_grp[1]/section_h[1]/h_depression_grp[1]/h_frightened,157,2579
consent_grp[1]/section_h[1]/h_depression_grp[1]/h_hands_shake,157,2579
consent_grp[1]/section_h[1]/h_depression_grp[1]/h_nervous,157,2579
consent_grp[1]/section_h[1]/h_depression_grp[1]/h_digestion,157,2579
consent_grp[1]/section_h[1]/h_depression_grp[1]/h_thinking,157,2579
consent_grp[1]/section_h[1]/h_depression_grp[1]/h_unhappy,157,2579
consent_grp[1]/section_h[1]/h_depression_grp[1]/h_cry,157,2579
consent_grp[1]/section_h[1]/h_depression_grp[1]/h_activities,157,2579
consent_grp[1]/section_h[1]/h_depression_grp[1]/h_decisions,157,2579
consent_grp[1]/section_h[1]/h_depression_grp[1]/h_daily_work,157,2579
consent_grp[1]/section_h[1]/h_depression_grp[1]/h_life,157,2579
consent_grp[1]/section_h[1]/h_depression_grp[1]/h_interest,157,2579
consent_grp[1]/section_h[1]/h_depression_grp[1]/h_worthless,157,2579
consent_grp[1]/section_h[1]/h_depression_grp[1]/h_end_life,157,2579
consent_grp[1]/section_h[1]/h_depression_grp[1]/h_tired,157,2579
consent_grp[1]/section_h[1]/h_depression_grp[1]/h_uncomfortable,157,2579
consent_grp[1]/section_h[1]/h_depression_grp[1]/h_easily_tired,157,2579
consent_grp[1]/section_h[1]/sec_h_ext_contr_note,18,2736
consent_grp[1]/section_h[1]/h_ext_control_grp[1]/h_ext_cont_note,7,2754
consent_grp[1]/section_h[1]/h_ext_control_grp[1]/h_pup_learn,30,2761
consent_grp[1]/section_h[1]/h_ext_control_grp[1]/h_discipline,16,2790
consent_grp[1]/section_h[1]/h_ext_control_grp[1]/h_stu_achieve,13,2806
consent_grp[1]/section_h[1]/h_ext_control_grp[1]/h_teach_motiv,21,2819
consent_grp[1]/section_h[1]/h_ext_control_grp[1]/h_good_teach,24,2840
consent_grp[1]/section_h[1]/sec_h_motiv_note,3,2864
consent_grp[1]/section_h[1]/h_motiv_grp[1]/h_motiv_note,15,2867
consent_grp[1]/section_h[1]/h_motiv_grp[1]/h_motiv_help,16,2873
consent_grp[1]/section_h[1]/h_motiv_grp[1]/h_quest_school,15,2898
consent_grp[1]/section_h[1]/h_motiv_grp[1]/h_help_child,9,2913
consent_grp[1]/section_h[1]/h_motiv_grp[1]/h_sch_goal,13,2922
consent_grp[1]/section_h[1]/h_motiv_grp[1]/h_help_emot,16,2934
consent_grp[1]/section_h[1]/h_motiv_grp[1]/h_enjoy_teach,13,2950
consent_grp[1]/section_h[1]/h_motiv_grp[1]/h_develop_society,12,2964
consent_grp[1]/section_h[1]/h_motiv_grp[1]/h_develop_socially,14,2976
consent_grp[1]/section_h[1]/h_motiv_grp[1]/h_perso_clear,8,2990
consent_grp[1]/section_h[1]/h_impor_thing,42,2998
consent_grp[1]/section_h[1]/h_job_satisfaction_grp[1]/h_job_satis_note,34,3039
consent_grp[1]/section_h[1]/h_job_satisfaction_grp[1]/h_look_out,15,3049
consent_grp[1]/section_h[1]/h_job_satisfaction_grp[1]/h_perso_worries,13,3089
consent_grp[1]/section_h[1]/h_job_satisfaction_grp[1]/h_know_col,15,3102
consent_grp[1]/section_h[1]/h_job_satisfaction_grp[1]/h_col_coop,19,3117
consent_grp[1]/section_h[1]/h_job_satisfaction_grp[1]/h_trust_col,11,3137
consent_grp[1]/section_h[1]/h_job_satisfaction_grp[1]/h_enjoy_col,11,3148
consent_grp[1]/section_h[1]/h_job_satisfaction_grp[1]/h_sup_respect,6,3158
consent_grp[1]/section_h[1]/h_job_satisfaction_grp[1]/h_sup_busy,9,3165
consent_grp[1]/section_h[1]/h_job_satisfaction_grp[1]/h_sup_opinion,9,3174
consent_grp[1]/section_h[1]/h_job_satisfaction_grp[1]/h_count_sup,15,3183
consent_grp[1]/section_h[1]/h_job_satisfaction_grp[1]/h_motivated,9,3198
consent_grp[1]/section_h[1]/h_job_satisfaction_grp[1]/h_sup_unpredict,8,3207
consent_grp[1]/section_h[1]/h_job_satisfaction_grp[1]/h_wrk_challenge,17,3215
consent_grp[1]/section_h[1]/h_job_satisfaction_grp[1]/h_wrk_monotonous,28,3232
consent_grp[1]/section_h[1]/h_job_satisfaction_grp[1]/h_wrk_creative,7,3256
consent_grp[1]/section_h[1]/h_job_satisfaction_grp[1]/h_big_impact,7,3267
consent_grp[1]/section_h[1]/h_job_satisfaction_grp[1]/h_little_time,13,3274
consent_grp[1]/section_h[1]/h_job_satisfaction_grp[1]/h_control_satis,11,3287
consent_grp[1]/section_h[1]/h_job_satisfaction_grp[1]/h_look,16,3298
consent_grp[1]/section_h[1]/h_job_satisfaction_grp[1]/h_small_space,28,3314
consent_grp[1]/section_h[1]/h_job_satisfaction_grp[1]/h_new_mat,9,3342
consent_grp[1]/section_h[1]/h_job_satisfaction_grp[1]/h_clean_kinder,18,3351
consent_grp[1]/section_h[1]/h_job_satisfaction_grp[1]/h_loud_kinder,8,3369
consent_grp[1]/section_h[1]/h_job_satisfaction_grp[1]/h_kinder_rules,8,3377
consent_grp[1]/section_h[1]/h_job_satisfaction_grp[1]/h_satisfied_paid,9,3385
consent_grp[1]/section_h[1]/h_burnout_grp[1]/h_burnout_note,12,3394
consent_grp[1]/section_h[1]/h_burnout_grp[1]/h_emotion_drained,18,3407
consent_grp[1]/section_h[1]/h_burnout_grp[1]/h_used_up,161,3424
consent_grp[1]/section_h[1]/h_burnout_grp[1]/h_fatigued,19,3585
consent_grp[1]/section_h[1]/h_burnout_grp[1]/h_child_feel,15,3604
consent_grp[1]/section_h[1]/h_burnout_grp[1]/h_child_impersonal,28,3619
consent_grp[1]/section_h[1]/h_burnout_grp[1]/h_ppl_strain,34,3647
consent_grp[1]/section_h[1]/h_burnout_grp[1]/h_deal_effect,18,3681
consent_grp[1]/section_h[1]/h_burnout_grp[1]/h_burnout,28,3699
consent_grp[1]/section_h[1]/h_burnout_grp[1]/h_pos_influence,15,3728
consent_grp[1]/section_h[1]/h_burnout_grp[1]/h_cold,37,3742
consent_grp[1]/section_h[1]/h_burnout_grp[1]/h_hard,20,3779
consent_grp[1]/section_h[1]/h_burnout_grp[1]/h_energetic,15,3800
consent_grp[1]/section_h[1]/h_burnout_grp[1]/h_frustrated,21,3815
consent_grp[1]/section_h[1]/h_burnout_grp[1]/h_work_hard,10,3835
consent_grp[1]/section_h[1]/h_burnout_grp[1]/h_dont_care,14,3846
consent_grp[1]/section_h[1]/h_burnout_grp[1]/h_put_pressure,25,3860
consent_grp[1]/section_h[1]/h_burnout_grp[1]/h_relax,12,3886
consent_grp[1]/section_h[1]/h_burnout_grp[1]/h_excited,11,3897
consent_grp[1]/section_h[1]/h_burnout_grp[1]/h_accomplished,20,3908
consent_grp[1]/section_h[1]/h_burnout_grp[1]/h_end_of_rop,26,3928
consent_grp[1]/section_h[1]/h_burnout_grp[1]/h_emot_pro_calm,15,3954
consent_grp[1]/i_teacher_knowledge_grp[1]/I_teach_know_note,29,3969
consent_grp[1]/i_teacher_knowledge_grp[1]/i_consonance,34,3997
consent_grp[1]/i_teacher_knowledge_grp[1]/i_vowel,31,4031
consent_grp[1]/i_teacher_knowledge_grp[1]/i_unbelievable,39,4062
consent_grp[1]/i_teacher_knowledge_grp[1]/i_irregular,32,4101
consent_grp[1]/i_teacher_knowledge_grp[1]/i_cat,20,4133
consent_grp[1]/i_teacher_knowledge_grp[1]/i_cough,17,4153
consent_grp[1]/i_teacher_knowledge_grp[1]/i_check,25,4170
consent_grp[1]/i_teacher_knowledge_grp[1]/i_english,28,4195
consent_grp[1]/j_perception_grp[1]/j_perception_note,67,4223
consent_grp[1]/j_perception_grp[1]/j_dev_practice_grp[1]/j_dev_practice_note,13,4290
consent_grp[1]/j_perception_grp[1]/j_dev_practice_grp[1]/j_child_need,12,4303
consent_grp[1]/j_perception_grp[1]/j_dev_practice_grp[1]/j_recog_letter,13,4315
consent_grp[1]/j_perception_grp[1]/j_dev_practice_grp[1]/j_recog_number,9,4328
consent_grp[1]/j_perception_grp[1]/j_dev_practice_grp[1]/j_recog_colour,8,4338
consent_grp[1]/j_perception_grp[1]/j_dev_practice_grp[1]/j_indiv_goal,10,4346
consent_grp[1]/j_perception_grp[1]/j_dev_practice_grp[1]/j_play_materials,8,4356
consent_grp[1]/j_perception_grp[1]/j_dev_practice_grp[1]/j_child_measure,14,4364
consent_grp[1]/j_perception_grp[1]/j_supp_chil_grp[1]/j_supp_chil_note,15,4378
consent_grp[1]/j_perception_grp[1]/j_supp_chil_grp[1]/j_build_relation,12,4392
consent_grp[1]/j_perception_grp[1]/j_supp_chil_grp[1]/j_control_behaviour,8,4405
consent_grp[1]/j_perception_grp[1]/j_supp_chil_grp[1]/j_express_thought,10,4412
consent_grp[1]/j_perception_grp[1]/j_supp_chil_grp[1]/j_resolve_conflicts,8,4422
consent_grp[1]/j_perception_grp[1]/j_supp_chil_grp[1]/j_guidance_style,16,4430
consent_grp[1]/j_perception_grp[1]/j_fam_sensitive_grp[1]/j_fam_sensitive_note,62,4446
consent_grp[1]/j_perception_grp[1]/j_fam_sensitive_grp[1]/j_parent_goal,62,4446
consent_grp[1]/j_perception_grp[1]/j_fam_sensitive_grp[1]/j_work_schedule,62,4446
consent_grp[1]/j_perception_grp[1]/j_fam_sensitive_grp[1]/j_fam_decision,62,4446
consent_grp[1]/j_perception_grp[1]/j_fam_sensitive_grp[1]/j_family_care,62,4446
consent_grp[1]/j_perception_grp[1]/j_fam_sensitive_grp[1]/j_connect_family,62,4446
consent_grp[1]/k_grp[1]/k_instro_note,40,4508
consent_grp[1]/k_grp[1]/k_ts_grp[1]/tmp_k_labels,114,4529
consent_grp[1]/k_grp[1]/k_ts_grp[1]/k_take_priviledges,114,4529
consent_grp[1]/k_grp[1]/k_ts_grp[1]/k_explain_behavior,114,4529
consent_grp[1]/k_grp[1]/k_ts_grp[1]/k_shook,114,4529
consent_grp[1]/k_grp[1]/k_ts_grp[1]/k_shouted,114,4529
consent_grp[1]/k_grp[1]/k_ts_grp[1]/k_gave_something,114,4529
consent_grp[1]/k_grp[1]/k_ts_grp[1]/k_spanked,114,4529
consent_grp[1]/k_grp[1]/k_ts_grp[1]/k_hit_bottom,114,4529
consent_grp[1]/k_grp[1]/k_ts_grp[1]/k_call_dumb,114,4529
consent_grp[1]/k_grp[1]/k_ts_grp[1]/k_hit_face,114,4529
consent_grp[1]/k_grp[1]/k_ts_grp[1]/k_praised,114,4529
consent_grp[1]/k_grp[1]/k_ts_grp[1]/k_affection,114,4529
consent_grp[1]/k_grp[1]/k_ts_grp[1]/k_rewarded,114,4529
consent_grp[1]/l_teaching_prac_grp[1]/l_note,7,4662
consent_grp[1]/l_teaching_prac_grp[1]/l_previos_kinder_act[1]/tmp_l_prac_lab,67,4669
consent_grp[1]/l_teaching_prac_grp[1]/l_previos_kinder_act[1]/l_hygiene_routine,67,4669
consent_grp[1]/l_teaching_prac_grp[1]/l_previos_kinder_act[1]/l_supply,67,4669
consent_grp[1]/l_teaching_prac_grp[1]/l_previos_kinder_act[1]/l_pamper,67,4669
consent_grp[1]/l_teaching_prac_grp[1]/l_previos_kinder_act[1]/l_read,67,4669
consent_grp[1]/l_teaching_prac_grp[1]/l_previos_kinder_act[1]/l_tell,67,4669
consent_grp[1]/l_teaching_prac_grp[1]/l_previos_kinder_act[1]/l_conversatin,67,4669
consent_grp[1]/l_teaching_prac_grp[1]/l_previos_kinder_act[1]/l_sing,67,4669
consent_grp[1]/l_teaching_prac_grp[1]/l_previos_kinder_act[1]/l_dance,67,4669
consent_grp[1]/l_teaching_prac_grp[1]/l_previos_kinder_act[1]/l_visit,67,4669
consent_grp[1]/l_teaching_prac_grp[1]/l_previos_kinder_act[1]/l_play_kg,67,4669
consent_grp[1]/l_teaching_prac_grp[1]/l_previos_kinder_act[1]/l_play_recrea,67,4669
consent_grp[1]/l_teaching_prac_grp[1]/l_previos_kinder_act[1]/l_sleep,67,4669
consent_grp[1]/l_teaching_prac_grp[1]/l_previos_kinder_act[1]/l_run,67,4669
consent_grp[1]/l_teaching_prac_grp[1]/l_previos_kinder_act[1]/l_group_learn,67,4669
consent_grp[1]/l_teaching_prac_grp[1]/l_previos_kinder_act[1]/l_indiv_learn,67,4669
consent_grp[1]/l_teaching_prac_grp[1]/l_class_acti_grp[1]/l_act_grp[1]/tmp_l_class_lab,112,4737
consent_grp[1]/l_teaching_prac_grp[1]/l_class_acti_grp[1]/l_act_grp[1]/l_teach_colour,112,4737
consent_grp[1]/l_teaching_prac_grp[1]/l_class_acti_grp[1]/l_act_grp[1]/l_teach_number,112,4737
consent_grp[1]/l_teaching_prac_grp[1]/l_class_acti_grp[1]/l_act_grp[1]/l_teach_letter,112,4737
consent_grp[1]/l_teaching_prac_grp[1]/l_class_acti_grp[1]/l_act_grp[1]/l_teach_form,112,4737
consent_grp[1]/l_teaching_prac_grp[1]/l_class_acti_grp[1]/l_act_grp[1]/l_socialise,112,4737
consent_grp[1]/l_teaching_prac_grp[1]/l_class_acti_grp[1]/l_act_grp[1]/l_pro_solve,112,4737
consent_grp[1]/l_teaching_prac_grp[1]/l_class_acti_grp[1]/l_act_grp[1]/l_writing,112,4737
consent_grp[1]/l_teaching_prac_grp[1]/l_class_acti_grp[1]/l_act_grp[1]/l_teach_body,112,4737
consent_grp[1]/l_teaching_prac_grp[1]/l_class_acti_grp[1]/l_act_grp[1]/l_pers_hygiene,112,4737
consent_grp[1]/l_teaching_prac_grp[1]/l_class_acti_grp[1]/l_act_grp[1]/l_art_expre,112,4737
consent_grp[1]/l_teaching_prac_grp[1]/l_class_acti_grp[1]/l_act_grp[1]/l_body_lang,112,4737
consent_grp[1]/l_teaching_prac_grp[1]/l_class_acti_grp[1]/l_act_grp[1]/l_concentration,112,4737
consent_grp[1]/l_teaching_prac_grp[1]/l_class_acti_grp[1]/l_act_grp[1]/l_gross_motor,112,4737
consent_grp[1]/l_teaching_prac_grp[1]/l_class_acti_grp[1]/l_act_grp[1]/l_fine_motor,112,4737
consent_grp[1]/l_teaching_prac_grp[1]/l_class_acti_grp[1]/l_act_grp[1]/l_gender,112,4737
consent_grp[1]/l_teaching_prac_grp[1]/l_class_acti_grp[1]/l_act_grp[1]/l_responsibility,112,4737
consent_grp[1]/l_teaching_prac_grp[1]/l_class_acti_grp[1]/l_act_grp[1]/l_speech,112,4737
consent_grp[1]/l_teaching_prac_grp[1]/l_class_acti_grp[1]/l_act_grp[1]/l_explore_comm,112,4737
consent_grp[1]/l_teaching_prac_grp[1]/l_class_acti_grp[1]/l_act_grp[1]/l_explore_culture,112,4737
consent_grp[1]/l_teaching_prac_grp[1]/l_parent_interact_note,11,4849
consent_grp[1]/l_teaching_prac_grp[1]/l_actively_engaged,27,4859
consent_grp[1]/l_teaching_prac_grp[1]/l_proportion_child,20,4887
consent_grp[1]/l_teaching_prac_grp[1]/l_proportion_child_more,22,4907
consent_grp[1]/l_teaching_prac_grp[1]/l_visit_pupil_house,31,4930
consent_grp[1]/l_teaching_prac_grp[1]/l_visit_parent_house,12,4960
consent_grp[1]/l_teaching_prac_grp[1]/l_receive_parent_supp,12,4972
consent_grp[1]/l_teaching_prac_grp[1]/l_day_teaching_note,7,4984
consent_grp[1]/l_teaching_prac_grp[1]/l_day_grp[1]/tmp_l_labs,39,4990
consent_grp[1]/l_teaching_prac_grp[1]/l_day_grp[1]/l_daily_schedule,39,4990
consent_grp[1]/l_teaching_prac_grp[1]/l_day_grp[1]/l_play_period,39,4990
consent_grp[1]/l_teaching_prac_grp[1]/l_day_grp[1]/l_free_play,39,4990
consent_grp[1]/l_teaching_prac_grp[1]/l_day_grp[1]/l_activities,39,4990
consent_grp[1]/l_teaching_prac_grp[1]/l_per_daily_grp[1]/l_perc_note,241,5027
consent_grp[1]/l_teaching_prac_grp[1]/l_per_daily_grp[1]/l_admin_per,241,5027
consent_grp[1]/l_teaching_prac_grp[1]/l_per_daily_grp[1]/l_class_per,241,5027
consent_grp[1]/l_teaching_prac_grp[1]/l_per_daily_grp[1]/l_teach_per,241,5027
consent_grp[1]/l_teaching_prac_grp[1]/l_per_daily_grp[1]/l_super_per,241,5027
consent_grp[1]/l_teaching_prac_grp[1]/l_per_daily_grp[1]/l_super_oth_per,241,5027
consent_grp[1]/l_teaching_prac_grp[1]/l_per_daily_grp[1]/l_break_per,241,5027
consent_grp[1]/l_teaching_prac_grp[1]/l_discipline_note,3,5271
consent_grp[1]/l_teaching_prac_grp[1]/l_dont_like,44,5274
consent_grp[1]/l_teaching_prac_grp[1]/l_really_bad,16,5317
consent_grp[1]/l_teaching_prac_grp[1]/l_does_good,11,5333
consent_grp[1]/l_teaching_prac_grp[1]/l_praise,25,5344
consent_grp[1]/q_note,13,5369
consent_grp[1]/q_activ_yn,17,5381
consent_grp[1]/q_rpt[1]/q_activ_r,39,5391
consent_grp[1]/q_rpt[1]/q_activ_org_r,19,5406
consent_grp[1]/q_rpt[1]/q_activ_add_r,14,5457
s_int_accom_yn,4,5471
comments,2,5476
