Field name,Total duration (seconds),First appeared (seconds into survey)
instruction,1,2
a_district_id,2,3
a_circuit_id,13,5
a_kg_id,13,19
a_community_id,3,31
a_enum_id,11,34
consent_note,185,44
con_understand,11,229
con_questions,5,241
con_written,8,246
consent_grp[1]/audio_consent,42,254
consent_grp[1]/d_background_note,74,295
consent_grp[1]/section_d[1]/kgt_key,10,370
consent_grp[1]/section_d[1]/kgt_name_gp[1]/kgt_fsn,208,380
consent_grp[1]/section_d[1]/kgt_name_gp[1]/kgt_msn,208,380
consent_grp[1]/section_d[1]/kgt_name_gp[1]/kgt_lsn,208,380
consent_grp[1]/section_d[1]/kgt_name_gp[1]/kgt_ppn,208,380
consent_grp[1]/section_d[1]/kgt_name_gp[1]/d_sex,208,380
consent_grp[1]/section_d[1]/kgt_confirm_note,8,588
consent_grp[1]/section_d[1]/d_num_cnt,14,596
consent_grp[1]/section_d[1]/d_cnt_grp[1]/d_cnt_main,10,610
consent_grp[1]/section_d[1]/d_age,10,620
consent_grp[1]/section_d[1]/d_teacher_grp[1]/d_been_teacher,96,630
consent_grp[1]/section_d[1]/d_teacher_grp[1]/d_teacher_year,96,630
consent_grp[1]/section_d[1]/d_teacher_grp[1]/d_teacher_month,96,630
consent_grp[1]/section_d[1]/d_been_kinder_grp[1]/d_been_kinder,10,726
consent_grp[1]/section_d[1]/d_been_kinder_grp[1]/d_kinder_year,10,726
consent_grp[1]/section_d[1]/d_been_kinder_grp[1]/d_kinder_month,10,726
consent_grp[1]/section_d[1]/d_work_last,16,735
consent_grp[1]/section_d[1]/d_os_yn,9,750
consent_grp[1]/section_d[1]/d_edu_level,15,760
consent_grp[1]/section_d[1]/d_edu_train,71,775
consent_grp[1]/section_d[1]/d_edu_level_train,19,846
consent_grp[1]/section_d[1]/d_edu_level_fath,18,864
consent_grp[1]/section_d[1]/d_edu_level_mom,6,882
consent_grp[1]/section_d[1]/d_marital_status,24,888
consent_grp[1]/section_d[1]/d_ethnic_group,9,899
consent_grp[1]/section_d[1]/d_religion,5,921
consent_grp[1]/section_d[1]/d_la_spk_grp[1]/d_la_spk_note,30,926
consent_grp[1]/section_d[1]/d_la_spk_grp[1]/d_la_spk_eng,30,926
consent_grp[1]/section_d[1]/d_la_spk_grp[1]/d_la_spk_dagb,30,926
consent_grp[1]/section_d[1]/d_la_wrt_grp[1]/d_la_wrt_note,26,956
consent_grp[1]/section_d[1]/d_la_wrt_grp[1]/d_la_wrt_eng,26,956
consent_grp[1]/section_d[1]/d_la_wrt_grp[1]/d_la_wrt_dagb,26,956
consent_grp[1]/section_d[1]/d_main_language,43,982
consent_grp[1]/section_d[1]/d_loc_lang_kinderg,10,1006
consent_grp[1]/e_rel_grp[1]/e_hh_note,2,1036
consent_grp[1]/e_rel_grp[1]/e_hh_num,78,1038
consent_grp[1]/e_rel_grp[1]/e_hh_grp[1]/e_hh_head,74,1116
consent_grp[1]/e_rel_grp[1]/e_hh_grp[1]/e_chil_hh,74,1116
consent_grp[1]/e_rel_grp[1]/e_hh_grp[1]/e_adult_hh,74,1116
consent_grp[1]/e_rel_grp[1]/e_hh_school,63,1188
consent_grp[1]/e_rel_grp[1]/e_read_english,18,1213
consent_grp[1]/e_rel_grp[1]/e_rate_health,19,1271
consent_grp[1]/e_rel_grp[1]/e_live_note,4,1290
consent_grp[1]/e_rel_grp[1]/e_rooms_occu,28,1295
consent_grp[1]/e_rel_grp[1]/e_own_status,15,1323
consent_grp[1]/e_rel_grp[1]/e_electricity_inhouse,4,1338
consent_grp[1]/e_rel_grp[1]/e_floor_material,11,1342
consent_grp[1]/e_rel_grp[1]/e_interior_floor,11,1353
consent_grp[1]/e_rel_grp[1]/e_roof_mat,18,1364
consent_grp[1]/e_rel_grp[1]/e_cook_fuel,14,1383
consent_grp[1]/e_rel_grp[1]/e_lighting,9,1396
consent_grp[1]/e_rel_grp[1]/e_drink_source,19,1405
consent_grp[1]/e_rel_grp[1]/e_toilet_facility,12,1424
consent_grp[1]/e_rel_grp[1]/e_asset_note,1,1436
consent_grp[1]/e_rel_grp[1]/e_hh_own_phone,19,1438
consent_grp[1]/e_rel_grp[1]/e_hh_ass_grp[1]/tmp_e_hh_ass_lab,120,1457
consent_grp[1]/e_rel_grp[1]/e_hh_ass_grp[1]/e_hh_ass_radio,120,1457
consent_grp[1]/e_rel_grp[1]/e_hh_ass_grp[1]/e_hh_ass_refrig,120,1457
consent_grp[1]/e_rel_grp[1]/e_hh_ass_grp[1]/e_hh_ass_bike,120,1457
consent_grp[1]/e_rel_grp[1]/e_hh_ass_grp[1]/e_hh_ass_tv,120,1457
consent_grp[1]/e_rel_grp[1]/e_hh_ass_grp[1]/e_hh_ass_vcr,120,1457
consent_grp[1]/e_rel_grp[1]/e_hh_ass_grp[1]/e_hh_ass_motor,120,1457
consent_grp[1]/e_rel_grp[1]/e_hh_ass_grp[1]/e_hh_ass_car,120,1457
consent_grp[1]/e_rel_grp[1]/e_hh_ass_grp[1]/e_hh_ass_tractor,120,1457
consent_grp[1]/e_rel_grp[1]/e_hh_ass_grp[1]/e_hh_ass_farm_equip,120,1457
consent_grp[1]/e_rel_grp[1]/e_hh_ass_grp[1]/e_hh_ass_sew_mach,120,1457
consent_grp[1]/e_rel_grp[1]/e_hh_ass_grp[1]/e_hh_ass_bed,120,1457
consent_grp[1]/e_rel_grp[1]/e_hh_ass_grp[1]/e_hh_ass_mattress,120,1457
consent_grp[1]/e_rel_grp[1]/e_hh_ass_grp[1]/e_hh_ass_table_chair,120,1457
consent_grp[1]/e_rel_grp[1]/e_hh_ass_grp[1]/e_hh_ass_stool,120,1457
consent_grp[1]/e_rel_grp[1]/e_hh_ass_grp[1]/e_hh_ass_sofa,120,1457
consent_grp[1]/e_rel_grp[1]/e_hh_ass_grp[1]/e_hh_ass_fan,120,1457
consent_grp[1]/e_rel_grp[1]/e_hh_ass_grp[1]/e_hh_ass_lamp,120,1457
consent_grp[1]/e_rel_grp[1]/e_hh_ass_grp[1]/e_hh_ass_watch,120,1457
consent_grp[1]/e_rel_grp[1]/e_hh_ass_grp[1]/e_hh_ass_mat,120,1457
consent_grp[1]/e_rel_grp[1]/e_hh_ass_grp[1]/e_hh_ass_torch,120,1457
consent_grp[1]/e_rel_grp[1]/e_hh_ass_grp[1]/e_hh_ass_cabinet,120,1457
consent_grp[1]/e_rel_grp[1]/e_hh_ass_grp[1]/e_hh_ass_pot,120,1457
consent_grp[1]/e_rel_grp[1]/e_hh_ass_grp[1]/e_hh_ass_itn,120,1457
consent_grp[1]/e_rel_grp[1]/e_hh_ass_grp[1]/e_hh_ass_iron_elec,120,1457
consent_grp[1]/e_rel_grp[1]/e_hh_ass_grp[1]/e_hh_ass_iron_coal,120,1457
consent_grp[1]/e_rel_grp[1]/e_hh_ass_grp[1]/e_hh_ass_iron_gas,120,1457
consent_grp[1]/f_rel_grp[1]/f_comm_note,6,1577
consent_grp[1]/f_rel_grp[1]/section_f[1]/f_born_comm,10,1583
consent_grp[1]/f_rel_grp[1]/section_f[1]/f_school_loc,12,1594
consent_grp[1]/f_rel_grp[1]/section_f[1]/f_lived_bef_teach,18,1606
consent_grp[1]/f_rel_grp[1]/section_f[1]/f_lived_grp[1]/f_lived_comm,81,1624
consent_grp[1]/f_rel_grp[1]/section_f[1]/f_lived_grp[1]/f_lived_comm_year,81,1624
consent_grp[1]/f_rel_grp[1]/section_f[1]/f_lived_grp[1]/f_lived_comm_month,81,1624
consent_grp[1]/f_rel_grp[1]/section_f[1]/f_fam_lived,32,1705
consent_grp[1]/f_rel_grp[1]/section_f[1]/f_emot_support,69,1737
consent_grp[1]/f_rel_grp[1]/section_f[1]/f_emot_support_num,10,1807
consent_grp[1]/f_rel_grp[1]/section_f[1]/f_lend_money,74,1817
consent_grp[1]/f_rel_grp[1]/section_f[1]/f_borrow_money,19,1891
consent_grp[1]/f_rel_grp[1]/section_f[1]/f_rel_live_nearby,6,1910
consent_grp[1]/f_rel_grp[1]/section_f[1]/f_part_comm,12,1917
consent_grp[1]/f_rel_grp[1]/section_f[1]/f_main_trans,9,1929
consent_grp[1]/f_rel_grp[1]/section_f[1]/f_min_get_sch_grp[1]/f_min_get_note,31,1938
consent_grp[1]/f_rel_grp[1]/section_f[1]/f_min_get_sch_grp[1]/f_h_get_school,31,1938
consent_grp[1]/f_rel_grp[1]/section_f[1]/f_min_get_sch_grp[1]/f_m_get_school,31,1938
consent_grp[1]/g_nature_wrk_note,2,1968
consent_grp[1]/section_g[1]/g_teach_pos,15,1970
consent_grp[1]/section_g[1]/g_teach_school,11,1985
consent_grp[1]/section_g[1]/g_kg_grade,6,1996
consent_grp[1]/section_g[1]/g_class_grp[1]/g_children_note,11,2002
consent_grp[1]/section_g[1]/g_class_grp[1]/g_kg_1,11,2002
consent_grp[1]/section_g[1]/g_ah_grp[1]/g_ah_note,222,2013
consent_grp[1]/section_g[1]/g_ah_grp[1]/g_ah_working,222,2013
consent_grp[1]/section_g[1]/g_ah_grp[1]/g_ah_prepping,222,2013
consent_grp[1]/section_g[1]/g_eh_grp[1]/g_eh_note,115,2220
consent_grp[1]/section_g[1]/g_eh_grp[1]/g_eh_working,115,2220
consent_grp[1]/section_g[1]/g_eh_grp[1]/g_eh_prepping,115,2220
consent_grp[1]/section_g[1]/g_teach_salary,84,2342
consent_grp[1]/section_g[1]/g_salary_range,16,2434
consent_grp[1]/section_g[1]/g_salary_freq,8,2450
consent_grp[1]/section_g[1]/g_salary_intime,32,2458
consent_grp[1]/section_g[1]/g_money_cmp,23,2490
consent_grp[1]/section_g[1]/g_job_outside,34,2513
consent_grp[1]/section_g[1]/g_extra_money_spec,29,2528
consent_grp[1]/section_g[1]/g_sch_pro_grp[1]/tmp_g_sch_pro_lab,180,2576
consent_grp[1]/section_g[1]/g_sch_pro_grp[1]/g_class,180,2576
consent_grp[1]/section_g[1]/g_sch_pro_grp[1]/g_class_taught,180,2576
consent_grp[1]/section_g[1]/g_sch_pro_grp[1]/g_fin_resource,180,2576
consent_grp[1]/section_g[1]/g_sch_pro_grp[1]/g_high_expe,180,2576
consent_grp[1]/section_g[1]/g_sch_pro_grp[1]/g_change_curri,180,2576
consent_grp[1]/section_g[1]/g_sch_pro_grp[1]/g_diff_curri,180,2576
consent_grp[1]/section_g[1]/g_sch_pro_grp[1]/g_easy_curri,180,2576
consent_grp[1]/section_g[1]/g_sch_pro_grp[1]/g_par_dem_high,180,2576
consent_grp[1]/section_g[1]/g_sch_pro_grp[1]/g_par_suff_interest,180,2576
consent_grp[1]/section_g[1]/g_sch_pro_grp[1]/g_par_suff_active,180,2576
consent_grp[1]/section_g[1]/g_par_supp_grp[1]/g_par_supp_note,11,2756
consent_grp[1]/section_g[1]/g_par_supp_grp[1]/g_home_wrk,25,2767
consent_grp[1]/section_g[1]/g_par_supp_grp[1]/g_behave_val,20,2792
consent_grp[1]/section_g[1]/g_par_supp_grp[1]/g_get_schl,17,2812
consent_grp[1]/section_g[1]/g_par_supp_grp[1]/g_visit_schl,12,2830
consent_grp[1]/section_g[1]/g_par_supp_grp[1]/g_show_respect,9,2841
consent_grp[1]/section_g[1]/g_par_supp_grp[1]/g_best_schl,7,2850
consent_grp[1]/section_g[1]/g_par_supp_grp[1]/g_parti_pta,4,2857
consent_grp[1]/section_g[1]/g_par_supp_grp[1]/g_cont_kg_act,7,2861
consent_grp[1]/section_g[1]/g_lead_respect,13,2868
consent_grp[1]/section_g[1]/g_val_citizen,26,2881
consent_grp[1]/section_h[1]/sec_h_depre_note,41,2907
consent_grp[1]/section_h[1]/h_depression_grp[1]/h_da_note,174,2948
consent_grp[1]/section_h[1]/h_depression_grp[1]/tmp_h_da_lab,174,2948
consent_grp[1]/section_h[1]/h_depression_grp[1]/h_headache,174,2948
consent_grp[1]/section_h[1]/h_depression_grp[1]/h_appetite,174,2948
consent_grp[1]/section_h[1]/h_depression_grp[1]/h_sleep,174,2948
consent_grp[1]/section_h[1]/h_depression_grp[1]/h_frightened,174,2948
consent_grp[1]/section_h[1]/h_depression_grp[1]/h_hands_shake,174,2948
consent_grp[1]/section_h[1]/h_depression_grp[1]/h_nervous,174,2948
consent_grp[1]/section_h[1]/h_depression_grp[1]/h_digestion,174,2948
consent_grp[1]/section_h[1]/h_depression_grp[1]/h_thinking,174,2948
consent_grp[1]/section_h[1]/h_depression_grp[1]/h_unhappy,174,2948
consent_grp[1]/section_h[1]/h_depression_grp[1]/h_cry,174,2948
consent_grp[1]/section_h[1]/h_depression_grp[1]/h_activities,174,2948
consent_grp[1]/section_h[1]/h_depression_grp[1]/h_decisions,174,2948
consent_grp[1]/section_h[1]/h_depression_grp[1]/h_daily_work,174,2948
consent_grp[1]/section_h[1]/h_depression_grp[1]/h_life,174,2948
consent_grp[1]/section_h[1]/h_depression_grp[1]/h_interest,174,2948
consent_grp[1]/section_h[1]/h_depression_grp[1]/h_worthless,174,2948
consent_grp[1]/section_h[1]/h_depression_grp[1]/h_end_life,174,2948
consent_grp[1]/section_h[1]/h_depression_grp[1]/h_tired,174,2948
consent_grp[1]/section_h[1]/h_depression_grp[1]/h_uncomfortable,174,2948
consent_grp[1]/section_h[1]/h_depression_grp[1]/h_easily_tired,174,2948
consent_grp[1]/section_h[1]/sec_h_ext_contr_note,8,3122
consent_grp[1]/section_h[1]/h_ext_control_grp[1]/h_ext_cont_note,4,3131
consent_grp[1]/section_h[1]/h_ext_control_grp[1]/h_pup_learn,60,3134
consent_grp[1]/section_h[1]/h_ext_control_grp[1]/h_discipline,20,3194
consent_grp[1]/section_h[1]/h_ext_control_grp[1]/h_stu_achieve,15,3215
consent_grp[1]/section_h[1]/h_ext_control_grp[1]/h_teach_motiv,19,3228
consent_grp[1]/section_h[1]/h_ext_control_grp[1]/h_good_teach,28,3248
consent_grp[1]/section_h[1]/sec_h_motiv_note,1,3277
consent_grp[1]/section_h[1]/h_motiv_grp[1]/h_motiv_note,2,3278
consent_grp[1]/section_h[1]/h_motiv_grp[1]/h_motiv_help,15,3280
consent_grp[1]/section_h[1]/h_motiv_grp[1]/h_quest_school,73,3295
consent_grp[1]/section_h[1]/h_motiv_grp[1]/h_help_child,7,3368
consent_grp[1]/section_h[1]/h_motiv_grp[1]/h_sch_goal,6,3375
consent_grp[1]/section_h[1]/h_motiv_grp[1]/h_help_emot,6,3381
consent_grp[1]/section_h[1]/h_motiv_grp[1]/h_enjoy_teach,4,3386
consent_grp[1]/section_h[1]/h_motiv_grp[1]/h_develop_society,5,3391
consent_grp[1]/section_h[1]/h_motiv_grp[1]/h_develop_socially,10,3396
consent_grp[1]/section_h[1]/h_motiv_grp[1]/h_perso_clear,18,3406
consent_grp[1]/section_h[1]/h_impor_thing,55,3424
consent_grp[1]/section_h[1]/h_job_satisfaction_grp[1]/h_job_satis_note,19,3479
consent_grp[1]/section_h[1]/h_job_satisfaction_grp[1]/h_look_out,13,3498
consent_grp[1]/section_h[1]/h_job_satisfaction_grp[1]/h_perso_worries,5,3511
consent_grp[1]/section_h[1]/h_job_satisfaction_grp[1]/h_know_col,20,3516
consent_grp[1]/section_h[1]/h_job_satisfaction_grp[1]/h_col_coop,8,3536
consent_grp[1]/section_h[1]/h_job_satisfaction_grp[1]/h_trust_col,11,3544
consent_grp[1]/section_h[1]/h_job_satisfaction_grp[1]/h_enjoy_col,7,3555
consent_grp[1]/section_h[1]/h_job_satisfaction_grp[1]/h_sup_respect,5,3562
consent_grp[1]/section_h[1]/h_job_satisfaction_grp[1]/h_sup_busy,8,3567
consent_grp[1]/section_h[1]/h_job_satisfaction_grp[1]/h_sup_opinion,4,3575
consent_grp[1]/section_h[1]/h_job_satisfaction_grp[1]/h_count_sup,8,3580
consent_grp[1]/section_h[1]/h_job_satisfaction_grp[1]/h_motivated,6,3588
consent_grp[1]/section_h[1]/h_job_satisfaction_grp[1]/h_sup_unpredict,9,3594
consent_grp[1]/section_h[1]/h_job_satisfaction_grp[1]/h_wrk_challenge,33,3603
consent_grp[1]/section_h[1]/h_job_satisfaction_grp[1]/h_wrk_monotonous,43,3614
consent_grp[1]/section_h[1]/h_job_satisfaction_grp[1]/h_wrk_creative,5,3679
consent_grp[1]/section_h[1]/h_job_satisfaction_grp[1]/h_big_impact,6,3684
consent_grp[1]/section_h[1]/h_job_satisfaction_grp[1]/h_little_time,17,3689
consent_grp[1]/section_h[1]/h_job_satisfaction_grp[1]/h_control_satis,12,3707
consent_grp[1]/section_h[1]/h_job_satisfaction_grp[1]/h_look,7,3719
consent_grp[1]/section_h[1]/h_job_satisfaction_grp[1]/h_small_space,22,3726
consent_grp[1]/section_h[1]/h_job_satisfaction_grp[1]/h_new_mat,9,3748
consent_grp[1]/section_h[1]/h_job_satisfaction_grp[1]/h_clean_kinder,8,3756
consent_grp[1]/section_h[1]/h_job_satisfaction_grp[1]/h_loud_kinder,22,3764
consent_grp[1]/section_h[1]/h_job_satisfaction_grp[1]/h_kinder_rules,8,3787
consent_grp[1]/section_h[1]/h_job_satisfaction_grp[1]/h_satisfied_paid,31,3795
consent_grp[1]/section_h[1]/h_burnout_grp[1]/h_burnout_note,4,3826
consent_grp[1]/section_h[1]/h_burnout_grp[1]/h_emotion_drained,45,3829
consent_grp[1]/section_h[1]/h_burnout_grp[1]/h_used_up,7,3876
consent_grp[1]/section_h[1]/h_burnout_grp[1]/h_fatigued,22,3883
consent_grp[1]/section_h[1]/h_burnout_grp[1]/h_child_feel,25,3905
consent_grp[1]/section_h[1]/h_burnout_grp[1]/h_child_impersonal,23,3930
consent_grp[1]/section_h[1]/h_burnout_grp[1]/h_ppl_strain,13,3953
consent_grp[1]/section_h[1]/h_burnout_grp[1]/h_deal_effect,19,3966
consent_grp[1]/section_h[1]/h_burnout_grp[1]/h_burnout,19,3985
consent_grp[1]/section_h[1]/h_burnout_grp[1]/h_pos_influence,10,4003
consent_grp[1]/section_h[1]/h_burnout_grp[1]/h_cold,23,4013
consent_grp[1]/section_h[1]/h_burnout_grp[1]/h_hard,9,4036
consent_grp[1]/section_h[1]/h_burnout_grp[1]/h_energetic,6,4045
consent_grp[1]/section_h[1]/h_burnout_grp[1]/h_frustrated,44,4051
consent_grp[1]/section_h[1]/h_burnout_grp[1]/h_work_hard,9,4095
consent_grp[1]/section_h[1]/h_burnout_grp[1]/h_dont_care,14,4105
consent_grp[1]/section_h[1]/h_burnout_grp[1]/h_put_pressure,10,4118
consent_grp[1]/section_h[1]/h_burnout_grp[1]/h_relax,8,4129
consent_grp[1]/section_h[1]/h_burnout_grp[1]/h_excited,6,4137
consent_grp[1]/section_h[1]/h_burnout_grp[1]/h_accomplished,12,4143
consent_grp[1]/section_h[1]/h_burnout_grp[1]/h_end_of_rop,8,4155
consent_grp[1]/section_h[1]/h_burnout_grp[1]/h_emot_pro_calm,8,4162
consent_grp[1]/i_teacher_knowledge_grp[1]/I_teach_know_note,15,4170
consent_grp[1]/i_teacher_knowledge_grp[1]/i_consonance,83,4185
consent_grp[1]/i_teacher_knowledge_grp[1]/i_vowel,10,4269
consent_grp[1]/i_teacher_knowledge_grp[1]/i_unbelievable,62,4279
consent_grp[1]/i_teacher_knowledge_grp[1]/i_irregular,50,4339
consent_grp[1]/i_teacher_knowledge_grp[1]/i_cat,31,4391
consent_grp[1]/i_teacher_knowledge_grp[1]/i_cough,14,4422
consent_grp[1]/i_teacher_knowledge_grp[1]/i_check,34,4436
consent_grp[1]/i_teacher_knowledge_grp[1]/i_english,27,4470
consent_grp[1]/j_perception_grp[1]/j_perception_note,39,4497
consent_grp[1]/j_perception_grp[1]/j_dev_practice_grp[1]/j_dev_practice_note,8,4536
consent_grp[1]/j_perception_grp[1]/j_dev_practice_grp[1]/j_child_need,12,4544
consent_grp[1]/j_perception_grp[1]/j_dev_practice_grp[1]/j_recog_letter,11,4556
consent_grp[1]/j_perception_grp[1]/j_dev_practice_grp[1]/j_recog_number,5,4567
consent_grp[1]/j_perception_grp[1]/j_dev_practice_grp[1]/j_recog_colour,4,4573
consent_grp[1]/j_perception_grp[1]/j_dev_practice_grp[1]/j_indiv_goal,19,4577
consent_grp[1]/j_perception_grp[1]/j_dev_practice_grp[1]/j_play_materials,7,4596
consent_grp[1]/j_perception_grp[1]/j_dev_practice_grp[1]/j_child_measure,6,4603
consent_grp[1]/j_perception_grp[1]/j_supp_chil_grp[1]/j_supp_chil_note,7,4609
consent_grp[1]/j_perception_grp[1]/j_supp_chil_grp[1]/j_build_relation,6,4616
consent_grp[1]/j_perception_grp[1]/j_supp_chil_grp[1]/j_control_behaviour,5,4622
consent_grp[1]/j_perception_grp[1]/j_supp_chil_grp[1]/j_express_thought,6,4627
consent_grp[1]/j_perception_grp[1]/j_supp_chil_grp[1]/j_resolve_conflicts,5,4633
consent_grp[1]/j_perception_grp[1]/j_supp_chil_grp[1]/j_guidance_style,26,4638
consent_grp[1]/j_perception_grp[1]/j_fam_sensitive_grp[1]/j_fam_sensitive_note,76,4664
consent_grp[1]/j_perception_grp[1]/j_fam_sensitive_grp[1]/j_parent_goal,76,4664
consent_grp[1]/j_perception_grp[1]/j_fam_sensitive_grp[1]/j_work_schedule,76,4664
consent_grp[1]/j_perception_grp[1]/j_fam_sensitive_grp[1]/j_fam_decision,76,4664
consent_grp[1]/j_perception_grp[1]/j_fam_sensitive_grp[1]/j_family_care,76,4664
consent_grp[1]/j_perception_grp[1]/j_fam_sensitive_grp[1]/j_connect_family,76,4664
consent_grp[1]/k_grp[1]/k_instro_note,47,4740
consent_grp[1]/k_grp[1]/k_ts_grp[1]/tmp_k_labels,117,4760
consent_grp[1]/k_grp[1]/k_ts_grp[1]/k_take_priviledges,117,4760
consent_grp[1]/k_grp[1]/k_ts_grp[1]/k_explain_behavior,117,4760
consent_grp[1]/k_grp[1]/k_ts_grp[1]/k_shook,117,4760
consent_grp[1]/k_grp[1]/k_ts_grp[1]/k_shouted,117,4760
consent_grp[1]/k_grp[1]/k_ts_grp[1]/k_gave_something,117,4760
consent_grp[1]/k_grp[1]/k_ts_grp[1]/k_spanked,117,4760
consent_grp[1]/k_grp[1]/k_ts_grp[1]/k_hit_bottom,117,4760
consent_grp[1]/k_grp[1]/k_ts_grp[1]/k_call_dumb,117,4760
consent_grp[1]/k_grp[1]/k_ts_grp[1]/k_hit_face,117,4760
consent_grp[1]/k_grp[1]/k_ts_grp[1]/k_praised,117,4760
consent_grp[1]/k_grp[1]/k_ts_grp[1]/k_affection,117,4760
consent_grp[1]/k_grp[1]/k_ts_grp[1]/k_rewarded,117,4760
consent_grp[1]/l_teaching_prac_grp[1]/l_note,2,4904
consent_grp[1]/l_teaching_prac_grp[1]/l_previos_kinder_act[1]/tmp_l_prac_lab,82,4905
consent_grp[1]/l_teaching_prac_grp[1]/l_previos_kinder_act[1]/l_hygiene_routine,82,4905
consent_grp[1]/l_teaching_prac_grp[1]/l_previos_kinder_act[1]/l_supply,82,4905
consent_grp[1]/l_teaching_prac_grp[1]/l_previos_kinder_act[1]/l_pamper,82,4905
consent_grp[1]/l_teaching_prac_grp[1]/l_previos_kinder_act[1]/l_read,82,4905
consent_grp[1]/l_teaching_prac_grp[1]/l_previos_kinder_act[1]/l_tell,82,4905
consent_grp[1]/l_teaching_prac_grp[1]/l_previos_kinder_act[1]/l_conversatin,82,4905
consent_grp[1]/l_teaching_prac_grp[1]/l_previos_kinder_act[1]/l_sing,82,4905
consent_grp[1]/l_teaching_prac_grp[1]/l_previos_kinder_act[1]/l_dance,82,4905
consent_grp[1]/l_teaching_prac_grp[1]/l_previos_kinder_act[1]/l_visit,82,4905
consent_grp[1]/l_teaching_prac_grp[1]/l_previos_kinder_act[1]/l_play_kg,82,4905
consent_grp[1]/l_teaching_prac_grp[1]/l_previos_kinder_act[1]/l_play_recrea,82,4905
consent_grp[1]/l_teaching_prac_grp[1]/l_previos_kinder_act[1]/l_sleep,82,4905
consent_grp[1]/l_teaching_prac_grp[1]/l_previos_kinder_act[1]/l_run,82,4905
consent_grp[1]/l_teaching_prac_grp[1]/l_previos_kinder_act[1]/l_group_learn,82,4905
consent_grp[1]/l_teaching_prac_grp[1]/l_previos_kinder_act[1]/l_indiv_learn,82,4905
consent_grp[1]/l_teaching_prac_grp[1]/l_class_acti_grp[1]/l_act_grp[1]/tmp_l_class_lab,60,4988
consent_grp[1]/l_teaching_prac_grp[1]/l_class_acti_grp[1]/l_act_grp[1]/l_teach_colour,60,4988
consent_grp[1]/l_teaching_prac_grp[1]/l_class_acti_grp[1]/l_act_grp[1]/l_teach_number,60,4988
consent_grp[1]/l_teaching_prac_grp[1]/l_class_acti_grp[1]/l_act_grp[1]/l_teach_letter,60,4988
consent_grp[1]/l_teaching_prac_grp[1]/l_class_acti_grp[1]/l_act_grp[1]/l_teach_form,60,4988
consent_grp[1]/l_teaching_prac_grp[1]/l_class_acti_grp[1]/l_act_grp[1]/l_socialise,60,4988
consent_grp[1]/l_teaching_prac_grp[1]/l_class_acti_grp[1]/l_act_grp[1]/l_pro_solve,60,4988
consent_grp[1]/l_teaching_prac_grp[1]/l_class_acti_grp[1]/l_act_grp[1]/l_writing,60,4988
consent_grp[1]/l_teaching_prac_grp[1]/l_class_acti_grp[1]/l_act_grp[1]/l_teach_body,60,4988
consent_grp[1]/l_teaching_prac_grp[1]/l_class_acti_grp[1]/l_act_grp[1]/l_pers_hygiene,60,4988
consent_grp[1]/l_teaching_prac_grp[1]/l_class_acti_grp[1]/l_act_grp[1]/l_art_expre,60,4988
consent_grp[1]/l_teaching_prac_grp[1]/l_class_acti_grp[1]/l_act_grp[1]/l_body_lang,60,4988
consent_grp[1]/l_teaching_prac_grp[1]/l_class_acti_grp[1]/l_act_grp[1]/l_concentration,60,4988
consent_grp[1]/l_teaching_prac_grp[1]/l_class_acti_grp[1]/l_act_grp[1]/l_gross_motor,60,4988
consent_grp[1]/l_teaching_prac_grp[1]/l_class_acti_grp[1]/l_act_grp[1]/l_fine_motor,60,4988
consent_grp[1]/l_teaching_prac_grp[1]/l_class_acti_grp[1]/l_act_grp[1]/l_gender,60,4988
consent_grp[1]/l_teaching_prac_grp[1]/l_class_acti_grp[1]/l_act_grp[1]/l_responsibility,60,4988
consent_grp[1]/l_teaching_prac_grp[1]/l_class_acti_grp[1]/l_act_grp[1]/l_speech,60,4988
consent_grp[1]/l_teaching_prac_grp[1]/l_class_acti_grp[1]/l_act_grp[1]/l_explore_comm,60,4988
consent_grp[1]/l_teaching_prac_grp[1]/l_class_acti_grp[1]/l_act_grp[1]/l_explore_culture,60,4988
consent_grp[1]/l_teaching_prac_grp[1]/l_parent_interact_note,7,5048
consent_grp[1]/l_teaching_prac_grp[1]/l_actively_engaged,21,5055
consent_grp[1]/l_teaching_prac_grp[1]/l_proportion_child,17,5076
consent_grp[1]/l_teaching_prac_grp[1]/l_proportion_child_more,17,5093
consent_grp[1]/l_teaching_prac_grp[1]/l_visit_pupil_house,21,5110
consent_grp[1]/l_teaching_prac_grp[1]/l_visit_parent_house,12,5131
consent_grp[1]/l_teaching_prac_grp[1]/l_receive_parent_supp,8,5143
consent_grp[1]/l_teaching_prac_grp[1]/l_day_teaching_note,10,5151
consent_grp[1]/l_teaching_prac_grp[1]/l_day_grp[1]/tmp_l_labs,52,5154
consent_grp[1]/l_teaching_prac_grp[1]/l_day_grp[1]/l_daily_schedule,52,5154
consent_grp[1]/l_teaching_prac_grp[1]/l_day_grp[1]/l_play_period,52,5154
consent_grp[1]/l_teaching_prac_grp[1]/l_day_grp[1]/l_free_play,52,5154
consent_grp[1]/l_teaching_prac_grp[1]/l_day_grp[1]/l_activities,52,5154
consent_grp[1]/l_teaching_prac_grp[1]/l_per_daily_grp[1]/l_perc_note,212,5212
consent_grp[1]/l_teaching_prac_grp[1]/l_per_daily_grp[1]/l_admin_per,212,5212
consent_grp[1]/l_teaching_prac_grp[1]/l_per_daily_grp[1]/l_class_per,212,5212
consent_grp[1]/l_teaching_prac_grp[1]/l_per_daily_grp[1]/l_teach_per,212,5212
consent_grp[1]/l_teaching_prac_grp[1]/l_per_daily_grp[1]/l_super_per,212,5212
consent_grp[1]/l_teaching_prac_grp[1]/l_per_daily_grp[1]/l_super_oth_per,212,5212
consent_grp[1]/l_teaching_prac_grp[1]/l_per_daily_grp[1]/l_break_per,212,5212
consent_grp[1]/l_teaching_prac_grp[1]/tmp_force_note,1,5409
consent_grp[1]/l_teaching_prac_grp[1]/l_discipline_note,1,5426
consent_grp[1]/l_teaching_prac_grp[1]/l_dont_like,27,5427
consent_grp[1]/l_teaching_prac_grp[1]/l_really_bad,18,5454
consent_grp[1]/l_teaching_prac_grp[1]/l_does_good,27,5472
consent_grp[1]/l_teaching_prac_grp[1]/l_praise,38,5499
consent_grp[1]/q_note,18,5537
consent_grp[1]/q_activ_yn,12,5555
consent_grp[1]/q_rpt[1]/q_activ_r,33,5567
consent_grp[1]/q_rpt[1]/q_activ_org_r,9,5594
consent_grp[1]/q_rpt[1]/q_activ_add_r,14,5609
s_int_accom_yn,4,5622
consent_grp[1]/q_rpt[2]/q_activ_r,25,5624
consent_grp[1]/q_rpt[2]/q_activ_org_r,7,5649
consent_grp[1]/q_rpt[2]/q_activ_add_r,5,5655
consent_grp[1]/q_rpt[2]/q_activ_org_osp_r,11,5657
comments,5,5675
