Field name,Total duration (seconds),First appeared (seconds into survey)
instruction,1,2
a_district_id,2,3
a_circuit_id,16,6
a_kg_id,5,22
a_community_id,2,28
a_enum_id,3,30
consent_note,1,32
con_understand,1,34
con_questions,2,35
con_written,1,36
consent_grp[1]/audio_consent,1,38
consent_grp[1]/d_background_note,1,39
consent_grp[1]/section_d[1]/kgt_key,60,40
consent_grp[1]/section_d[1]/kgt_name_gp[1]/kgt_fsn,14,100
consent_grp[1]/section_d[1]/kgt_name_gp[1]/kgt_msn,14,100
consent_grp[1]/section_d[1]/kgt_name_gp[1]/kgt_lsn,14,100
consent_grp[1]/section_d[1]/kgt_name_gp[1]/kgt_ppn,14,100
consent_grp[1]/section_d[1]/kgt_name_gp[1]/d_sex,14,100
consent_grp[1]/section_d[1]/kgt_confirm_note,4,111
consent_grp[1]/section_d[1]/d_num_cnt,17,118
consent_grp[1]/section_d[1]/d_cnt_grp[1]/d_cnt_main,21,134
consent_grp[1]/section_d[1]/d_cnt_grp[1]/d_cnt_sec,21,134
consent_grp[1]/section_d[1]/d_age,6,155
consent_grp[1]/section_d[1]/d_teacher_grp[1]/d_been_teacher,24,161
consent_grp[1]/section_d[1]/d_teacher_grp[1]/d_teacher_year,24,161
consent_grp[1]/section_d[1]/d_teacher_grp[1]/d_teacher_month,24,161
consent_grp[1]/section_d[1]/d_been_kinder_grp[1]/d_been_kinder,26,185
consent_grp[1]/section_d[1]/d_been_kinder_grp[1]/d_kinder_year,26,185
consent_grp[1]/section_d[1]/d_been_kinder_grp[1]/d_kinder_month,26,185
consent_grp[1]/section_d[1]/d_work_last,7,211
consent_grp[1]/section_d[1]/d_os_yn,6,218
consent_grp[1]/section_d[1]/d_os_grp[1]/d_os_name,41,224
consent_grp[1]/section_d[1]/d_os_grp[1]/d_os_region,41,224
consent_grp[1]/section_d[1]/d_os_district,3,265
consent_grp[1]/section_d[1]/d_os_comm,10,268
consent_grp[1]/section_d[1]/d_edu_level,16,278
consent_grp[1]/section_d[1]/d_edu_train,35,293
consent_grp[1]/section_d[1]/d_edu_level_fath,18,306
consent_grp[1]/section_d[1]/d_edu_level_train,13,331
consent_grp[1]/section_d[1]/d_edu_level_mom,40,343
consent_grp[1]/section_d[1]/d_marital_status,8,400
consent_grp[1]/section_d[1]/d_ethnic_group,6,408
consent_grp[1]/section_d[1]/d_religion,2,413
consent_grp[1]/section_d[1]/d_la_spk_grp[1]/d_la_spk_note,29,417
consent_grp[1]/section_d[1]/d_la_spk_grp[1]/d_la_spk_eng,29,417
consent_grp[1]/section_d[1]/d_la_spk_grp[1]/d_la_spk_dagb,29,417
consent_grp[1]/section_d[1]/d_la_wrt_grp[1]/d_la_wrt_note,19,446
consent_grp[1]/section_d[1]/d_la_wrt_grp[1]/d_la_wrt_eng,19,446
consent_grp[1]/section_d[1]/d_la_wrt_grp[1]/d_la_wrt_dagb,19,446
consent_grp[1]/section_d[1]/d_main_language,28,465
consent_grp[1]/section_d[1]/d_loc_lang_kinderg,2,494
consent_grp[1]/e_rel_grp[1]/e_hh_note,2,496
consent_grp[1]/e_rel_grp[1]/e_hh_num,51,497
consent_grp[1]/e_rel_grp[1]/e_hh_grp[1]/e_hh_head,44,547
consent_grp[1]/e_rel_grp[1]/e_hh_grp[1]/e_chil_hh,44,547
consent_grp[1]/e_rel_grp[1]/e_hh_grp[1]/e_adult_hh,44,547
consent_grp[1]/e_rel_grp[1]/e_hh_school,16,592
consent_grp[1]/e_rel_grp[1]/e_read_english,9,609
consent_grp[1]/e_rel_grp[1]/e_rate_health,16,618
consent_grp[1]/e_rel_grp[1]/e_live_note,4,634
consent_grp[1]/e_rel_grp[1]/e_rooms_occu,29,639
consent_grp[1]/e_rel_grp[1]/e_own_status,21,657
consent_grp[1]/e_rel_grp[1]/e_electricity_inhouse,4,689
consent_grp[1]/e_rel_grp[1]/e_floor_material,8,693
consent_grp[1]/e_rel_grp[1]/e_interior_floor,9,702
consent_grp[1]/e_rel_grp[1]/e_roof_mat,25,711
consent_grp[1]/e_rel_grp[1]/e_cook_fuel,17,736
consent_grp[1]/e_rel_grp[1]/e_cook_fuel_oth,1,752
consent_grp[1]/e_rel_grp[1]/e_lighting,25,754
consent_grp[1]/e_rel_grp[1]/e_lighting_oth,15,780
consent_grp[1]/e_rel_grp[1]/e_drink_source,27,785
consent_grp[1]/e_rel_grp[1]/e_toilet_facility,19,822
consent_grp[1]/e_rel_grp[1]/e_asset_note,8,841
consent_grp[1]/e_rel_grp[1]/e_hh_own_phone,13,849
consent_grp[1]/e_rel_grp[1]/e_hh_ass_grp[1]/tmp_e_hh_ass_lab,94,859
consent_grp[1]/e_rel_grp[1]/e_hh_ass_grp[1]/e_hh_ass_radio,94,859
consent_grp[1]/e_rel_grp[1]/e_hh_ass_grp[1]/e_hh_ass_refrig,94,859
consent_grp[1]/e_rel_grp[1]/e_hh_ass_grp[1]/e_hh_ass_bike,94,859
consent_grp[1]/e_rel_grp[1]/e_hh_ass_grp[1]/e_hh_ass_tv,94,859
consent_grp[1]/e_rel_grp[1]/e_hh_ass_grp[1]/e_hh_ass_vcr,94,859
consent_grp[1]/e_rel_grp[1]/e_hh_ass_grp[1]/e_hh_ass_motor,94,859
consent_grp[1]/e_rel_grp[1]/e_hh_ass_grp[1]/e_hh_ass_car,94,859
consent_grp[1]/e_rel_grp[1]/e_hh_ass_grp[1]/e_hh_ass_tractor,94,859
consent_grp[1]/e_rel_grp[1]/e_hh_ass_grp[1]/e_hh_ass_farm_equip,94,859
consent_grp[1]/e_rel_grp[1]/e_hh_ass_grp[1]/e_hh_ass_sew_mach,94,859
consent_grp[1]/e_rel_grp[1]/e_hh_ass_grp[1]/e_hh_ass_bed,94,859
consent_grp[1]/e_rel_grp[1]/e_hh_ass_grp[1]/e_hh_ass_mattress,94,859
consent_grp[1]/e_rel_grp[1]/e_hh_ass_grp[1]/e_hh_ass_table_chair,94,859
consent_grp[1]/e_rel_grp[1]/e_hh_ass_grp[1]/e_hh_ass_stool,94,859
consent_grp[1]/e_rel_grp[1]/e_hh_ass_grp[1]/e_hh_ass_sofa,94,859
consent_grp[1]/e_rel_grp[1]/e_hh_ass_grp[1]/e_hh_ass_fan,94,859
consent_grp[1]/e_rel_grp[1]/e_hh_ass_grp[1]/e_hh_ass_lamp,94,859
consent_grp[1]/e_rel_grp[1]/e_hh_ass_grp[1]/e_hh_ass_watch,94,859
consent_grp[1]/e_rel_grp[1]/e_hh_ass_grp[1]/e_hh_ass_mat,94,859
consent_grp[1]/e_rel_grp[1]/e_hh_ass_grp[1]/e_hh_ass_torch,94,859
consent_grp[1]/e_rel_grp[1]/e_hh_ass_grp[1]/e_hh_ass_cabinet,94,859
consent_grp[1]/e_rel_grp[1]/e_hh_ass_grp[1]/e_hh_ass_pot,94,859
consent_grp[1]/e_rel_grp[1]/e_hh_ass_grp[1]/e_hh_ass_itn,94,859
consent_grp[1]/e_rel_grp[1]/e_hh_ass_grp[1]/e_hh_ass_iron_elec,94,859
consent_grp[1]/e_rel_grp[1]/e_hh_ass_grp[1]/e_hh_ass_iron_coal,94,859
consent_grp[1]/e_rel_grp[1]/e_hh_ass_grp[1]/e_hh_ass_iron_gas,94,859
consent_grp[1]/f_rel_grp[1]/f_comm_note,4,956
consent_grp[1]/f_rel_grp[1]/section_f[1]/f_born_comm,7,960
consent_grp[1]/f_rel_grp[1]/section_f[1]/f_school_loc,8,967
consent_grp[1]/f_rel_grp[1]/section_f[1]/f_lived_bef_teach,62,975
consent_grp[1]/f_rel_grp[1]/section_f[1]/f_lived_grp[1]/f_lived_comm,14,1037
consent_grp[1]/f_rel_grp[1]/section_f[1]/f_lived_grp[1]/f_lived_comm_year,14,1037
consent_grp[1]/f_rel_grp[1]/section_f[1]/f_lived_grp[1]/f_lived_comm_month,14,1037
consent_grp[1]/f_rel_grp[1]/section_f[1]/f_fam_lived,21,1051
consent_grp[1]/f_rel_grp[1]/section_f[1]/f_emot_support,18,1072
consent_grp[1]/f_rel_grp[1]/section_f[1]/f_emot_support_num,8,1090
consent_grp[1]/f_rel_grp[1]/section_f[1]/f_lend_money,38,1098
consent_grp[1]/f_rel_grp[1]/section_f[1]/f_borrow_money,11,1135
consent_grp[1]/f_rel_grp[1]/section_f[1]/f_rel_live_nearby,24,1146
consent_grp[1]/f_rel_grp[1]/section_f[1]/f_part_comm,6,1171
consent_grp[1]/f_rel_grp[1]/section_f[1]/f_main_trans,12,1177
consent_grp[1]/f_rel_grp[1]/section_f[1]/f_min_get_sch_grp[1]/f_min_get_note,19,1189
consent_grp[1]/f_rel_grp[1]/section_f[1]/f_min_get_sch_grp[1]/f_h_get_school,19,1189
consent_grp[1]/f_rel_grp[1]/section_f[1]/f_min_get_sch_grp[1]/f_m_get_school,19,1189
consent_grp[1]/g_nature_wrk_note,4,1208
consent_grp[1]/section_g[1]/g_teach_pos,20,1209
consent_grp[1]/section_g[1]/g_teach_school,6,1231
consent_grp[1]/section_g[1]/g_kg_grade,39,1238
consent_grp[1]/section_g[1]/g_class_grp[1]/g_children_note,73,1245
consent_grp[1]/section_g[1]/g_class_grp[1]/g_kg_2,45,1245
consent_grp[1]/section_g[1]/g_class_grp[1]/g_kg_combined,28,1272
consent_grp[1]/section_g[1]/g_ah_grp[1]/g_ah_note,78,1350
consent_grp[1]/section_g[1]/g_ah_grp[1]/g_ah_working,78,1350
consent_grp[1]/section_g[1]/g_ah_grp[1]/g_ah_prepping,78,1350
consent_grp[1]/section_g[1]/g_eh_grp[1]/g_eh_note,58,1428
consent_grp[1]/section_g[1]/g_eh_grp[1]/g_eh_working,58,1428
consent_grp[1]/section_g[1]/g_eh_grp[1]/g_eh_prepping,58,1428
consent_grp[1]/section_g[1]/g_teach_salary,23,1486
consent_grp[1]/section_g[1]/g_salary_range,16,1509
consent_grp[1]/section_g[1]/g_salary_freq,19,1525
consent_grp[1]/section_g[1]/g_salary_intime,19,1544
consent_grp[1]/section_g[1]/g_money_cmp,7,1564
consent_grp[1]/section_g[1]/g_job_outside,7,1571
consent_grp[1]/section_g[1]/g_extra_money_spec,8,1578
consent_grp[1]/section_g[1]/g_sch_pro_grp[1]/tmp_g_sch_pro_lab,130,1586
consent_grp[1]/section_g[1]/g_sch_pro_grp[1]/g_class,130,1586
consent_grp[1]/section_g[1]/g_sch_pro_grp[1]/g_class_taught,130,1586
consent_grp[1]/section_g[1]/g_sch_pro_grp[1]/g_fin_resource,130,1586
consent_grp[1]/section_g[1]/g_sch_pro_grp[1]/g_high_expe,130,1586
consent_grp[1]/section_g[1]/g_sch_pro_grp[1]/g_change_curri,130,1586
consent_grp[1]/section_g[1]/g_sch_pro_grp[1]/g_diff_curri,130,1586
consent_grp[1]/section_g[1]/g_sch_pro_grp[1]/g_easy_curri,130,1586
consent_grp[1]/section_g[1]/g_sch_pro_grp[1]/g_par_dem_high,130,1586
consent_grp[1]/section_g[1]/g_sch_pro_grp[1]/g_par_suff_interest,130,1586
consent_grp[1]/section_g[1]/g_sch_pro_grp[1]/g_par_suff_active,130,1586
consent_grp[1]/section_g[1]/g_par_supp_grp[1]/g_par_supp_note,27,1716
consent_grp[1]/section_g[1]/g_par_supp_grp[1]/g_home_wrk,21,1739
consent_grp[1]/section_g[1]/g_par_supp_grp[1]/g_behave_val,29,1764
consent_grp[1]/section_g[1]/g_par_supp_grp[1]/g_get_schl,19,1793
consent_grp[1]/section_g[1]/g_par_supp_grp[1]/g_visit_schl,25,1812
consent_grp[1]/section_g[1]/g_par_supp_grp[1]/g_show_respect,12,1835
consent_grp[1]/section_g[1]/g_par_supp_grp[1]/g_best_schl,16,1850
consent_grp[1]/section_g[1]/g_par_supp_grp[1]/g_parti_pta,20,1866
consent_grp[1]/section_g[1]/g_par_supp_grp[1]/g_cont_kg_act,16,1886
consent_grp[1]/section_g[1]/g_lead_respect,21,1902
consent_grp[1]/section_g[1]/g_val_citizen,45,1923
consent_grp[1]/section_h[1]/sec_h_depre_note,33,1968
consent_grp[1]/section_h[1]/h_depression_grp[1]/h_da_note,141,2002
consent_grp[1]/section_h[1]/h_depression_grp[1]/tmp_h_da_lab,141,2002
consent_grp[1]/section_h[1]/h_depression_grp[1]/h_headache,141,2002
consent_grp[1]/section_h[1]/h_depression_grp[1]/h_appetite,141,2002
consent_grp[1]/section_h[1]/h_depression_grp[1]/h_sleep,141,2002
consent_grp[1]/section_h[1]/h_depression_grp[1]/h_frightened,141,2002
consent_grp[1]/section_h[1]/h_depression_grp[1]/h_hands_shake,141,2002
consent_grp[1]/section_h[1]/h_depression_grp[1]/h_nervous,141,2002
consent_grp[1]/section_h[1]/h_depression_grp[1]/h_digestion,141,2002
consent_grp[1]/section_h[1]/h_depression_grp[1]/h_thinking,141,2002
consent_grp[1]/section_h[1]/h_depression_grp[1]/h_unhappy,141,2002
consent_grp[1]/section_h[1]/h_depression_grp[1]/h_cry,141,2002
consent_grp[1]/section_h[1]/h_depression_grp[1]/h_activities,141,2002
consent_grp[1]/section_h[1]/h_depression_grp[1]/h_decisions,141,2002
consent_grp[1]/section_h[1]/h_depression_grp[1]/h_daily_work,141,2002
consent_grp[1]/section_h[1]/h_depression_grp[1]/h_life,141,2002
consent_grp[1]/section_h[1]/h_depression_grp[1]/h_interest,141,2002
consent_grp[1]/section_h[1]/h_depression_grp[1]/h_worthless,141,2002
consent_grp[1]/section_h[1]/h_depression_grp[1]/h_end_life,141,2002
consent_grp[1]/section_h[1]/h_depression_grp[1]/h_tired,141,2002
consent_grp[1]/section_h[1]/h_depression_grp[1]/h_uncomfortable,141,2002
consent_grp[1]/section_h[1]/h_depression_grp[1]/h_easily_tired,141,2002
consent_grp[1]/section_h[1]/sec_h_ext_contr_note,11,2143
consent_grp[1]/section_h[1]/h_ext_control_grp[1]/h_ext_cont_note,4,2154
consent_grp[1]/section_h[1]/h_ext_control_grp[1]/h_pup_learn,70,2158
consent_grp[1]/section_h[1]/h_ext_control_grp[1]/h_discipline,21,2228
consent_grp[1]/section_h[1]/h_ext_control_grp[1]/h_stu_achieve,11,2249
consent_grp[1]/section_h[1]/h_ext_control_grp[1]/h_teach_motiv,30,2260
consent_grp[1]/section_h[1]/h_ext_control_grp[1]/h_good_teach,43,2290
consent_grp[1]/section_h[1]/sec_h_motiv_note,2,2332
consent_grp[1]/section_h[1]/h_motiv_grp[1]/h_motiv_note,6,2334
consent_grp[1]/section_h[1]/h_motiv_grp[1]/h_motiv_help,22,2340
consent_grp[1]/section_h[1]/h_motiv_grp[1]/h_quest_school,27,2363
consent_grp[1]/section_h[1]/h_motiv_grp[1]/h_help_child,7,2390
consent_grp[1]/section_h[1]/h_motiv_grp[1]/h_sch_goal,13,2396
consent_grp[1]/section_h[1]/h_motiv_grp[1]/h_help_emot,10,2409
consent_grp[1]/section_h[1]/h_motiv_grp[1]/h_enjoy_teach,11,2419
consent_grp[1]/section_h[1]/h_motiv_grp[1]/h_develop_society,9,2430
consent_grp[1]/section_h[1]/h_motiv_grp[1]/h_develop_socially,10,2439
consent_grp[1]/section_h[1]/h_motiv_grp[1]/h_perso_clear,7,2449
consent_grp[1]/section_h[1]/h_impor_thing,70,2456
consent_grp[1]/section_h[1]/h_job_satisfaction_grp[1]/h_job_satis_note,37,2526
consent_grp[1]/section_h[1]/h_job_satisfaction_grp[1]/h_look_out,19,2563
consent_grp[1]/section_h[1]/h_job_satisfaction_grp[1]/h_perso_worries,7,2582
consent_grp[1]/section_h[1]/h_job_satisfaction_grp[1]/h_know_col,9,2589
consent_grp[1]/section_h[1]/h_job_satisfaction_grp[1]/h_col_coop,7,2598
consent_grp[1]/section_h[1]/h_job_satisfaction_grp[1]/h_trust_col,6,2605
consent_grp[1]/section_h[1]/h_job_satisfaction_grp[1]/h_enjoy_col,5,2611
consent_grp[1]/section_h[1]/h_job_satisfaction_grp[1]/h_sup_respect,10,2616
consent_grp[1]/section_h[1]/h_job_satisfaction_grp[1]/h_sup_busy,6,2626
consent_grp[1]/section_h[1]/h_job_satisfaction_grp[1]/h_sup_opinion,5,2632
consent_grp[1]/section_h[1]/h_job_satisfaction_grp[1]/h_count_sup,6,2637
consent_grp[1]/section_h[1]/h_job_satisfaction_grp[1]/h_motivated,6,2642
consent_grp[1]/section_h[1]/h_job_satisfaction_grp[1]/h_sup_unpredict,9,2648
consent_grp[1]/section_h[1]/h_job_satisfaction_grp[1]/h_wrk_challenge,12,2657
consent_grp[1]/section_h[1]/h_job_satisfaction_grp[1]/h_wrk_monotonous,8,2669
consent_grp[1]/section_h[1]/h_job_satisfaction_grp[1]/h_wrk_creative,5,2677
consent_grp[1]/section_h[1]/h_job_satisfaction_grp[1]/h_big_impact,9,2682
consent_grp[1]/section_h[1]/h_job_satisfaction_grp[1]/h_little_time,22,2691
consent_grp[1]/section_h[1]/h_job_satisfaction_grp[1]/h_control_satis,8,2713
consent_grp[1]/section_h[1]/h_job_satisfaction_grp[1]/h_look,9,2721
consent_grp[1]/section_h[1]/h_job_satisfaction_grp[1]/h_small_space,10,2730
consent_grp[1]/section_h[1]/h_job_satisfaction_grp[1]/h_new_mat,5,2740
consent_grp[1]/section_h[1]/h_job_satisfaction_grp[1]/h_clean_kinder,10,2746
consent_grp[1]/section_h[1]/h_job_satisfaction_grp[1]/h_loud_kinder,12,2754
consent_grp[1]/section_h[1]/h_job_satisfaction_grp[1]/h_kinder_rules,9,2766
consent_grp[1]/section_h[1]/h_job_satisfaction_grp[1]/h_satisfied_paid,9,2777
consent_grp[1]/section_h[1]/h_burnout_grp[1]/h_burnout_note,10,2785
consent_grp[1]/section_h[1]/h_burnout_grp[1]/h_emotion_drained,91,2795
consent_grp[1]/section_h[1]/h_burnout_grp[1]/h_used_up,21,2886
consent_grp[1]/section_h[1]/h_burnout_grp[1]/h_fatigued,13,2908
consent_grp[1]/section_h[1]/h_burnout_grp[1]/h_child_feel,12,2921
consent_grp[1]/section_h[1]/h_burnout_grp[1]/h_child_impersonal,11,2933
consent_grp[1]/section_h[1]/h_burnout_grp[1]/h_ppl_strain,13,2944
consent_grp[1]/section_h[1]/h_burnout_grp[1]/h_deal_effect,12,2957
consent_grp[1]/section_h[1]/h_burnout_grp[1]/h_burnout,17,2969
consent_grp[1]/section_h[1]/h_burnout_grp[1]/h_pos_influence,14,2986
consent_grp[1]/section_h[1]/h_burnout_grp[1]/h_cold,13,3000
consent_grp[1]/section_h[1]/h_burnout_grp[1]/h_hard,7,3012
consent_grp[1]/section_h[1]/h_burnout_grp[1]/h_energetic,16,3019
consent_grp[1]/section_h[1]/h_burnout_grp[1]/h_frustrated,10,3036
consent_grp[1]/section_h[1]/h_burnout_grp[1]/h_work_hard,23,3046
consent_grp[1]/section_h[1]/h_burnout_grp[1]/h_dont_care,11,3069
consent_grp[1]/section_h[1]/h_burnout_grp[1]/h_put_pressure,7,3080
consent_grp[1]/section_h[1]/h_burnout_grp[1]/h_relax,12,3087
consent_grp[1]/section_h[1]/h_burnout_grp[1]/h_excited,13,3099
consent_grp[1]/section_h[1]/h_burnout_grp[1]/h_accomplished,27,3112
consent_grp[1]/section_h[1]/h_burnout_grp[1]/h_end_of_rop,14,3138
consent_grp[1]/section_h[1]/h_burnout_grp[1]/h_emot_pro_calm,14,3152
consent_grp[1]/i_teacher_knowledge_grp[1]/I_teach_know_note,18,3167
consent_grp[1]/i_teacher_knowledge_grp[1]/i_consonance,40,3185
consent_grp[1]/i_teacher_knowledge_grp[1]/i_vowel,19,3225
consent_grp[1]/i_teacher_knowledge_grp[1]/i_unbelievable,32,3244
consent_grp[1]/i_teacher_knowledge_grp[1]/i_irregular,17,3275
consent_grp[1]/i_teacher_knowledge_grp[1]/i_cat,16,3292
consent_grp[1]/i_teacher_knowledge_grp[1]/i_cough,38,3308
consent_grp[1]/i_teacher_knowledge_grp[1]/i_check,16,3345
consent_grp[1]/i_teacher_knowledge_grp[1]/i_english,27,3361
consent_grp[1]/j_perception_grp[1]/j_perception_note,43,3389
consent_grp[1]/j_perception_grp[1]/j_dev_practice_grp[1]/j_dev_practice_note,6,3431
consent_grp[1]/j_perception_grp[1]/j_dev_practice_grp[1]/j_child_need,24,3437
consent_grp[1]/j_perception_grp[1]/j_dev_practice_grp[1]/j_recog_letter,18,3461
consent_grp[1]/j_perception_grp[1]/j_dev_practice_grp[1]/j_recog_number,9,3479
consent_grp[1]/j_perception_grp[1]/j_dev_practice_grp[1]/j_recog_colour,6,3488
consent_grp[1]/j_perception_grp[1]/j_dev_practice_grp[1]/j_indiv_goal,13,3494
consent_grp[1]/j_perception_grp[1]/j_dev_practice_grp[1]/j_play_materials,8,3508
consent_grp[1]/j_perception_grp[1]/j_dev_practice_grp[1]/j_child_measure,14,3516
consent_grp[1]/j_perception_grp[1]/j_supp_chil_grp[1]/j_supp_chil_note,4,3530
consent_grp[1]/j_perception_grp[1]/j_supp_chil_grp[1]/j_build_relation,23,3535
consent_grp[1]/j_perception_grp[1]/j_supp_chil_grp[1]/j_control_behaviour,15,3558
consent_grp[1]/j_perception_grp[1]/j_supp_chil_grp[1]/j_express_thought,20,3573
consent_grp[1]/j_perception_grp[1]/j_supp_chil_grp[1]/j_resolve_conflicts,15,3593
consent_grp[1]/j_perception_grp[1]/j_supp_chil_grp[1]/j_guidance_style,29,3608
consent_grp[1]/j_perception_grp[1]/j_fam_sensitive_grp[1]/j_fam_sensitive_note,101,3637
consent_grp[1]/j_perception_grp[1]/j_fam_sensitive_grp[1]/j_parent_goal,101,3637
consent_grp[1]/j_perception_grp[1]/j_fam_sensitive_grp[1]/j_work_schedule,101,3637
consent_grp[1]/j_perception_grp[1]/j_fam_sensitive_grp[1]/j_fam_decision,101,3637
consent_grp[1]/j_perception_grp[1]/j_fam_sensitive_grp[1]/j_family_care,101,3637
consent_grp[1]/j_perception_grp[1]/j_fam_sensitive_grp[1]/j_connect_family,101,3637
consent_grp[1]/k_grp[1]/k_instro_note,28,3738
consent_grp[1]/k_grp[1]/k_ts_grp[1]/tmp_k_labels,115,3766
consent_grp[1]/k_grp[1]/k_ts_grp[1]/k_take_priviledges,115,3766
consent_grp[1]/k_grp[1]/k_ts_grp[1]/k_explain_behavior,115,3766
consent_grp[1]/k_grp[1]/k_ts_grp[1]/k_shook,115,3766
consent_grp[1]/k_grp[1]/k_ts_grp[1]/k_shouted,115,3766
consent_grp[1]/k_grp[1]/k_ts_grp[1]/k_gave_something,115,3766
consent_grp[1]/k_grp[1]/k_ts_grp[1]/k_spanked,115,3766
consent_grp[1]/k_grp[1]/k_ts_grp[1]/k_hit_bottom,115,3766
consent_grp[1]/k_grp[1]/k_ts_grp[1]/k_call_dumb,115,3766
consent_grp[1]/k_grp[1]/k_ts_grp[1]/k_hit_face,115,3766
consent_grp[1]/k_grp[1]/k_ts_grp[1]/k_praised,115,3766
consent_grp[1]/k_grp[1]/k_ts_grp[1]/k_affection,115,3766
consent_grp[1]/k_grp[1]/k_ts_grp[1]/k_rewarded,115,3766
consent_grp[1]/l_teaching_prac_grp[1]/l_note,10,3882
consent_grp[1]/l_teaching_prac_grp[1]/l_previos_kinder_act[1]/tmp_l_prac_lab,96,3892
consent_grp[1]/l_teaching_prac_grp[1]/l_previos_kinder_act[1]/l_hygiene_routine,96,3892
consent_grp[1]/l_teaching_prac_grp[1]/l_previos_kinder_act[1]/l_supply,96,3892
consent_grp[1]/l_teaching_prac_grp[1]/l_previos_kinder_act[1]/l_pamper,96,3892
consent_grp[1]/l_teaching_prac_grp[1]/l_previos_kinder_act[1]/l_read,96,3892
consent_grp[1]/l_teaching_prac_grp[1]/l_previos_kinder_act[1]/l_tell,96,3892
consent_grp[1]/l_teaching_prac_grp[1]/l_previos_kinder_act[1]/l_conversatin,96,3892
consent_grp[1]/l_teaching_prac_grp[1]/l_previos_kinder_act[1]/l_sing,96,3892
consent_grp[1]/l_teaching_prac_grp[1]/l_previos_kinder_act[1]/l_dance,96,3892
consent_grp[1]/l_teaching_prac_grp[1]/l_previos_kinder_act[1]/l_visit,96,3892
consent_grp[1]/l_teaching_prac_grp[1]/l_previos_kinder_act[1]/l_play_kg,96,3892
consent_grp[1]/l_teaching_prac_grp[1]/l_previos_kinder_act[1]/l_play_recrea,96,3892
consent_grp[1]/l_teaching_prac_grp[1]/l_previos_kinder_act[1]/l_sleep,96,3892
consent_grp[1]/l_teaching_prac_grp[1]/l_previos_kinder_act[1]/l_run,96,3892
consent_grp[1]/l_teaching_prac_grp[1]/l_previos_kinder_act[1]/l_group_learn,96,3892
consent_grp[1]/l_teaching_prac_grp[1]/l_previos_kinder_act[1]/l_indiv_learn,96,3892
consent_grp[1]/l_teaching_prac_grp[1]/l_class_acti_grp[1]/l_act_grp[1]/tmp_l_class_lab,109,3988
consent_grp[1]/l_teaching_prac_grp[1]/l_class_acti_grp[1]/l_act_grp[1]/l_teach_colour,109,3988
consent_grp[1]/l_teaching_prac_grp[1]/l_class_acti_grp[1]/l_act_grp[1]/l_teach_number,109,3988
consent_grp[1]/l_teaching_prac_grp[1]/l_class_acti_grp[1]/l_act_grp[1]/l_teach_letter,109,3988
consent_grp[1]/l_teaching_prac_grp[1]/l_class_acti_grp[1]/l_act_grp[1]/l_teach_form,109,3988
consent_grp[1]/l_teaching_prac_grp[1]/l_class_acti_grp[1]/l_act_grp[1]/l_socialise,109,3988
consent_grp[1]/l_teaching_prac_grp[1]/l_class_acti_grp[1]/l_act_grp[1]/l_pro_solve,109,3988
consent_grp[1]/l_teaching_prac_grp[1]/l_class_acti_grp[1]/l_act_grp[1]/l_writing,109,3988
consent_grp[1]/l_teaching_prac_grp[1]/l_class_acti_grp[1]/l_act_grp[1]/l_teach_body,109,3988
consent_grp[1]/l_teaching_prac_grp[1]/l_class_acti_grp[1]/l_act_grp[1]/l_pers_hygiene,109,3988
consent_grp[1]/l_teaching_prac_grp[1]/l_class_acti_grp[1]/l_act_grp[1]/l_art_expre,109,3988
consent_grp[1]/l_teaching_prac_grp[1]/l_class_acti_grp[1]/l_act_grp[1]/l_body_lang,109,3988
consent_grp[1]/l_teaching_prac_grp[1]/l_class_acti_grp[1]/l_act_grp[1]/l_concentration,109,3988
consent_grp[1]/l_teaching_prac_grp[1]/l_class_acti_grp[1]/l_act_grp[1]/l_gross_motor,109,3988
consent_grp[1]/l_teaching_prac_grp[1]/l_class_acti_grp[1]/l_act_grp[1]/l_fine_motor,109,3988
consent_grp[1]/l_teaching_prac_grp[1]/l_class_acti_grp[1]/l_act_grp[1]/l_gender,109,3988
consent_grp[1]/l_teaching_prac_grp[1]/l_class_acti_grp[1]/l_act_grp[1]/l_responsibility,109,3988
consent_grp[1]/l_teaching_prac_grp[1]/l_class_acti_grp[1]/l_act_grp[1]/l_speech,109,3988
consent_grp[1]/l_teaching_prac_grp[1]/l_class_acti_grp[1]/l_act_grp[1]/l_explore_comm,109,3988
consent_grp[1]/l_teaching_prac_grp[1]/l_class_acti_grp[1]/l_act_grp[1]/l_explore_culture,109,3988
consent_grp[1]/l_teaching_prac_grp[1]/l_parent_interact_note,59,4096
consent_grp[1]/l_teaching_prac_grp[1]/l_actively_engaged,27,4155
consent_grp[1]/l_teaching_prac_grp[1]/l_proportion_child,34,4182
consent_grp[1]/l_teaching_prac_grp[1]/l_proportion_child_more,29,4207
consent_grp[1]/l_teaching_prac_grp[1]/l_visit_pupil_house,41,4245
consent_grp[1]/l_teaching_prac_grp[1]/l_visit_parent_house,26,4286
consent_grp[1]/l_teaching_prac_grp[1]/l_receive_parent_supp,24,4312
consent_grp[1]/l_teaching_prac_grp[1]/l_day_teaching_note,4,4336
consent_grp[1]/l_teaching_prac_grp[1]/l_day_grp[1]/tmp_l_labs,58,4340
consent_grp[1]/l_teaching_prac_grp[1]/l_day_grp[1]/l_daily_schedule,58,4340
consent_grp[1]/l_teaching_prac_grp[1]/l_day_grp[1]/l_play_period,58,4340
consent_grp[1]/l_teaching_prac_grp[1]/l_day_grp[1]/l_free_play,58,4340
consent_grp[1]/l_teaching_prac_grp[1]/l_day_grp[1]/l_activities,58,4340
consent_grp[1]/l_teaching_prac_grp[1]/l_per_daily_grp[1]/l_perc_note,210,4398
consent_grp[1]/l_teaching_prac_grp[1]/l_per_daily_grp[1]/l_admin_per,210,4398
consent_grp[1]/l_teaching_prac_grp[1]/l_per_daily_grp[1]/l_class_per,210,4398
consent_grp[1]/l_teaching_prac_grp[1]/l_per_daily_grp[1]/l_teach_per,210,4398
consent_grp[1]/l_teaching_prac_grp[1]/l_per_daily_grp[1]/l_super_per,210,4398
consent_grp[1]/l_teaching_prac_grp[1]/l_per_daily_grp[1]/l_super_oth_per,210,4398
consent_grp[1]/l_teaching_prac_grp[1]/l_per_daily_grp[1]/l_break_per,210,4398
consent_grp[1]/l_teaching_prac_grp[1]/l_discipline_note,25,4608
consent_grp[1]/l_teaching_prac_grp[1]/l_dont_like,40,4633
consent_grp[1]/l_teaching_prac_grp[1]/l_really_bad,61,4669
consent_grp[1]/l_teaching_prac_grp[1]/l_does_good,18,4734
consent_grp[1]/l_teaching_prac_grp[1]/l_praise,8,4752
consent_grp[1]/q_note,18,4760
consent_grp[1]/q_activ_yn,54,4779
s_int_accom_yn,3,4831
s_int_accom,3,4836
comments,1,4838
