Field name,Total duration (seconds),First appeared (seconds into survey)
instruction,5,15
a_district_id,98,16
a_circuit_id,171,114
a_kg_id,8,284
a_community_id,8,291
a_enum_id,8,296
consent_note,198,301
con_understand,14,511
con_questions,5,525
con_written,3,530
consent_grp[1]/audio_consent,41,534
consent_grp[1]/d_background_note,1,575
consent_grp[1]/section_d[1]/kgt_key,20,576
consent_grp[1]/section_d[1]/kgt_name_gp[1]/kgt_fsn,47,586
consent_grp[1]/section_d[1]/kgt_name_gp[1]/kgt_msn,47,586
consent_grp[1]/section_d[1]/kgt_name_gp[1]/kgt_lsn,47,586
consent_grp[1]/section_d[1]/kgt_name_gp[1]/kgt_ppn,47,586
consent_grp[1]/section_d[1]/kgt_name_gp[1]/d_sex,47,586
consent_grp[1]/section_d[1]/kgt_confirm_note,7,644
consent_grp[1]/section_d[1]/d_num_cnt,11,650
consent_grp[1]/section_d[1]/d_cnt_grp[1]/d_cnt_main,12,662
consent_grp[1]/section_d[1]/d_age,6,674
consent_grp[1]/section_d[1]/d_teacher_grp[1]/d_been_teacher,16,680
consent_grp[1]/section_d[1]/d_teacher_grp[1]/d_teacher_year,16,680
consent_grp[1]/section_d[1]/d_teacher_grp[1]/d_teacher_month,16,680
consent_grp[1]/section_d[1]/d_been_kinder_grp[1]/d_been_kinder,9,696
consent_grp[1]/section_d[1]/d_been_kinder_grp[1]/d_kinder_year,9,696
consent_grp[1]/section_d[1]/d_been_kinder_grp[1]/d_kinder_month,9,696
consent_grp[1]/section_d[1]/d_work_last,8,705
consent_grp[1]/section_d[1]/d_os_yn,6,714
consent_grp[1]/section_d[1]/d_edu_level,12,719
consent_grp[1]/section_d[1]/d_edu_train,8,731
consent_grp[1]/section_d[1]/d_edu_level_train,25,739
consent_grp[1]/section_d[1]/d_edu_level_fath,9,764
consent_grp[1]/section_d[1]/d_edu_level_mom,4,773
consent_grp[1]/section_d[1]/d_marital_status,7,776
consent_grp[1]/section_d[1]/d_ethnic_group,6,784
consent_grp[1]/section_d[1]/d_religion,3,789
consent_grp[1]/section_d[1]/d_la_spk_grp[1]/d_la_spk_note,27,793
consent_grp[1]/section_d[1]/d_la_spk_grp[1]/d_la_spk_eng,27,793
consent_grp[1]/section_d[1]/d_la_spk_grp[1]/d_la_spk_dagb,27,793
consent_grp[1]/section_d[1]/d_la_wrt_grp[1]/d_la_wrt_note,10,819
consent_grp[1]/section_d[1]/d_la_wrt_grp[1]/d_la_wrt_eng,10,819
consent_grp[1]/section_d[1]/d_la_wrt_grp[1]/d_la_wrt_dagb,10,819
consent_grp[1]/section_d[1]/d_main_language,17,830
consent_grp[1]/section_d[1]/d_loc_lang_kinderg,8,846
consent_grp[1]/e_rel_grp[1]/e_hh_note,6,854
consent_grp[1]/e_rel_grp[1]/e_hh_num,10,860
consent_grp[1]/e_rel_grp[1]/e_hh_grp[1]/e_hh_head,58,870
consent_grp[1]/e_rel_grp[1]/e_hh_grp[1]/e_chil_hh,58,870
consent_grp[1]/e_rel_grp[1]/e_hh_grp[1]/e_adult_hh,58,870
consent_grp[1]/e_rel_grp[1]/e_hh_school,12,928
consent_grp[1]/e_rel_grp[1]/e_read_english,8,940
consent_grp[1]/e_rel_grp[1]/e_rate_health,12,947
consent_grp[1]/e_rel_grp[1]/e_live_note,3,959
consent_grp[1]/e_rel_grp[1]/e_rooms_occu,39,963
consent_grp[1]/e_rel_grp[1]/e_own_status,12,1001
consent_grp[1]/e_rel_grp[1]/e_electricity_inhouse,4,1013
consent_grp[1]/e_rel_grp[1]/e_floor_material,8,1017
consent_grp[1]/e_rel_grp[1]/e_interior_floor,9,1025
consent_grp[1]/e_rel_grp[1]/e_roof_mat,7,1034
consent_grp[1]/e_rel_grp[1]/e_cook_fuel,7,1041
consent_grp[1]/e_rel_grp[1]/e_lighting,10,1047
consent_grp[1]/e_rel_grp[1]/e_drink_source,20,1058
consent_grp[1]/e_rel_grp[1]/e_toilet_facility,23,1078
consent_grp[1]/e_rel_grp[1]/e_asset_note,3,1100
consent_grp[1]/e_rel_grp[1]/e_hh_own_phone,11,1103
consent_grp[1]/e_rel_grp[1]/e_hh_ass_grp[1]/tmp_e_hh_ass_lab,79,1114
consent_grp[1]/e_rel_grp[1]/e_hh_ass_grp[1]/e_hh_ass_radio,79,1114
consent_grp[1]/e_rel_grp[1]/e_hh_ass_grp[1]/e_hh_ass_refrig,79,1114
consent_grp[1]/e_rel_grp[1]/e_hh_ass_grp[1]/e_hh_ass_bike,79,1114
consent_grp[1]/e_rel_grp[1]/e_hh_ass_grp[1]/e_hh_ass_tv,79,1114
consent_grp[1]/e_rel_grp[1]/e_hh_ass_grp[1]/e_hh_ass_vcr,79,1114
consent_grp[1]/e_rel_grp[1]/e_hh_ass_grp[1]/e_hh_ass_motor,79,1114
consent_grp[1]/e_rel_grp[1]/e_hh_ass_grp[1]/e_hh_ass_car,79,1114
consent_grp[1]/e_rel_grp[1]/e_hh_ass_grp[1]/e_hh_ass_tractor,79,1114
consent_grp[1]/e_rel_grp[1]/e_hh_ass_grp[1]/e_hh_ass_farm_equip,79,1114
consent_grp[1]/e_rel_grp[1]/e_hh_ass_grp[1]/e_hh_ass_sew_mach,79,1114
consent_grp[1]/e_rel_grp[1]/e_hh_ass_grp[1]/e_hh_ass_bed,79,1114
consent_grp[1]/e_rel_grp[1]/e_hh_ass_grp[1]/e_hh_ass_mattress,79,1114
consent_grp[1]/e_rel_grp[1]/e_hh_ass_grp[1]/e_hh_ass_table_chair,79,1114
consent_grp[1]/e_rel_grp[1]/e_hh_ass_grp[1]/e_hh_ass_stool,79,1114
consent_grp[1]/e_rel_grp[1]/e_hh_ass_grp[1]/e_hh_ass_sofa,79,1114
consent_grp[1]/e_rel_grp[1]/e_hh_ass_grp[1]/e_hh_ass_fan,79,1114
consent_grp[1]/e_rel_grp[1]/e_hh_ass_grp[1]/e_hh_ass_lamp,79,1114
consent_grp[1]/e_rel_grp[1]/e_hh_ass_grp[1]/e_hh_ass_watch,79,1114
consent_grp[1]/e_rel_grp[1]/e_hh_ass_grp[1]/e_hh_ass_mat,79,1114
consent_grp[1]/e_rel_grp[1]/e_hh_ass_grp[1]/e_hh_ass_torch,79,1114
consent_grp[1]/e_rel_grp[1]/e_hh_ass_grp[1]/e_hh_ass_cabinet,79,1114
consent_grp[1]/e_rel_grp[1]/e_hh_ass_grp[1]/e_hh_ass_pot,79,1114
consent_grp[1]/e_rel_grp[1]/e_hh_ass_grp[1]/e_hh_ass_itn,79,1114
consent_grp[1]/e_rel_grp[1]/e_hh_ass_grp[1]/e_hh_ass_iron_elec,79,1114
consent_grp[1]/e_rel_grp[1]/e_hh_ass_grp[1]/e_hh_ass_iron_coal,79,1114
consent_grp[1]/e_rel_grp[1]/e_hh_ass_grp[1]/e_hh_ass_iron_gas,79,1114
consent_grp[1]/f_rel_grp[1]/f_comm_note,4,1193
consent_grp[1]/f_rel_grp[1]/section_f[1]/f_born_comm,7,1198
consent_grp[1]/f_rel_grp[1]/section_f[1]/f_school_loc,7,1205
consent_grp[1]/f_rel_grp[1]/section_f[1]/f_lived_bef_teach,15,1212
consent_grp[1]/f_rel_grp[1]/section_f[1]/f_lived_grp[1]/f_lived_comm,10,1227
consent_grp[1]/f_rel_grp[1]/section_f[1]/f_lived_grp[1]/f_lived_comm_year,10,1227
consent_grp[1]/f_rel_grp[1]/section_f[1]/f_lived_grp[1]/f_lived_comm_month,10,1227
consent_grp[1]/f_rel_grp[1]/section_f[1]/f_fam_lived,16,1237
consent_grp[1]/f_rel_grp[1]/section_f[1]/f_emot_support,10,1253
consent_grp[1]/f_rel_grp[1]/section_f[1]/f_emot_support_num,7,1262
consent_grp[1]/f_rel_grp[1]/section_f[1]/f_lend_money,14,1269
consent_grp[1]/f_rel_grp[1]/section_f[1]/f_borrow_money,10,1283
consent_grp[1]/f_rel_grp[1]/section_f[1]/f_rel_live_nearby,11,1293
consent_grp[1]/f_rel_grp[1]/section_f[1]/f_part_comm,9,1304
consent_grp[1]/f_rel_grp[1]/section_f[1]/f_main_trans,9,1312
consent_grp[1]/f_rel_grp[1]/section_f[1]/f_min_get_sch_grp[1]/f_min_get_note,12,1321
consent_grp[1]/f_rel_grp[1]/section_f[1]/f_min_get_sch_grp[1]/f_h_get_school,12,1321
consent_grp[1]/f_rel_grp[1]/section_f[1]/f_min_get_sch_grp[1]/f_m_get_school,12,1321
consent_grp[1]/g_nature_wrk_note,2,1333
consent_grp[1]/section_g[1]/g_teach_pos,8,1335
consent_grp[1]/section_g[1]/g_teach_school,5,1343
consent_grp[1]/section_g[1]/g_kg_grade,6,1349
consent_grp[1]/section_g[1]/g_class_grp[1]/g_children_note,24,1355
consent_grp[1]/section_g[1]/g_class_grp[1]/g_kg_2,24,1355
consent_grp[1]/section_g[1]/g_ah_grp[1]/g_ah_note,46,1379
consent_grp[1]/section_g[1]/g_ah_grp[1]/g_ah_working,46,1379
consent_grp[1]/section_g[1]/g_ah_grp[1]/g_ah_prepping,46,1379
consent_grp[1]/section_g[1]/g_eh_grp[1]/g_eh_note,33,1411
consent_grp[1]/section_g[1]/g_eh_grp[1]/g_eh_working,33,1411
consent_grp[1]/section_g[1]/g_eh_grp[1]/g_eh_prepping,33,1411
consent_grp[1]/section_g[1]/g_teach_salary,21,1458
consent_grp[1]/section_g[1]/g_salary_freq,7,1479
consent_grp[1]/section_g[1]/g_salary_intime,18,1486
consent_grp[1]/section_g[1]/g_money_cmp,12,1504
consent_grp[1]/section_g[1]/g_job_outside,7,1515
consent_grp[1]/section_g[1]/g_extra_money_spec,8,1522
consent_grp[1]/section_g[1]/g_sch_pro_grp[1]/tmp_g_sch_pro_lab,130,1530
consent_grp[1]/section_g[1]/g_sch_pro_grp[1]/g_class,130,1530
consent_grp[1]/section_g[1]/g_sch_pro_grp[1]/g_class_taught,130,1530
consent_grp[1]/section_g[1]/g_sch_pro_grp[1]/g_fin_resource,130,1530
consent_grp[1]/section_g[1]/g_sch_pro_grp[1]/g_high_expe,130,1530
consent_grp[1]/section_g[1]/g_sch_pro_grp[1]/g_change_curri,130,1530
consent_grp[1]/section_g[1]/g_sch_pro_grp[1]/g_diff_curri,130,1530
consent_grp[1]/section_g[1]/g_sch_pro_grp[1]/g_easy_curri,130,1530
consent_grp[1]/section_g[1]/g_sch_pro_grp[1]/g_par_dem_high,130,1530
consent_grp[1]/section_g[1]/g_sch_pro_grp[1]/g_par_suff_interest,130,1530
consent_grp[1]/section_g[1]/g_sch_pro_grp[1]/g_par_suff_active,130,1530
consent_grp[1]/section_g[1]/g_par_supp_grp[1]/g_par_supp_note,9,1660
consent_grp[1]/section_g[1]/g_par_supp_grp[1]/g_home_wrk,13,1669
consent_grp[1]/section_g[1]/g_par_supp_grp[1]/g_behave_val,7,1682
consent_grp[1]/section_g[1]/g_par_supp_grp[1]/g_get_schl,6,1689
consent_grp[1]/section_g[1]/g_par_supp_grp[1]/g_visit_schl,6,1695
consent_grp[1]/section_g[1]/g_par_supp_grp[1]/g_show_respect,10,1701
consent_grp[1]/section_g[1]/g_par_supp_grp[1]/g_best_schl,9,1711
consent_grp[1]/section_g[1]/g_par_supp_grp[1]/g_parti_pta,6,1720
consent_grp[1]/section_g[1]/g_par_supp_grp[1]/g_cont_kg_act,9,1726
consent_grp[1]/section_g[1]/g_lead_respect,15,1735
consent_grp[1]/section_g[1]/g_val_citizen,13,1750
consent_grp[1]/section_h[1]/sec_h_depre_note,41,1762
consent_grp[1]/section_h[1]/h_depression_grp[1]/h_da_note,109,1804
consent_grp[1]/section_h[1]/h_depression_grp[1]/tmp_h_da_lab,109,1804
consent_grp[1]/section_h[1]/h_depression_grp[1]/h_headache,109,1804
consent_grp[1]/section_h[1]/h_depression_grp[1]/h_appetite,109,1804
consent_grp[1]/section_h[1]/h_depression_grp[1]/h_sleep,109,1804
consent_grp[1]/section_h[1]/h_depression_grp[1]/h_frightened,109,1804
consent_grp[1]/section_h[1]/h_depression_grp[1]/h_hands_shake,109,1804
consent_grp[1]/section_h[1]/h_depression_grp[1]/h_nervous,109,1804
consent_grp[1]/section_h[1]/h_depression_grp[1]/h_digestion,109,1804
consent_grp[1]/section_h[1]/h_depression_grp[1]/h_thinking,109,1804
consent_grp[1]/section_h[1]/h_depression_grp[1]/h_unhappy,109,1804
consent_grp[1]/section_h[1]/h_depression_grp[1]/h_cry,109,1804
consent_grp[1]/section_h[1]/h_depression_grp[1]/h_activities,109,1804
consent_grp[1]/section_h[1]/h_depression_grp[1]/h_decisions,109,1804
consent_grp[1]/section_h[1]/h_depression_grp[1]/h_daily_work,109,1804
consent_grp[1]/section_h[1]/h_depression_grp[1]/h_life,109,1804
consent_grp[1]/section_h[1]/h_depression_grp[1]/h_interest,109,1804
consent_grp[1]/section_h[1]/h_depression_grp[1]/h_worthless,109,1804
consent_grp[1]/section_h[1]/h_depression_grp[1]/h_end_life,109,1804
consent_grp[1]/section_h[1]/h_depression_grp[1]/h_tired,109,1804
consent_grp[1]/section_h[1]/h_depression_grp[1]/h_uncomfortable,109,1804
consent_grp[1]/section_h[1]/h_depression_grp[1]/h_easily_tired,109,1804
consent_grp[1]/section_h[1]/sec_h_ext_contr_note,4,1912
consent_grp[1]/section_h[1]/h_ext_control_grp[1]/h_ext_cont_note,3,1917
consent_grp[1]/section_h[1]/h_ext_control_grp[1]/h_pup_learn,30,1919
consent_grp[1]/section_h[1]/h_ext_control_grp[1]/h_discipline,14,1949
consent_grp[1]/section_h[1]/h_ext_control_grp[1]/h_stu_achieve,10,1963
consent_grp[1]/section_h[1]/h_ext_control_grp[1]/h_teach_motiv,11,1973
consent_grp[1]/section_h[1]/h_ext_control_grp[1]/h_good_teach,9,1985
consent_grp[1]/section_h[1]/sec_h_motiv_note,2,1994
consent_grp[1]/section_h[1]/h_motiv_grp[1]/h_motiv_note,2,1996
consent_grp[1]/section_h[1]/h_motiv_grp[1]/h_motiv_help,12,1998
consent_grp[1]/section_h[1]/h_motiv_grp[1]/h_quest_school,13,2011
consent_grp[1]/section_h[1]/h_motiv_grp[1]/h_help_child,5,2024
consent_grp[1]/section_h[1]/h_motiv_grp[1]/h_sch_goal,6,2029
consent_grp[1]/section_h[1]/h_motiv_grp[1]/h_help_emot,7,2035
consent_grp[1]/section_h[1]/h_motiv_grp[1]/h_enjoy_teach,5,2042
consent_grp[1]/section_h[1]/h_motiv_grp[1]/h_develop_society,7,2047
consent_grp[1]/section_h[1]/h_motiv_grp[1]/h_develop_socially,11,2055
consent_grp[1]/section_h[1]/h_motiv_grp[1]/h_perso_clear,5,2066
consent_grp[1]/section_h[1]/h_impor_thing,56,2071
consent_grp[1]/section_h[1]/h_job_satisfaction_grp[1]/h_job_satis_note,14,2127
consent_grp[1]/section_h[1]/h_job_satisfaction_grp[1]/h_look_out,24,2142
consent_grp[1]/section_h[1]/h_job_satisfaction_grp[1]/h_perso_worries,6,2165
consent_grp[1]/section_h[1]/h_job_satisfaction_grp[1]/h_know_col,10,2172
consent_grp[1]/section_h[1]/h_job_satisfaction_grp[1]/h_col_coop,7,2182
consent_grp[1]/section_h[1]/h_job_satisfaction_grp[1]/h_trust_col,8,2189
consent_grp[1]/section_h[1]/h_job_satisfaction_grp[1]/h_enjoy_col,6,2197
consent_grp[1]/section_h[1]/h_job_satisfaction_grp[1]/h_sup_respect,6,2203
consent_grp[1]/section_h[1]/h_job_satisfaction_grp[1]/h_sup_busy,7,2209
consent_grp[1]/section_h[1]/h_job_satisfaction_grp[1]/h_sup_opinion,6,2216
consent_grp[1]/section_h[1]/h_job_satisfaction_grp[1]/h_count_sup,7,2222
consent_grp[1]/section_h[1]/h_job_satisfaction_grp[1]/h_motivated,6,2228
consent_grp[1]/section_h[1]/h_job_satisfaction_grp[1]/h_sup_unpredict,8,2234
consent_grp[1]/section_h[1]/h_job_satisfaction_grp[1]/h_wrk_challenge,12,2242
consent_grp[1]/section_h[1]/h_job_satisfaction_grp[1]/h_wrk_monotonous,18,2254
consent_grp[1]/section_h[1]/h_job_satisfaction_grp[1]/h_wrk_creative,4,2273
consent_grp[1]/section_h[1]/h_job_satisfaction_grp[1]/h_big_impact,6,2277
consent_grp[1]/section_h[1]/h_job_satisfaction_grp[1]/h_little_time,9,2283
consent_grp[1]/section_h[1]/h_job_satisfaction_grp[1]/h_control_satis,11,2291
consent_grp[1]/section_h[1]/h_job_satisfaction_grp[1]/h_look,7,2303
consent_grp[1]/section_h[1]/h_job_satisfaction_grp[1]/h_small_space,13,2310
consent_grp[1]/section_h[1]/h_job_satisfaction_grp[1]/h_new_mat,14,2323
consent_grp[1]/section_h[1]/h_job_satisfaction_grp[1]/h_clean_kinder,6,2337
consent_grp[1]/section_h[1]/h_job_satisfaction_grp[1]/h_loud_kinder,6,2343
consent_grp[1]/section_h[1]/h_job_satisfaction_grp[1]/h_kinder_rules,8,2349
consent_grp[1]/section_h[1]/h_job_satisfaction_grp[1]/h_satisfied_paid,6,2357
consent_grp[1]/section_h[1]/h_burnout_grp[1]/h_burnout_note,11,2363
consent_grp[1]/section_h[1]/h_burnout_grp[1]/h_emotion_drained,22,2374
consent_grp[1]/section_h[1]/h_burnout_grp[1]/h_used_up,12,2396
consent_grp[1]/section_h[1]/h_burnout_grp[1]/h_fatigued,12,2408
consent_grp[1]/section_h[1]/h_burnout_grp[1]/h_child_feel,15,2420
consent_grp[1]/section_h[1]/h_burnout_grp[1]/h_child_impersonal,14,2435
consent_grp[1]/section_h[1]/h_burnout_grp[1]/h_ppl_strain,16,2450
consent_grp[1]/section_h[1]/h_burnout_grp[1]/h_deal_effect,9,2465
consent_grp[1]/section_h[1]/h_burnout_grp[1]/h_burnout,7,2474
consent_grp[1]/section_h[1]/h_burnout_grp[1]/h_pos_influence,7,2481
consent_grp[1]/section_h[1]/h_burnout_grp[1]/h_cold,26,2488
consent_grp[1]/section_h[1]/h_burnout_grp[1]/h_hard,7,2511
consent_grp[1]/section_h[1]/h_burnout_grp[1]/h_energetic,5,2521
consent_grp[1]/section_h[1]/h_burnout_grp[1]/h_frustrated,7,2526
consent_grp[1]/section_h[1]/h_burnout_grp[1]/h_work_hard,24,2532
consent_grp[1]/section_h[1]/h_burnout_grp[1]/h_dont_care,8,2557
consent_grp[1]/section_h[1]/h_burnout_grp[1]/h_put_pressure,9,2564
consent_grp[1]/section_h[1]/h_burnout_grp[1]/h_relax,10,2573
consent_grp[1]/section_h[1]/h_burnout_grp[1]/h_excited,16,2583
consent_grp[1]/section_h[1]/h_burnout_grp[1]/h_accomplished,21,2599
consent_grp[1]/section_h[1]/h_burnout_grp[1]/h_end_of_rop,8,2614
consent_grp[1]/section_h[1]/h_burnout_grp[1]/h_emot_pro_calm,7,2628
consent_grp[1]/i_teacher_knowledge_grp[1]/I_teach_know_note,13,2634
consent_grp[1]/i_teacher_knowledge_grp[1]/i_consonance,56,2648
consent_grp[1]/i_teacher_knowledge_grp[1]/i_vowel,9,2704
consent_grp[1]/i_teacher_knowledge_grp[1]/i_unbelievable,19,2713
consent_grp[1]/i_teacher_knowledge_grp[1]/i_irregular,48,2731
consent_grp[1]/i_teacher_knowledge_grp[1]/i_cat,17,2779
consent_grp[1]/i_teacher_knowledge_grp[1]/i_cough,8,2795
consent_grp[1]/i_teacher_knowledge_grp[1]/i_check,7,2803
consent_grp[1]/i_teacher_knowledge_grp[1]/i_english,24,2811
consent_grp[1]/j_perception_grp[1]/j_perception_note,34,2835
consent_grp[1]/j_perception_grp[1]/j_dev_practice_grp[1]/j_dev_practice_note,16,2869
consent_grp[1]/j_perception_grp[1]/j_dev_practice_grp[1]/j_child_need,11,2877
consent_grp[1]/j_perception_grp[1]/j_dev_practice_grp[1]/j_recog_letter,8,2896
consent_grp[1]/j_perception_grp[1]/j_dev_practice_grp[1]/j_recog_number,6,2904
consent_grp[1]/j_perception_grp[1]/j_dev_practice_grp[1]/j_recog_colour,5,2910
consent_grp[1]/j_perception_grp[1]/j_dev_practice_grp[1]/j_indiv_goal,7,2915
consent_grp[1]/j_perception_grp[1]/j_dev_practice_grp[1]/j_play_materials,8,2922
consent_grp[1]/j_perception_grp[1]/j_dev_practice_grp[1]/j_child_measure,6,2931
consent_grp[1]/j_perception_grp[1]/j_supp_chil_grp[1]/j_supp_chil_note,4,2936
consent_grp[1]/j_perception_grp[1]/j_supp_chil_grp[1]/j_build_relation,7,2940
consent_grp[1]/j_perception_grp[1]/j_supp_chil_grp[1]/j_control_behaviour,4,2947
consent_grp[1]/j_perception_grp[1]/j_supp_chil_grp[1]/j_express_thought,5,2951
consent_grp[1]/j_perception_grp[1]/j_supp_chil_grp[1]/j_resolve_conflicts,5,2956
consent_grp[1]/j_perception_grp[1]/j_supp_chil_grp[1]/j_guidance_style,9,2961
consent_grp[1]/j_perception_grp[1]/j_fam_sensitive_grp[1]/j_fam_sensitive_note,55,2971
consent_grp[1]/j_perception_grp[1]/j_fam_sensitive_grp[1]/j_parent_goal,55,2971
consent_grp[1]/j_perception_grp[1]/j_fam_sensitive_grp[1]/j_work_schedule,55,2971
consent_grp[1]/j_perception_grp[1]/j_fam_sensitive_grp[1]/j_fam_decision,55,2971
consent_grp[1]/j_perception_grp[1]/j_fam_sensitive_grp[1]/j_family_care,55,2971
consent_grp[1]/j_perception_grp[1]/j_fam_sensitive_grp[1]/j_connect_family,55,2971
consent_grp[1]/k_grp[1]/k_instro_note,19,3025
consent_grp[1]/k_grp[1]/k_ts_grp[1]/tmp_k_labels,61,3044
consent_grp[1]/k_grp[1]/k_ts_grp[1]/k_take_priviledges,61,3044
consent_grp[1]/k_grp[1]/k_ts_grp[1]/k_explain_behavior,61,3044
consent_grp[1]/k_grp[1]/k_ts_grp[1]/k_shook,61,3044
consent_grp[1]/k_grp[1]/k_ts_grp[1]/k_shouted,61,3044
consent_grp[1]/k_grp[1]/k_ts_grp[1]/k_gave_something,61,3044
consent_grp[1]/k_grp[1]/k_ts_grp[1]/k_spanked,61,3044
consent_grp[1]/k_grp[1]/k_ts_grp[1]/k_hit_bottom,61,3044
consent_grp[1]/k_grp[1]/k_ts_grp[1]/k_call_dumb,61,3044
consent_grp[1]/k_grp[1]/k_ts_grp[1]/k_hit_face,61,3044
consent_grp[1]/k_grp[1]/k_ts_grp[1]/k_praised,61,3044
consent_grp[1]/k_grp[1]/k_ts_grp[1]/k_affection,61,3044
consent_grp[1]/k_grp[1]/k_ts_grp[1]/k_rewarded,61,3044
consent_grp[1]/l_teaching_prac_grp[1]/l_note,3,3105
consent_grp[1]/l_teaching_prac_grp[1]/l_previos_kinder_act[1]/tmp_l_prac_lab,48,3108
consent_grp[1]/l_teaching_prac_grp[1]/l_previos_kinder_act[1]/l_hygiene_routine,48,3108
consent_grp[1]/l_teaching_prac_grp[1]/l_previos_kinder_act[1]/l_supply,48,3108
consent_grp[1]/l_teaching_prac_grp[1]/l_previos_kinder_act[1]/l_pamper,48,3108
consent_grp[1]/l_teaching_prac_grp[1]/l_previos_kinder_act[1]/l_read,48,3108
consent_grp[1]/l_teaching_prac_grp[1]/l_previos_kinder_act[1]/l_tell,48,3108
consent_grp[1]/l_teaching_prac_grp[1]/l_previos_kinder_act[1]/l_conversatin,48,3108
consent_grp[1]/l_teaching_prac_grp[1]/l_previos_kinder_act[1]/l_sing,48,3108
consent_grp[1]/l_teaching_prac_grp[1]/l_previos_kinder_act[1]/l_dance,48,3108
consent_grp[1]/l_teaching_prac_grp[1]/l_previos_kinder_act[1]/l_visit,48,3108
consent_grp[1]/l_teaching_prac_grp[1]/l_previos_kinder_act[1]/l_play_kg,48,3108
consent_grp[1]/l_teaching_prac_grp[1]/l_previos_kinder_act[1]/l_play_recrea,48,3108
consent_grp[1]/l_teaching_prac_grp[1]/l_previos_kinder_act[1]/l_sleep,48,3108
consent_grp[1]/l_teaching_prac_grp[1]/l_previos_kinder_act[1]/l_run,48,3108
consent_grp[1]/l_teaching_prac_grp[1]/l_previos_kinder_act[1]/l_group_learn,48,3108
consent_grp[1]/l_teaching_prac_grp[1]/l_previos_kinder_act[1]/l_indiv_learn,48,3108
consent_grp[1]/l_teaching_prac_grp[1]/l_class_acti_grp[1]/l_act_grp[1]/tmp_l_class_lab,55,3157
consent_grp[1]/l_teaching_prac_grp[1]/l_class_acti_grp[1]/l_act_grp[1]/l_teach_colour,55,3157
consent_grp[1]/l_teaching_prac_grp[1]/l_class_acti_grp[1]/l_act_grp[1]/l_teach_number,55,3157
consent_grp[1]/l_teaching_prac_grp[1]/l_class_acti_grp[1]/l_act_grp[1]/l_teach_letter,55,3157
consent_grp[1]/l_teaching_prac_grp[1]/l_class_acti_grp[1]/l_act_grp[1]/l_teach_form,55,3157
consent_grp[1]/l_teaching_prac_grp[1]/l_class_acti_grp[1]/l_act_grp[1]/l_socialise,55,3157
consent_grp[1]/l_teaching_prac_grp[1]/l_class_acti_grp[1]/l_act_grp[1]/l_pro_solve,55,3157
consent_grp[1]/l_teaching_prac_grp[1]/l_class_acti_grp[1]/l_act_grp[1]/l_writing,55,3157
consent_grp[1]/l_teaching_prac_grp[1]/l_class_acti_grp[1]/l_act_grp[1]/l_teach_body,55,3157
consent_grp[1]/l_teaching_prac_grp[1]/l_class_acti_grp[1]/l_act_grp[1]/l_pers_hygiene,55,3157
consent_grp[1]/l_teaching_prac_grp[1]/l_class_acti_grp[1]/l_act_grp[1]/l_art_expre,55,3157
consent_grp[1]/l_teaching_prac_grp[1]/l_class_acti_grp[1]/l_act_grp[1]/l_body_lang,55,3157
consent_grp[1]/l_teaching_prac_grp[1]/l_class_acti_grp[1]/l_act_grp[1]/l_concentration,55,3157
consent_grp[1]/l_teaching_prac_grp[1]/l_class_acti_grp[1]/l_act_grp[1]/l_gross_motor,55,3157
consent_grp[1]/l_teaching_prac_grp[1]/l_class_acti_grp[1]/l_act_grp[1]/l_fine_motor,55,3157
consent_grp[1]/l_teaching_prac_grp[1]/l_class_acti_grp[1]/l_act_grp[1]/l_gender,55,3157
consent_grp[1]/l_teaching_prac_grp[1]/l_class_acti_grp[1]/l_act_grp[1]/l_responsibility,55,3157
consent_grp[1]/l_teaching_prac_grp[1]/l_class_acti_grp[1]/l_act_grp[1]/l_speech,55,3157
consent_grp[1]/l_teaching_prac_grp[1]/l_class_acti_grp[1]/l_act_grp[1]/l_explore_comm,55,3157
consent_grp[1]/l_teaching_prac_grp[1]/l_class_acti_grp[1]/l_act_grp[1]/l_explore_culture,55,3157
consent_grp[1]/l_teaching_prac_grp[1]/l_parent_interact_note,3,3212
consent_grp[1]/l_teaching_prac_grp[1]/l_actively_engaged,18,3215
consent_grp[1]/l_teaching_prac_grp[1]/l_proportion_child,13,3233
consent_grp[1]/l_teaching_prac_grp[1]/l_proportion_child_more,11,3246
consent_grp[1]/l_teaching_prac_grp[1]/l_visit_pupil_house,17,3258
consent_grp[1]/l_teaching_prac_grp[1]/l_visit_parent_house,19,3275
consent_grp[1]/l_teaching_prac_grp[1]/l_receive_parent_supp,14,3294
consent_grp[1]/l_teaching_prac_grp[1]/l_day_teaching_note,3,3308
consent_grp[1]/l_teaching_prac_grp[1]/l_day_grp[1]/tmp_l_labs,26,3310
consent_grp[1]/l_teaching_prac_grp[1]/l_day_grp[1]/l_daily_schedule,26,3310
consent_grp[1]/l_teaching_prac_grp[1]/l_day_grp[1]/l_play_period,26,3310
consent_grp[1]/l_teaching_prac_grp[1]/l_day_grp[1]/l_free_play,26,3310
consent_grp[1]/l_teaching_prac_grp[1]/l_day_grp[1]/l_activities,26,3310
consent_grp[1]/l_teaching_prac_grp[1]/l_per_daily_grp[1]/l_perc_note,278,3332
consent_grp[1]/l_teaching_prac_grp[1]/l_per_daily_grp[1]/l_admin_per,278,3332
consent_grp[1]/l_teaching_prac_grp[1]/l_per_daily_grp[1]/l_class_per,278,3332
consent_grp[1]/l_teaching_prac_grp[1]/l_per_daily_grp[1]/l_teach_per,278,3332
consent_grp[1]/l_teaching_prac_grp[1]/l_per_daily_grp[1]/l_super_per,278,3332
consent_grp[1]/l_teaching_prac_grp[1]/l_per_daily_grp[1]/l_super_oth_per,278,3332
consent_grp[1]/l_teaching_prac_grp[1]/l_per_daily_grp[1]/l_break_per,278,3332
consent_grp[1]/l_teaching_prac_grp[1]/l_discipline_note,2,3614
consent_grp[1]/l_teaching_prac_grp[1]/l_dont_like,39,3616
consent_grp[1]/l_teaching_prac_grp[1]/l_really_bad,15,3655
consent_grp[1]/l_teaching_prac_grp[1]/l_does_good,8,3671
consent_grp[1]/l_teaching_prac_grp[1]/l_praise,56,3679
consent_grp[1]/q_note,11,3735
consent_grp[1]/q_activ_yn,8,3746
consent_grp[1]/q_rpt[1]/q_activ_r,25,3753
consent_grp[1]/q_rpt[1]/q_activ_org_r,6,3779
consent_grp[1]/q_rpt[1]/q_activ_add_r,13,3785
s_int_accom_yn,4,3797
comments,2,3801
