Field name,Total duration (seconds),First appeared (seconds into survey)
instruction,4,11
a_district_id,2,15
a_circuit_id,5,18
a_kg_id,3,23
a_community_id,4,26
a_enum_id,5,30
consent_note,1,34
con_understand,4,36
con_questions,3,39
con_written,2,42
consent_grp[1]/audio_consent,1,44
consent_grp[1]/d_background_note,1,46
consent_grp[1]/section_d[1]/kgt_key,12,47
consent_grp[1]/section_d[1]/kgt_name_gp[1]/kgt_fsn,122,59
consent_grp[1]/section_d[1]/kgt_name_gp[1]/kgt_msn,122,59
consent_grp[1]/section_d[1]/kgt_name_gp[1]/kgt_lsn,122,59
consent_grp[1]/section_d[1]/kgt_name_gp[1]/kgt_ppn,122,59
consent_grp[1]/section_d[1]/kgt_name_gp[1]/d_sex,122,59
consent_grp[1]/section_d[1]/kgt_confirm_note,3,180
consent_grp[1]/section_d[1]/d_num_cnt,2,183
consent_grp[1]/section_d[1]/d_cnt_grp[1]/d_cnt_main,212,186
consent_grp[1]/section_d[1]/d_cnt_grp[1]/d_cnt_sec,212,186
consent_grp[1]/section_d[1]/d_age,6,221
consent_grp[1]/section_d[1]/d_teacher_grp[1]/d_been_teacher,17,224
consent_grp[1]/section_d[1]/d_teacher_grp[1]/d_teacher_year,17,224
consent_grp[1]/section_d[1]/d_teacher_grp[1]/d_teacher_month,17,224
consent_grp[1]/section_d[1]/d_been_kinder_grp[1]/d_been_kinder,16,238
consent_grp[1]/section_d[1]/d_been_kinder_grp[1]/d_kinder_year,16,238
consent_grp[1]/section_d[1]/d_been_kinder_grp[1]/d_kinder_month,16,238
consent_grp[1]/section_d[1]/d_work_last,10,250
consent_grp[1]/section_d[1]/d_os_yn,31,256
consent_grp[1]/section_d[1]/d_os_grp[1]/d_os_name,66,260
consent_grp[1]/section_d[1]/d_os_grp[1]/d_os_region,66,260
consent_grp[1]/section_d[1]/d_os_district,11,319
consent_grp[1]/section_d[1]/d_os_comm_sel,570,325
consent_grp[1]/section_d[1]/d_edu_level,12,1056
consent_grp[1]/section_d[1]/d_edu_train,13,1066
consent_grp[1]/section_d[1]/d_edu_level_train,11,1075
consent_grp[1]/section_d[1]/d_edu_level_fath,5,1084
consent_grp[1]/section_d[1]/d_edu_level_mom,12,1087
consent_grp[1]/section_d[1]/d_marital_status,6,1098
consent_grp[1]/section_d[1]/d_ethnic_group,8,1102
consent_grp[1]/section_d[1]/d_religion,24,1109
consent_grp[1]/section_d[1]/d_os_comm,23,1197
consent_grp[1]/section_d[1]/d_la_spk_grp[1]/d_la_spk_note,12,1237
consent_grp[1]/section_d[1]/d_la_spk_grp[1]/d_la_spk_eng,12,1237
consent_grp[1]/section_d[1]/d_la_spk_grp[1]/d_la_spk_grun,12,1237
consent_grp[1]/section_d[1]/d_la_wrt_grp[1]/d_la_wrt_note,9,1248
consent_grp[1]/section_d[1]/d_la_wrt_grp[1]/d_la_wrt_eng,9,1248
consent_grp[1]/section_d[1]/d_la_wrt_grp[1]/d_la_wrt_grun,9,1248
consent_grp[1]/section_d[1]/d_main_language,4,1257
consent_grp[1]/section_d[1]/d_loc_lang_kinderg,5,1262
consent_grp[1]/e_rel_grp[1]/e_hh_note,3,1267
consent_grp[1]/e_rel_grp[1]/e_hh_num,23,1270
consent_grp[1]/e_rel_grp[1]/e_hh_grp[1]/e_hh_head,19,1293
consent_grp[1]/e_rel_grp[1]/e_hh_grp[1]/e_chil_hh,19,1293
consent_grp[1]/e_rel_grp[1]/e_hh_grp[1]/e_adult_hh,19,1293
consent_grp[1]/e_rel_grp[1]/e_hh_school,6,1312
consent_grp[1]/e_rel_grp[1]/e_read_english,17,1317
consent_grp[1]/e_rel_grp[1]/e_rate_health,19,1336
consent_grp[1]/e_rel_grp[1]/e_live_note,1,1354
consent_grp[1]/e_rel_grp[1]/e_rooms_occu,6,1355
consent_grp[1]/e_rel_grp[1]/e_own_status,7,1361
consent_grp[1]/e_rel_grp[1]/e_electricity_inhouse,3,1368
consent_grp[1]/e_rel_grp[1]/e_floor_material,9,1371
consent_grp[1]/e_rel_grp[1]/e_interior_floor,37,1380
consent_grp[1]/e_rel_grp[1]/e_roof_mat,2,1417
consent_grp[1]/e_rel_grp[1]/e_cook_fuel,17,1419
consent_grp[1]/e_rel_grp[1]/e_lighting,1,1436
consent_grp[1]/e_rel_grp[1]/e_drink_source,2,1438
consent_grp[1]/e_rel_grp[1]/e_toilet_facility,2,1440
consent_grp[1]/e_rel_grp[1]/e_asset_note,1,1443
consent_grp[1]/e_rel_grp[1]/e_hh_own_phone,10,1444
consent_grp[1]/e_rel_grp[1]/e_hh_ass_grp[1]/tmp_e_hh_ass_lab,50,1454
consent_grp[1]/e_rel_grp[1]/e_hh_ass_grp[1]/e_hh_ass_radio,50,1454
consent_grp[1]/e_rel_grp[1]/e_hh_ass_grp[1]/e_hh_ass_refrig,50,1454
consent_grp[1]/e_rel_grp[1]/e_hh_ass_grp[1]/e_hh_ass_bike,50,1454
consent_grp[1]/e_rel_grp[1]/e_hh_ass_grp[1]/e_hh_ass_tv,50,1454
consent_grp[1]/e_rel_grp[1]/e_hh_ass_grp[1]/e_hh_ass_vcr,50,1454
consent_grp[1]/e_rel_grp[1]/e_hh_ass_grp[1]/e_hh_ass_motor,50,1454
consent_grp[1]/e_rel_grp[1]/e_hh_ass_grp[1]/e_hh_ass_car,50,1454
consent_grp[1]/e_rel_grp[1]/e_hh_ass_grp[1]/e_hh_ass_tractor,50,1454
consent_grp[1]/e_rel_grp[1]/e_hh_ass_grp[1]/e_hh_ass_farm_equip,50,1454
consent_grp[1]/e_rel_grp[1]/e_hh_ass_grp[1]/e_hh_ass_sew_mach,50,1454
consent_grp[1]/e_rel_grp[1]/e_hh_ass_grp[1]/e_hh_ass_bed,50,1454
consent_grp[1]/e_rel_grp[1]/e_hh_ass_grp[1]/e_hh_ass_mattress,50,1454
consent_grp[1]/e_rel_grp[1]/e_hh_ass_grp[1]/e_hh_ass_table_chair,50,1454
consent_grp[1]/e_rel_grp[1]/e_hh_ass_grp[1]/e_hh_ass_stool,50,1454
consent_grp[1]/e_rel_grp[1]/e_hh_ass_grp[1]/e_hh_ass_sofa,50,1454
consent_grp[1]/e_rel_grp[1]/e_hh_ass_grp[1]/e_hh_ass_fan,50,1454
consent_grp[1]/e_rel_grp[1]/e_hh_ass_grp[1]/e_hh_ass_lamp,50,1454
consent_grp[1]/e_rel_grp[1]/e_hh_ass_grp[1]/e_hh_ass_watch,50,1454
consent_grp[1]/e_rel_grp[1]/e_hh_ass_grp[1]/e_hh_ass_mat,50,1454
consent_grp[1]/e_rel_grp[1]/e_hh_ass_grp[1]/e_hh_ass_torch,50,1454
consent_grp[1]/e_rel_grp[1]/e_hh_ass_grp[1]/e_hh_ass_cabinet,50,1454
consent_grp[1]/e_rel_grp[1]/e_hh_ass_grp[1]/e_hh_ass_pot,50,1454
consent_grp[1]/e_rel_grp[1]/e_hh_ass_grp[1]/e_hh_ass_itn,50,1454
consent_grp[1]/e_rel_grp[1]/e_hh_ass_grp[1]/e_hh_ass_iron_elec,50,1454
consent_grp[1]/e_rel_grp[1]/e_hh_ass_grp[1]/e_hh_ass_iron_coal,50,1454
consent_grp[1]/e_rel_grp[1]/e_hh_ass_grp[1]/e_hh_ass_iron_gas,50,1454
consent_grp[1]/f_rel_grp[1]/f_comm_note,2,1504
consent_grp[1]/f_rel_grp[1]/section_f[1]/f_born_comm,6,1506
consent_grp[1]/f_rel_grp[1]/section_f[1]/f_school_loc,11,1513
consent_grp[1]/f_rel_grp[1]/section_f[1]/f_lived_bef_teach,9,1523
consent_grp[1]/f_rel_grp[1]/section_f[1]/f_lived_grp[1]/f_lived_comm,10,1533
consent_grp[1]/f_rel_grp[1]/section_f[1]/f_lived_grp[1]/f_lived_comm_year,10,1533
consent_grp[1]/f_rel_grp[1]/section_f[1]/f_lived_grp[1]/f_lived_comm_month,10,1533
consent_grp[1]/f_rel_grp[1]/section_f[1]/f_fam_lived,10,1543
consent_grp[1]/f_rel_grp[1]/section_f[1]/f_emot_support,4,1553
consent_grp[1]/f_rel_grp[1]/section_f[1]/f_emot_support_num,32,1558
consent_grp[1]/f_rel_grp[1]/section_f[1]/f_lend_money,3,1590
consent_grp[1]/f_rel_grp[1]/section_f[1]/f_borrow_money,16,1594
consent_grp[1]/f_rel_grp[1]/section_f[1]/f_rel_live_nearby,4,1610
consent_grp[1]/f_rel_grp[1]/section_f[1]/f_part_comm,2,1614
consent_grp[1]/f_rel_grp[1]/section_f[1]/f_main_trans,3,1616
consent_grp[1]/f_rel_grp[1]/section_f[1]/f_min_get_sch_grp[1]/f_min_get_note,7,1619
consent_grp[1]/f_rel_grp[1]/section_f[1]/f_min_get_sch_grp[1]/f_h_get_school,7,1619
consent_grp[1]/f_rel_grp[1]/section_f[1]/f_min_get_sch_grp[1]/f_m_get_school,7,1619
consent_grp[1]/g_nature_wrk_note,2,1626
consent_grp[1]/section_g[1]/g_teach_pos,2,1627
consent_grp[1]/section_g[1]/g_teach_school,2,1630
consent_grp[1]/section_g[1]/g_kg_grade,3,1632
consent_grp[1]/section_g[1]/g_class_grp[1]/g_children_note,4,1635
consent_grp[1]/section_g[1]/g_class_grp[1]/g_kg_2,4,1635
consent_grp[1]/section_g[1]/g_ah_grp[1]/g_ah_note,8,1639
consent_grp[1]/section_g[1]/g_ah_grp[1]/g_ah_working,8,1639
consent_grp[1]/section_g[1]/g_ah_grp[1]/g_ah_prepping,8,1639
consent_grp[1]/section_g[1]/g_eh_grp[1]/g_eh_note,12,1647
consent_grp[1]/section_g[1]/g_eh_grp[1]/g_eh_working,12,1647
consent_grp[1]/section_g[1]/g_eh_grp[1]/g_eh_prepping,12,1647
consent_grp[1]/section_g[1]/g_teach_salary,6,1659
consent_grp[1]/section_g[1]/g_salary_freq,2,1665
consent_grp[1]/section_g[1]/g_salary_intime,7,1667
consent_grp[1]/section_g[1]/g_money_cmp,7,1675
consent_grp[1]/section_g[1]/g_job_outside,13,1679
consent_grp[1]/section_g[1]/g_extra_money_spec,3,1695
consent_grp[1]/section_g[1]/g_sch_pro_grp[1]/tmp_g_sch_pro_lab,38,1698
consent_grp[1]/section_g[1]/g_sch_pro_grp[1]/g_class,38,1698
consent_grp[1]/section_g[1]/g_sch_pro_grp[1]/g_class_taught,38,1698
consent_grp[1]/section_g[1]/g_sch_pro_grp[1]/g_fin_resource,38,1698
consent_grp[1]/section_g[1]/g_sch_pro_grp[1]/g_high_expe,38,1698
consent_grp[1]/section_g[1]/g_sch_pro_grp[1]/g_change_curri,38,1698
consent_grp[1]/section_g[1]/g_sch_pro_grp[1]/g_diff_curri,38,1698
consent_grp[1]/section_g[1]/g_sch_pro_grp[1]/g_easy_curri,38,1698
consent_grp[1]/section_g[1]/g_sch_pro_grp[1]/g_par_dem_high,38,1698
consent_grp[1]/section_g[1]/g_sch_pro_grp[1]/g_par_suff_interest,38,1698
consent_grp[1]/section_g[1]/g_sch_pro_grp[1]/g_par_suff_active,38,1698
consent_grp[1]/section_g[1]/g_par_supp_grp[1]/g_par_supp_note,2,1736
consent_grp[1]/section_g[1]/g_par_supp_grp[1]/g_home_wrk,4,1738
consent_grp[1]/section_g[1]/g_par_supp_grp[1]/g_behave_val,2,1741
consent_grp[1]/section_g[1]/g_par_supp_grp[1]/g_get_schl,5,1743
consent_grp[1]/section_g[1]/g_par_supp_grp[1]/g_visit_schl,3,1748
consent_grp[1]/section_g[1]/g_par_supp_grp[1]/g_show_respect,1,1750
consent_grp[1]/section_g[1]/g_par_supp_grp[1]/g_best_schl,4,1752
consent_grp[1]/section_g[1]/g_par_supp_grp[1]/g_parti_pta,3,1756
consent_grp[1]/section_g[1]/g_par_supp_grp[1]/g_cont_kg_act,2,1759
consent_grp[1]/section_g[1]/g_lead_respect,3,1761
consent_grp[1]/section_g[1]/g_val_citizen,5,1764
consent_grp[1]/section_h[1]/sec_h_depre_note,1,1770
consent_grp[1]/section_h[1]/h_depression_grp[1]/h_da_note,22,1771
consent_grp[1]/section_h[1]/h_depression_grp[1]/tmp_h_da_lab,22,1771
consent_grp[1]/section_h[1]/h_depression_grp[1]/h_headache,22,1771
consent_grp[1]/section_h[1]/h_depression_grp[1]/h_appetite,22,1771
consent_grp[1]/section_h[1]/h_depression_grp[1]/h_sleep,22,1771
consent_grp[1]/section_h[1]/h_depression_grp[1]/h_frightened,22,1771
consent_grp[1]/section_h[1]/h_depression_grp[1]/h_hands_shake,22,1771
consent_grp[1]/section_h[1]/h_depression_grp[1]/h_nervous,22,1771
consent_grp[1]/section_h[1]/h_depression_grp[1]/h_digestion,22,1771
consent_grp[1]/section_h[1]/h_depression_grp[1]/h_thinking,22,1771
consent_grp[1]/section_h[1]/h_depression_grp[1]/h_unhappy,22,1771
consent_grp[1]/section_h[1]/h_depression_grp[1]/h_cry,22,1771
consent_grp[1]/section_h[1]/h_depression_grp[1]/h_activities,22,1771
consent_grp[1]/section_h[1]/h_depression_grp[1]/h_decisions,22,1771
consent_grp[1]/section_h[1]/h_depression_grp[1]/h_daily_work,22,1771
consent_grp[1]/section_h[1]/h_depression_grp[1]/h_life,22,1771
consent_grp[1]/section_h[1]/h_depression_grp[1]/h_interest,22,1771
consent_grp[1]/section_h[1]/h_depression_grp[1]/h_worthless,22,1771
consent_grp[1]/section_h[1]/h_depression_grp[1]/h_end_life,22,1771
consent_grp[1]/section_h[1]/h_depression_grp[1]/h_tired,22,1771
consent_grp[1]/section_h[1]/h_depression_grp[1]/h_uncomfortable,22,1771
consent_grp[1]/section_h[1]/h_depression_grp[1]/h_easily_tired,22,1771
consent_grp[1]/section_h[1]/sec_h_ext_contr_note,2,1793
consent_grp[1]/section_h[1]/h_ext_control_grp[1]/h_ext_cont_note,1,1795
consent_grp[1]/section_h[1]/h_ext_control_grp[1]/h_pup_learn,3,1796
consent_grp[1]/section_h[1]/h_ext_control_grp[1]/h_discipline,2,1799
consent_grp[1]/section_h[1]/h_ext_control_grp[1]/h_stu_achieve,3,1801
consent_grp[1]/section_h[1]/h_ext_control_grp[1]/h_teach_motiv,3,1804
consent_grp[1]/section_h[1]/h_ext_control_grp[1]/h_good_teach,7,1807
consent_grp[1]/section_h[1]/sec_h_motiv_note,1,1814
consent_grp[1]/section_h[1]/h_motiv_grp[1]/h_motiv_note,1,1815
consent_grp[1]/section_h[1]/h_motiv_grp[1]/h_motiv_help,3,1817
consent_grp[1]/section_h[1]/h_motiv_grp[1]/h_quest_school,2,1819
consent_grp[1]/section_h[1]/h_motiv_grp[1]/h_help_child,2,1821
consent_grp[1]/section_h[1]/h_motiv_grp[1]/h_sch_goal,2,1822
consent_grp[1]/section_h[1]/h_motiv_grp[1]/h_help_emot,2,1824
consent_grp[1]/section_h[1]/h_motiv_grp[1]/h_enjoy_teach,2,1826
consent_grp[1]/section_h[1]/h_motiv_grp[1]/h_develop_society,2,1827
consent_grp[1]/section_h[1]/h_motiv_grp[1]/h_develop_socially,2,1829
consent_grp[1]/section_h[1]/h_motiv_grp[1]/h_perso_clear,2,1831
consent_grp[1]/section_h[1]/h_impor_thing,4,1832
consent_grp[1]/section_h[1]/h_job_satisfaction_grp[1]/h_job_satis_note,1,1836
consent_grp[1]/section_h[1]/h_job_satisfaction_grp[1]/h_look_out,6,1837
consent_grp[1]/section_h[1]/h_job_satisfaction_grp[1]/h_perso_worries,2,1843
consent_grp[1]/section_h[1]/h_job_satisfaction_grp[1]/h_know_col,8,1845
consent_grp[1]/section_h[1]/h_job_satisfaction_grp[1]/h_col_coop,14,1846
consent_grp[1]/section_h[1]/h_job_satisfaction_grp[1]/h_trust_col,12,1849
consent_grp[1]/section_h[1]/h_job_satisfaction_grp[1]/h_enjoy_col,3,1879
consent_grp[1]/section_h[1]/h_job_satisfaction_grp[1]/h_sup_respect,4,1882
consent_grp[1]/section_h[1]/h_job_satisfaction_grp[1]/h_sup_busy,2,1886
consent_grp[1]/section_h[1]/h_job_satisfaction_grp[1]/h_sup_opinion,3,1888
consent_grp[1]/section_h[1]/h_job_satisfaction_grp[1]/h_count_sup,2,1891
consent_grp[1]/section_h[1]/h_job_satisfaction_grp[1]/h_motivated,4,1892
consent_grp[1]/section_h[1]/h_job_satisfaction_grp[1]/h_sup_unpredict,3,1896
consent_grp[1]/section_h[1]/h_job_satisfaction_grp[1]/h_wrk_challenge,2,1899
consent_grp[1]/section_h[1]/h_job_satisfaction_grp[1]/h_wrk_monotonous,5,1900
consent_grp[1]/section_h[1]/h_job_satisfaction_grp[1]/h_wrk_creative,3,1905
consent_grp[1]/section_h[1]/h_job_satisfaction_grp[1]/h_big_impact,2,1908
consent_grp[1]/section_h[1]/h_job_satisfaction_grp[1]/h_little_time,2,1910
consent_grp[1]/section_h[1]/h_job_satisfaction_grp[1]/h_control_satis,2,1912
consent_grp[1]/section_h[1]/h_job_satisfaction_grp[1]/h_look,3,1914
consent_grp[1]/section_h[1]/h_job_satisfaction_grp[1]/h_small_space,2,1917
consent_grp[1]/section_h[1]/h_job_satisfaction_grp[1]/h_new_mat,2,1919
consent_grp[1]/section_h[1]/h_job_satisfaction_grp[1]/h_clean_kinder,3,1921
consent_grp[1]/section_h[1]/h_job_satisfaction_grp[1]/h_loud_kinder,3,1924
consent_grp[1]/section_h[1]/h_job_satisfaction_grp[1]/h_kinder_rules,2,1927
consent_grp[1]/section_h[1]/h_job_satisfaction_grp[1]/h_satisfied_paid,5,1929
consent_grp[1]/section_h[1]/h_burnout_grp[1]/h_burnout_note,2,1934
consent_grp[1]/section_h[1]/h_burnout_grp[1]/h_emotion_drained,3,1935
consent_grp[1]/section_h[1]/h_burnout_grp[1]/h_used_up,4,1938
consent_grp[1]/section_h[1]/h_burnout_grp[1]/h_fatigued,2,1943
consent_grp[1]/section_h[1]/h_burnout_grp[1]/h_child_feel,4,1944
consent_grp[1]/section_h[1]/h_burnout_grp[1]/h_child_impersonal,2,1948
consent_grp[1]/section_h[1]/h_burnout_grp[1]/h_ppl_strain,3,1950
consent_grp[1]/section_h[1]/h_burnout_grp[1]/h_deal_effect,2,1953
consent_grp[1]/section_h[1]/h_burnout_grp[1]/h_burnout,3,1956
consent_grp[1]/section_h[1]/h_burnout_grp[1]/h_pos_influence,14,1959
consent_grp[1]/section_h[1]/h_burnout_grp[1]/h_cold,2,1973
consent_grp[1]/section_h[1]/h_burnout_grp[1]/h_hard,2,1974
consent_grp[1]/section_h[1]/h_burnout_grp[1]/h_energetic,3,1976
consent_grp[1]/section_h[1]/h_burnout_grp[1]/h_frustrated,4,1979
consent_grp[1]/section_h[1]/h_burnout_grp[1]/h_work_hard,2,1983
consent_grp[1]/section_h[1]/h_burnout_grp[1]/h_dont_care,1,1985
consent_grp[1]/section_h[1]/h_burnout_grp[1]/h_put_pressure,1,1986
consent_grp[1]/section_h[1]/h_burnout_grp[1]/h_relax,5,1988
consent_grp[1]/section_h[1]/h_burnout_grp[1]/h_excited,2,1993
consent_grp[1]/section_h[1]/h_burnout_grp[1]/h_accomplished,2,1995
consent_grp[1]/section_h[1]/h_burnout_grp[1]/h_end_of_rop,5,1997
consent_grp[1]/section_h[1]/h_burnout_grp[1]/h_emot_pro_calm,2,2001
consent_grp[1]/i_teacher_knowledge_grp[1]/I_teach_know_note,2,2003
consent_grp[1]/i_teacher_knowledge_grp[1]/i_consonance,3,2005
consent_grp[1]/i_teacher_knowledge_grp[1]/i_vowel,2,2008
consent_grp[1]/i_teacher_knowledge_grp[1]/i_unbelievable,2,2010
consent_grp[1]/i_teacher_knowledge_grp[1]/i_irregular,4,2011
consent_grp[1]/i_teacher_knowledge_grp[1]/i_cat,3,2016
consent_grp[1]/i_teacher_knowledge_grp[1]/i_cough,2,2018
consent_grp[1]/i_teacher_knowledge_grp[1]/i_check,2,2020
consent_grp[1]/i_teacher_knowledge_grp[1]/i_english,2,2023
consent_grp[1]/j_perception_grp[1]/j_perception_note,1,2025
consent_grp[1]/j_perception_grp[1]/j_dev_practice_grp[1]/j_dev_practice_note,1,2026
consent_grp[1]/j_perception_grp[1]/j_dev_practice_grp[1]/j_child_need,4,2027
consent_grp[1]/j_perception_grp[1]/j_dev_practice_grp[1]/j_recog_letter,2,2031
consent_grp[1]/j_perception_grp[1]/j_dev_practice_grp[1]/j_recog_number,1,2034
consent_grp[1]/j_perception_grp[1]/j_dev_practice_grp[1]/j_recog_colour,4,2035
consent_grp[1]/j_perception_grp[1]/j_dev_practice_grp[1]/j_indiv_goal,6,2039
consent_grp[1]/j_perception_grp[1]/j_dev_practice_grp[1]/j_play_materials,4,2044
consent_grp[1]/j_perception_grp[1]/j_dev_practice_grp[1]/j_child_measure,2,2048
consent_grp[1]/j_perception_grp[1]/j_supp_chil_grp[1]/j_supp_chil_note,1,2050
consent_grp[1]/j_perception_grp[1]/j_supp_chil_grp[1]/j_build_relation,3,2051
consent_grp[1]/j_perception_grp[1]/j_supp_chil_grp[1]/j_control_behaviour,2,2055
consent_grp[1]/j_perception_grp[1]/j_supp_chil_grp[1]/j_express_thought,5,2056
consent_grp[1]/j_perception_grp[1]/j_supp_chil_grp[1]/j_resolve_conflicts,35,2058
consent_grp[1]/j_perception_grp[1]/j_supp_chil_grp[1]/j_guidance_style,2,2096
consent_grp[1]/j_perception_grp[1]/j_fam_sensitive_grp[1]/j_fam_sensitive_note,8,2098
consent_grp[1]/j_perception_grp[1]/j_fam_sensitive_grp[1]/j_parent_goal,8,2098
consent_grp[1]/j_perception_grp[1]/j_fam_sensitive_grp[1]/j_work_schedule,8,2098
consent_grp[1]/j_perception_grp[1]/j_fam_sensitive_grp[1]/j_fam_decision,8,2098
consent_grp[1]/j_perception_grp[1]/j_fam_sensitive_grp[1]/j_family_care,8,2098
consent_grp[1]/j_perception_grp[1]/j_fam_sensitive_grp[1]/j_connect_family,8,2098
consent_grp[1]/k_grp[1]/k_instro_note,1,2106
consent_grp[1]/k_grp[1]/k_ts_grp[1]/tmp_k_labels,13,2108
consent_grp[1]/k_grp[1]/k_ts_grp[1]/k_take_priviledges,13,2108
consent_grp[1]/k_grp[1]/k_ts_grp[1]/k_explain_behavior,13,2108
consent_grp[1]/k_grp[1]/k_ts_grp[1]/k_shook,13,2108
consent_grp[1]/k_grp[1]/k_ts_grp[1]/k_shouted,13,2108
consent_grp[1]/k_grp[1]/k_ts_grp[1]/k_gave_something,13,2108
consent_grp[1]/k_grp[1]/k_ts_grp[1]/k_spanked,13,2108
consent_grp[1]/k_grp[1]/k_ts_grp[1]/k_hit_bottom,13,2108
consent_grp[1]/k_grp[1]/k_ts_grp[1]/k_call_dumb,13,2108
consent_grp[1]/k_grp[1]/k_ts_grp[1]/k_hit_face,13,2108
consent_grp[1]/k_grp[1]/k_ts_grp[1]/k_praised,13,2108
consent_grp[1]/k_grp[1]/k_ts_grp[1]/k_affection,13,2108
consent_grp[1]/k_grp[1]/k_ts_grp[1]/k_rewarded,13,2108
consent_grp[1]/l_teaching_prac_grp[1]/l_note,1,2121
consent_grp[1]/l_teaching_prac_grp[1]/l_previos_kinder_act[1]/tmp_l_prac_lab,80,2122
consent_grp[1]/l_teaching_prac_grp[1]/l_previos_kinder_act[1]/l_hygiene_routine,80,2122
consent_grp[1]/l_teaching_prac_grp[1]/l_previos_kinder_act[1]/l_supply,80,2122
consent_grp[1]/l_teaching_prac_grp[1]/l_previos_kinder_act[1]/l_pamper,80,2122
consent_grp[1]/l_teaching_prac_grp[1]/l_previos_kinder_act[1]/l_read,80,2122
consent_grp[1]/l_teaching_prac_grp[1]/l_previos_kinder_act[1]/l_tell,80,2122
consent_grp[1]/l_teaching_prac_grp[1]/l_previos_kinder_act[1]/l_conversatin,80,2122
consent_grp[1]/l_teaching_prac_grp[1]/l_previos_kinder_act[1]/l_sing,80,2122
consent_grp[1]/l_teaching_prac_grp[1]/l_previos_kinder_act[1]/l_dance,80,2122
consent_grp[1]/l_teaching_prac_grp[1]/l_previos_kinder_act[1]/l_visit,80,2122
consent_grp[1]/l_teaching_prac_grp[1]/l_previos_kinder_act[1]/l_play_kg,80,2122
consent_grp[1]/l_teaching_prac_grp[1]/l_previos_kinder_act[1]/l_play_recrea,80,2122
consent_grp[1]/l_teaching_prac_grp[1]/l_previos_kinder_act[1]/l_sleep,80,2122
consent_grp[1]/l_teaching_prac_grp[1]/l_previos_kinder_act[1]/l_run,80,2122
consent_grp[1]/l_teaching_prac_grp[1]/l_previos_kinder_act[1]/l_group_learn,80,2122
consent_grp[1]/l_teaching_prac_grp[1]/l_previos_kinder_act[1]/l_indiv_learn,80,2122
consent_grp[1]/l_teaching_prac_grp[1]/l_class_acti_grp[1]/l_act_grp[1]/tmp_l_class_lab,17,2203
consent_grp[1]/l_teaching_prac_grp[1]/l_class_acti_grp[1]/l_act_grp[1]/l_teach_colour,17,2203
consent_grp[1]/l_teaching_prac_grp[1]/l_class_acti_grp[1]/l_act_grp[1]/l_teach_number,17,2203
consent_grp[1]/l_teaching_prac_grp[1]/l_class_acti_grp[1]/l_act_grp[1]/l_teach_letter,17,2203
consent_grp[1]/l_teaching_prac_grp[1]/l_class_acti_grp[1]/l_act_grp[1]/l_teach_form,17,2203
consent_grp[1]/l_teaching_prac_grp[1]/l_class_acti_grp[1]/l_act_grp[1]/l_socialise,17,2203
consent_grp[1]/l_teaching_prac_grp[1]/l_class_acti_grp[1]/l_act_grp[1]/l_pro_solve,17,2203
consent_grp[1]/l_teaching_prac_grp[1]/l_class_acti_grp[1]/l_act_grp[1]/l_writing,17,2203
consent_grp[1]/l_teaching_prac_grp[1]/l_class_acti_grp[1]/l_act_grp[1]/l_teach_body,17,2203
consent_grp[1]/l_teaching_prac_grp[1]/l_class_acti_grp[1]/l_act_grp[1]/l_pers_hygiene,17,2203
consent_grp[1]/l_teaching_prac_grp[1]/l_class_acti_grp[1]/l_act_grp[1]/l_art_expre,17,2203
consent_grp[1]/l_teaching_prac_grp[1]/l_class_acti_grp[1]/l_act_grp[1]/l_body_lang,17,2203
consent_grp[1]/l_teaching_prac_grp[1]/l_class_acti_grp[1]/l_act_grp[1]/l_concentration,17,2203
consent_grp[1]/l_teaching_prac_grp[1]/l_class_acti_grp[1]/l_act_grp[1]/l_gross_motor,17,2203
consent_grp[1]/l_teaching_prac_grp[1]/l_class_acti_grp[1]/l_act_grp[1]/l_fine_motor,17,2203
consent_grp[1]/l_teaching_prac_grp[1]/l_class_acti_grp[1]/l_act_grp[1]/l_gender,17,2203
consent_grp[1]/l_teaching_prac_grp[1]/l_class_acti_grp[1]/l_act_grp[1]/l_responsibility,17,2203
consent_grp[1]/l_teaching_prac_grp[1]/l_class_acti_grp[1]/l_act_grp[1]/l_speech,17,2203
consent_grp[1]/l_teaching_prac_grp[1]/l_class_acti_grp[1]/l_act_grp[1]/l_explore_comm,17,2203
consent_grp[1]/l_teaching_prac_grp[1]/l_class_acti_grp[1]/l_act_grp[1]/l_explore_culture,17,2203
consent_grp[1]/l_teaching_prac_grp[1]/l_parent_interact_note,25,2220
consent_grp[1]/l_teaching_prac_grp[1]/l_actively_engaged,11,2245
consent_grp[1]/l_teaching_prac_grp[1]/l_proportion_child,2,2256
consent_grp[1]/l_teaching_prac_grp[1]/l_proportion_child_more,3,2258
consent_grp[1]/l_teaching_prac_grp[1]/l_visit_pupil_house,5,2261
consent_grp[1]/l_teaching_prac_grp[1]/l_visit_parent_house,1,2266
consent_grp[1]/l_teaching_prac_grp[1]/l_receive_parent_supp,2,2267
consent_grp[1]/l_teaching_prac_grp[1]/l_day_teaching_note,2,2269
consent_grp[1]/l_teaching_prac_grp[1]/l_day_grp[1]/tmp_l_labs,8,2271
consent_grp[1]/l_teaching_prac_grp[1]/l_day_grp[1]/l_daily_schedule,8,2271
consent_grp[1]/l_teaching_prac_grp[1]/l_day_grp[1]/l_play_period,8,2271
consent_grp[1]/l_teaching_prac_grp[1]/l_day_grp[1]/l_free_play,8,2271
consent_grp[1]/l_teaching_prac_grp[1]/l_day_grp[1]/l_activities,8,2271
consent_grp[1]/l_teaching_prac_grp[1]/l_per_daily_grp[1]/l_perc_note,16,2279
consent_grp[1]/l_teaching_prac_grp[1]/l_per_daily_grp[1]/l_admin_per,16,2279
consent_grp[1]/l_teaching_prac_grp[1]/l_per_daily_grp[1]/l_class_per,16,2279
consent_grp[1]/l_teaching_prac_grp[1]/l_per_daily_grp[1]/l_teach_per,16,2279
consent_grp[1]/l_teaching_prac_grp[1]/l_per_daily_grp[1]/l_super_per,16,2279
consent_grp[1]/l_teaching_prac_grp[1]/l_per_daily_grp[1]/l_super_oth_per,16,2279
consent_grp[1]/l_teaching_prac_grp[1]/l_per_daily_grp[1]/l_break_per,16,2279
consent_grp[1]/l_teaching_prac_grp[1]/l_discipline_note,1,2295
consent_grp[1]/l_teaching_prac_grp[1]/l_dont_like,3,2297
consent_grp[1]/l_teaching_prac_grp[1]/l_really_bad,2,2300
consent_grp[1]/l_teaching_prac_grp[1]/l_does_good,4,2302
consent_grp[1]/l_teaching_prac_grp[1]/l_praise,11,2305
consent_grp[1]/q_note,1,2317
consent_grp[1]/q_activ_yn,4,2318
consent_grp[1]/q_rpt[1]/q_activ_r,4,2322
consent_grp[1]/q_rpt[1]/q_activ_osp_r,37,2326
consent_grp[1]/q_rpt[1]/q_activ_org_r,3,2363
consent_grp[1]/q_rpt[1]/q_activ_org_osp_r,28,2366
consent_grp[1]/q_rpt[1]/q_activ_add_r,8,2373
s_int_accom_yn,2,2402
s_int_accom,14,2404
comments,1,2418
