Field name,Total duration (seconds),First appeared (seconds into survey)
instruction,1,2
a_district_id,3,3
a_circuit_id,12,7
a_kg_id,7,19
a_community_id,4,26
a_enum_id,8,30
consent_note,2,37
con_understand,3,39
con_questions,3,42
con_written,3,45
consent_grp[1]/audio_consent,3,48
consent_grp[1]/d_background_note,2,50
consent_grp[1]/section_d[1]/kgt_key,44,53
consent_grp[1]/section_d[1]/kgt_confirm_note,33,69
consent_grp[1]/section_d[1]/d_num_cnt,8,129
consent_grp[1]/section_d[1]/d_cnt_grp[1]/d_cnt_main,19,138
consent_grp[1]/section_d[1]/d_work_last,19,157
consent_grp[1]/section_d[1]/d_edu_level,9,176
consent_grp[1]/section_d[1]/d_edu_train,12,185
consent_grp[1]/section_d[1]/d_edu_level_train,24,197
consent_grp[1]/section_d[1]/d_marital_status,6,221
consent_grp[1]/section_d[1]/d_religion,12,227
consent_grp[1]/section_d[1]/d_la_spk_grp[1]/d_la_spk_note,59,239
consent_grp[1]/section_d[1]/d_la_spk_grp[1]/d_la_spk_eng,59,239
consent_grp[1]/section_d[1]/d_la_spk_grp[1]/d_la_spk_grun,59,239
consent_grp[1]/section_d[1]/d_la_wrt_grp[1]/d_la_wrt_note,41,298
consent_grp[1]/section_d[1]/d_la_wrt_grp[1]/d_la_wrt_eng,41,298
consent_grp[1]/section_d[1]/d_la_wrt_grp[1]/d_la_wrt_grun,41,298
consent_grp[1]/section_d[1]/d_main_language,20,339
consent_grp[1]/section_d[1]/d_loc_lang_kinderg,20,359
consent_grp[1]/f_moved_yn,16,379
consent_grp[1]/g_nature_wrk_note,14,394
consent_grp[1]/section_g[1]/g_teach_pos,16,409
consent_grp[1]/section_g[1]/g_teach_school,8,425
consent_grp[1]/section_g[1]/g_kg_grade,10,433
consent_grp[1]/section_g[1]/g_class_grp[1]/g_children_note,26,443
consent_grp[1]/section_g[1]/g_class_grp[1]/g_kg_2,26,443
consent_grp[1]/section_g[1]/g_ah_grp[1]/g_ah_note,96,469
consent_grp[1]/section_g[1]/g_ah_grp[1]/g_ah_working,96,469
consent_grp[1]/section_g[1]/g_ah_grp[1]/g_ah_prepping,96,469
consent_grp[1]/section_g[1]/g_eh_grp[1]/g_eh_note,43,559
consent_grp[1]/section_g[1]/g_eh_grp[1]/g_eh_working,43,559
consent_grp[1]/section_g[1]/g_eh_grp[1]/g_eh_prepping,43,559
consent_grp[1]/section_g[1]/g_teach_salary,41,609
consent_grp[1]/section_g[1]/g_salary_freq,13,637
consent_grp[1]/section_g[1]/g_salary_intime,83,662
consent_grp[1]/section_g[1]/g_money_cmp,9,745
consent_grp[1]/section_g[1]/g_job_outside,9,754
consent_grp[1]/section_g[1]/g_extra_money_spec,10,762
consent_grp[1]/section_g[1]/g_sch_pro_grp[1]/tmp_g_sch_pro_lab,240,773
consent_grp[1]/section_g[1]/g_sch_pro_grp[1]/g_class,240,773
consent_grp[1]/section_g[1]/g_sch_pro_grp[1]/g_class_taught,240,773
consent_grp[1]/section_g[1]/g_sch_pro_grp[1]/g_fin_resource,240,773
consent_grp[1]/section_g[1]/g_sch_pro_grp[1]/g_high_expe,240,773
consent_grp[1]/section_g[1]/g_sch_pro_grp[1]/g_change_curri,240,773
consent_grp[1]/section_g[1]/g_sch_pro_grp[1]/g_diff_curri,240,773
consent_grp[1]/section_g[1]/g_sch_pro_grp[1]/g_easy_curri,240,773
consent_grp[1]/section_g[1]/g_sch_pro_grp[1]/g_par_dem_high,240,773
consent_grp[1]/section_g[1]/g_sch_pro_grp[1]/g_par_suff_interest,240,773
consent_grp[1]/section_g[1]/g_sch_pro_grp[1]/g_par_suff_active,240,773
consent_grp[1]/section_g[1]/g_par_supp_grp[1]/g_par_supp_note,82,1013
consent_grp[1]/section_g[1]/g_par_supp_grp[1]/g_home_wrk,19,1094
consent_grp[1]/section_g[1]/g_par_supp_grp[1]/g_behave_val,49,1114
consent_grp[1]/section_g[1]/g_par_supp_grp[1]/g_get_schl,13,1163
consent_grp[1]/section_g[1]/g_par_supp_grp[1]/g_visit_schl,21,1176
consent_grp[1]/section_g[1]/g_par_supp_grp[1]/g_show_respect,78,1197
consent_grp[1]/section_g[1]/g_par_supp_grp[1]/g_best_schl,24,1213
consent_grp[1]/section_g[1]/g_par_supp_grp[1]/g_parti_pta,13,1299
consent_grp[1]/section_g[1]/g_par_supp_grp[1]/g_cont_kg_act,31,1311
consent_grp[1]/section_g[1]/g_lead_respect,34,1343
consent_grp[1]/section_g[1]/g_val_citizen,15,1376
consent_grp[1]/section_h[1]/sec_h_depre_note,52,1391
consent_grp[1]/section_h[1]/h_depression_grp[1]/h_da_note,135,1443
consent_grp[1]/section_h[1]/h_depression_grp[1]/tmp_h_da_lab,135,1443
consent_grp[1]/section_h[1]/h_depression_grp[1]/h_headache,135,1443
consent_grp[1]/section_h[1]/h_depression_grp[1]/h_appetite,135,1443
consent_grp[1]/section_h[1]/h_depression_grp[1]/h_sleep,135,1443
consent_grp[1]/section_h[1]/h_depression_grp[1]/h_frightened,135,1443
consent_grp[1]/section_h[1]/h_depression_grp[1]/h_hands_shake,135,1443
consent_grp[1]/section_h[1]/h_depression_grp[1]/h_nervous,135,1443
consent_grp[1]/section_h[1]/h_depression_grp[1]/h_digestion,135,1443
consent_grp[1]/section_h[1]/h_depression_grp[1]/h_thinking,135,1443
consent_grp[1]/section_h[1]/h_depression_grp[1]/h_unhappy,135,1443
consent_grp[1]/section_h[1]/h_depression_grp[1]/h_cry,135,1443
consent_grp[1]/section_h[1]/h_depression_grp[1]/h_activities,135,1443
consent_grp[1]/section_h[1]/h_depression_grp[1]/h_decisions,135,1443
consent_grp[1]/section_h[1]/h_depression_grp[1]/h_daily_work,135,1443
consent_grp[1]/section_h[1]/h_depression_grp[1]/h_life,135,1443
consent_grp[1]/section_h[1]/h_depression_grp[1]/h_interest,135,1443
consent_grp[1]/section_h[1]/h_depression_grp[1]/h_worthless,135,1443
consent_grp[1]/section_h[1]/h_depression_grp[1]/h_end_life,135,1443
consent_grp[1]/section_h[1]/h_depression_grp[1]/h_tired,135,1443
consent_grp[1]/section_h[1]/h_depression_grp[1]/h_uncomfortable,135,1443
consent_grp[1]/section_h[1]/h_depression_grp[1]/h_easily_tired,135,1443
consent_grp[1]/section_h[1]/sec_h_ext_contr_note,20,1578
consent_grp[1]/section_h[1]/h_ext_control_grp[1]/h_ext_cont_note,8,1598
consent_grp[1]/section_h[1]/h_ext_control_grp[1]/h_pup_learn,59,1606
consent_grp[1]/section_h[1]/h_ext_control_grp[1]/h_discipline,87,1665
consent_grp[1]/section_h[1]/h_ext_control_grp[1]/h_stu_achieve,13,1752
consent_grp[1]/section_h[1]/h_ext_control_grp[1]/h_teach_motiv,13,1765
consent_grp[1]/section_h[1]/h_ext_control_grp[1]/h_good_teach,27,1778
consent_grp[1]/section_h[1]/sec_h_motiv_note,3,1806
consent_grp[1]/section_h[1]/h_motiv_grp[1]/h_motiv_note,5,1809
consent_grp[1]/section_h[1]/h_motiv_grp[1]/h_motiv_help,9,1814
consent_grp[1]/section_h[1]/h_motiv_grp[1]/h_quest_school,36,1823
consent_grp[1]/section_h[1]/h_motiv_grp[1]/h_help_child,7,1859
consent_grp[1]/section_h[1]/h_motiv_grp[1]/h_sch_goal,10,1866
consent_grp[1]/section_h[1]/h_motiv_grp[1]/h_help_emot,14,1876
consent_grp[1]/section_h[1]/h_motiv_grp[1]/h_enjoy_teach,5,1890
consent_grp[1]/section_h[1]/h_motiv_grp[1]/h_develop_society,11,1896
consent_grp[1]/section_h[1]/h_motiv_grp[1]/h_develop_socially,9,1907
consent_grp[1]/section_h[1]/h_motiv_grp[1]/h_perso_clear,23,1916
consent_grp[1]/section_h[1]/h_impor_thing,141,1939
consent_grp[1]/section_h[1]/h_job_satisfaction_grp[1]/h_job_satis_note,11,2079
consent_grp[1]/section_h[1]/h_job_satisfaction_grp[1]/h_look_out,48,2084
consent_grp[1]/section_h[1]/h_job_satisfaction_grp[1]/h_perso_worries,11,2138
consent_grp[1]/section_h[1]/h_job_satisfaction_grp[1]/h_know_col,18,2149
consent_grp[1]/section_h[1]/h_job_satisfaction_grp[1]/h_col_coop,10,2167
consent_grp[1]/section_h[1]/h_job_satisfaction_grp[1]/h_trust_col,7,2178
consent_grp[1]/section_h[1]/h_job_satisfaction_grp[1]/h_enjoy_col,7,2185
consent_grp[1]/section_h[1]/h_job_satisfaction_grp[1]/h_sup_respect,6,2193
consent_grp[1]/section_h[1]/h_job_satisfaction_grp[1]/h_sup_busy,9,2198
consent_grp[1]/section_h[1]/h_job_satisfaction_grp[1]/h_sup_opinion,8,2207
consent_grp[1]/section_h[1]/h_job_satisfaction_grp[1]/h_count_sup,12,2215
consent_grp[1]/section_h[1]/h_job_satisfaction_grp[1]/h_motivated,8,2227
consent_grp[1]/section_h[1]/h_job_satisfaction_grp[1]/h_sup_unpredict,7,2235
consent_grp[1]/section_h[1]/h_job_satisfaction_grp[1]/h_wrk_challenge,8,2243
consent_grp[1]/section_h[1]/h_job_satisfaction_grp[1]/h_wrk_monotonous,10,2251
consent_grp[1]/section_h[1]/h_job_satisfaction_grp[1]/h_wrk_creative,5,2261
consent_grp[1]/section_h[1]/h_job_satisfaction_grp[1]/h_big_impact,8,2266
consent_grp[1]/section_h[1]/h_job_satisfaction_grp[1]/h_little_time,17,2272
consent_grp[1]/section_h[1]/h_job_satisfaction_grp[1]/h_control_satis,32,2291
consent_grp[1]/section_h[1]/h_job_satisfaction_grp[1]/h_look,7,2323
consent_grp[1]/section_h[1]/h_job_satisfaction_grp[1]/h_small_space,19,2331
consent_grp[1]/section_h[1]/h_job_satisfaction_grp[1]/h_new_mat,7,2349
consent_grp[1]/section_h[1]/h_job_satisfaction_grp[1]/h_clean_kinder,15,2357
consent_grp[1]/section_h[1]/h_job_satisfaction_grp[1]/h_loud_kinder,20,2372
consent_grp[1]/section_h[1]/h_job_satisfaction_grp[1]/h_kinder_rules,8,2392
consent_grp[1]/section_h[1]/h_job_satisfaction_grp[1]/h_satisfied_paid,14,2400
consent_grp[1]/section_h[1]/h_burnout_grp[1]/h_burnout_note,33,2411
consent_grp[1]/section_h[1]/h_burnout_grp[1]/h_emotion_drained,15,2447
consent_grp[1]/section_h[1]/h_burnout_grp[1]/h_used_up,19,2462
consent_grp[1]/section_h[1]/h_burnout_grp[1]/h_fatigued,6,2481
consent_grp[1]/section_h[1]/h_burnout_grp[1]/h_child_feel,11,2487
consent_grp[1]/section_h[1]/h_burnout_grp[1]/h_child_impersonal,16,2498
consent_grp[1]/section_h[1]/h_burnout_grp[1]/h_ppl_strain,12,2514
consent_grp[1]/section_h[1]/h_burnout_grp[1]/h_deal_effect,10,2525
consent_grp[1]/section_h[1]/h_burnout_grp[1]/h_burnout,6,2535
consent_grp[1]/section_h[1]/h_burnout_grp[1]/h_pos_influence,40,2541
consent_grp[1]/section_h[1]/h_burnout_grp[1]/h_cold,8,2580
consent_grp[1]/section_h[1]/h_burnout_grp[1]/h_hard,8,2588
consent_grp[1]/section_h[1]/h_burnout_grp[1]/h_energetic,10,2596
consent_grp[1]/section_h[1]/h_burnout_grp[1]/h_frustrated,6,2607
consent_grp[1]/section_h[1]/h_burnout_grp[1]/h_work_hard,16,2613
consent_grp[1]/section_h[1]/h_burnout_grp[1]/h_dont_care,7,2628
consent_grp[1]/section_h[1]/h_burnout_grp[1]/h_put_pressure,18,2636
consent_grp[1]/section_h[1]/h_burnout_grp[1]/h_relax,32,2654
consent_grp[1]/section_h[1]/h_burnout_grp[1]/h_excited,7,2686
consent_grp[1]/section_h[1]/h_burnout_grp[1]/h_accomplished,28,2693
consent_grp[1]/section_h[1]/h_burnout_grp[1]/h_end_of_rop,33,2721
consent_grp[1]/section_h[1]/h_burnout_grp[1]/h_emot_pro_calm,10,2754
consent_grp[1]/i_teacher_knowledge_grp[1]/I_teach_know_note,20,2764
consent_grp[1]/i_teacher_knowledge_grp[1]/i_consonance,41,2783
consent_grp[1]/i_teacher_knowledge_grp[1]/i_vowel,23,2825
consent_grp[1]/i_teacher_knowledge_grp[1]/i_unbelievable,72,2848
consent_grp[1]/i_teacher_knowledge_grp[1]/i_irregular,32,2920
consent_grp[1]/i_teacher_knowledge_grp[1]/i_cat,35,2952
consent_grp[1]/i_teacher_knowledge_grp[1]/i_cough,64,2988
consent_grp[1]/i_teacher_knowledge_grp[1]/i_check,36,3052
consent_grp[1]/i_teacher_knowledge_grp[1]/i_english,112,3088
consent_grp[1]/j_perception_grp[1]/j_perception_note,36,3200
consent_grp[1]/j_perception_grp[1]/j_dev_practice_grp[1]/j_dev_practice_note,53,3236
consent_grp[1]/j_perception_grp[1]/j_dev_practice_grp[1]/j_child_need,64,3289
consent_grp[1]/j_perception_grp[1]/j_dev_practice_grp[1]/j_recog_letter,20,3354
consent_grp[1]/j_perception_grp[1]/j_dev_practice_grp[1]/j_recog_number,16,3374
consent_grp[1]/j_perception_grp[1]/j_dev_practice_grp[1]/j_recog_colour,15,3390
consent_grp[1]/j_perception_grp[1]/j_dev_practice_grp[1]/j_indiv_goal,30,3405
consent_grp[1]/j_perception_grp[1]/j_dev_practice_grp[1]/j_play_materials,14,3435
consent_grp[1]/j_perception_grp[1]/j_dev_practice_grp[1]/j_child_measure,29,3449
consent_grp[1]/j_perception_grp[1]/j_supp_chil_grp[1]/j_supp_chil_note,6,3478
consent_grp[1]/j_perception_grp[1]/j_supp_chil_grp[1]/j_build_relation,19,3483
consent_grp[1]/j_perception_grp[1]/j_supp_chil_grp[1]/j_control_behaviour,7,3502
consent_grp[1]/j_perception_grp[1]/j_supp_chil_grp[1]/j_express_thought,8,3509
consent_grp[1]/j_perception_grp[1]/j_supp_chil_grp[1]/j_resolve_conflicts,7,3517
consent_grp[1]/j_perception_grp[1]/j_supp_chil_grp[1]/j_guidance_style,7,3524
consent_grp[1]/j_perception_grp[1]/j_fam_sensitive_grp[1]/j_fam_sensitive_note,76,3531
consent_grp[1]/j_perception_grp[1]/j_fam_sensitive_grp[1]/j_parent_goal,76,3531
consent_grp[1]/j_perception_grp[1]/j_fam_sensitive_grp[1]/j_work_schedule,76,3531
consent_grp[1]/j_perception_grp[1]/j_fam_sensitive_grp[1]/j_fam_decision,76,3531
consent_grp[1]/j_perception_grp[1]/j_fam_sensitive_grp[1]/j_family_care,76,3531
consent_grp[1]/j_perception_grp[1]/j_fam_sensitive_grp[1]/j_connect_family,76,3531
consent_grp[1]/k_grp[1]/k_instro_note,56,3607
consent_grp[1]/k_grp[1]/k_ts_grp[1]/tmp_k_labels,124,3638
consent_grp[1]/k_grp[1]/k_ts_grp[1]/k_take_priviledges,124,3638
consent_grp[1]/k_grp[1]/k_ts_grp[1]/k_explain_behavior,124,3638
consent_grp[1]/k_grp[1]/k_ts_grp[1]/k_shook,124,3638
consent_grp[1]/k_grp[1]/k_ts_grp[1]/k_shouted,124,3638
consent_grp[1]/k_grp[1]/k_ts_grp[1]/k_gave_something,124,3638
consent_grp[1]/k_grp[1]/k_ts_grp[1]/k_spanked,124,3638
consent_grp[1]/k_grp[1]/k_ts_grp[1]/k_hit_bottom,124,3638
consent_grp[1]/k_grp[1]/k_ts_grp[1]/k_call_dumb,124,3638
consent_grp[1]/k_grp[1]/k_ts_grp[1]/k_hit_face,124,3638
consent_grp[1]/k_grp[1]/k_ts_grp[1]/k_praised,124,3638
consent_grp[1]/k_grp[1]/k_ts_grp[1]/k_affection,124,3638
consent_grp[1]/k_grp[1]/k_ts_grp[1]/k_rewarded,124,3638
consent_grp[1]/l_teaching_prac_grp[1]/l_note,8,3788
consent_grp[1]/l_teaching_prac_grp[1]/l_previos_kinder_act[1]/tmp_l_prac_lab,111,3790
consent_grp[1]/l_teaching_prac_grp[1]/l_previos_kinder_act[1]/l_hygiene_routine,111,3790
consent_grp[1]/l_teaching_prac_grp[1]/l_previos_kinder_act[1]/l_supply,111,3790
consent_grp[1]/l_teaching_prac_grp[1]/l_previos_kinder_act[1]/l_pamper,111,3790
consent_grp[1]/l_teaching_prac_grp[1]/l_previos_kinder_act[1]/l_read,111,3790
consent_grp[1]/l_teaching_prac_grp[1]/l_previos_kinder_act[1]/l_tell,111,3790
consent_grp[1]/l_teaching_prac_grp[1]/l_previos_kinder_act[1]/l_conversatin,111,3790
consent_grp[1]/l_teaching_prac_grp[1]/l_previos_kinder_act[1]/l_sing,111,3790
consent_grp[1]/l_teaching_prac_grp[1]/l_previos_kinder_act[1]/l_dance,111,3790
consent_grp[1]/l_teaching_prac_grp[1]/l_previos_kinder_act[1]/l_visit,111,3790
consent_grp[1]/l_teaching_prac_grp[1]/l_previos_kinder_act[1]/l_play_kg,111,3790
consent_grp[1]/l_teaching_prac_grp[1]/l_previos_kinder_act[1]/l_play_recrea,111,3790
consent_grp[1]/l_teaching_prac_grp[1]/l_previos_kinder_act[1]/l_sleep,111,3790
consent_grp[1]/l_teaching_prac_grp[1]/l_previos_kinder_act[1]/l_run,111,3790
consent_grp[1]/l_teaching_prac_grp[1]/l_previos_kinder_act[1]/l_group_learn,111,3790
consent_grp[1]/l_teaching_prac_grp[1]/l_previos_kinder_act[1]/l_indiv_learn,111,3790
consent_grp[1]/l_teaching_prac_grp[1]/l_class_acti_grp[1]/l_act_grp[1]/tmp_l_class_lab,52,3907
consent_grp[1]/l_teaching_prac_grp[1]/l_class_acti_grp[1]/l_act_grp[1]/l_teach_colour,52,3907
consent_grp[1]/l_teaching_prac_grp[1]/l_class_acti_grp[1]/l_act_grp[1]/l_teach_number,52,3907
consent_grp[1]/l_teaching_prac_grp[1]/l_class_acti_grp[1]/l_act_grp[1]/l_teach_letter,52,3907
consent_grp[1]/l_teaching_prac_grp[1]/l_class_acti_grp[1]/l_act_grp[1]/l_teach_form,52,3907
consent_grp[1]/l_teaching_prac_grp[1]/l_class_acti_grp[1]/l_act_grp[1]/l_socialise,52,3907
consent_grp[1]/l_teaching_prac_grp[1]/l_class_acti_grp[1]/l_act_grp[1]/l_pro_solve,52,3907
consent_grp[1]/l_teaching_prac_grp[1]/l_class_acti_grp[1]/l_act_grp[1]/l_writing,52,3907
consent_grp[1]/l_teaching_prac_grp[1]/l_class_acti_grp[1]/l_act_grp[1]/l_teach_body,52,3907
consent_grp[1]/l_teaching_prac_grp[1]/l_class_acti_grp[1]/l_act_grp[1]/l_pers_hygiene,52,3907
consent_grp[1]/l_teaching_prac_grp[1]/l_class_acti_grp[1]/l_act_grp[1]/l_art_expre,52,3907
consent_grp[1]/l_teaching_prac_grp[1]/l_class_acti_grp[1]/l_act_grp[1]/l_body_lang,52,3907
consent_grp[1]/l_teaching_prac_grp[1]/l_class_acti_grp[1]/l_act_grp[1]/l_concentration,52,3907
consent_grp[1]/l_teaching_prac_grp[1]/l_class_acti_grp[1]/l_act_grp[1]/l_gross_motor,52,3907
consent_grp[1]/l_teaching_prac_grp[1]/l_class_acti_grp[1]/l_act_grp[1]/l_fine_motor,52,3907
consent_grp[1]/l_teaching_prac_grp[1]/l_class_acti_grp[1]/l_act_grp[1]/l_gender,52,3907
consent_grp[1]/l_teaching_prac_grp[1]/l_class_acti_grp[1]/l_act_grp[1]/l_responsibility,52,3907
consent_grp[1]/l_teaching_prac_grp[1]/l_class_acti_grp[1]/l_act_grp[1]/l_speech,52,3907
consent_grp[1]/l_teaching_prac_grp[1]/l_class_acti_grp[1]/l_act_grp[1]/l_explore_comm,52,3907
consent_grp[1]/l_teaching_prac_grp[1]/l_class_acti_grp[1]/l_act_grp[1]/l_explore_culture,52,3907
consent_grp[1]/l_teaching_prac_grp[1]/l_parent_interact_note,9,3959
consent_grp[1]/l_teaching_prac_grp[1]/l_actively_engaged,64,3960
consent_grp[1]/l_teaching_prac_grp[1]/l_proportion_child,31,4032
consent_grp[1]/l_teaching_prac_grp[1]/l_proportion_child_more,16,4061
consent_grp[1]/l_teaching_prac_grp[1]/l_visit_pupil_house,29,4079
consent_grp[1]/l_teaching_prac_grp[1]/l_visit_parent_house,9,4108
consent_grp[1]/l_teaching_prac_grp[1]/l_receive_parent_supp,4,4117
consent_grp[1]/l_teaching_prac_grp[1]/l_day_teaching_note,22,4121
consent_grp[1]/l_teaching_prac_grp[1]/l_day_grp[1]/tmp_l_labs,30,4139
consent_grp[1]/l_teaching_prac_grp[1]/l_day_grp[1]/l_daily_schedule,30,4139
consent_grp[1]/l_teaching_prac_grp[1]/l_day_grp[1]/l_play_period,30,4139
consent_grp[1]/l_teaching_prac_grp[1]/l_day_grp[1]/l_free_play,30,4139
consent_grp[1]/l_teaching_prac_grp[1]/l_day_grp[1]/l_activities,30,4139
consent_grp[1]/l_teaching_prac_grp[1]/l_per_daily_grp[1]/l_perc_note,287,4172
consent_grp[1]/l_teaching_prac_grp[1]/l_per_daily_grp[1]/l_admin_per,287,4172
consent_grp[1]/l_teaching_prac_grp[1]/l_per_daily_grp[1]/l_class_per,287,4172
consent_grp[1]/l_teaching_prac_grp[1]/l_per_daily_grp[1]/l_teach_per,287,4172
consent_grp[1]/l_teaching_prac_grp[1]/l_per_daily_grp[1]/l_super_per,287,4172
consent_grp[1]/l_teaching_prac_grp[1]/l_per_daily_grp[1]/l_super_oth_per,287,4172
consent_grp[1]/l_teaching_prac_grp[1]/l_per_daily_grp[1]/l_break_per,287,4172
consent_grp[1]/l_teaching_prac_grp[1]/tmp_force_note,7,4426
consent_grp[1]/l_teaching_prac_grp[1]/l_discipline_note,2,4467
consent_grp[1]/l_teaching_prac_grp[1]/l_dont_like,79,4469
consent_grp[1]/l_teaching_prac_grp[1]/l_really_bad,12,4547
consent_grp[1]/l_teaching_prac_grp[1]/l_does_good,26,4559
consent_grp[1]/l_teaching_prac_grp[1]/l_praise,12,4585
consent_grp[1]/q_note,16,4597
consent_grp[1]/q_activ_yn,22,4613
consent_grp[1]/q_rpt[1]/q_activ_r,44,4633
consent_grp[1]/q_rpt[1]/q_activ_osp_r,26,4679
consent_grp[1]/q_rpt[1]/q_activ_org_r,15,4705
consent_grp[1]/q_rpt[1]/q_activ_add_r,17,4720
consent_grp[1]/q_rpt[2]/q_activ_r,6,4737
consent_grp[1]/q_rpt[2]/q_activ_org_r,3,4743
consent_grp[1]/q_rpt[2]/q_activ_add_r,8,4746
consent_grp[1]/q_rpt[3]/q_activ_r,3,4754
consent_grp[1]/q_rpt[3]/q_activ_org_r,2,4757
consent_grp[1]/q_rpt[3]/q_activ_add_r,2,4758
s_int_accom_yn,5,4761
s_int_accom,8,4766
comments,4,4771
