Field name,Total duration (seconds),First appeared (seconds into survey)
instruction,1,2
a_district_id,4,3
a_circuit_id,38,7
a_kg_id,467,17
a_community_id,3,512
a_enum_id,34,515
consent_note,133,548
con_understand,22,682
con_questions,2,704
con_written,9,707
consent_grp[1]/audio_consent,28,716
consent_grp[1]/d_background_note,1,744
consent_grp[1]/section_d[1]/kgt_key,7,745
consent_grp[1]/section_d[1]/kgt_confirm_note,9,752
consent_grp[1]/section_d[1]/d_num_cnt,8,761
consent_grp[1]/section_d[1]/d_cnt_grp[1]/d_cnt_main,31,767
consent_grp[1]/section_d[1]/d_cnt_grp[1]/d_cnt_sec,27,772
consent_grp[1]/section_d[1]/d_work_last,16,800
consent_grp[1]/section_d[1]/d_edu_level,23,816
consent_grp[1]/section_d[1]/d_edu_train,12,839
consent_grp[1]/section_d[1]/d_edu_level_train,23,851
consent_grp[1]/section_d[1]/d_marital_status,15,875
consent_grp[1]/section_d[1]/d_religion,5,889
consent_grp[1]/section_d[1]/d_la_spk_grp[1]/d_la_spk_note,27,894
consent_grp[1]/section_d[1]/d_la_spk_grp[1]/d_la_spk_eng,27,894
consent_grp[1]/section_d[1]/d_la_spk_grp[1]/d_la_spk_dagb,27,894
consent_grp[1]/section_d[1]/d_la_wrt_grp[1]/d_la_wrt_note,19,921
consent_grp[1]/section_d[1]/d_la_wrt_grp[1]/d_la_wrt_eng,19,921
consent_grp[1]/section_d[1]/d_la_wrt_grp[1]/d_la_wrt_dagb,19,921
consent_grp[1]/section_d[1]/d_main_language,27,940
consent_grp[1]/section_d[1]/d_loc_lang_kinderg,9,967
consent_grp[1]/f_moved_yn,16,976
consent_grp[1]/f_rel_grp[1]/f_comm_note,8,992
consent_grp[1]/f_rel_grp[1]/section_f[1]/f_born_comm,19,999
consent_grp[1]/f_rel_grp[1]/section_f[1]/f_school_loc,12,1019
consent_grp[1]/f_rel_grp[1]/section_f[1]/f_lived_bef_teach,7,1031
consent_grp[1]/f_rel_grp[1]/section_f[1]/f_lived_grp[1]/f_lived_comm,27,1038
consent_grp[1]/f_rel_grp[1]/section_f[1]/f_lived_grp[1]/f_lived_comm_year,27,1038
consent_grp[1]/f_rel_grp[1]/section_f[1]/f_lived_grp[1]/f_lived_comm_month,27,1038
consent_grp[1]/f_rel_grp[1]/section_f[1]/f_fam_lived,11,1061
consent_grp[1]/f_rel_grp[1]/section_f[1]/f_emot_support,61,1075
consent_grp[1]/f_rel_grp[1]/section_f[1]/f_emot_support_num,20,1118
consent_grp[1]/f_rel_grp[1]/section_f[1]/f_lend_money,19,1145
consent_grp[1]/f_rel_grp[1]/section_f[1]/f_borrow_money,8,1178
consent_grp[1]/f_rel_grp[1]/section_f[1]/f_rel_live_nearby,8,1186
consent_grp[1]/f_rel_grp[1]/section_f[1]/f_part_comm,13,1194
consent_grp[1]/f_rel_grp[1]/section_f[1]/f_main_trans,11,1206
consent_grp[1]/f_rel_grp[1]/section_f[1]/f_min_get_sch_grp[1]/f_min_get_note,20,1217
consent_grp[1]/f_rel_grp[1]/section_f[1]/f_min_get_sch_grp[1]/f_h_get_school,20,1217
consent_grp[1]/f_rel_grp[1]/section_f[1]/f_min_get_sch_grp[1]/f_m_get_school,20,1217
consent_grp[1]/g_nature_wrk_note,10,1236
consent_grp[1]/section_g[1]/g_teach_pos,14,1247
consent_grp[1]/section_g[1]/g_teach_school,8,1260
consent_grp[1]/section_g[1]/g_kg_grade,8,1268
consent_grp[1]/section_g[1]/g_class_grp[1]/g_children_note,31,1276
consent_grp[1]/section_g[1]/g_class_grp[1]/g_kg_2,31,1276
consent_grp[1]/section_g[1]/g_ah_grp[1]/g_ah_note,108,1307
consent_grp[1]/section_g[1]/g_ah_grp[1]/g_ah_working,108,1307
consent_grp[1]/section_g[1]/g_ah_grp[1]/g_ah_prepping,108,1307
consent_grp[1]/section_g[1]/g_eh_grp[1]/g_eh_note,79,1415
consent_grp[1]/section_g[1]/g_eh_grp[1]/g_eh_working,79,1415
consent_grp[1]/section_g[1]/g_eh_grp[1]/g_eh_prepping,79,1415
consent_grp[1]/section_g[1]/g_teach_salary,26,1483
consent_grp[1]/section_g[1]/g_salary_freq,17,1520
consent_grp[1]/section_g[1]/g_salary_intime,25,1537
consent_grp[1]/section_g[1]/g_money_cmp,9,1562
consent_grp[1]/section_g[1]/g_job_outside,15,1572
consent_grp[1]/section_g[1]/g_job_outside_income,18,1586
consent_grp[1]/section_g[1]/g_earn_grp[1]/g_earn_amt,20,1604
consent_grp[1]/section_g[1]/g_earn_grp[1]/g_earn_freq,20,1604
consent_grp[1]/section_g[1]/g_extra_money_spec,7,1624
consent_grp[1]/section_g[1]/g_sch_pro_grp[1]/tmp_g_sch_pro_lab,141,1631
consent_grp[1]/section_g[1]/g_sch_pro_grp[1]/g_class,141,1631
consent_grp[1]/section_g[1]/g_sch_pro_grp[1]/g_class_taught,141,1631
consent_grp[1]/section_g[1]/g_sch_pro_grp[1]/g_fin_resource,141,1631
consent_grp[1]/section_g[1]/g_sch_pro_grp[1]/g_high_expe,141,1631
consent_grp[1]/section_g[1]/g_sch_pro_grp[1]/g_change_curri,141,1631
consent_grp[1]/section_g[1]/g_sch_pro_grp[1]/g_diff_curri,141,1631
consent_grp[1]/section_g[1]/g_sch_pro_grp[1]/g_easy_curri,141,1631
consent_grp[1]/section_g[1]/g_sch_pro_grp[1]/g_par_dem_high,141,1631
consent_grp[1]/section_g[1]/g_sch_pro_grp[1]/g_par_suff_interest,141,1631
consent_grp[1]/section_g[1]/g_sch_pro_grp[1]/g_par_suff_active,141,1631
consent_grp[1]/section_g[1]/g_par_supp_grp[1]/g_par_supp_note,21,1772
consent_grp[1]/section_g[1]/g_par_supp_grp[1]/g_home_wrk,19,1793
consent_grp[1]/section_g[1]/g_par_supp_grp[1]/g_behave_val,22,1812
consent_grp[1]/section_g[1]/g_par_supp_grp[1]/g_get_schl,8,1834
consent_grp[1]/section_g[1]/g_par_supp_grp[1]/g_visit_schl,10,1842
consent_grp[1]/section_g[1]/g_par_supp_grp[1]/g_show_respect,13,1852
consent_grp[1]/section_g[1]/g_par_supp_grp[1]/g_best_schl,19,1865
consent_grp[1]/section_g[1]/g_par_supp_grp[1]/g_parti_pta,17,1884
consent_grp[1]/section_g[1]/g_par_supp_grp[1]/g_cont_kg_act,53,1901
consent_grp[1]/section_g[1]/g_lead_respect,13,1954
consent_grp[1]/section_g[1]/g_val_citizen,14,1967
consent_grp[1]/section_h[1]/sec_h_depre_note,60,1981
consent_grp[1]/section_h[1]/h_depression_grp[1]/h_da_note,166,2041
consent_grp[1]/section_h[1]/h_depression_grp[1]/tmp_h_da_lab,166,2041
consent_grp[1]/section_h[1]/h_depression_grp[1]/h_headache,166,2041
consent_grp[1]/section_h[1]/h_depression_grp[1]/h_appetite,166,2041
consent_grp[1]/section_h[1]/h_depression_grp[1]/h_sleep,166,2041
consent_grp[1]/section_h[1]/h_depression_grp[1]/h_frightened,166,2041
consent_grp[1]/section_h[1]/h_depression_grp[1]/h_hands_shake,166,2041
consent_grp[1]/section_h[1]/h_depression_grp[1]/h_nervous,166,2041
consent_grp[1]/section_h[1]/h_depression_grp[1]/h_digestion,166,2041
consent_grp[1]/section_h[1]/h_depression_grp[1]/h_thinking,166,2041
consent_grp[1]/section_h[1]/h_depression_grp[1]/h_unhappy,166,2041
consent_grp[1]/section_h[1]/h_depression_grp[1]/h_cry,166,2041
consent_grp[1]/section_h[1]/h_depression_grp[1]/h_activities,166,2041
consent_grp[1]/section_h[1]/h_depression_grp[1]/h_decisions,166,2041
consent_grp[1]/section_h[1]/h_depression_grp[1]/h_daily_work,166,2041
consent_grp[1]/section_h[1]/h_depression_grp[1]/h_life,166,2041
consent_grp[1]/section_h[1]/h_depression_grp[1]/h_interest,166,2041
consent_grp[1]/section_h[1]/h_depression_grp[1]/h_worthless,166,2041
consent_grp[1]/section_h[1]/h_depression_grp[1]/h_end_life,166,2041
consent_grp[1]/section_h[1]/h_depression_grp[1]/h_tired,166,2041
consent_grp[1]/section_h[1]/h_depression_grp[1]/h_uncomfortable,166,2041
consent_grp[1]/section_h[1]/h_depression_grp[1]/h_easily_tired,166,2041
consent_grp[1]/section_h[1]/sec_h_ext_contr_note,18,2207
consent_grp[1]/section_h[1]/h_ext_control_grp[1]/h_ext_cont_note,3,2225
consent_grp[1]/section_h[1]/h_ext_control_grp[1]/h_pup_learn,35,2228
consent_grp[1]/section_h[1]/h_ext_control_grp[1]/h_discipline,16,2263
consent_grp[1]/section_h[1]/h_ext_control_grp[1]/h_stu_achieve,14,2279
consent_grp[1]/section_h[1]/h_ext_control_grp[1]/h_teach_motiv,17,2294
consent_grp[1]/section_h[1]/h_ext_control_grp[1]/h_good_teach,30,2310
consent_grp[1]/section_h[1]/h_motiv_grp[1]/h_motiv_note,14,2340
consent_grp[1]/section_h[1]/h_motiv_grp[1]/h_motiv_help,20,2343
consent_grp[1]/section_h[1]/h_motiv_grp[1]/h_quest_school,12,2374
consent_grp[1]/section_h[1]/h_motiv_grp[1]/h_help_child,12,2386
consent_grp[1]/section_h[1]/h_motiv_grp[1]/h_sch_goal,14,2399
consent_grp[1]/section_h[1]/h_motiv_grp[1]/h_help_emot,14,2412
consent_grp[1]/section_h[1]/h_motiv_grp[1]/h_enjoy_teach,23,2427
consent_grp[1]/section_h[1]/h_motiv_grp[1]/h_develop_society,16,2449
consent_grp[1]/section_h[1]/h_motiv_grp[1]/h_develop_socially,9,2466
consent_grp[1]/section_h[1]/h_motiv_grp[1]/h_perso_clear,6,2474
consent_grp[1]/section_h[1]/h_impor_thing,71,2481
consent_grp[1]/section_h[1]/h_job_satisfaction_grp[1]/h_job_satis_note,27,2551
consent_grp[1]/section_h[1]/h_job_satisfaction_grp[1]/h_look_out,24,2553
consent_grp[1]/section_h[1]/h_job_satisfaction_grp[1]/h_perso_worries,8,2603
consent_grp[1]/section_h[1]/h_job_satisfaction_grp[1]/h_know_col,25,2611
consent_grp[1]/section_h[1]/h_job_satisfaction_grp[1]/h_col_coop,7,2636
consent_grp[1]/section_h[1]/h_job_satisfaction_grp[1]/h_trust_col,11,2643
consent_grp[1]/section_h[1]/h_job_satisfaction_grp[1]/h_enjoy_col,21,2652
consent_grp[1]/section_h[1]/h_job_satisfaction_grp[1]/h_sup_respect,9,2674
consent_grp[1]/section_h[1]/h_job_satisfaction_grp[1]/h_sup_busy,24,2684
consent_grp[1]/section_h[1]/h_job_satisfaction_grp[1]/h_sup_opinion,16,2697
consent_grp[1]/section_h[1]/h_job_satisfaction_grp[1]/h_count_sup,10,2724
consent_grp[1]/section_h[1]/h_job_satisfaction_grp[1]/h_motivated,8,2734
consent_grp[1]/section_h[1]/h_job_satisfaction_grp[1]/h_sup_unpredict,6,2743
consent_grp[1]/section_h[1]/h_job_satisfaction_grp[1]/h_wrk_challenge,13,2749
consent_grp[1]/section_h[1]/h_job_satisfaction_grp[1]/h_wrk_monotonous,10,2762
consent_grp[1]/section_h[1]/h_job_satisfaction_grp[1]/h_wrk_creative,5,2773
consent_grp[1]/section_h[1]/h_job_satisfaction_grp[1]/h_big_impact,12,2778
consent_grp[1]/section_h[1]/h_job_satisfaction_grp[1]/h_little_time,12,2790
consent_grp[1]/section_h[1]/h_job_satisfaction_grp[1]/h_control_satis,35,2799
consent_grp[1]/section_h[1]/h_job_satisfaction_grp[1]/h_look,9,2838
consent_grp[1]/section_h[1]/h_job_satisfaction_grp[1]/h_small_space,16,2847
consent_grp[1]/section_h[1]/h_job_satisfaction_grp[1]/h_new_mat,8,2862
consent_grp[1]/section_h[1]/h_job_satisfaction_grp[1]/h_clean_kinder,12,2870
consent_grp[1]/section_h[1]/h_job_satisfaction_grp[1]/h_loud_kinder,20,2882
consent_grp[1]/section_h[1]/h_job_satisfaction_grp[1]/h_kinder_rules,8,2902
consent_grp[1]/section_h[1]/h_job_satisfaction_grp[1]/h_satisfied_paid,9,2910
consent_grp[1]/section_h[1]/h_burnout_grp[1]/h_burnout_note,14,2919
consent_grp[1]/section_h[1]/h_burnout_grp[1]/h_emotion_drained,24,2934
consent_grp[1]/section_h[1]/h_burnout_grp[1]/h_used_up,18,2958
consent_grp[1]/section_h[1]/h_burnout_grp[1]/h_fatigued,12,2976
consent_grp[1]/section_h[1]/h_burnout_grp[1]/h_child_feel,30,2988
consent_grp[1]/section_h[1]/h_burnout_grp[1]/h_child_impersonal,9,3018
consent_grp[1]/section_h[1]/h_burnout_grp[1]/h_ppl_strain,8,3027
consent_grp[1]/section_h[1]/h_burnout_grp[1]/h_deal_effect,17,3035
consent_grp[1]/section_h[1]/h_burnout_grp[1]/h_burnout,10,3053
consent_grp[1]/section_h[1]/h_burnout_grp[1]/h_pos_influence,17,3062
consent_grp[1]/section_h[1]/h_burnout_grp[1]/h_cold,8,3079
consent_grp[1]/section_h[1]/h_burnout_grp[1]/h_hard,14,3087
consent_grp[1]/section_h[1]/h_burnout_grp[1]/h_energetic,8,3102
consent_grp[1]/section_h[1]/h_burnout_grp[1]/h_frustrated,10,3109
consent_grp[1]/section_h[1]/h_burnout_grp[1]/h_work_hard,9,3119
consent_grp[1]/section_h[1]/h_burnout_grp[1]/h_dont_care,10,3128
consent_grp[1]/section_h[1]/h_burnout_grp[1]/h_put_pressure,6,3138
consent_grp[1]/section_h[1]/h_burnout_grp[1]/h_relax,10,3144
consent_grp[1]/section_h[1]/h_burnout_grp[1]/h_excited,15,3154
consent_grp[1]/section_h[1]/h_burnout_grp[1]/h_accomplished,16,3170
consent_grp[1]/section_h[1]/h_burnout_grp[1]/h_end_of_rop,49,3186
consent_grp[1]/section_h[1]/h_burnout_grp[1]/h_emot_pro_calm,92,3215
consent_grp[1]/i_teacher_knowledge_grp[1]/I_teach_know_note,18,3260
consent_grp[1]/i_teacher_knowledge_grp[1]/i_consonance,30,3333
consent_grp[1]/i_teacher_knowledge_grp[1]/i_vowel,8,3376
consent_grp[1]/i_teacher_knowledge_grp[1]/i_unbelievable,47,3384
consent_grp[1]/i_teacher_knowledge_grp[1]/i_irregular,11,3416
consent_grp[1]/i_teacher_knowledge_grp[1]/i_cat,26,3425
consent_grp[1]/i_teacher_knowledge_grp[1]/i_cough,15,3437
consent_grp[1]/i_teacher_knowledge_grp[1]/i_check,19,3463
consent_grp[1]/i_teacher_knowledge_grp[1]/i_english,35,3479
consent_grp[1]/j_perception_grp[1]/j_perception_note,56,3510
consent_grp[1]/j_perception_grp[1]/j_dev_practice_grp[1]/j_dev_practice_note,16,3552
consent_grp[1]/j_perception_grp[1]/j_dev_practice_grp[1]/j_child_need,18,3553
consent_grp[1]/j_perception_grp[1]/j_dev_practice_grp[1]/j_recog_letter,11,3628
consent_grp[1]/j_perception_grp[1]/j_dev_practice_grp[1]/j_recog_number,8,3638
consent_grp[1]/j_perception_grp[1]/j_dev_practice_grp[1]/j_recog_colour,6,3646
consent_grp[1]/j_perception_grp[1]/j_dev_practice_grp[1]/j_indiv_goal,18,3652
consent_grp[1]/j_perception_grp[1]/j_dev_practice_grp[1]/j_play_materials,5,3670
consent_grp[1]/j_perception_grp[1]/j_dev_practice_grp[1]/j_child_measure,18,3675
consent_grp[1]/j_perception_grp[1]/j_supp_chil_grp[1]/j_supp_chil_note,15,3693
consent_grp[1]/j_perception_grp[1]/j_supp_chil_grp[1]/j_build_relation,12,3701
consent_grp[1]/j_perception_grp[1]/j_supp_chil_grp[1]/j_control_behaviour,11,3711
consent_grp[1]/j_perception_grp[1]/j_supp_chil_grp[1]/j_express_thought,13,3721
consent_grp[1]/j_perception_grp[1]/j_supp_chil_grp[1]/j_resolve_conflicts,10,3732
consent_grp[1]/j_perception_grp[1]/j_supp_chil_grp[1]/j_guidance_style,36,3739
consent_grp[1]/j_perception_grp[1]/j_fam_sensitive_grp[1]/j_fam_sensitive_note,182,3791
consent_grp[1]/j_perception_grp[1]/j_fam_sensitive_grp[1]/j_parent_goal,182,3791
consent_grp[1]/j_perception_grp[1]/j_fam_sensitive_grp[1]/j_work_schedule,182,3791
consent_grp[1]/j_perception_grp[1]/j_fam_sensitive_grp[1]/j_fam_decision,182,3791
consent_grp[1]/j_perception_grp[1]/j_fam_sensitive_grp[1]/j_family_care,182,3791
consent_grp[1]/j_perception_grp[1]/j_fam_sensitive_grp[1]/j_connect_family,182,3791
consent_grp[1]/k_grp[1]/k_instro_note,25,3973
consent_grp[1]/k_grp[1]/k_ts_grp[1]/tmp_k_labels,169,3994
consent_grp[1]/k_grp[1]/k_ts_grp[1]/k_take_priviledges,169,3994
consent_grp[1]/k_grp[1]/k_ts_grp[1]/k_explain_behavior,169,3994
consent_grp[1]/k_grp[1]/k_ts_grp[1]/k_shook,169,3994
consent_grp[1]/k_grp[1]/k_ts_grp[1]/k_shouted,169,3994
consent_grp[1]/k_grp[1]/k_ts_grp[1]/k_gave_something,169,3994
consent_grp[1]/k_grp[1]/k_ts_grp[1]/k_spanked,169,3994
consent_grp[1]/k_grp[1]/k_ts_grp[1]/k_hit_bottom,169,3994
consent_grp[1]/k_grp[1]/k_ts_grp[1]/k_call_dumb,169,3994
consent_grp[1]/k_grp[1]/k_ts_grp[1]/k_hit_face,169,3994
consent_grp[1]/k_grp[1]/k_ts_grp[1]/k_praised,169,3994
consent_grp[1]/k_grp[1]/k_ts_grp[1]/k_affection,169,3994
consent_grp[1]/k_grp[1]/k_ts_grp[1]/k_rewarded,169,3994
consent_grp[1]/l_teaching_prac_grp[1]/l_note,7,4167
consent_grp[1]/l_teaching_prac_grp[1]/l_previos_kinder_act[1]/tmp_l_prac_lab,129,4169
consent_grp[1]/l_teaching_prac_grp[1]/l_previos_kinder_act[1]/l_hygiene_routine,129,4169
consent_grp[1]/l_teaching_prac_grp[1]/l_previos_kinder_act[1]/l_supply,129,4169
consent_grp[1]/l_teaching_prac_grp[1]/l_previos_kinder_act[1]/l_pamper,129,4169
consent_grp[1]/l_teaching_prac_grp[1]/l_previos_kinder_act[1]/l_read,129,4169
consent_grp[1]/l_teaching_prac_grp[1]/l_previos_kinder_act[1]/l_tell,129,4169
consent_grp[1]/l_teaching_prac_grp[1]/l_previos_kinder_act[1]/l_conversatin,129,4169
consent_grp[1]/l_teaching_prac_grp[1]/l_previos_kinder_act[1]/l_sing,129,4169
consent_grp[1]/l_teaching_prac_grp[1]/l_previos_kinder_act[1]/l_dance,129,4169
consent_grp[1]/l_teaching_prac_grp[1]/l_previos_kinder_act[1]/l_visit,129,4169
consent_grp[1]/l_teaching_prac_grp[1]/l_previos_kinder_act[1]/l_play_kg,129,4169
consent_grp[1]/l_teaching_prac_grp[1]/l_previos_kinder_act[1]/l_play_recrea,129,4169
consent_grp[1]/l_teaching_prac_grp[1]/l_previos_kinder_act[1]/l_sleep,129,4169
consent_grp[1]/l_teaching_prac_grp[1]/l_previos_kinder_act[1]/l_run,129,4169
consent_grp[1]/l_teaching_prac_grp[1]/l_previos_kinder_act[1]/l_group_learn,129,4169
consent_grp[1]/l_teaching_prac_grp[1]/l_previos_kinder_act[1]/l_indiv_learn,129,4169
consent_grp[1]/l_teaching_prac_grp[1]/l_class_acti_grp[1]/l_act_grp[1]/tmp_l_class_lab,101,4304
consent_grp[1]/l_teaching_prac_grp[1]/l_class_acti_grp[1]/l_act_grp[1]/l_teach_colour,101,4304
consent_grp[1]/l_teaching_prac_grp[1]/l_class_acti_grp[1]/l_act_grp[1]/l_teach_number,101,4304
consent_grp[1]/l_teaching_prac_grp[1]/l_class_acti_grp[1]/l_act_grp[1]/l_teach_letter,101,4304
consent_grp[1]/l_teaching_prac_grp[1]/l_class_acti_grp[1]/l_act_grp[1]/l_teach_form,101,4304
consent_grp[1]/l_teaching_prac_grp[1]/l_class_acti_grp[1]/l_act_grp[1]/l_socialise,101,4304
consent_grp[1]/l_teaching_prac_grp[1]/l_class_acti_grp[1]/l_act_grp[1]/l_pro_solve,101,4304
consent_grp[1]/l_teaching_prac_grp[1]/l_class_acti_grp[1]/l_act_grp[1]/l_writing,101,4304
consent_grp[1]/l_teaching_prac_grp[1]/l_class_acti_grp[1]/l_act_grp[1]/l_teach_body,101,4304
consent_grp[1]/l_teaching_prac_grp[1]/l_class_acti_grp[1]/l_act_grp[1]/l_pers_hygiene,101,4304
consent_grp[1]/l_teaching_prac_grp[1]/l_class_acti_grp[1]/l_act_grp[1]/l_art_expre,101,4304
consent_grp[1]/l_teaching_prac_grp[1]/l_class_acti_grp[1]/l_act_grp[1]/l_body_lang,101,4304
consent_grp[1]/l_teaching_prac_grp[1]/l_class_acti_grp[1]/l_act_grp[1]/l_concentration,101,4304
consent_grp[1]/l_teaching_prac_grp[1]/l_class_acti_grp[1]/l_act_grp[1]/l_gross_motor,101,4304
consent_grp[1]/l_teaching_prac_grp[1]/l_class_acti_grp[1]/l_act_grp[1]/l_fine_motor,101,4304
consent_grp[1]/l_teaching_prac_grp[1]/l_class_acti_grp[1]/l_act_grp[1]/l_gender,101,4304
consent_grp[1]/l_teaching_prac_grp[1]/l_class_acti_grp[1]/l_act_grp[1]/l_responsibility,101,4304
consent_grp[1]/l_teaching_prac_grp[1]/l_class_acti_grp[1]/l_act_grp[1]/l_speech,101,4304
consent_grp[1]/l_teaching_prac_grp[1]/l_class_acti_grp[1]/l_act_grp[1]/l_explore_comm,101,4304
consent_grp[1]/l_teaching_prac_grp[1]/l_class_acti_grp[1]/l_act_grp[1]/l_explore_culture,101,4304
consent_grp[1]/l_teaching_prac_grp[1]/l_parent_interact_note,8,4404
consent_grp[1]/l_teaching_prac_grp[1]/l_actively_engaged,21,4411
consent_grp[1]/l_teaching_prac_grp[1]/l_proportion_child,13,4433
consent_grp[1]/l_teaching_prac_grp[1]/l_proportion_child_more,10,4446
consent_grp[1]/l_teaching_prac_grp[1]/l_visit_pupil_house,19,4456
consent_grp[1]/l_teaching_prac_grp[1]/l_visit_parent_house,45,4474
consent_grp[1]/l_teaching_prac_grp[1]/l_receive_parent_supp,37,4520
consent_grp[1]/l_teaching_prac_grp[1]/l_day_teaching_note,8,4557
consent_grp[1]/l_teaching_prac_grp[1]/l_day_grp[1]/tmp_l_labs,35,4565
consent_grp[1]/l_teaching_prac_grp[1]/l_day_grp[1]/l_daily_schedule,35,4565
consent_grp[1]/l_teaching_prac_grp[1]/l_day_grp[1]/l_play_period,35,4565
consent_grp[1]/l_teaching_prac_grp[1]/l_day_grp[1]/l_free_play,35,4565
consent_grp[1]/l_teaching_prac_grp[1]/l_day_grp[1]/l_activities,35,4565
consent_grp[1]/l_teaching_prac_grp[1]/l_per_daily_grp[1]/l_perc_note,329,4600
consent_grp[1]/l_teaching_prac_grp[1]/l_per_daily_grp[1]/l_admin_per,329,4600
consent_grp[1]/l_teaching_prac_grp[1]/l_per_daily_grp[1]/l_class_per,329,4600
consent_grp[1]/l_teaching_prac_grp[1]/l_per_daily_grp[1]/l_teach_per,329,4600
consent_grp[1]/l_teaching_prac_grp[1]/l_per_daily_grp[1]/l_super_per,329,4600
consent_grp[1]/l_teaching_prac_grp[1]/l_per_daily_grp[1]/l_super_oth_per,329,4600
consent_grp[1]/l_teaching_prac_grp[1]/l_per_daily_grp[1]/l_break_per,329,4600
consent_grp[1]/l_teaching_prac_grp[1]/tmp_force_note,7,4915
consent_grp[1]/l_teaching_prac_grp[1]/l_discipline_note,1,4936
consent_grp[1]/l_teaching_prac_grp[1]/l_dont_like,34,4937
consent_grp[1]/l_teaching_prac_grp[1]/l_really_bad,18,4970
consent_grp[1]/l_teaching_prac_grp[1]/l_does_good,24,4989
consent_grp[1]/l_teaching_prac_grp[1]/l_praise,25,5013
consent_grp[1]/q_note,16,5038
consent_grp[1]/q_activ_yn,11,5054
consent_grp[1]/q_rpt[1]/q_activ_r,69,5065
consent_grp[1]/q_rpt[1]/q_activ_org_r,18,5135
consent_grp[1]/q_rpt[1]/q_activ_add_r,16,5153
s_int_accom_yn,98,5166
consent_grp[1]/q_rpt[2]/q_activ_r,11,5172
consent_grp[1]/q_rpt[2]/q_activ_org_r,2,5183
consent_grp[1]/q_rpt[2]/q_activ_org_osp_r,10,5185
consent_grp[1]/q_rpt[2]/q_activ_add_r,9,5195
comments,56,5299
