Field name,Total duration (seconds),First appeared (seconds into survey)
instruction,1,7
a_district_id,4,8
a_circuit_id,6,11
a_kg_id,5,17
a_community_id,2,22
a_enum_id,8,24
consent_note,1,32
con_understand,8,34
con_questions,6,41
con_written,5,47
consent_grp[1]/audio_consent,11,53
consent_grp[1]/d_background_note,1,64
consent_grp[1]/section_d[1]/kgt_key,2,65
consent_grp[1]/section_d[1]/kgt_confirm_note,14,67
consent_grp[1]/section_d[1]/d_num_cnt,18,82
consent_grp[1]/section_d[1]/d_cnt_grp[1]/d_cnt_main,11,100
consent_grp[1]/section_d[1]/d_work_last,11,111
consent_grp[1]/section_d[1]/d_edu_level,15,122
consent_grp[1]/section_d[1]/d_edu_train,20,137
consent_grp[1]/section_d[1]/d_marital_status,8,156
consent_grp[1]/section_d[1]/d_religion,5,164
consent_grp[1]/section_d[1]/d_la_spk_grp[1]/d_la_spk_note,55,170
consent_grp[1]/section_d[1]/d_la_spk_grp[1]/d_la_spk_eng,55,170
consent_grp[1]/section_d[1]/d_la_spk_grp[1]/d_la_spk_dagb,55,170
consent_grp[1]/section_d[1]/d_la_wrt_grp[1]/d_la_wrt_note,34,225
consent_grp[1]/section_d[1]/d_la_wrt_grp[1]/d_la_wrt_eng,34,225
consent_grp[1]/section_d[1]/d_la_wrt_grp[1]/d_la_wrt_dagb,34,225
consent_grp[1]/section_d[1]/d_main_language,22,259
consent_grp[1]/section_d[1]/d_loc_lang_kinderg,12,280
consent_grp[1]/f_moved_yn,9,292
consent_grp[1]/f_rel_grp[1]/f_comm_note,5,301
consent_grp[1]/f_rel_grp[1]/section_f[1]/f_born_comm,13,306
consent_grp[1]/f_rel_grp[1]/section_f[1]/f_school_loc,8,319
consent_grp[1]/f_rel_grp[1]/section_f[1]/f_lived_bef_teach,8,327
consent_grp[1]/f_rel_grp[1]/section_f[1]/f_lived_grp[1]/f_lived_comm,49,335
consent_grp[1]/f_rel_grp[1]/section_f[1]/f_lived_grp[1]/f_lived_comm_year,49,335
consent_grp[1]/f_rel_grp[1]/section_f[1]/f_lived_grp[1]/f_lived_comm_month,49,335
consent_grp[1]/f_rel_grp[1]/section_f[1]/f_fam_lived,28,384
consent_grp[1]/f_rel_grp[1]/section_f[1]/f_emot_support,37,412
consent_grp[1]/f_rel_grp[1]/section_f[1]/f_emot_support_num,15,449
consent_grp[1]/f_rel_grp[1]/section_f[1]/f_lend_money,33,464
consent_grp[1]/f_rel_grp[1]/section_f[1]/f_borrow_money,33,497
consent_grp[1]/f_rel_grp[1]/section_f[1]/f_rel_live_nearby,31,530
consent_grp[1]/f_rel_grp[1]/section_f[1]/f_part_comm,8,561
consent_grp[1]/f_rel_grp[1]/section_f[1]/f_main_trans,11,569
consent_grp[1]/f_rel_grp[1]/section_f[1]/f_min_get_sch_grp[1]/f_min_get_note,40,580
consent_grp[1]/f_rel_grp[1]/section_f[1]/f_min_get_sch_grp[1]/f_h_get_school,40,580
consent_grp[1]/f_rel_grp[1]/section_f[1]/f_min_get_sch_grp[1]/f_m_get_school,40,580
consent_grp[1]/g_nature_wrk_note,5,620
consent_grp[1]/section_g[1]/g_teach_pos,6,625
consent_grp[1]/section_g[1]/g_teach_school,14,631
consent_grp[1]/section_g[1]/g_kg_grade,11,646
consent_grp[1]/section_g[1]/g_class_grp[1]/g_children_note,62,657
consent_grp[1]/section_g[1]/g_class_grp[1]/g_kg_2,62,657
consent_grp[1]/section_g[1]/g_ah_grp[1]/g_ah_note,235,719
consent_grp[1]/section_g[1]/g_ah_grp[1]/g_ah_working,235,719
consent_grp[1]/section_g[1]/g_ah_grp[1]/g_ah_prepping,235,719
consent_grp[1]/section_g[1]/g_eh_grp[1]/g_eh_note,90,953
consent_grp[1]/section_g[1]/g_eh_grp[1]/g_eh_working,90,953
consent_grp[1]/section_g[1]/g_eh_grp[1]/g_eh_prepping,90,953
consent_grp[1]/section_g[1]/g_teach_salary,51,1044
consent_grp[1]/section_g[1]/g_salary_freq,11,1095
consent_grp[1]/section_g[1]/g_salary_intime,27,1105
consent_grp[1]/section_g[1]/g_money_cmp,11,1132
consent_grp[1]/section_g[1]/g_job_outside,19,1143
consent_grp[1]/section_g[1]/g_extra_money_spec,78,1162
consent_grp[1]/section_g[1]/g_sch_pro_grp[1]/tmp_g_sch_pro_lab,231,1241
consent_grp[1]/section_g[1]/g_sch_pro_grp[1]/g_class,231,1241
consent_grp[1]/section_g[1]/g_sch_pro_grp[1]/g_class_taught,231,1241
consent_grp[1]/section_g[1]/g_sch_pro_grp[1]/g_fin_resource,231,1241
consent_grp[1]/section_g[1]/g_sch_pro_grp[1]/g_high_expe,231,1241
consent_grp[1]/section_g[1]/g_sch_pro_grp[1]/g_change_curri,231,1241
consent_grp[1]/section_g[1]/g_sch_pro_grp[1]/g_diff_curri,231,1241
consent_grp[1]/section_g[1]/g_sch_pro_grp[1]/g_easy_curri,231,1241
consent_grp[1]/section_g[1]/g_sch_pro_grp[1]/g_par_dem_high,231,1241
consent_grp[1]/section_g[1]/g_sch_pro_grp[1]/g_par_suff_interest,231,1241
consent_grp[1]/section_g[1]/g_sch_pro_grp[1]/g_par_suff_active,231,1241
consent_grp[1]/section_g[1]/g_par_supp_grp[1]/g_par_supp_note,15,1472
consent_grp[1]/section_g[1]/g_par_supp_grp[1]/g_home_wrk,19,1487
consent_grp[1]/section_g[1]/g_par_supp_grp[1]/g_behave_val,42,1506
consent_grp[1]/section_g[1]/g_par_supp_grp[1]/g_get_schl,41,1548
consent_grp[1]/section_g[1]/g_par_supp_grp[1]/g_visit_schl,16,1578
consent_grp[1]/section_g[1]/g_par_supp_grp[1]/g_show_respect,23,1604
consent_grp[1]/section_g[1]/g_par_supp_grp[1]/g_best_schl,36,1628
consent_grp[1]/section_g[1]/g_par_supp_grp[1]/g_parti_pta,13,1664
consent_grp[1]/section_g[1]/g_par_supp_grp[1]/g_cont_kg_act,17,1677
consent_grp[1]/section_g[1]/g_lead_respect,21,1694
consent_grp[1]/section_g[1]/g_val_citizen,27,1715
consent_grp[1]/section_h[1]/sec_h_depre_note,69,1742
consent_grp[1]/section_h[1]/h_depression_grp[1]/h_da_note,272,1749
consent_grp[1]/section_h[1]/h_depression_grp[1]/tmp_h_da_lab,272,1749
consent_grp[1]/section_h[1]/h_depression_grp[1]/h_headache,272,1749
consent_grp[1]/section_h[1]/h_depression_grp[1]/h_appetite,272,1749
consent_grp[1]/section_h[1]/h_depression_grp[1]/h_sleep,272,1749
consent_grp[1]/section_h[1]/h_depression_grp[1]/h_frightened,272,1749
consent_grp[1]/section_h[1]/h_depression_grp[1]/h_hands_shake,272,1749
consent_grp[1]/section_h[1]/h_depression_grp[1]/h_nervous,272,1749
consent_grp[1]/section_h[1]/h_depression_grp[1]/h_digestion,272,1749
consent_grp[1]/section_h[1]/h_depression_grp[1]/h_thinking,272,1749
consent_grp[1]/section_h[1]/h_depression_grp[1]/h_unhappy,272,1749
consent_grp[1]/section_h[1]/h_depression_grp[1]/h_cry,272,1749
consent_grp[1]/section_h[1]/h_depression_grp[1]/h_activities,272,1749
consent_grp[1]/section_h[1]/h_depression_grp[1]/h_decisions,272,1749
consent_grp[1]/section_h[1]/h_depression_grp[1]/h_daily_work,272,1749
consent_grp[1]/section_h[1]/h_depression_grp[1]/h_life,272,1749
consent_grp[1]/section_h[1]/h_depression_grp[1]/h_interest,272,1749
consent_grp[1]/section_h[1]/h_depression_grp[1]/h_worthless,272,1749
consent_grp[1]/section_h[1]/h_depression_grp[1]/h_end_life,272,1749
consent_grp[1]/section_h[1]/h_depression_grp[1]/h_tired,272,1749
consent_grp[1]/section_h[1]/h_depression_grp[1]/h_uncomfortable,272,1749
consent_grp[1]/section_h[1]/h_depression_grp[1]/h_easily_tired,272,1749
consent_grp[1]/section_h[1]/sec_h_ext_contr_note,14,2082
consent_grp[1]/section_h[1]/h_ext_control_grp[1]/h_ext_cont_note,7,2097
consent_grp[1]/section_h[1]/h_ext_control_grp[1]/h_pup_learn,78,2103
consent_grp[1]/section_h[1]/h_ext_control_grp[1]/h_discipline,33,2182
consent_grp[1]/section_h[1]/h_ext_control_grp[1]/h_stu_achieve,22,2214
consent_grp[1]/section_h[1]/h_ext_control_grp[1]/h_teach_motiv,54,2236
consent_grp[1]/section_h[1]/h_ext_control_grp[1]/h_good_teach,22,2290
consent_grp[1]/section_h[1]/sec_h_motiv_note,2,2312
consent_grp[1]/section_h[1]/h_motiv_grp[1]/h_motiv_note,4,2314
consent_grp[1]/section_h[1]/h_motiv_grp[1]/h_motiv_help,31,2318
consent_grp[1]/section_h[1]/h_motiv_grp[1]/h_quest_school,14,2349
consent_grp[1]/section_h[1]/h_motiv_grp[1]/h_help_child,16,2363
consent_grp[1]/section_h[1]/h_motiv_grp[1]/h_sch_goal,16,2379
consent_grp[1]/section_h[1]/h_motiv_grp[1]/h_help_emot,25,2395
consent_grp[1]/section_h[1]/h_motiv_grp[1]/h_enjoy_teach,13,2420
consent_grp[1]/section_h[1]/h_motiv_grp[1]/h_develop_society,21,2433
consent_grp[1]/section_h[1]/h_motiv_grp[1]/h_develop_socially,15,2454
consent_grp[1]/section_h[1]/h_motiv_grp[1]/h_perso_clear,10,2469
consent_grp[1]/section_h[1]/h_impor_thing,35,2478
consent_grp[1]/section_h[1]/h_job_satisfaction_grp[1]/h_job_satis_note,94,2514
consent_grp[1]/section_h[1]/h_job_satisfaction_grp[1]/h_look_out,136,2524
consent_grp[1]/section_h[1]/h_job_satisfaction_grp[1]/h_perso_worries,18,2574
consent_grp[1]/section_h[1]/h_job_satisfaction_grp[1]/h_know_col,21,2761
consent_grp[1]/section_h[1]/h_job_satisfaction_grp[1]/h_col_coop,10,2782
consent_grp[1]/section_h[1]/h_job_satisfaction_grp[1]/h_trust_col,15,2792
consent_grp[1]/section_h[1]/h_job_satisfaction_grp[1]/h_enjoy_col,15,2807
consent_grp[1]/section_h[1]/h_job_satisfaction_grp[1]/h_sup_respect,11,2822
consent_grp[1]/section_h[1]/h_job_satisfaction_grp[1]/h_sup_busy,8,2833
consent_grp[1]/section_h[1]/h_job_satisfaction_grp[1]/h_sup_opinion,15,2842
consent_grp[1]/section_h[1]/h_job_satisfaction_grp[1]/h_count_sup,48,2857
consent_grp[1]/section_h[1]/h_job_satisfaction_grp[1]/h_motivated,7,2904
consent_grp[1]/section_h[1]/h_job_satisfaction_grp[1]/h_sup_unpredict,8,2912
consent_grp[1]/section_h[1]/h_job_satisfaction_grp[1]/h_wrk_challenge,8,2920
consent_grp[1]/section_h[1]/h_job_satisfaction_grp[1]/h_wrk_monotonous,7,2928
consent_grp[1]/section_h[1]/h_job_satisfaction_grp[1]/h_wrk_creative,7,2935
consent_grp[1]/section_h[1]/h_job_satisfaction_grp[1]/h_big_impact,7,2942
consent_grp[1]/section_h[1]/h_job_satisfaction_grp[1]/h_little_time,16,2948
consent_grp[1]/section_h[1]/h_job_satisfaction_grp[1]/h_control_satis,9,2966
consent_grp[1]/section_h[1]/h_job_satisfaction_grp[1]/h_look,40,2974
consent_grp[1]/section_h[1]/h_job_satisfaction_grp[1]/h_small_space,22,2994
consent_grp[1]/section_h[1]/h_job_satisfaction_grp[1]/h_new_mat,7,3036
consent_grp[1]/section_h[1]/h_job_satisfaction_grp[1]/h_clean_kinder,34,3043
consent_grp[1]/section_h[1]/h_job_satisfaction_grp[1]/h_loud_kinder,8,3056
consent_grp[1]/section_h[1]/h_job_satisfaction_grp[1]/h_kinder_rules,12,3085
consent_grp[1]/section_h[1]/h_job_satisfaction_grp[1]/h_satisfied_paid,40,3097
consent_grp[1]/section_h[1]/h_burnout_grp[1]/h_burnout_note,36,3115
consent_grp[1]/section_h[1]/h_burnout_grp[1]/h_emotion_drained,29,3131
consent_grp[1]/section_h[1]/h_burnout_grp[1]/h_used_up,27,3202
consent_grp[1]/section_h[1]/h_burnout_grp[1]/h_fatigued,19,3229
consent_grp[1]/section_h[1]/h_burnout_grp[1]/h_child_feel,16,3248
consent_grp[1]/section_h[1]/h_burnout_grp[1]/h_child_impersonal,17,3264
consent_grp[1]/section_h[1]/h_burnout_grp[1]/h_ppl_strain,15,3282
consent_grp[1]/section_h[1]/h_burnout_grp[1]/h_deal_effect,19,3297
consent_grp[1]/section_h[1]/h_burnout_grp[1]/h_burnout,24,3315
consent_grp[1]/section_h[1]/h_burnout_grp[1]/h_pos_influence,13,3339
consent_grp[1]/section_h[1]/h_burnout_grp[1]/h_cold,20,3352
consent_grp[1]/section_h[1]/h_burnout_grp[1]/h_hard,9,3372
consent_grp[1]/section_h[1]/h_burnout_grp[1]/h_energetic,7,3381
consent_grp[1]/section_h[1]/h_burnout_grp[1]/h_frustrated,6,3388
consent_grp[1]/section_h[1]/h_burnout_grp[1]/h_work_hard,6,3393
consent_grp[1]/section_h[1]/h_burnout_grp[1]/h_dont_care,32,3400
consent_grp[1]/section_h[1]/h_burnout_grp[1]/h_put_pressure,29,3430
consent_grp[1]/section_h[1]/h_burnout_grp[1]/h_relax,12,3461
consent_grp[1]/section_h[1]/h_burnout_grp[1]/h_excited,1,3472
consent_grp[1]/section_h[1]/h_burnout_grp[1]/h_accomplished,17,3474
consent_grp[1]/section_h[1]/h_burnout_grp[1]/h_end_of_rop,11,3487
consent_grp[1]/section_h[1]/h_burnout_grp[1]/h_emot_pro_calm,8,3502
consent_grp[1]/i_teacher_knowledge_grp[1]/I_teach_know_note,32,3509
consent_grp[1]/i_teacher_knowledge_grp[1]/i_consonance,24,3514
consent_grp[1]/i_teacher_knowledge_grp[1]/i_vowel,8,3566
consent_grp[1]/i_teacher_knowledge_grp[1]/i_unbelievable,15,3573
consent_grp[1]/i_teacher_knowledge_grp[1]/i_irregular,18,3589
consent_grp[1]/i_teacher_knowledge_grp[1]/i_cat,14,3607
consent_grp[1]/i_teacher_knowledge_grp[1]/i_cough,12,3621
consent_grp[1]/i_teacher_knowledge_grp[1]/i_check,19,3633
consent_grp[1]/i_teacher_knowledge_grp[1]/i_english,28,3652
consent_grp[1]/j_perception_grp[1]/j_perception_note,51,3680
consent_grp[1]/j_perception_grp[1]/j_dev_practice_grp[1]/j_dev_practice_note,15,3730
consent_grp[1]/j_perception_grp[1]/j_dev_practice_grp[1]/j_child_need,29,3740
consent_grp[1]/j_perception_grp[1]/j_dev_practice_grp[1]/j_recog_letter,15,3774
consent_grp[1]/j_perception_grp[1]/j_dev_practice_grp[1]/j_recog_number,15,3789
consent_grp[1]/j_perception_grp[1]/j_dev_practice_grp[1]/j_recog_colour,14,3805
consent_grp[1]/j_perception_grp[1]/j_dev_practice_grp[1]/j_indiv_goal,21,3819
consent_grp[1]/j_perception_grp[1]/j_dev_practice_grp[1]/j_play_materials,33,3835
consent_grp[1]/j_perception_grp[1]/j_dev_practice_grp[1]/j_child_measure,19,3872
consent_grp[1]/j_perception_grp[1]/j_supp_chil_grp[1]/j_supp_chil_note,8,3892
consent_grp[1]/j_perception_grp[1]/j_supp_chil_grp[1]/j_build_relation,27,3896
consent_grp[1]/j_perception_grp[1]/j_supp_chil_grp[1]/j_control_behaviour,39,3927
consent_grp[1]/j_perception_grp[1]/j_supp_chil_grp[1]/j_express_thought,14,3966
consent_grp[1]/j_perception_grp[1]/j_supp_chil_grp[1]/j_resolve_conflicts,16,3980
consent_grp[1]/j_perception_grp[1]/j_supp_chil_grp[1]/j_guidance_style,47,3994
consent_grp[1]/j_perception_grp[1]/j_fam_sensitive_grp[1]/j_fam_sensitive_note,107,4040
consent_grp[1]/j_perception_grp[1]/j_fam_sensitive_grp[1]/j_parent_goal,107,4040
consent_grp[1]/j_perception_grp[1]/j_fam_sensitive_grp[1]/j_work_schedule,107,4040
consent_grp[1]/j_perception_grp[1]/j_fam_sensitive_grp[1]/j_fam_decision,107,4040
consent_grp[1]/j_perception_grp[1]/j_fam_sensitive_grp[1]/j_family_care,107,4040
consent_grp[1]/j_perception_grp[1]/j_fam_sensitive_grp[1]/j_connect_family,107,4040
consent_grp[1]/k_grp[1]/k_instro_note,93,4149
consent_grp[1]/k_grp[1]/k_ts_grp[1]/tmp_k_labels,180,4171
consent_grp[1]/k_grp[1]/k_ts_grp[1]/k_take_priviledges,180,4171
consent_grp[1]/k_grp[1]/k_ts_grp[1]/k_explain_behavior,180,4171
consent_grp[1]/k_grp[1]/k_ts_grp[1]/k_shook,180,4171
consent_grp[1]/k_grp[1]/k_ts_grp[1]/k_shouted,180,4171
consent_grp[1]/k_grp[1]/k_ts_grp[1]/k_gave_something,180,4171
consent_grp[1]/k_grp[1]/k_ts_grp[1]/k_spanked,180,4171
consent_grp[1]/k_grp[1]/k_ts_grp[1]/k_hit_bottom,180,4171
consent_grp[1]/k_grp[1]/k_ts_grp[1]/k_call_dumb,180,4171
consent_grp[1]/k_grp[1]/k_ts_grp[1]/k_hit_face,180,4171
consent_grp[1]/k_grp[1]/k_ts_grp[1]/k_praised,180,4171
consent_grp[1]/k_grp[1]/k_ts_grp[1]/k_affection,180,4171
consent_grp[1]/k_grp[1]/k_ts_grp[1]/k_rewarded,180,4171
consent_grp[1]/l_teaching_prac_grp[1]/l_note,15,4422
consent_grp[1]/l_teaching_prac_grp[1]/l_previos_kinder_act[1]/tmp_l_prac_lab,134,4430
consent_grp[1]/l_teaching_prac_grp[1]/l_previos_kinder_act[1]/l_hygiene_routine,134,4430
consent_grp[1]/l_teaching_prac_grp[1]/l_previos_kinder_act[1]/l_supply,134,4430
consent_grp[1]/l_teaching_prac_grp[1]/l_previos_kinder_act[1]/l_pamper,134,4430
consent_grp[1]/l_teaching_prac_grp[1]/l_previos_kinder_act[1]/l_read,134,4430
consent_grp[1]/l_teaching_prac_grp[1]/l_previos_kinder_act[1]/l_tell,134,4430
consent_grp[1]/l_teaching_prac_grp[1]/l_previos_kinder_act[1]/l_conversatin,134,4430
consent_grp[1]/l_teaching_prac_grp[1]/l_previos_kinder_act[1]/l_sing,134,4430
consent_grp[1]/l_teaching_prac_grp[1]/l_previos_kinder_act[1]/l_dance,134,4430
consent_grp[1]/l_teaching_prac_grp[1]/l_previos_kinder_act[1]/l_visit,134,4430
consent_grp[1]/l_teaching_prac_grp[1]/l_previos_kinder_act[1]/l_play_kg,134,4430
consent_grp[1]/l_teaching_prac_grp[1]/l_previos_kinder_act[1]/l_play_recrea,134,4430
consent_grp[1]/l_teaching_prac_grp[1]/l_previos_kinder_act[1]/l_sleep,134,4430
consent_grp[1]/l_teaching_prac_grp[1]/l_previos_kinder_act[1]/l_run,134,4430
consent_grp[1]/l_teaching_prac_grp[1]/l_previos_kinder_act[1]/l_group_learn,134,4430
consent_grp[1]/l_teaching_prac_grp[1]/l_previos_kinder_act[1]/l_indiv_learn,134,4430
consent_grp[1]/l_teaching_prac_grp[1]/l_class_acti_grp[1]/l_act_grp[1]/tmp_l_class_lab,102,4571
consent_grp[1]/l_teaching_prac_grp[1]/l_class_acti_grp[1]/l_act_grp[1]/l_teach_colour,102,4571
consent_grp[1]/l_teaching_prac_grp[1]/l_class_acti_grp[1]/l_act_grp[1]/l_teach_number,102,4571
consent_grp[1]/l_teaching_prac_grp[1]/l_class_acti_grp[1]/l_act_grp[1]/l_teach_letter,102,4571
consent_grp[1]/l_teaching_prac_grp[1]/l_class_acti_grp[1]/l_act_grp[1]/l_teach_form,102,4571
consent_grp[1]/l_teaching_prac_grp[1]/l_class_acti_grp[1]/l_act_grp[1]/l_socialise,102,4571
consent_grp[1]/l_teaching_prac_grp[1]/l_class_acti_grp[1]/l_act_grp[1]/l_pro_solve,102,4571
consent_grp[1]/l_teaching_prac_grp[1]/l_class_acti_grp[1]/l_act_grp[1]/l_writing,102,4571
consent_grp[1]/l_teaching_prac_grp[1]/l_class_acti_grp[1]/l_act_grp[1]/l_teach_body,102,4571
consent_grp[1]/l_teaching_prac_grp[1]/l_class_acti_grp[1]/l_act_grp[1]/l_pers_hygiene,102,4571
consent_grp[1]/l_teaching_prac_grp[1]/l_class_acti_grp[1]/l_act_grp[1]/l_art_expre,102,4571
consent_grp[1]/l_teaching_prac_grp[1]/l_class_acti_grp[1]/l_act_grp[1]/l_body_lang,102,4571
consent_grp[1]/l_teaching_prac_grp[1]/l_class_acti_grp[1]/l_act_grp[1]/l_concentration,102,4571
consent_grp[1]/l_teaching_prac_grp[1]/l_class_acti_grp[1]/l_act_grp[1]/l_gross_motor,102,4571
consent_grp[1]/l_teaching_prac_grp[1]/l_class_acti_grp[1]/l_act_grp[1]/l_fine_motor,102,4571
consent_grp[1]/l_teaching_prac_grp[1]/l_class_acti_grp[1]/l_act_grp[1]/l_gender,102,4571
consent_grp[1]/l_teaching_prac_grp[1]/l_class_acti_grp[1]/l_act_grp[1]/l_responsibility,102,4571
consent_grp[1]/l_teaching_prac_grp[1]/l_class_acti_grp[1]/l_act_grp[1]/l_speech,102,4571
consent_grp[1]/l_teaching_prac_grp[1]/l_class_acti_grp[1]/l_act_grp[1]/l_explore_comm,102,4571
consent_grp[1]/l_teaching_prac_grp[1]/l_class_acti_grp[1]/l_act_grp[1]/l_explore_culture,102,4571
consent_grp[1]/l_teaching_prac_grp[1]/l_parent_interact_note,5,4673
consent_grp[1]/l_teaching_prac_grp[1]/l_actively_engaged,55,4678
consent_grp[1]/l_teaching_prac_grp[1]/l_proportion_child,17,4733
consent_grp[1]/l_teaching_prac_grp[1]/l_proportion_child_more,19,4750
consent_grp[1]/l_teaching_prac_grp[1]/l_visit_pupil_house,52,4769
consent_grp[1]/l_teaching_prac_grp[1]/l_visit_parent_house,12,4821
consent_grp[1]/l_teaching_prac_grp[1]/l_receive_parent_supp,52,4833
consent_grp[1]/l_teaching_prac_grp[1]/l_day_teaching_note,9,4834
consent_grp[1]/l_teaching_prac_grp[1]/l_day_grp[1]/tmp_l_labs,56,4894
consent_grp[1]/l_teaching_prac_grp[1]/l_day_grp[1]/l_daily_schedule,56,4894
consent_grp[1]/l_teaching_prac_grp[1]/l_day_grp[1]/l_play_period,56,4894
consent_grp[1]/l_teaching_prac_grp[1]/l_day_grp[1]/l_free_play,56,4894
consent_grp[1]/l_teaching_prac_grp[1]/l_day_grp[1]/l_activities,56,4894
consent_grp[1]/l_teaching_prac_grp[1]/l_per_daily_grp[1]/l_perc_note,212,4950
consent_grp[1]/l_teaching_prac_grp[1]/l_per_daily_grp[1]/l_admin_per,212,4950
consent_grp[1]/l_teaching_prac_grp[1]/l_per_daily_grp[1]/l_class_per,212,4950
consent_grp[1]/l_teaching_prac_grp[1]/l_per_daily_grp[1]/l_teach_per,212,4950
consent_grp[1]/l_teaching_prac_grp[1]/l_per_daily_grp[1]/l_super_per,212,4950
consent_grp[1]/l_teaching_prac_grp[1]/l_per_daily_grp[1]/l_super_oth_per,212,4950
consent_grp[1]/l_teaching_prac_grp[1]/l_per_daily_grp[1]/l_break_per,212,4950
consent_grp[1]/l_teaching_prac_grp[1]/l_discipline_note,4,5162
consent_grp[1]/l_teaching_prac_grp[1]/l_dont_like,72,5166
consent_grp[1]/l_teaching_prac_grp[1]/l_really_bad,29,5238
consent_grp[1]/l_teaching_prac_grp[1]/l_does_good,42,5267
consent_grp[1]/l_teaching_prac_grp[1]/l_praise,19,5309
consent_grp[1]/q_note,14,5328
consent_grp[1]/q_activ_yn,55,5342
consent_grp[1]/q_rpt[1]/q_activ_r,64,5370
consent_grp[1]/q_rpt[1]/q_activ_org_r,12,5461
consent_grp[1]/q_rpt[1]/q_activ_add_r,13,5473
s_int_accom_yn,2,5486
s_int_accom,5,5489
comments,14,5494
