Field name,Total duration (seconds),First appeared (seconds into survey)
instruction,1,2
a_district_id,3,3
a_circuit_id,6,5
a_kg_id,10,11
a_community_id,2,21
a_enum_id,5,23
consent_note,1,28
con_understand,230,30
con_questions,2,260
con_written,2,262
consent_grp[1]/audio_consent,2,264
consent_grp[1]/d_background_note,1,265
consent_grp[1]/section_d[1]/kgt_key,14,266
consent_grp[1]/section_d[1]/kgt_name_gp[1]/kgt_fsn,44,275
consent_grp[1]/section_d[1]/kgt_name_gp[1]/kgt_msn,44,275
consent_grp[1]/section_d[1]/kgt_name_gp[1]/kgt_lsn,44,275
consent_grp[1]/section_d[1]/kgt_name_gp[1]/kgt_ppn,44,275
consent_grp[1]/section_d[1]/kgt_name_gp[1]/d_sex,44,275
consent_grp[1]/section_d[1]/kgt_confirm_note,8,324
consent_grp[1]/section_d[1]/d_num_cnt,36,333
consent_grp[1]/section_d[1]/d_cnt_grp[1]/d_cnt_main,28,369
consent_grp[1]/section_d[1]/d_cnt_grp[1]/d_cnt_sec,28,369
consent_grp[1]/section_d[1]/d_age,9,397
consent_grp[1]/section_d[1]/d_teacher_grp[1]/d_been_teacher,33,405
consent_grp[1]/section_d[1]/d_teacher_grp[1]/d_teacher_year,33,405
consent_grp[1]/section_d[1]/d_teacher_grp[1]/d_teacher_month,33,405
consent_grp[1]/section_d[1]/d_been_kinder_grp[1]/d_been_kinder,7,438
consent_grp[1]/section_d[1]/d_been_kinder_grp[1]/d_kinder_year,7,438
consent_grp[1]/section_d[1]/d_been_kinder_grp[1]/d_kinder_month,7,438
consent_grp[1]/section_d[1]/d_work_last,8,445
consent_grp[1]/section_d[1]/d_os_yn,13,453
consent_grp[1]/section_d[1]/d_os_grp[1]/d_os_name,26,465
consent_grp[1]/section_d[1]/d_os_grp[1]/d_os_region,26,465
consent_grp[1]/section_d[1]/d_os_district,7,491
consent_grp[1]/section_d[1]/d_os_comm_sel,80,496
consent_grp[1]/section_d[1]/d_os_comm,11,578
consent_grp[1]/section_d[1]/d_edu_level,23,589
consent_grp[1]/section_d[1]/d_edu_train,18,611
consent_grp[1]/section_d[1]/d_edu_level_train,21,629
consent_grp[1]/section_d[1]/d_edu_level_fath,14,650
consent_grp[1]/section_d[1]/d_edu_level_mom,8,664
consent_grp[1]/section_d[1]/d_marital_status,9,673
consent_grp[1]/section_d[1]/d_ethnic_group,13,681
consent_grp[1]/section_d[1]/d_religion,5,694
consent_grp[1]/section_d[1]/d_la_spk_grp[1]/d_la_spk_note,42,699
consent_grp[1]/section_d[1]/d_la_spk_grp[1]/d_la_spk_eng,42,699
consent_grp[1]/section_d[1]/d_la_spk_grp[1]/d_la_spk_grun,42,699
consent_grp[1]/section_d[1]/d_la_wrt_grp[1]/d_la_wrt_note,33,741
consent_grp[1]/section_d[1]/d_la_wrt_grp[1]/d_la_wrt_eng,33,741
consent_grp[1]/section_d[1]/d_la_wrt_grp[1]/d_la_wrt_grun,33,741
consent_grp[1]/section_d[1]/d_main_language,18,774
consent_grp[1]/section_d[1]/d_loc_lang_kinderg,3,792
consent_grp[1]/e_rel_grp[1]/e_hh_note,2,795
consent_grp[1]/e_rel_grp[1]/e_hh_num,20,797
consent_grp[1]/e_rel_grp[1]/e_hh_grp[1]/e_hh_head,47,817
consent_grp[1]/e_rel_grp[1]/e_hh_grp[1]/e_chil_hh,47,817
consent_grp[1]/e_rel_grp[1]/e_hh_grp[1]/e_adult_hh,47,817
consent_grp[1]/e_rel_grp[1]/e_hh_school,21,859
consent_grp[1]/e_rel_grp[1]/e_read_english,10,886
consent_grp[1]/e_rel_grp[1]/e_rate_health,17,896
consent_grp[1]/e_rel_grp[1]/e_live_note,3,912
consent_grp[1]/e_rel_grp[1]/e_rooms_occu,21,916
consent_grp[1]/e_rel_grp[1]/e_own_status,32,937
consent_grp[1]/e_rel_grp[1]/e_electricity_inhouse,5,969
consent_grp[1]/e_rel_grp[1]/e_floor_material,8,974
consent_grp[1]/e_rel_grp[1]/e_interior_floor,26,982
consent_grp[1]/e_rel_grp[1]/e_roof_mat,20,1008
consent_grp[1]/e_rel_grp[1]/e_cook_fuel,67,1029
consent_grp[1]/e_rel_grp[1]/e_lighting,7,1096
consent_grp[1]/e_rel_grp[1]/e_drink_source,17,1103
consent_grp[1]/e_rel_grp[1]/e_toilet_facility,10,1120
consent_grp[1]/e_rel_grp[1]/e_asset_note,6,1131
consent_grp[1]/e_rel_grp[1]/e_hh_own_phone,28,1137
consent_grp[1]/e_rel_grp[1]/e_hh_ass_grp[1]/tmp_e_hh_ass_lab,91,1165
consent_grp[1]/e_rel_grp[1]/e_hh_ass_grp[1]/e_hh_ass_radio,91,1165
consent_grp[1]/e_rel_grp[1]/e_hh_ass_grp[1]/e_hh_ass_refrig,91,1165
consent_grp[1]/e_rel_grp[1]/e_hh_ass_grp[1]/e_hh_ass_bike,91,1165
consent_grp[1]/e_rel_grp[1]/e_hh_ass_grp[1]/e_hh_ass_tv,91,1165
consent_grp[1]/e_rel_grp[1]/e_hh_ass_grp[1]/e_hh_ass_vcr,91,1165
consent_grp[1]/e_rel_grp[1]/e_hh_ass_grp[1]/e_hh_ass_motor,91,1165
consent_grp[1]/e_rel_grp[1]/e_hh_ass_grp[1]/e_hh_ass_car,91,1165
consent_grp[1]/e_rel_grp[1]/e_hh_ass_grp[1]/e_hh_ass_tractor,91,1165
consent_grp[1]/e_rel_grp[1]/e_hh_ass_grp[1]/e_hh_ass_farm_equip,91,1165
consent_grp[1]/e_rel_grp[1]/e_hh_ass_grp[1]/e_hh_ass_sew_mach,91,1165
consent_grp[1]/e_rel_grp[1]/e_hh_ass_grp[1]/e_hh_ass_bed,91,1165
consent_grp[1]/e_rel_grp[1]/e_hh_ass_grp[1]/e_hh_ass_mattress,91,1165
consent_grp[1]/e_rel_grp[1]/e_hh_ass_grp[1]/e_hh_ass_table_chair,91,1165
consent_grp[1]/e_rel_grp[1]/e_hh_ass_grp[1]/e_hh_ass_stool,91,1165
consent_grp[1]/e_rel_grp[1]/e_hh_ass_grp[1]/e_hh_ass_sofa,91,1165
consent_grp[1]/e_rel_grp[1]/e_hh_ass_grp[1]/e_hh_ass_fan,91,1165
consent_grp[1]/e_rel_grp[1]/e_hh_ass_grp[1]/e_hh_ass_lamp,91,1165
consent_grp[1]/e_rel_grp[1]/e_hh_ass_grp[1]/e_hh_ass_watch,91,1165
consent_grp[1]/e_rel_grp[1]/e_hh_ass_grp[1]/e_hh_ass_mat,91,1165
consent_grp[1]/e_rel_grp[1]/e_hh_ass_grp[1]/e_hh_ass_torch,91,1165
consent_grp[1]/e_rel_grp[1]/e_hh_ass_grp[1]/e_hh_ass_cabinet,91,1165
consent_grp[1]/e_rel_grp[1]/e_hh_ass_grp[1]/e_hh_ass_pot,91,1165
consent_grp[1]/e_rel_grp[1]/e_hh_ass_grp[1]/e_hh_ass_itn,91,1165
consent_grp[1]/e_rel_grp[1]/e_hh_ass_grp[1]/e_hh_ass_iron_elec,91,1165
consent_grp[1]/e_rel_grp[1]/e_hh_ass_grp[1]/e_hh_ass_iron_coal,91,1165
consent_grp[1]/e_rel_grp[1]/e_hh_ass_grp[1]/e_hh_ass_iron_gas,91,1165
consent_grp[1]/f_rel_grp[1]/f_comm_note,3,1256
consent_grp[1]/f_rel_grp[1]/section_f[1]/f_born_comm,10,1259
consent_grp[1]/f_rel_grp[1]/section_f[1]/f_school_loc,8,1269
consent_grp[1]/f_rel_grp[1]/section_f[1]/f_lived_bef_teach,9,1278
consent_grp[1]/f_rel_grp[1]/section_f[1]/f_lived_grp[1]/f_lived_comm,39,1287
consent_grp[1]/f_rel_grp[1]/section_f[1]/f_lived_grp[1]/f_lived_comm_year,39,1287
consent_grp[1]/f_rel_grp[1]/section_f[1]/f_lived_grp[1]/f_lived_comm_month,39,1287
consent_grp[1]/f_rel_grp[1]/section_f[1]/f_fam_lived,34,1326
consent_grp[1]/f_rel_grp[1]/section_f[1]/f_emot_support,27,1360
consent_grp[1]/f_rel_grp[1]/section_f[1]/f_emot_support_num,9,1387
consent_grp[1]/f_rel_grp[1]/section_f[1]/f_lend_money,16,1397
consent_grp[1]/f_rel_grp[1]/section_f[1]/f_borrow_money,29,1413
consent_grp[1]/f_rel_grp[1]/section_f[1]/f_rel_live_nearby,20,1442
consent_grp[1]/f_rel_grp[1]/section_f[1]/f_part_comm,7,1462
consent_grp[1]/f_rel_grp[1]/section_f[1]/f_main_trans,9,1469
consent_grp[1]/f_rel_grp[1]/section_f[1]/f_min_get_sch_grp[1]/f_min_get_note,21,1478
consent_grp[1]/f_rel_grp[1]/section_f[1]/f_min_get_sch_grp[1]/f_h_get_school,21,1478
consent_grp[1]/f_rel_grp[1]/section_f[1]/f_min_get_sch_grp[1]/f_m_get_school,21,1478
consent_grp[1]/g_nature_wrk_note,9,1500
consent_grp[1]/section_g[1]/g_teach_pos,8,1503
consent_grp[1]/section_g[1]/g_teach_school,9,1516
consent_grp[1]/section_g[1]/g_kg_grade,12,1525
consent_grp[1]/section_g[1]/g_class_grp[1]/g_children_note,14,1537
consent_grp[1]/section_g[1]/g_class_grp[1]/g_kg_2,14,1537
consent_grp[1]/section_g[1]/g_ah_grp[1]/g_ah_note,85,1547
consent_grp[1]/section_g[1]/g_ah_grp[1]/g_ah_working,85,1547
consent_grp[1]/section_g[1]/g_ah_grp[1]/g_ah_prepping,85,1547
consent_grp[1]/section_g[1]/g_eh_grp[1]/g_eh_note,56,1636
consent_grp[1]/section_g[1]/g_eh_grp[1]/g_eh_working,56,1636
consent_grp[1]/section_g[1]/g_eh_grp[1]/g_eh_prepping,56,1636
consent_grp[1]/section_g[1]/g_teach_salary,24,1692
consent_grp[1]/section_g[1]/g_salary_freq,13,1707
consent_grp[1]/section_g[1]/g_salary_intime,11,1729
consent_grp[1]/section_g[1]/g_money_cmp,20,1740
consent_grp[1]/section_g[1]/g_extra_money_spec,9,1760
consent_grp[1]/section_g[1]/g_sch_pro_grp[1]/tmp_g_sch_pro_lab,138,1768
consent_grp[1]/section_g[1]/g_sch_pro_grp[1]/g_class,138,1768
consent_grp[1]/section_g[1]/g_sch_pro_grp[1]/g_class_taught,138,1768
consent_grp[1]/section_g[1]/g_sch_pro_grp[1]/g_fin_resource,138,1768
consent_grp[1]/section_g[1]/g_sch_pro_grp[1]/g_high_expe,138,1768
consent_grp[1]/section_g[1]/g_sch_pro_grp[1]/g_change_curri,138,1768
consent_grp[1]/section_g[1]/g_sch_pro_grp[1]/g_diff_curri,138,1768
consent_grp[1]/section_g[1]/g_sch_pro_grp[1]/g_easy_curri,138,1768
consent_grp[1]/section_g[1]/g_sch_pro_grp[1]/g_par_dem_high,138,1768
consent_grp[1]/section_g[1]/g_sch_pro_grp[1]/g_par_suff_interest,138,1768
consent_grp[1]/section_g[1]/g_sch_pro_grp[1]/g_par_suff_active,138,1768
consent_grp[1]/section_g[1]/g_par_supp_grp[1]/g_par_supp_note,29,1906
consent_grp[1]/section_g[1]/g_par_supp_grp[1]/g_home_wrk,26,1922
consent_grp[1]/section_g[1]/g_par_supp_grp[1]/g_behave_val,24,1961
consent_grp[1]/section_g[1]/g_par_supp_grp[1]/g_get_schl,19,1985
consent_grp[1]/section_g[1]/g_par_supp_grp[1]/g_visit_schl,11,2004
consent_grp[1]/section_g[1]/g_par_supp_grp[1]/g_show_respect,10,2013
consent_grp[1]/section_g[1]/g_par_supp_grp[1]/g_best_schl,10,2025
consent_grp[1]/section_g[1]/g_par_supp_grp[1]/g_parti_pta,16,2035
consent_grp[1]/section_g[1]/g_par_supp_grp[1]/g_cont_kg_act,11,2051
consent_grp[1]/section_g[1]/g_lead_respect,18,2062
consent_grp[1]/section_g[1]/g_val_citizen,49,2081
consent_grp[1]/section_h[1]/sec_h_depre_note,40,2129
consent_grp[1]/section_h[1]/h_depression_grp[1]/h_da_note,138,2169
consent_grp[1]/section_h[1]/h_depression_grp[1]/tmp_h_da_lab,138,2169
consent_grp[1]/section_h[1]/h_depression_grp[1]/h_headache,138,2169
consent_grp[1]/section_h[1]/h_depression_grp[1]/h_appetite,138,2169
consent_grp[1]/section_h[1]/h_depression_grp[1]/h_sleep,138,2169
consent_grp[1]/section_h[1]/h_depression_grp[1]/h_frightened,138,2169
consent_grp[1]/section_h[1]/h_depression_grp[1]/h_hands_shake,138,2169
consent_grp[1]/section_h[1]/h_depression_grp[1]/h_nervous,138,2169
consent_grp[1]/section_h[1]/h_depression_grp[1]/h_digestion,138,2169
consent_grp[1]/section_h[1]/h_depression_grp[1]/h_thinking,138,2169
consent_grp[1]/section_h[1]/h_depression_grp[1]/h_unhappy,138,2169
consent_grp[1]/section_h[1]/h_depression_grp[1]/h_cry,138,2169
consent_grp[1]/section_h[1]/h_depression_grp[1]/h_activities,138,2169
consent_grp[1]/section_h[1]/h_depression_grp[1]/h_decisions,138,2169
consent_grp[1]/section_h[1]/h_depression_grp[1]/h_daily_work,138,2169
consent_grp[1]/section_h[1]/h_depression_grp[1]/h_life,138,2169
consent_grp[1]/section_h[1]/h_depression_grp[1]/h_interest,138,2169
consent_grp[1]/section_h[1]/h_depression_grp[1]/h_worthless,138,2169
consent_grp[1]/section_h[1]/h_depression_grp[1]/h_end_life,138,2169
consent_grp[1]/section_h[1]/h_depression_grp[1]/h_tired,138,2169
consent_grp[1]/section_h[1]/h_depression_grp[1]/h_uncomfortable,138,2169
consent_grp[1]/section_h[1]/h_depression_grp[1]/h_easily_tired,138,2169
consent_grp[1]/section_h[1]/sec_h_ext_contr_note,9,2307
consent_grp[1]/section_h[1]/h_ext_control_grp[1]/h_ext_cont_note,3,2316
consent_grp[1]/section_h[1]/h_ext_control_grp[1]/h_pup_learn,49,2319
consent_grp[1]/section_h[1]/h_ext_control_grp[1]/h_discipline,13,2368
consent_grp[1]/section_h[1]/h_ext_control_grp[1]/h_stu_achieve,47,2380
consent_grp[1]/section_h[1]/h_ext_control_grp[1]/h_teach_motiv,28,2428
consent_grp[1]/section_h[1]/h_ext_control_grp[1]/h_good_teach,25,2456
consent_grp[1]/section_h[1]/sec_h_motiv_note,2,2481
consent_grp[1]/section_h[1]/h_motiv_grp[1]/h_motiv_note,2,2482
consent_grp[1]/section_h[1]/h_motiv_grp[1]/h_motiv_help,38,2484
consent_grp[1]/section_h[1]/h_motiv_grp[1]/h_quest_school,6,2522
consent_grp[1]/section_h[1]/h_motiv_grp[1]/h_help_child,6,2528
consent_grp[1]/section_h[1]/h_motiv_grp[1]/h_sch_goal,12,2534
consent_grp[1]/section_h[1]/h_motiv_grp[1]/h_help_emot,8,2546
consent_grp[1]/section_h[1]/h_motiv_grp[1]/h_enjoy_teach,5,2554
consent_grp[1]/section_h[1]/h_motiv_grp[1]/h_develop_society,6,2559
consent_grp[1]/section_h[1]/h_motiv_grp[1]/h_develop_socially,7,2565
consent_grp[1]/section_h[1]/h_motiv_grp[1]/h_perso_clear,6,2572
consent_grp[1]/section_h[1]/h_impor_thing,50,2577
consent_grp[1]/section_h[1]/h_job_satisfaction_grp[1]/h_job_satis_note,16,2627
consent_grp[1]/section_h[1]/h_job_satisfaction_grp[1]/h_look_out,47,2643
consent_grp[1]/section_h[1]/h_job_satisfaction_grp[1]/h_perso_worries,8,2690
consent_grp[1]/section_h[1]/h_job_satisfaction_grp[1]/h_know_col,18,2698
consent_grp[1]/section_h[1]/h_job_satisfaction_grp[1]/h_col_coop,15,2715
consent_grp[1]/section_h[1]/h_job_satisfaction_grp[1]/h_trust_col,17,2730
consent_grp[1]/section_h[1]/h_job_satisfaction_grp[1]/h_enjoy_col,11,2747
consent_grp[1]/section_h[1]/h_job_satisfaction_grp[1]/h_sup_respect,7,2758
consent_grp[1]/section_h[1]/h_job_satisfaction_grp[1]/h_sup_busy,8,2765
consent_grp[1]/section_h[1]/h_job_satisfaction_grp[1]/h_sup_opinion,7,2774
consent_grp[1]/section_h[1]/h_job_satisfaction_grp[1]/h_count_sup,9,2781
consent_grp[1]/section_h[1]/h_job_satisfaction_grp[1]/h_motivated,7,2790
consent_grp[1]/section_h[1]/h_job_satisfaction_grp[1]/h_sup_unpredict,18,2797
consent_grp[1]/section_h[1]/h_job_satisfaction_grp[1]/h_wrk_challenge,21,2816
consent_grp[1]/section_h[1]/h_job_satisfaction_grp[1]/h_wrk_monotonous,7,2837
consent_grp[1]/section_h[1]/h_job_satisfaction_grp[1]/h_wrk_creative,6,2844
consent_grp[1]/section_h[1]/h_job_satisfaction_grp[1]/h_big_impact,7,2850
consent_grp[1]/section_h[1]/h_job_satisfaction_grp[1]/h_little_time,9,2856
consent_grp[1]/section_h[1]/h_job_satisfaction_grp[1]/h_control_satis,8,2865
consent_grp[1]/section_h[1]/h_job_satisfaction_grp[1]/h_look,9,2873
consent_grp[1]/section_h[1]/h_job_satisfaction_grp[1]/h_small_space,16,2882
consent_grp[1]/section_h[1]/h_job_satisfaction_grp[1]/h_new_mat,6,2898
consent_grp[1]/section_h[1]/h_job_satisfaction_grp[1]/h_clean_kinder,17,2905
consent_grp[1]/section_h[1]/h_job_satisfaction_grp[1]/h_loud_kinder,16,2921
consent_grp[1]/section_h[1]/h_job_satisfaction_grp[1]/h_kinder_rules,36,2937
consent_grp[1]/section_h[1]/h_job_satisfaction_grp[1]/h_satisfied_paid,11,2974
consent_grp[1]/section_h[1]/h_burnout_grp[1]/h_burnout_note,19,2984
consent_grp[1]/section_h[1]/h_burnout_grp[1]/h_emotion_drained,40,3003
consent_grp[1]/section_h[1]/h_burnout_grp[1]/h_used_up,15,3043
consent_grp[1]/section_h[1]/h_burnout_grp[1]/h_fatigued,9,3058
consent_grp[1]/section_h[1]/h_burnout_grp[1]/h_child_feel,27,3067
consent_grp[1]/section_h[1]/h_burnout_grp[1]/h_child_impersonal,9,3094
consent_grp[1]/section_h[1]/h_burnout_grp[1]/h_ppl_strain,7,3102
consent_grp[1]/section_h[1]/h_burnout_grp[1]/h_deal_effect,31,3109
consent_grp[1]/section_h[1]/h_burnout_grp[1]/h_burnout,9,3140
consent_grp[1]/section_h[1]/h_burnout_grp[1]/h_pos_influence,17,3149
consent_grp[1]/section_h[1]/h_burnout_grp[1]/h_cold,11,3166
consent_grp[1]/section_h[1]/h_burnout_grp[1]/h_hard,8,3178
consent_grp[1]/section_h[1]/h_burnout_grp[1]/h_energetic,15,3186
consent_grp[1]/section_h[1]/h_burnout_grp[1]/h_frustrated,6,3201
consent_grp[1]/section_h[1]/h_burnout_grp[1]/h_work_hard,28,3207
consent_grp[1]/section_h[1]/h_burnout_grp[1]/h_dont_care,8,3235
consent_grp[1]/section_h[1]/h_burnout_grp[1]/h_put_pressure,34,3243
consent_grp[1]/section_h[1]/h_burnout_grp[1]/h_relax,15,3277
consent_grp[1]/section_h[1]/h_burnout_grp[1]/h_excited,12,3292
consent_grp[1]/section_h[1]/h_burnout_grp[1]/h_accomplished,19,3304
consent_grp[1]/section_h[1]/h_burnout_grp[1]/h_end_of_rop,27,3323
consent_grp[1]/section_h[1]/h_burnout_grp[1]/h_emot_pro_calm,16,3350
consent_grp[1]/i_teacher_knowledge_grp[1]/I_teach_know_note,48,3366
consent_grp[1]/i_teacher_knowledge_grp[1]/i_consonance,18,3414
consent_grp[1]/i_teacher_knowledge_grp[1]/i_vowel,69,3431
consent_grp[1]/i_teacher_knowledge_grp[1]/i_unbelievable,48,3500
consent_grp[1]/i_teacher_knowledge_grp[1]/i_irregular,16,3548
consent_grp[1]/i_teacher_knowledge_grp[1]/i_cat,23,3565
consent_grp[1]/i_teacher_knowledge_grp[1]/i_cough,25,3587
consent_grp[1]/i_teacher_knowledge_grp[1]/i_check,34,3612
consent_grp[1]/i_teacher_knowledge_grp[1]/i_english,56,3646
consent_grp[1]/j_perception_grp[1]/j_perception_note,40,3701
consent_grp[1]/j_perception_grp[1]/j_dev_practice_grp[1]/j_dev_practice_note,14,3741
consent_grp[1]/j_perception_grp[1]/j_dev_practice_grp[1]/j_child_need,29,3750
consent_grp[1]/j_perception_grp[1]/j_dev_practice_grp[1]/j_recog_letter,6,3784
consent_grp[1]/j_perception_grp[1]/j_dev_practice_grp[1]/j_recog_number,6,3791
consent_grp[1]/j_perception_grp[1]/j_dev_practice_grp[1]/j_recog_colour,5,3797
consent_grp[1]/j_perception_grp[1]/j_dev_practice_grp[1]/j_indiv_goal,11,3802
consent_grp[1]/j_perception_grp[1]/j_dev_practice_grp[1]/j_play_materials,7,3813
consent_grp[1]/j_perception_grp[1]/j_dev_practice_grp[1]/j_child_measure,8,3820
consent_grp[1]/j_perception_grp[1]/j_supp_chil_grp[1]/j_supp_chil_note,4,3828
consent_grp[1]/j_perception_grp[1]/j_supp_chil_grp[1]/j_build_relation,8,3832
consent_grp[1]/j_perception_grp[1]/j_supp_chil_grp[1]/j_control_behaviour,6,3840
consent_grp[1]/j_perception_grp[1]/j_supp_chil_grp[1]/j_express_thought,6,3847
consent_grp[1]/j_perception_grp[1]/j_supp_chil_grp[1]/j_resolve_conflicts,10,3853
consent_grp[1]/j_perception_grp[1]/j_supp_chil_grp[1]/j_guidance_style,10,3863
consent_grp[1]/j_perception_grp[1]/j_fam_sensitive_grp[1]/j_fam_sensitive_note,84,3873
consent_grp[1]/j_perception_grp[1]/j_fam_sensitive_grp[1]/j_parent_goal,84,3873
consent_grp[1]/j_perception_grp[1]/j_fam_sensitive_grp[1]/j_work_schedule,84,3873
consent_grp[1]/j_perception_grp[1]/j_fam_sensitive_grp[1]/j_fam_decision,84,3873
consent_grp[1]/j_perception_grp[1]/j_fam_sensitive_grp[1]/j_family_care,84,3873
consent_grp[1]/j_perception_grp[1]/j_fam_sensitive_grp[1]/j_connect_family,84,3873
consent_grp[1]/k_grp[1]/k_instro_note,26,3958
consent_grp[1]/k_grp[1]/k_ts_grp[1]/tmp_k_labels,92,3974
consent_grp[1]/k_grp[1]/k_ts_grp[1]/k_take_priviledges,92,3974
consent_grp[1]/k_grp[1]/k_ts_grp[1]/k_explain_behavior,92,3974
consent_grp[1]/k_grp[1]/k_ts_grp[1]/k_shook,92,3974
consent_grp[1]/k_grp[1]/k_ts_grp[1]/k_shouted,92,3974
consent_grp[1]/k_grp[1]/k_ts_grp[1]/k_gave_something,92,3974
consent_grp[1]/k_grp[1]/k_ts_grp[1]/k_spanked,92,3974
consent_grp[1]/k_grp[1]/k_ts_grp[1]/k_hit_bottom,92,3974
consent_grp[1]/k_grp[1]/k_ts_grp[1]/k_call_dumb,92,3974
consent_grp[1]/k_grp[1]/k_ts_grp[1]/k_hit_face,92,3974
consent_grp[1]/k_grp[1]/k_ts_grp[1]/k_praised,92,3974
consent_grp[1]/k_grp[1]/k_ts_grp[1]/k_affection,92,3974
consent_grp[1]/k_grp[1]/k_ts_grp[1]/k_rewarded,92,3974
consent_grp[1]/l_teaching_prac_grp[1]/l_note,4,4076
consent_grp[1]/l_teaching_prac_grp[1]/l_previos_kinder_act[1]/tmp_l_prac_lab,74,4079
consent_grp[1]/l_teaching_prac_grp[1]/l_previos_kinder_act[1]/l_hygiene_routine,74,4079
consent_grp[1]/l_teaching_prac_grp[1]/l_previos_kinder_act[1]/l_supply,74,4079
consent_grp[1]/l_teaching_prac_grp[1]/l_previos_kinder_act[1]/l_pamper,74,4079
consent_grp[1]/l_teaching_prac_grp[1]/l_previos_kinder_act[1]/l_read,74,4079
consent_grp[1]/l_teaching_prac_grp[1]/l_previos_kinder_act[1]/l_tell,74,4079
consent_grp[1]/l_teaching_prac_grp[1]/l_previos_kinder_act[1]/l_conversatin,74,4079
consent_grp[1]/l_teaching_prac_grp[1]/l_previos_kinder_act[1]/l_sing,74,4079
consent_grp[1]/l_teaching_prac_grp[1]/l_previos_kinder_act[1]/l_dance,74,4079
consent_grp[1]/l_teaching_prac_grp[1]/l_previos_kinder_act[1]/l_visit,74,4079
consent_grp[1]/l_teaching_prac_grp[1]/l_previos_kinder_act[1]/l_play_kg,74,4079
consent_grp[1]/l_teaching_prac_grp[1]/l_previos_kinder_act[1]/l_play_recrea,74,4079
consent_grp[1]/l_teaching_prac_grp[1]/l_previos_kinder_act[1]/l_sleep,74,4079
consent_grp[1]/l_teaching_prac_grp[1]/l_previos_kinder_act[1]/l_run,74,4079
consent_grp[1]/l_teaching_prac_grp[1]/l_previos_kinder_act[1]/l_group_learn,74,4079
consent_grp[1]/l_teaching_prac_grp[1]/l_previos_kinder_act[1]/l_indiv_learn,74,4079
consent_grp[1]/l_teaching_prac_grp[1]/l_class_acti_grp[1]/l_act_grp[1]/tmp_l_class_lab,101,4154
consent_grp[1]/l_teaching_prac_grp[1]/l_class_acti_grp[1]/l_act_grp[1]/l_teach_colour,101,4154
consent_grp[1]/l_teaching_prac_grp[1]/l_class_acti_grp[1]/l_act_grp[1]/l_teach_number,101,4154
consent_grp[1]/l_teaching_prac_grp[1]/l_class_acti_grp[1]/l_act_grp[1]/l_teach_letter,101,4154
consent_grp[1]/l_teaching_prac_grp[1]/l_class_acti_grp[1]/l_act_grp[1]/l_teach_form,101,4154
consent_grp[1]/l_teaching_prac_grp[1]/l_class_acti_grp[1]/l_act_grp[1]/l_socialise,101,4154
consent_grp[1]/l_teaching_prac_grp[1]/l_class_acti_grp[1]/l_act_grp[1]/l_pro_solve,101,4154
consent_grp[1]/l_teaching_prac_grp[1]/l_class_acti_grp[1]/l_act_grp[1]/l_writing,101,4154
consent_grp[1]/l_teaching_prac_grp[1]/l_class_acti_grp[1]/l_act_grp[1]/l_teach_body,101,4154
consent_grp[1]/l_teaching_prac_grp[1]/l_class_acti_grp[1]/l_act_grp[1]/l_pers_hygiene,101,4154
consent_grp[1]/l_teaching_prac_grp[1]/l_class_acti_grp[1]/l_act_grp[1]/l_art_expre,101,4154
consent_grp[1]/l_teaching_prac_grp[1]/l_class_acti_grp[1]/l_act_grp[1]/l_body_lang,101,4154
consent_grp[1]/l_teaching_prac_grp[1]/l_class_acti_grp[1]/l_act_grp[1]/l_concentration,101,4154
consent_grp[1]/l_teaching_prac_grp[1]/l_class_acti_grp[1]/l_act_grp[1]/l_gross_motor,101,4154
consent_grp[1]/l_teaching_prac_grp[1]/l_class_acti_grp[1]/l_act_grp[1]/l_fine_motor,101,4154
consent_grp[1]/l_teaching_prac_grp[1]/l_class_acti_grp[1]/l_act_grp[1]/l_gender,101,4154
consent_grp[1]/l_teaching_prac_grp[1]/l_class_acti_grp[1]/l_act_grp[1]/l_responsibility,101,4154
consent_grp[1]/l_teaching_prac_grp[1]/l_class_acti_grp[1]/l_act_grp[1]/l_speech,101,4154
consent_grp[1]/l_teaching_prac_grp[1]/l_class_acti_grp[1]/l_act_grp[1]/l_explore_comm,101,4154
consent_grp[1]/l_teaching_prac_grp[1]/l_class_acti_grp[1]/l_act_grp[1]/l_explore_culture,101,4154
consent_grp[1]/l_teaching_prac_grp[1]/l_parent_interact_note,5,4255
consent_grp[1]/l_teaching_prac_grp[1]/l_actively_engaged,35,4260
consent_grp[1]/l_teaching_prac_grp[1]/l_proportion_child,12,4295
consent_grp[1]/l_teaching_prac_grp[1]/l_proportion_child_more,10,4307
consent_grp[1]/l_teaching_prac_grp[1]/l_visit_pupil_house,59,4317
consent_grp[1]/l_teaching_prac_grp[1]/l_visit_parent_house,43,4375
consent_grp[1]/l_teaching_prac_grp[1]/l_receive_parent_supp,19,4418
consent_grp[1]/l_teaching_prac_grp[1]/l_day_teaching_note,4,4438
consent_grp[1]/l_teaching_prac_grp[1]/l_day_grp[1]/tmp_l_labs,50,4442
consent_grp[1]/l_teaching_prac_grp[1]/l_day_grp[1]/l_daily_schedule,50,4442
consent_grp[1]/l_teaching_prac_grp[1]/l_day_grp[1]/l_play_period,50,4442
consent_grp[1]/l_teaching_prac_grp[1]/l_day_grp[1]/l_free_play,50,4442
consent_grp[1]/l_teaching_prac_grp[1]/l_day_grp[1]/l_activities,50,4442
consent_grp[1]/l_teaching_prac_grp[1]/l_per_daily_grp[1]/l_perc_note,360,4490
consent_grp[1]/l_teaching_prac_grp[1]/l_per_daily_grp[1]/l_admin_per,360,4490
consent_grp[1]/l_teaching_prac_grp[1]/l_per_daily_grp[1]/l_class_per,360,4490
consent_grp[1]/l_teaching_prac_grp[1]/l_per_daily_grp[1]/l_teach_per,360,4490
consent_grp[1]/l_teaching_prac_grp[1]/l_per_daily_grp[1]/l_super_per,360,4490
consent_grp[1]/l_teaching_prac_grp[1]/l_per_daily_grp[1]/l_super_oth_per,360,4490
consent_grp[1]/l_teaching_prac_grp[1]/l_per_daily_grp[1]/l_break_per,360,4490
consent_grp[1]/l_teaching_prac_grp[1]/l_discipline_note,2,4852
consent_grp[1]/l_teaching_prac_grp[1]/l_dont_like,49,4854
consent_grp[1]/l_teaching_prac_grp[1]/l_really_bad,34,4903
consent_grp[1]/l_teaching_prac_grp[1]/l_does_good,21,4937
consent_grp[1]/l_teaching_prac_grp[1]/l_praise,15,4958
consent_grp[1]/q_note,11,4974
consent_grp[1]/q_activ_yn,21,4984
s_int_accom_yn,3,5005
s_int_accom,7,5008
comments,2,5015
