Field name,Total duration (seconds),First appeared (seconds into survey)
instruction,1,3
a_district_id,2,4
a_circuit_id,22,7
a_kg_id,5,29
a_community_id,5,34
a_enum_id,3,38
consent_note,1,42
con_understand,2,43
con_questions,2,44
con_written,4,46
s_int_accom_yn,7,48
consent_grp[1]/audio_consent,2,52
consent_grp[1]/d_background_note,1,53
consent_grp[1]/section_d[1]/kgt_key,14,55
consent_grp[1]/section_d[1]/kgt_name_gp[1]/kgt_fsn,77,69
consent_grp[1]/section_d[1]/kgt_name_gp[1]/kgt_msn,77,69
consent_grp[1]/section_d[1]/kgt_name_gp[1]/kgt_lsn,77,69
consent_grp[1]/section_d[1]/kgt_name_gp[1]/kgt_ppn,77,69
consent_grp[1]/section_d[1]/kgt_name_gp[1]/d_sex,77,69
consent_grp[1]/section_d[1]/kgt_confirm_note,5,146
consent_grp[1]/section_d[1]/d_num_cnt,4,151
consent_grp[1]/section_d[1]/d_cnt_grp[1]/d_cnt_main,13,155
consent_grp[1]/section_d[1]/d_age,7,167
consent_grp[1]/section_d[1]/d_teacher_grp[1]/d_been_teacher,36,174
consent_grp[1]/section_d[1]/d_teacher_grp[1]/d_teacher_year,36,174
consent_grp[1]/section_d[1]/d_teacher_grp[1]/d_teacher_month,36,174
consent_grp[1]/section_d[1]/d_been_kinder_grp[1]/d_been_kinder,17,210
consent_grp[1]/section_d[1]/d_been_kinder_grp[1]/d_kinder_year,17,210
consent_grp[1]/section_d[1]/d_been_kinder_grp[1]/d_kinder_month,17,210
consent_grp[1]/section_d[1]/d_work_last,8,227
consent_grp[1]/section_d[1]/d_os_yn,11,235
consent_grp[1]/section_d[1]/d_edu_level,19,246
consent_grp[1]/section_d[1]/d_edu_train,18,266
consent_grp[1]/section_d[1]/d_edu_level_train,24,283
consent_grp[1]/section_d[1]/d_edu_level_fath,12,307
consent_grp[1]/section_d[1]/d_edu_level_mom,3,319
consent_grp[1]/section_d[1]/d_marital_status,7,322
consent_grp[1]/section_d[1]/d_ethnic_group,9,329
consent_grp[1]/section_d[1]/d_religion,4,337
consent_grp[1]/section_d[1]/d_la_spk_grp[1]/d_la_spk_note,97,342
consent_grp[1]/section_d[1]/d_la_spk_grp[1]/d_la_spk_eng,97,342
consent_grp[1]/section_d[1]/d_la_spk_grp[1]/d_la_spk_grun,97,342
consent_grp[1]/section_d[1]/d_la_wrt_grp[1]/d_la_wrt_note,43,438
consent_grp[1]/section_d[1]/d_la_wrt_grp[1]/d_la_wrt_eng,43,438
consent_grp[1]/section_d[1]/d_la_wrt_grp[1]/d_la_wrt_grun,43,438
consent_grp[1]/section_d[1]/d_main_language,21,481
consent_grp[1]/section_d[1]/d_loc_lang_kinderg,5,503
consent_grp[1]/e_rel_grp[1]/e_hh_note,1,507
consent_grp[1]/e_rel_grp[1]/e_hh_num,88,509
consent_grp[1]/e_rel_grp[1]/e_hh_grp[1]/e_hh_head,51,594
consent_grp[1]/e_rel_grp[1]/e_hh_grp[1]/e_chil_hh,51,594
consent_grp[1]/e_rel_grp[1]/e_hh_grp[1]/e_adult_hh,51,594
consent_grp[1]/e_rel_grp[1]/e_hh_school,81,625
consent_grp[1]/e_rel_grp[1]/e_read_english,16,650
consent_grp[1]/e_rel_grp[1]/e_rate_health,24,680
consent_grp[1]/e_rel_grp[1]/e_live_note,1,770
consent_grp[1]/e_rel_grp[1]/e_rooms_occu,35,771
consent_grp[1]/e_rel_grp[1]/e_own_status,13,790
consent_grp[1]/e_rel_grp[1]/e_electricity_inhouse,10,811
consent_grp[1]/e_rel_grp[1]/e_own_status_oth,12,823
consent_grp[1]/e_rel_grp[1]/e_floor_material,9,841
consent_grp[1]/e_rel_grp[1]/e_interior_floor,20,850
consent_grp[1]/e_rel_grp[1]/e_roof_mat,12,870
consent_grp[1]/e_rel_grp[1]/e_cook_fuel,18,882
consent_grp[1]/e_rel_grp[1]/e_lighting,10,900
consent_grp[1]/e_rel_grp[1]/e_drink_source,7,910
consent_grp[1]/e_rel_grp[1]/e_toilet_facility,14,917
consent_grp[1]/e_rel_grp[1]/e_asset_note,1,931
consent_grp[1]/e_rel_grp[1]/e_hh_own_phone,4,932
consent_grp[1]/e_rel_grp[1]/e_hh_ass_grp[1]/tmp_e_hh_ass_lab,105,936
consent_grp[1]/e_rel_grp[1]/e_hh_ass_grp[1]/e_hh_ass_radio,105,936
consent_grp[1]/e_rel_grp[1]/e_hh_ass_grp[1]/e_hh_ass_refrig,105,936
consent_grp[1]/e_rel_grp[1]/e_hh_ass_grp[1]/e_hh_ass_bike,105,936
consent_grp[1]/e_rel_grp[1]/e_hh_ass_grp[1]/e_hh_ass_tv,105,936
consent_grp[1]/e_rel_grp[1]/e_hh_ass_grp[1]/e_hh_ass_vcr,105,936
consent_grp[1]/e_rel_grp[1]/e_hh_ass_grp[1]/e_hh_ass_motor,105,936
consent_grp[1]/e_rel_grp[1]/e_hh_ass_grp[1]/e_hh_ass_car,105,936
consent_grp[1]/e_rel_grp[1]/e_hh_ass_grp[1]/e_hh_ass_tractor,105,936
consent_grp[1]/e_rel_grp[1]/e_hh_ass_grp[1]/e_hh_ass_farm_equip,105,936
consent_grp[1]/e_rel_grp[1]/e_hh_ass_grp[1]/e_hh_ass_sew_mach,105,936
consent_grp[1]/e_rel_grp[1]/e_hh_ass_grp[1]/e_hh_ass_bed,105,936
consent_grp[1]/e_rel_grp[1]/e_hh_ass_grp[1]/e_hh_ass_mattress,105,936
consent_grp[1]/e_rel_grp[1]/e_hh_ass_grp[1]/e_hh_ass_table_chair,105,936
consent_grp[1]/e_rel_grp[1]/e_hh_ass_grp[1]/e_hh_ass_stool,105,936
consent_grp[1]/e_rel_grp[1]/e_hh_ass_grp[1]/e_hh_ass_sofa,105,936
consent_grp[1]/e_rel_grp[1]/e_hh_ass_grp[1]/e_hh_ass_fan,105,936
consent_grp[1]/e_rel_grp[1]/e_hh_ass_grp[1]/e_hh_ass_lamp,105,936
consent_grp[1]/e_rel_grp[1]/e_hh_ass_grp[1]/e_hh_ass_watch,105,936
consent_grp[1]/e_rel_grp[1]/e_hh_ass_grp[1]/e_hh_ass_mat,105,936
consent_grp[1]/e_rel_grp[1]/e_hh_ass_grp[1]/e_hh_ass_torch,105,936
consent_grp[1]/e_rel_grp[1]/e_hh_ass_grp[1]/e_hh_ass_cabinet,105,936
consent_grp[1]/e_rel_grp[1]/e_hh_ass_grp[1]/e_hh_ass_pot,105,936
consent_grp[1]/e_rel_grp[1]/e_hh_ass_grp[1]/e_hh_ass_itn,105,936
consent_grp[1]/e_rel_grp[1]/e_hh_ass_grp[1]/e_hh_ass_iron_elec,105,936
consent_grp[1]/e_rel_grp[1]/e_hh_ass_grp[1]/e_hh_ass_iron_coal,105,936
consent_grp[1]/e_rel_grp[1]/e_hh_ass_grp[1]/e_hh_ass_iron_gas,105,936
consent_grp[1]/f_rel_grp[1]/f_comm_note,1,1041
consent_grp[1]/f_rel_grp[1]/section_f[1]/f_born_comm,8,1042
consent_grp[1]/f_rel_grp[1]/section_f[1]/f_school_loc,12,1050
consent_grp[1]/f_rel_grp[1]/section_f[1]/f_lived_bef_teach,5,1061
consent_grp[1]/f_rel_grp[1]/section_f[1]/f_lived_grp[1]/f_lived_comm,12,1067
consent_grp[1]/f_rel_grp[1]/section_f[1]/f_lived_grp[1]/f_lived_comm_year,12,1067
consent_grp[1]/f_rel_grp[1]/section_f[1]/f_lived_grp[1]/f_lived_comm_month,12,1067
consent_grp[1]/f_rel_grp[1]/section_f[1]/f_fam_lived,9,1079
consent_grp[1]/f_rel_grp[1]/section_f[1]/f_emot_support,29,1088
consent_grp[1]/f_rel_grp[1]/section_f[1]/f_emot_support_num,7,1117
consent_grp[1]/f_rel_grp[1]/section_f[1]/f_lend_money,23,1124
consent_grp[1]/f_rel_grp[1]/section_f[1]/f_borrow_money,5,1147
consent_grp[1]/f_rel_grp[1]/section_f[1]/f_rel_live_nearby,7,1152
consent_grp[1]/f_rel_grp[1]/section_f[1]/f_part_comm,19,1159
consent_grp[1]/f_rel_grp[1]/section_f[1]/f_main_trans,9,1178
consent_grp[1]/f_rel_grp[1]/section_f[1]/f_min_get_sch_grp[1]/f_min_get_note,93,1187
consent_grp[1]/f_rel_grp[1]/section_f[1]/f_min_get_sch_grp[1]/f_h_get_school,93,1187
consent_grp[1]/f_rel_grp[1]/section_f[1]/f_min_get_sch_grp[1]/f_m_get_school,93,1187
consent_grp[1]/g_nature_wrk_note,6,1281
consent_grp[1]/section_g[1]/g_teach_pos,7,1287
consent_grp[1]/section_g[1]/g_teach_school,6,1293
consent_grp[1]/section_g[1]/g_kg_grade,11,1300
consent_grp[1]/section_g[1]/g_class_grp[1]/g_children_note,19,1311
consent_grp[1]/section_g[1]/g_class_grp[1]/g_kg_2,19,1311
consent_grp[1]/section_g[1]/g_ah_grp[1]/g_ah_note,134,1330
consent_grp[1]/section_g[1]/g_ah_grp[1]/g_ah_working,134,1330
consent_grp[1]/section_g[1]/g_ah_grp[1]/g_ah_prepping,134,1330
consent_grp[1]/section_g[1]/g_eh_grp[1]/g_eh_note,31,1464
consent_grp[1]/section_g[1]/g_eh_grp[1]/g_eh_working,31,1464
consent_grp[1]/section_g[1]/g_eh_grp[1]/g_eh_prepping,31,1464
consent_grp[1]/section_g[1]/g_teach_salary,69,1495
consent_grp[1]/section_g[1]/g_salary_freq,14,1561
consent_grp[1]/section_g[1]/g_salary_intime,81,1578
consent_grp[1]/section_g[1]/g_money_cmp,13,1659
consent_grp[1]/section_g[1]/g_job_outside,17,1672
consent_grp[1]/section_g[1]/g_extra_money_spec,12,1687
consent_grp[1]/section_g[1]/g_sch_pro_grp[1]/tmp_g_sch_pro_lab,295,1700
consent_grp[1]/section_g[1]/g_sch_pro_grp[1]/g_class,295,1700
consent_grp[1]/section_g[1]/g_sch_pro_grp[1]/g_class_taught,295,1700
consent_grp[1]/section_g[1]/g_sch_pro_grp[1]/g_fin_resource,295,1700
consent_grp[1]/section_g[1]/g_sch_pro_grp[1]/g_high_expe,295,1700
consent_grp[1]/section_g[1]/g_sch_pro_grp[1]/g_change_curri,295,1700
consent_grp[1]/section_g[1]/g_sch_pro_grp[1]/g_diff_curri,295,1700
consent_grp[1]/section_g[1]/g_sch_pro_grp[1]/g_easy_curri,295,1700
consent_grp[1]/section_g[1]/g_sch_pro_grp[1]/g_par_dem_high,295,1700
consent_grp[1]/section_g[1]/g_sch_pro_grp[1]/g_par_suff_interest,295,1700
consent_grp[1]/section_g[1]/g_sch_pro_grp[1]/g_par_suff_active,295,1700
consent_grp[1]/section_g[1]/g_par_supp_grp[1]/g_par_supp_note,11,1995
consent_grp[1]/section_g[1]/g_par_supp_grp[1]/g_home_wrk,19,2006
consent_grp[1]/section_g[1]/g_par_supp_grp[1]/g_behave_val,21,2025
consent_grp[1]/section_g[1]/g_par_supp_grp[1]/g_get_schl,9,2047
consent_grp[1]/section_g[1]/g_par_supp_grp[1]/g_visit_schl,10,2056
consent_grp[1]/section_g[1]/g_par_supp_grp[1]/g_show_respect,26,2065
consent_grp[1]/section_g[1]/g_par_supp_grp[1]/g_best_schl,16,2092
consent_grp[1]/section_g[1]/g_par_supp_grp[1]/g_parti_pta,11,2108
consent_grp[1]/section_g[1]/g_par_supp_grp[1]/g_cont_kg_act,47,2118
consent_grp[1]/section_g[1]/g_lead_respect,17,2165
consent_grp[1]/section_g[1]/g_val_citizen,12,2182
consent_grp[1]/section_h[1]/sec_h_depre_note,43,2194
consent_grp[1]/section_h[1]/h_depression_grp[1]/h_da_note,181,2237
consent_grp[1]/section_h[1]/h_depression_grp[1]/tmp_h_da_lab,181,2237
consent_grp[1]/section_h[1]/h_depression_grp[1]/h_headache,181,2237
consent_grp[1]/section_h[1]/h_depression_grp[1]/h_appetite,181,2237
consent_grp[1]/section_h[1]/h_depression_grp[1]/h_sleep,181,2237
consent_grp[1]/section_h[1]/h_depression_grp[1]/h_frightened,181,2237
consent_grp[1]/section_h[1]/h_depression_grp[1]/h_hands_shake,181,2237
consent_grp[1]/section_h[1]/h_depression_grp[1]/h_nervous,181,2237
consent_grp[1]/section_h[1]/h_depression_grp[1]/h_digestion,181,2237
consent_grp[1]/section_h[1]/h_depression_grp[1]/h_thinking,181,2237
consent_grp[1]/section_h[1]/h_depression_grp[1]/h_unhappy,181,2237
consent_grp[1]/section_h[1]/h_depression_grp[1]/h_cry,181,2237
consent_grp[1]/section_h[1]/h_depression_grp[1]/h_activities,181,2237
consent_grp[1]/section_h[1]/h_depression_grp[1]/h_decisions,181,2237
consent_grp[1]/section_h[1]/h_depression_grp[1]/h_daily_work,181,2237
consent_grp[1]/section_h[1]/h_depression_grp[1]/h_life,181,2237
consent_grp[1]/section_h[1]/h_depression_grp[1]/h_interest,181,2237
consent_grp[1]/section_h[1]/h_depression_grp[1]/h_worthless,181,2237
consent_grp[1]/section_h[1]/h_depression_grp[1]/h_end_life,181,2237
consent_grp[1]/section_h[1]/h_depression_grp[1]/h_tired,181,2237
consent_grp[1]/section_h[1]/h_depression_grp[1]/h_uncomfortable,181,2237
consent_grp[1]/section_h[1]/h_depression_grp[1]/h_easily_tired,181,2237
consent_grp[1]/section_h[1]/sec_h_ext_contr_note,3,2418
consent_grp[1]/section_h[1]/h_ext_control_grp[1]/h_ext_cont_note,33,2419
consent_grp[1]/section_h[1]/h_ext_control_grp[1]/h_pup_learn,162,2423
consent_grp[1]/section_h[1]/h_ext_control_grp[1]/h_discipline,21,2614
consent_grp[1]/section_h[1]/h_ext_control_grp[1]/h_stu_achieve,8,2635
consent_grp[1]/section_h[1]/h_ext_control_grp[1]/h_teach_motiv,13,2643
consent_grp[1]/section_h[1]/h_ext_control_grp[1]/h_good_teach,24,2657
consent_grp[1]/section_h[1]/sec_h_motiv_note,1,2680
consent_grp[1]/section_h[1]/h_motiv_grp[1]/h_motiv_note,4,2681
consent_grp[1]/section_h[1]/h_motiv_grp[1]/h_motiv_help,40,2683
consent_grp[1]/section_h[1]/h_motiv_grp[1]/h_quest_school,37,2726
consent_grp[1]/section_h[1]/h_motiv_grp[1]/h_help_child,5,2763
consent_grp[1]/section_h[1]/h_motiv_grp[1]/h_sch_goal,29,2768
consent_grp[1]/section_h[1]/h_motiv_grp[1]/h_help_emot,18,2797
consent_grp[1]/section_h[1]/h_motiv_grp[1]/h_enjoy_teach,6,2812
consent_grp[1]/section_h[1]/h_motiv_grp[1]/h_develop_society,7,2821
consent_grp[1]/section_h[1]/h_motiv_grp[1]/h_develop_socially,4,2828
consent_grp[1]/section_h[1]/h_motiv_grp[1]/h_perso_clear,7,2832
consent_grp[1]/section_h[1]/h_impor_thing,44,2840
consent_grp[1]/section_h[1]/h_job_satisfaction_grp[1]/h_job_satis_note,24,2883
consent_grp[1]/section_h[1]/h_job_satisfaction_grp[1]/h_look_out,56,2885
consent_grp[1]/section_h[1]/h_job_satisfaction_grp[1]/h_perso_worries,11,2963
consent_grp[1]/section_h[1]/h_job_satisfaction_grp[1]/h_know_col,24,2974
consent_grp[1]/section_h[1]/h_job_satisfaction_grp[1]/h_col_coop,7,2998
consent_grp[1]/section_h[1]/h_job_satisfaction_grp[1]/h_trust_col,7,3004
consent_grp[1]/section_h[1]/h_job_satisfaction_grp[1]/h_enjoy_col,8,3011
consent_grp[1]/section_h[1]/h_job_satisfaction_grp[1]/h_sup_respect,7,3019
consent_grp[1]/section_h[1]/h_job_satisfaction_grp[1]/h_sup_busy,11,3026
consent_grp[1]/section_h[1]/h_job_satisfaction_grp[1]/h_sup_opinion,27,3037
consent_grp[1]/section_h[1]/h_job_satisfaction_grp[1]/h_count_sup,7,3064
consent_grp[1]/section_h[1]/h_job_satisfaction_grp[1]/h_motivated,9,3071
consent_grp[1]/section_h[1]/h_job_satisfaction_grp[1]/h_sup_unpredict,9,3079
consent_grp[1]/section_h[1]/h_job_satisfaction_grp[1]/h_wrk_challenge,10,3088
consent_grp[1]/section_h[1]/h_job_satisfaction_grp[1]/h_wrk_monotonous,7,3098
consent_grp[1]/section_h[1]/h_job_satisfaction_grp[1]/h_wrk_creative,5,3106
consent_grp[1]/section_h[1]/h_job_satisfaction_grp[1]/h_big_impact,5,3111
consent_grp[1]/section_h[1]/h_job_satisfaction_grp[1]/h_little_time,11,3116
consent_grp[1]/section_h[1]/h_job_satisfaction_grp[1]/h_control_satis,13,3127
consent_grp[1]/section_h[1]/h_job_satisfaction_grp[1]/h_look,6,3140
consent_grp[1]/section_h[1]/h_job_satisfaction_grp[1]/h_small_space,13,3146
consent_grp[1]/section_h[1]/h_job_satisfaction_grp[1]/h_new_mat,6,3159
consent_grp[1]/section_h[1]/h_job_satisfaction_grp[1]/h_clean_kinder,8,3165
consent_grp[1]/section_h[1]/h_job_satisfaction_grp[1]/h_loud_kinder,11,3173
consent_grp[1]/section_h[1]/h_job_satisfaction_grp[1]/h_kinder_rules,8,3184
consent_grp[1]/section_h[1]/h_job_satisfaction_grp[1]/h_satisfied_paid,6,3191
consent_grp[1]/section_h[1]/h_burnout_grp[1]/h_burnout_note,2,3198
consent_grp[1]/section_h[1]/h_burnout_grp[1]/h_emotion_drained,40,3200
consent_grp[1]/section_h[1]/h_burnout_grp[1]/h_used_up,16,3240
consent_grp[1]/section_h[1]/h_burnout_grp[1]/h_fatigued,4,3256
consent_grp[1]/section_h[1]/h_burnout_grp[1]/h_child_feel,10,3260
consent_grp[1]/section_h[1]/h_burnout_grp[1]/h_child_impersonal,10,3270
consent_grp[1]/section_h[1]/h_burnout_grp[1]/h_ppl_strain,26,3281
consent_grp[1]/section_h[1]/h_burnout_grp[1]/h_deal_effect,3,3307
consent_grp[1]/section_h[1]/h_burnout_grp[1]/h_burnout,12,3310
consent_grp[1]/section_h[1]/h_burnout_grp[1]/h_pos_influence,7,3322
consent_grp[1]/section_h[1]/h_burnout_grp[1]/h_cold,72,3329
consent_grp[1]/section_h[1]/h_burnout_grp[1]/h_hard,17,3401
consent_grp[1]/section_h[1]/h_burnout_grp[1]/h_energetic,10,3419
consent_grp[1]/section_h[1]/h_burnout_grp[1]/h_frustrated,5,3428
consent_grp[1]/section_h[1]/h_burnout_grp[1]/h_work_hard,17,3433
consent_grp[1]/section_h[1]/h_burnout_grp[1]/h_dont_care,9,3450
consent_grp[1]/section_h[1]/h_burnout_grp[1]/h_put_pressure,6,3458
consent_grp[1]/section_h[1]/h_burnout_grp[1]/h_relax,20,3464
consent_grp[1]/section_h[1]/h_burnout_grp[1]/h_excited,8,3485
consent_grp[1]/section_h[1]/h_burnout_grp[1]/h_accomplished,12,3493
consent_grp[1]/section_h[1]/h_burnout_grp[1]/h_end_of_rop,17,3505
consent_grp[1]/section_h[1]/h_burnout_grp[1]/h_emot_pro_calm,12,3522
consent_grp[1]/i_teacher_knowledge_grp[1]/I_teach_know_note,2,3534
consent_grp[1]/i_teacher_knowledge_grp[1]/i_consonance,106,3536
consent_grp[1]/i_teacher_knowledge_grp[1]/i_vowel,17,3642
consent_grp[1]/i_teacher_knowledge_grp[1]/i_unbelievable,42,3659
consent_grp[1]/i_teacher_knowledge_grp[1]/i_irregular,18,3701
consent_grp[1]/i_teacher_knowledge_grp[1]/i_cat,32,3720
consent_grp[1]/i_teacher_knowledge_grp[1]/i_cough,17,3752
consent_grp[1]/i_teacher_knowledge_grp[1]/i_check,14,3768
consent_grp[1]/i_teacher_knowledge_grp[1]/i_english,33,3782
consent_grp[1]/j_perception_grp[1]/j_perception_note,2,3815
consent_grp[1]/j_perception_grp[1]/j_dev_practice_grp[1]/j_dev_practice_note,16,3817
consent_grp[1]/j_perception_grp[1]/j_dev_practice_grp[1]/j_child_need,46,3818
consent_grp[1]/j_perception_grp[1]/j_dev_practice_grp[1]/j_recog_letter,7,3879
consent_grp[1]/j_perception_grp[1]/j_dev_practice_grp[1]/j_recog_number,6,3886
consent_grp[1]/j_perception_grp[1]/j_dev_practice_grp[1]/j_recog_colour,4,3892
consent_grp[1]/j_perception_grp[1]/j_dev_practice_grp[1]/j_indiv_goal,12,3896
consent_grp[1]/j_perception_grp[1]/j_dev_practice_grp[1]/j_play_materials,9,3908
consent_grp[1]/j_perception_grp[1]/j_dev_practice_grp[1]/j_child_measure,7,3917
consent_grp[1]/j_perception_grp[1]/j_supp_chil_grp[1]/j_supp_chil_note,2,3925
consent_grp[1]/j_perception_grp[1]/j_supp_chil_grp[1]/j_build_relation,4,3927
consent_grp[1]/j_perception_grp[1]/j_supp_chil_grp[1]/j_control_behaviour,3,3930
consent_grp[1]/j_perception_grp[1]/j_supp_chil_grp[1]/j_express_thought,13,3933
consent_grp[1]/j_perception_grp[1]/j_supp_chil_grp[1]/j_resolve_conflicts,8,3946
consent_grp[1]/j_perception_grp[1]/j_supp_chil_grp[1]/j_guidance_style,19,3954
consent_grp[1]/j_perception_grp[1]/j_fam_sensitive_grp[1]/j_fam_sensitive_note,31,3962
consent_grp[1]/j_perception_grp[1]/j_fam_sensitive_grp[1]/j_parent_goal,31,3962
consent_grp[1]/j_perception_grp[1]/j_fam_sensitive_grp[1]/j_work_schedule,31,3962
consent_grp[1]/j_perception_grp[1]/j_fam_sensitive_grp[1]/j_fam_decision,31,3962
consent_grp[1]/j_perception_grp[1]/j_fam_sensitive_grp[1]/j_family_care,31,3962
consent_grp[1]/j_perception_grp[1]/j_fam_sensitive_grp[1]/j_connect_family,31,3962
consent_grp[1]/k_grp[1]/k_instro_note,30,4004
consent_grp[1]/k_grp[1]/k_ts_grp[1]/tmp_k_labels,1512,4034
consent_grp[1]/k_grp[1]/k_ts_grp[1]/k_take_priviledges,1512,4034
consent_grp[1]/k_grp[1]/k_ts_grp[1]/k_explain_behavior,1512,4034
consent_grp[1]/k_grp[1]/k_ts_grp[1]/k_shook,1512,4034
consent_grp[1]/k_grp[1]/k_ts_grp[1]/k_shouted,1512,4034
consent_grp[1]/k_grp[1]/k_ts_grp[1]/k_gave_something,1512,4034
consent_grp[1]/k_grp[1]/k_ts_grp[1]/k_spanked,1512,4034
consent_grp[1]/k_grp[1]/k_ts_grp[1]/k_hit_bottom,1512,4034
consent_grp[1]/k_grp[1]/k_ts_grp[1]/k_call_dumb,1512,4034
consent_grp[1]/k_grp[1]/k_ts_grp[1]/k_hit_face,1512,4034
consent_grp[1]/k_grp[1]/k_ts_grp[1]/k_praised,1512,4034
consent_grp[1]/k_grp[1]/k_ts_grp[1]/k_affection,1512,4034
consent_grp[1]/k_grp[1]/k_ts_grp[1]/k_rewarded,1512,4034
consent_grp[1]/l_teaching_prac_grp[1]/l_note,2,5546
consent_grp[1]/l_teaching_prac_grp[1]/l_previos_kinder_act[1]/tmp_l_prac_lab,107,5548
consent_grp[1]/l_teaching_prac_grp[1]/l_previos_kinder_act[1]/l_hygiene_routine,107,5548
consent_grp[1]/l_teaching_prac_grp[1]/l_previos_kinder_act[1]/l_supply,107,5548
consent_grp[1]/l_teaching_prac_grp[1]/l_previos_kinder_act[1]/l_pamper,107,5548
consent_grp[1]/l_teaching_prac_grp[1]/l_previos_kinder_act[1]/l_read,107,5548
consent_grp[1]/l_teaching_prac_grp[1]/l_previos_kinder_act[1]/l_tell,107,5548
consent_grp[1]/l_teaching_prac_grp[1]/l_previos_kinder_act[1]/l_conversatin,107,5548
consent_grp[1]/l_teaching_prac_grp[1]/l_previos_kinder_act[1]/l_sing,107,5548
consent_grp[1]/l_teaching_prac_grp[1]/l_previos_kinder_act[1]/l_dance,107,5548
consent_grp[1]/l_teaching_prac_grp[1]/l_previos_kinder_act[1]/l_visit,107,5548
consent_grp[1]/l_teaching_prac_grp[1]/l_previos_kinder_act[1]/l_play_kg,107,5548
consent_grp[1]/l_teaching_prac_grp[1]/l_previos_kinder_act[1]/l_play_recrea,107,5548
consent_grp[1]/l_teaching_prac_grp[1]/l_previos_kinder_act[1]/l_sleep,107,5548
consent_grp[1]/l_teaching_prac_grp[1]/l_previos_kinder_act[1]/l_run,107,5548
consent_grp[1]/l_teaching_prac_grp[1]/l_previos_kinder_act[1]/l_group_learn,107,5548
consent_grp[1]/l_teaching_prac_grp[1]/l_previos_kinder_act[1]/l_indiv_learn,107,5548
consent_grp[1]/l_teaching_prac_grp[1]/l_class_acti_grp[1]/l_act_grp[1]/tmp_l_class_lab,122,5655
consent_grp[1]/l_teaching_prac_grp[1]/l_class_acti_grp[1]/l_act_grp[1]/l_teach_colour,122,5655
consent_grp[1]/l_teaching_prac_grp[1]/l_class_acti_grp[1]/l_act_grp[1]/l_teach_number,122,5655
consent_grp[1]/l_teaching_prac_grp[1]/l_class_acti_grp[1]/l_act_grp[1]/l_teach_letter,122,5655
consent_grp[1]/l_teaching_prac_grp[1]/l_class_acti_grp[1]/l_act_grp[1]/l_teach_form,122,5655
consent_grp[1]/l_teaching_prac_grp[1]/l_class_acti_grp[1]/l_act_grp[1]/l_socialise,122,5655
consent_grp[1]/l_teaching_prac_grp[1]/l_class_acti_grp[1]/l_act_grp[1]/l_pro_solve,122,5655
consent_grp[1]/l_teaching_prac_grp[1]/l_class_acti_grp[1]/l_act_grp[1]/l_writing,122,5655
consent_grp[1]/l_teaching_prac_grp[1]/l_class_acti_grp[1]/l_act_grp[1]/l_teach_body,122,5655
consent_grp[1]/l_teaching_prac_grp[1]/l_class_acti_grp[1]/l_act_grp[1]/l_pers_hygiene,122,5655
consent_grp[1]/l_teaching_prac_grp[1]/l_class_acti_grp[1]/l_act_grp[1]/l_art_expre,122,5655
consent_grp[1]/l_teaching_prac_grp[1]/l_class_acti_grp[1]/l_act_grp[1]/l_body_lang,122,5655
consent_grp[1]/l_teaching_prac_grp[1]/l_class_acti_grp[1]/l_act_grp[1]/l_concentration,122,5655
consent_grp[1]/l_teaching_prac_grp[1]/l_class_acti_grp[1]/l_act_grp[1]/l_gross_motor,122,5655
consent_grp[1]/l_teaching_prac_grp[1]/l_class_acti_grp[1]/l_act_grp[1]/l_fine_motor,122,5655
consent_grp[1]/l_teaching_prac_grp[1]/l_class_acti_grp[1]/l_act_grp[1]/l_gender,122,5655
consent_grp[1]/l_teaching_prac_grp[1]/l_class_acti_grp[1]/l_act_grp[1]/l_responsibility,122,5655
consent_grp[1]/l_teaching_prac_grp[1]/l_class_acti_grp[1]/l_act_grp[1]/l_speech,122,5655
consent_grp[1]/l_teaching_prac_grp[1]/l_class_acti_grp[1]/l_act_grp[1]/l_explore_comm,122,5655
consent_grp[1]/l_teaching_prac_grp[1]/l_class_acti_grp[1]/l_act_grp[1]/l_explore_culture,122,5655
consent_grp[1]/l_teaching_prac_grp[1]/l_parent_interact_note,1,5777
consent_grp[1]/l_teaching_prac_grp[1]/l_actively_engaged,35,5778
consent_grp[1]/l_teaching_prac_grp[1]/l_proportion_child,27,5813
consent_grp[1]/l_teaching_prac_grp[1]/l_proportion_child_more,11,5841
consent_grp[1]/l_teaching_prac_grp[1]/l_visit_pupil_house,76,5852
consent_grp[1]/l_teaching_prac_grp[1]/l_visit_parent_house,8,5927
consent_grp[1]/l_teaching_prac_grp[1]/l_receive_parent_supp,25,5936
consent_grp[1]/l_teaching_prac_grp[1]/l_day_teaching_note,2,5961
consent_grp[1]/l_teaching_prac_grp[1]/l_day_grp[1]/tmp_l_labs,49,5962
consent_grp[1]/l_teaching_prac_grp[1]/l_day_grp[1]/l_daily_schedule,49,5962
consent_grp[1]/l_teaching_prac_grp[1]/l_day_grp[1]/l_play_period,49,5962
consent_grp[1]/l_teaching_prac_grp[1]/l_day_grp[1]/l_free_play,49,5962
consent_grp[1]/l_teaching_prac_grp[1]/l_day_grp[1]/l_activities,49,5962
consent_grp[1]/l_teaching_prac_grp[1]/l_per_daily_grp[1]/l_perc_note,401,6012
consent_grp[1]/l_teaching_prac_grp[1]/l_per_daily_grp[1]/l_admin_per,401,6012
consent_grp[1]/l_teaching_prac_grp[1]/l_per_daily_grp[1]/l_class_per,401,6012
consent_grp[1]/l_teaching_prac_grp[1]/l_per_daily_grp[1]/l_teach_per,401,6012
consent_grp[1]/l_teaching_prac_grp[1]/l_per_daily_grp[1]/l_super_per,401,6012
consent_grp[1]/l_teaching_prac_grp[1]/l_per_daily_grp[1]/l_super_oth_per,401,6012
consent_grp[1]/l_teaching_prac_grp[1]/l_per_daily_grp[1]/l_break_per,401,6012
consent_grp[1]/l_teaching_prac_grp[1]/l_discipline_note,1,6413
consent_grp[1]/l_teaching_prac_grp[1]/l_dont_like,54,6414
consent_grp[1]/l_teaching_prac_grp[1]/l_really_bad,18,6467
consent_grp[1]/l_teaching_prac_grp[1]/l_does_good,24,6485
consent_grp[1]/l_teaching_prac_grp[1]/l_praise,16,6509
consent_grp[1]/q_note,11,6525
consent_grp[1]/q_activ_yn,16,6536
consent_grp[1]/q_rpt[1]/q_activ_r,89,6552
consent_grp[1]/q_rpt[1]/q_activ_org_r,5,6631
consent_grp[1]/q_rpt[1]/q_activ_add_r,21,6634
s_int_accom,6,6672
comments,3,6679
