Field name,Total duration (seconds),First appeared (seconds into survey)
instruction,71,2
a_district_id,6,10
a_circuit_id,38,72
a_kg_id,102,96
a_community_id,19,144
a_enum_id,14,163
consent_note,272,175
con_understand,10,517
con_questions,7,527
con_written,3,534
consent_grp[1]/audio_consent,14,537
consent_grp[1]/d_background_note,1,551
consent_grp[1]/section_d[1]/kgt_key,10,552
consent_grp[1]/section_d[1]/kgt_confirm_note,6,562
consent_grp[1]/section_d[1]/d_num_cnt,13,568
consent_grp[1]/section_d[1]/d_cnt_grp[1]/d_cnt_main,11,581
consent_grp[1]/section_d[1]/d_work_last,7,592
consent_grp[1]/section_d[1]/d_edu_level,10,599
consent_grp[1]/section_d[1]/d_edu_train,16,609
consent_grp[1]/section_d[1]/d_edu_level_train,26,625
consent_grp[1]/section_d[1]/d_marital_status,7,651
consent_grp[1]/section_d[1]/d_religion,5,657
consent_grp[1]/section_d[1]/d_la_spk_grp[1]/d_la_spk_note,17,662
consent_grp[1]/section_d[1]/d_la_spk_grp[1]/d_la_spk_eng,17,662
consent_grp[1]/section_d[1]/d_la_spk_grp[1]/d_la_spk_dagb,17,662
consent_grp[1]/section_d[1]/d_la_wrt_grp[1]/d_la_wrt_note,9,679
consent_grp[1]/section_d[1]/d_la_wrt_grp[1]/d_la_wrt_eng,9,679
consent_grp[1]/section_d[1]/d_la_wrt_grp[1]/d_la_wrt_dagb,9,679
consent_grp[1]/section_d[1]/d_main_language,15,688
consent_grp[1]/section_d[1]/d_loc_lang_kinderg,10,703
consent_grp[1]/f_moved_yn,20,713
consent_grp[1]/f_rel_grp[1]/f_comm_note,6,731
consent_grp[1]/g_nature_wrk_note,6,739
consent_grp[1]/section_g[1]/g_teach_pos,13,744
consent_grp[1]/section_g[1]/g_teach_school,9,757
consent_grp[1]/section_g[1]/g_kg_grade,6,766
consent_grp[1]/section_g[1]/g_class_grp[1]/g_children_note,12,772
consent_grp[1]/section_g[1]/g_class_grp[1]/g_kg_2,12,772
consent_grp[1]/section_g[1]/g_ah_grp[1]/g_ah_note,62,784
consent_grp[1]/section_g[1]/g_ah_grp[1]/g_ah_working,62,784
consent_grp[1]/section_g[1]/g_ah_grp[1]/g_ah_prepping,62,784
consent_grp[1]/section_g[1]/g_eh_grp[1]/g_eh_note,86,847
consent_grp[1]/section_g[1]/g_eh_grp[1]/g_eh_working,86,847
consent_grp[1]/section_g[1]/g_eh_grp[1]/g_eh_prepping,86,847
consent_grp[1]/section_g[1]/g_teach_salary,15,933
consent_grp[1]/section_g[1]/g_salary_freq,11,948
consent_grp[1]/section_g[1]/g_salary_intime,16,959
consent_grp[1]/section_g[1]/g_money_cmp,10,975
consent_grp[1]/section_g[1]/g_job_outside,24,985
consent_grp[1]/section_g[1]/g_extra_money_spec,8,1009
consent_grp[1]/section_g[1]/g_sch_pro_grp[1]/tmp_g_sch_pro_lab,131,1017
consent_grp[1]/section_g[1]/g_sch_pro_grp[1]/g_class,131,1017
consent_grp[1]/section_g[1]/g_sch_pro_grp[1]/g_class_taught,131,1017
consent_grp[1]/section_g[1]/g_sch_pro_grp[1]/g_fin_resource,131,1017
consent_grp[1]/section_g[1]/g_sch_pro_grp[1]/g_high_expe,131,1017
consent_grp[1]/section_g[1]/g_sch_pro_grp[1]/g_change_curri,131,1017
consent_grp[1]/section_g[1]/g_sch_pro_grp[1]/g_diff_curri,131,1017
consent_grp[1]/section_g[1]/g_sch_pro_grp[1]/g_easy_curri,131,1017
consent_grp[1]/section_g[1]/g_sch_pro_grp[1]/g_par_dem_high,131,1017
consent_grp[1]/section_g[1]/g_sch_pro_grp[1]/g_par_suff_interest,131,1017
consent_grp[1]/section_g[1]/g_sch_pro_grp[1]/g_par_suff_active,131,1017
consent_grp[1]/section_g[1]/g_par_supp_grp[1]/g_par_supp_note,11,1148
consent_grp[1]/section_g[1]/g_par_supp_grp[1]/g_home_wrk,10,1159
consent_grp[1]/section_g[1]/g_par_supp_grp[1]/g_behave_val,13,1169
consent_grp[1]/section_g[1]/g_par_supp_grp[1]/g_get_schl,10,1182
consent_grp[1]/section_g[1]/g_par_supp_grp[1]/g_visit_schl,8,1192
consent_grp[1]/section_g[1]/g_par_supp_grp[1]/g_show_respect,7,1200
consent_grp[1]/section_g[1]/g_par_supp_grp[1]/g_best_schl,7,1207
consent_grp[1]/section_g[1]/g_par_supp_grp[1]/g_parti_pta,8,1214
consent_grp[1]/section_g[1]/g_par_supp_grp[1]/g_cont_kg_act,9,1222
consent_grp[1]/section_g[1]/g_lead_respect,16,1231
consent_grp[1]/section_g[1]/g_val_citizen,11,1247
consent_grp[1]/section_h[1]/sec_h_depre_note,56,1258
consent_grp[1]/section_h[1]/h_depression_grp[1]/h_da_note,125,1314
consent_grp[1]/section_h[1]/h_depression_grp[1]/tmp_h_da_lab,125,1314
consent_grp[1]/section_h[1]/h_depression_grp[1]/h_headache,125,1314
consent_grp[1]/section_h[1]/h_depression_grp[1]/h_appetite,125,1314
consent_grp[1]/section_h[1]/h_depression_grp[1]/h_sleep,125,1314
consent_grp[1]/section_h[1]/h_depression_grp[1]/h_frightened,125,1314
consent_grp[1]/section_h[1]/h_depression_grp[1]/h_hands_shake,125,1314
consent_grp[1]/section_h[1]/h_depression_grp[1]/h_nervous,125,1314
consent_grp[1]/section_h[1]/h_depression_grp[1]/h_digestion,125,1314
consent_grp[1]/section_h[1]/h_depression_grp[1]/h_thinking,125,1314
consent_grp[1]/section_h[1]/h_depression_grp[1]/h_unhappy,125,1314
consent_grp[1]/section_h[1]/h_depression_grp[1]/h_cry,125,1314
consent_grp[1]/section_h[1]/h_depression_grp[1]/h_activities,125,1314
consent_grp[1]/section_h[1]/h_depression_grp[1]/h_decisions,125,1314
consent_grp[1]/section_h[1]/h_depression_grp[1]/h_daily_work,125,1314
consent_grp[1]/section_h[1]/h_depression_grp[1]/h_life,125,1314
consent_grp[1]/section_h[1]/h_depression_grp[1]/h_interest,125,1314
consent_grp[1]/section_h[1]/h_depression_grp[1]/h_worthless,125,1314
consent_grp[1]/section_h[1]/h_depression_grp[1]/h_end_life,125,1314
consent_grp[1]/section_h[1]/h_depression_grp[1]/h_tired,125,1314
consent_grp[1]/section_h[1]/h_depression_grp[1]/h_uncomfortable,125,1314
consent_grp[1]/section_h[1]/h_depression_grp[1]/h_easily_tired,125,1314
consent_grp[1]/section_h[1]/sec_h_ext_contr_note,9,1439
consent_grp[1]/section_h[1]/h_ext_control_grp[1]/h_ext_cont_note,10,1448
consent_grp[1]/section_h[1]/h_ext_control_grp[1]/h_pup_learn,33,1458
consent_grp[1]/section_h[1]/h_ext_control_grp[1]/h_discipline,15,1491
consent_grp[1]/section_h[1]/h_ext_control_grp[1]/h_stu_achieve,164,1506
consent_grp[1]/section_h[1]/h_ext_control_grp[1]/h_teach_motiv,62,1670
consent_grp[1]/section_h[1]/h_ext_control_grp[1]/h_good_teach,12,1732
consent_grp[1]/section_h[1]/sec_h_motiv_note,3,1744
consent_grp[1]/section_h[1]/h_motiv_grp[1]/h_motiv_note,9,1748
consent_grp[1]/section_h[1]/h_motiv_grp[1]/h_motiv_help,23,1756
consent_grp[1]/section_h[1]/h_motiv_grp[1]/h_quest_school,10,1780
consent_grp[1]/section_h[1]/h_motiv_grp[1]/h_help_child,6,1789
consent_grp[1]/section_h[1]/h_motiv_grp[1]/h_sch_goal,6,1795
consent_grp[1]/section_h[1]/h_motiv_grp[1]/h_help_emot,11,1802
consent_grp[1]/section_h[1]/h_motiv_grp[1]/h_enjoy_teach,8,1812
consent_grp[1]/section_h[1]/h_motiv_grp[1]/h_develop_society,9,1820
consent_grp[1]/section_h[1]/h_motiv_grp[1]/h_develop_socially,9,1829
consent_grp[1]/section_h[1]/h_motiv_grp[1]/h_perso_clear,5,1838
consent_grp[1]/section_h[1]/h_impor_thing,69,1843
consent_grp[1]/section_h[1]/h_job_satisfaction_grp[1]/h_job_satis_note,16,1912
consent_grp[1]/section_h[1]/h_job_satisfaction_grp[1]/h_look_out,12,1928
consent_grp[1]/section_h[1]/h_job_satisfaction_grp[1]/h_perso_worries,6,1940
consent_grp[1]/section_h[1]/h_job_satisfaction_grp[1]/h_know_col,11,1946
consent_grp[1]/section_h[1]/h_job_satisfaction_grp[1]/h_col_coop,7,1958
consent_grp[1]/section_h[1]/h_job_satisfaction_grp[1]/h_trust_col,7,1964
consent_grp[1]/section_h[1]/h_job_satisfaction_grp[1]/h_enjoy_col,6,1971
consent_grp[1]/section_h[1]/h_job_satisfaction_grp[1]/h_sup_respect,6,1977
consent_grp[1]/section_h[1]/h_job_satisfaction_grp[1]/h_sup_busy,7,1983
consent_grp[1]/section_h[1]/h_job_satisfaction_grp[1]/h_sup_opinion,5,1990
consent_grp[1]/section_h[1]/h_job_satisfaction_grp[1]/h_count_sup,7,1995
consent_grp[1]/section_h[1]/h_job_satisfaction_grp[1]/h_motivated,6,2002
consent_grp[1]/section_h[1]/h_job_satisfaction_grp[1]/h_sup_unpredict,8,2008
consent_grp[1]/section_h[1]/h_job_satisfaction_grp[1]/h_wrk_challenge,6,2015
consent_grp[1]/section_h[1]/h_job_satisfaction_grp[1]/h_wrk_monotonous,15,2021
consent_grp[1]/section_h[1]/h_job_satisfaction_grp[1]/h_wrk_creative,4,2036
consent_grp[1]/section_h[1]/h_job_satisfaction_grp[1]/h_big_impact,6,2041
consent_grp[1]/section_h[1]/h_job_satisfaction_grp[1]/h_little_time,23,2047
consent_grp[1]/section_h[1]/h_job_satisfaction_grp[1]/h_control_satis,17,2069
consent_grp[1]/section_h[1]/h_job_satisfaction_grp[1]/h_look,15,2086
consent_grp[1]/section_h[1]/h_job_satisfaction_grp[1]/h_small_space,9,2102
consent_grp[1]/section_h[1]/h_job_satisfaction_grp[1]/h_new_mat,7,2111
consent_grp[1]/section_h[1]/h_job_satisfaction_grp[1]/h_clean_kinder,7,2118
consent_grp[1]/section_h[1]/h_job_satisfaction_grp[1]/h_loud_kinder,10,2125
consent_grp[1]/section_h[1]/h_job_satisfaction_grp[1]/h_kinder_rules,7,2135
consent_grp[1]/section_h[1]/h_job_satisfaction_grp[1]/h_satisfied_paid,7,2141
consent_grp[1]/section_h[1]/h_burnout_grp[1]/h_burnout_note,16,2148
consent_grp[1]/section_h[1]/h_burnout_grp[1]/h_emotion_drained,25,2164
consent_grp[1]/section_h[1]/h_burnout_grp[1]/h_used_up,16,2188
consent_grp[1]/section_h[1]/h_burnout_grp[1]/h_fatigued,14,2204
consent_grp[1]/section_h[1]/h_burnout_grp[1]/h_child_feel,14,2219
consent_grp[1]/section_h[1]/h_burnout_grp[1]/h_child_impersonal,14,2229
consent_grp[1]/section_h[1]/h_burnout_grp[1]/h_ppl_strain,8,2248
consent_grp[1]/section_h[1]/h_burnout_grp[1]/h_deal_effect,17,2256
consent_grp[1]/section_h[1]/h_burnout_grp[1]/h_burnout,12,2273
consent_grp[1]/section_h[1]/h_burnout_grp[1]/h_pos_influence,7,2285
consent_grp[1]/section_h[1]/h_burnout_grp[1]/h_cold,14,2292
consent_grp[1]/section_h[1]/h_burnout_grp[1]/h_hard,8,2306
consent_grp[1]/section_h[1]/h_burnout_grp[1]/h_energetic,7,2314
consent_grp[1]/section_h[1]/h_burnout_grp[1]/h_frustrated,6,2320
consent_grp[1]/section_h[1]/h_burnout_grp[1]/h_work_hard,7,2326
consent_grp[1]/section_h[1]/h_burnout_grp[1]/h_dont_care,7,2333
consent_grp[1]/section_h[1]/h_burnout_grp[1]/h_put_pressure,15,2341
consent_grp[1]/section_h[1]/h_burnout_grp[1]/h_relax,7,2355
consent_grp[1]/section_h[1]/h_burnout_grp[1]/h_excited,16,2362
consent_grp[1]/section_h[1]/h_burnout_grp[1]/h_accomplished,22,2377
consent_grp[1]/section_h[1]/h_burnout_grp[1]/h_end_of_rop,7,2400
consent_grp[1]/section_h[1]/h_burnout_grp[1]/h_emot_pro_calm,10,2407
consent_grp[1]/i_teacher_knowledge_grp[1]/I_teach_know_note,19,2417
consent_grp[1]/i_teacher_knowledge_grp[1]/i_consonance,42,2436
consent_grp[1]/i_teacher_knowledge_grp[1]/i_vowel,7,2478
consent_grp[1]/i_teacher_knowledge_grp[1]/i_unbelievable,18,2485
consent_grp[1]/i_teacher_knowledge_grp[1]/i_irregular,11,2503
consent_grp[1]/i_teacher_knowledge_grp[1]/i_cat,13,2514
consent_grp[1]/i_teacher_knowledge_grp[1]/i_cough,9,2527
consent_grp[1]/i_teacher_knowledge_grp[1]/i_check,16,2536
consent_grp[1]/i_teacher_knowledge_grp[1]/i_english,22,2552
consent_grp[1]/j_perception_grp[1]/j_perception_note,48,2574
consent_grp[1]/j_perception_grp[1]/j_dev_practice_grp[1]/j_dev_practice_note,9,2622
consent_grp[1]/j_perception_grp[1]/j_dev_practice_grp[1]/j_child_need,10,2631
consent_grp[1]/j_perception_grp[1]/j_dev_practice_grp[1]/j_recog_letter,27,2641
consent_grp[1]/j_perception_grp[1]/j_dev_practice_grp[1]/j_recog_number,7,2668
consent_grp[1]/j_perception_grp[1]/j_dev_practice_grp[1]/j_recog_colour,6,2675
consent_grp[1]/j_perception_grp[1]/j_dev_practice_grp[1]/j_indiv_goal,16,2681
consent_grp[1]/j_perception_grp[1]/j_dev_practice_grp[1]/j_play_materials,11,2697
consent_grp[1]/j_perception_grp[1]/j_dev_practice_grp[1]/j_child_measure,32,2708
consent_grp[1]/j_perception_grp[1]/j_supp_chil_grp[1]/j_supp_chil_note,7,2741
consent_grp[1]/j_perception_grp[1]/j_supp_chil_grp[1]/j_build_relation,18,2748
consent_grp[1]/j_perception_grp[1]/j_supp_chil_grp[1]/j_control_behaviour,7,2766
consent_grp[1]/j_perception_grp[1]/j_supp_chil_grp[1]/j_express_thought,6,2773
consent_grp[1]/j_perception_grp[1]/j_supp_chil_grp[1]/j_resolve_conflicts,6,2779
consent_grp[1]/j_perception_grp[1]/j_supp_chil_grp[1]/j_guidance_style,11,2784
consent_grp[1]/j_perception_grp[1]/j_fam_sensitive_grp[1]/j_fam_sensitive_note,75,2795
consent_grp[1]/j_perception_grp[1]/j_fam_sensitive_grp[1]/j_parent_goal,75,2795
consent_grp[1]/j_perception_grp[1]/j_fam_sensitive_grp[1]/j_work_schedule,75,2795
consent_grp[1]/j_perception_grp[1]/j_fam_sensitive_grp[1]/j_fam_decision,75,2795
consent_grp[1]/j_perception_grp[1]/j_fam_sensitive_grp[1]/j_family_care,75,2795
consent_grp[1]/j_perception_grp[1]/j_fam_sensitive_grp[1]/j_connect_family,75,2795
consent_grp[1]/k_grp[1]/k_instro_note,28,2870
consent_grp[1]/k_grp[1]/k_ts_grp[1]/tmp_k_labels,102,2898
consent_grp[1]/k_grp[1]/k_ts_grp[1]/k_take_priviledges,102,2898
consent_grp[1]/k_grp[1]/k_ts_grp[1]/k_explain_behavior,102,2898
consent_grp[1]/k_grp[1]/k_ts_grp[1]/k_shook,102,2898
consent_grp[1]/k_grp[1]/k_ts_grp[1]/k_shouted,102,2898
consent_grp[1]/k_grp[1]/k_ts_grp[1]/k_gave_something,102,2898
consent_grp[1]/k_grp[1]/k_ts_grp[1]/k_spanked,102,2898
consent_grp[1]/k_grp[1]/k_ts_grp[1]/k_hit_bottom,102,2898
consent_grp[1]/k_grp[1]/k_ts_grp[1]/k_call_dumb,102,2898
consent_grp[1]/k_grp[1]/k_ts_grp[1]/k_hit_face,102,2898
consent_grp[1]/k_grp[1]/k_ts_grp[1]/k_praised,102,2898
consent_grp[1]/k_grp[1]/k_ts_grp[1]/k_affection,102,2898
consent_grp[1]/k_grp[1]/k_ts_grp[1]/k_rewarded,102,2898
consent_grp[1]/l_teaching_prac_grp[1]/l_note,7,3000
consent_grp[1]/l_teaching_prac_grp[1]/l_previos_kinder_act[1]/tmp_l_prac_lab,78,3008
consent_grp[1]/l_teaching_prac_grp[1]/l_previos_kinder_act[1]/l_hygiene_routine,78,3008
consent_grp[1]/l_teaching_prac_grp[1]/l_previos_kinder_act[1]/l_supply,78,3008
consent_grp[1]/l_teaching_prac_grp[1]/l_previos_kinder_act[1]/l_pamper,78,3008
consent_grp[1]/l_teaching_prac_grp[1]/l_previos_kinder_act[1]/l_read,78,3008
consent_grp[1]/l_teaching_prac_grp[1]/l_previos_kinder_act[1]/l_tell,78,3008
consent_grp[1]/l_teaching_prac_grp[1]/l_previos_kinder_act[1]/l_conversatin,78,3008
consent_grp[1]/l_teaching_prac_grp[1]/l_previos_kinder_act[1]/l_sing,78,3008
consent_grp[1]/l_teaching_prac_grp[1]/l_previos_kinder_act[1]/l_dance,78,3008
consent_grp[1]/l_teaching_prac_grp[1]/l_previos_kinder_act[1]/l_visit,78,3008
consent_grp[1]/l_teaching_prac_grp[1]/l_previos_kinder_act[1]/l_play_kg,78,3008
consent_grp[1]/l_teaching_prac_grp[1]/l_previos_kinder_act[1]/l_play_recrea,78,3008
consent_grp[1]/l_teaching_prac_grp[1]/l_previos_kinder_act[1]/l_sleep,78,3008
consent_grp[1]/l_teaching_prac_grp[1]/l_previos_kinder_act[1]/l_run,78,3008
consent_grp[1]/l_teaching_prac_grp[1]/l_previos_kinder_act[1]/l_group_learn,78,3008
consent_grp[1]/l_teaching_prac_grp[1]/l_previos_kinder_act[1]/l_indiv_learn,78,3008
consent_grp[1]/l_teaching_prac_grp[1]/l_class_acti_grp[1]/l_act_grp[1]/tmp_l_class_lab,69,3086
consent_grp[1]/l_teaching_prac_grp[1]/l_class_acti_grp[1]/l_act_grp[1]/l_teach_colour,69,3086
consent_grp[1]/l_teaching_prac_grp[1]/l_class_acti_grp[1]/l_act_grp[1]/l_teach_number,69,3086
consent_grp[1]/l_teaching_prac_grp[1]/l_class_acti_grp[1]/l_act_grp[1]/l_teach_letter,69,3086
consent_grp[1]/l_teaching_prac_grp[1]/l_class_acti_grp[1]/l_act_grp[1]/l_teach_form,69,3086
consent_grp[1]/l_teaching_prac_grp[1]/l_class_acti_grp[1]/l_act_grp[1]/l_socialise,69,3086
consent_grp[1]/l_teaching_prac_grp[1]/l_class_acti_grp[1]/l_act_grp[1]/l_pro_solve,69,3086
consent_grp[1]/l_teaching_prac_grp[1]/l_class_acti_grp[1]/l_act_grp[1]/l_writing,69,3086
consent_grp[1]/l_teaching_prac_grp[1]/l_class_acti_grp[1]/l_act_grp[1]/l_teach_body,69,3086
consent_grp[1]/l_teaching_prac_grp[1]/l_class_acti_grp[1]/l_act_grp[1]/l_pers_hygiene,69,3086
consent_grp[1]/l_teaching_prac_grp[1]/l_class_acti_grp[1]/l_act_grp[1]/l_art_expre,69,3086
consent_grp[1]/l_teaching_prac_grp[1]/l_class_acti_grp[1]/l_act_grp[1]/l_body_lang,69,3086
consent_grp[1]/l_teaching_prac_grp[1]/l_class_acti_grp[1]/l_act_grp[1]/l_concentration,69,3086
consent_grp[1]/l_teaching_prac_grp[1]/l_class_acti_grp[1]/l_act_grp[1]/l_gross_motor,69,3086
consent_grp[1]/l_teaching_prac_grp[1]/l_class_acti_grp[1]/l_act_grp[1]/l_fine_motor,69,3086
consent_grp[1]/l_teaching_prac_grp[1]/l_class_acti_grp[1]/l_act_grp[1]/l_gender,69,3086
consent_grp[1]/l_teaching_prac_grp[1]/l_class_acti_grp[1]/l_act_grp[1]/l_responsibility,69,3086
consent_grp[1]/l_teaching_prac_grp[1]/l_class_acti_grp[1]/l_act_grp[1]/l_speech,69,3086
consent_grp[1]/l_teaching_prac_grp[1]/l_class_acti_grp[1]/l_act_grp[1]/l_explore_comm,69,3086
consent_grp[1]/l_teaching_prac_grp[1]/l_class_acti_grp[1]/l_act_grp[1]/l_explore_culture,69,3086
consent_grp[1]/l_teaching_prac_grp[1]/l_parent_interact_note,6,3154
consent_grp[1]/l_teaching_prac_grp[1]/l_actively_engaged,16,3160
consent_grp[1]/l_teaching_prac_grp[1]/l_proportion_child,14,3177
consent_grp[1]/l_teaching_prac_grp[1]/l_proportion_child_more,12,3190
consent_grp[1]/l_teaching_prac_grp[1]/l_visit_pupil_house,31,3202
consent_grp[1]/l_teaching_prac_grp[1]/l_visit_parent_house,17,3233
consent_grp[1]/l_teaching_prac_grp[1]/l_receive_parent_supp,17,3251
consent_grp[1]/l_teaching_prac_grp[1]/l_day_teaching_note,7,3267
consent_grp[1]/l_teaching_prac_grp[1]/l_day_grp[1]/tmp_l_labs,40,3274
consent_grp[1]/l_teaching_prac_grp[1]/l_day_grp[1]/l_daily_schedule,40,3274
consent_grp[1]/l_teaching_prac_grp[1]/l_day_grp[1]/l_play_period,40,3274
consent_grp[1]/l_teaching_prac_grp[1]/l_day_grp[1]/l_free_play,40,3274
consent_grp[1]/l_teaching_prac_grp[1]/l_day_grp[1]/l_activities,40,3274
consent_grp[1]/l_teaching_prac_grp[1]/l_per_daily_grp[1]/l_perc_note,179,3315
consent_grp[1]/l_teaching_prac_grp[1]/l_per_daily_grp[1]/l_admin_per,179,3315
consent_grp[1]/l_teaching_prac_grp[1]/l_per_daily_grp[1]/l_class_per,179,3315
consent_grp[1]/l_teaching_prac_grp[1]/l_per_daily_grp[1]/l_teach_per,179,3315
consent_grp[1]/l_teaching_prac_grp[1]/l_per_daily_grp[1]/l_super_per,179,3315
consent_grp[1]/l_teaching_prac_grp[1]/l_per_daily_grp[1]/l_super_oth_per,179,3315
consent_grp[1]/l_teaching_prac_grp[1]/l_per_daily_grp[1]/l_break_per,179,3315
consent_grp[1]/l_teaching_prac_grp[1]/l_discipline_note,14,3494
consent_grp[1]/l_teaching_prac_grp[1]/l_dont_like,29,3507
consent_grp[1]/l_teaching_prac_grp[1]/l_really_bad,10,3537
consent_grp[1]/l_teaching_prac_grp[1]/l_does_good,9,3547
consent_grp[1]/l_teaching_prac_grp[1]/l_praise,17,3556
consent_grp[1]/q_note,16,3573
consent_grp[1]/q_activ_yn,12,3589
consent_grp[1]/q_rpt[1]/q_activ_r,24,3597
consent_grp[1]/q_rpt[1]/q_activ_org_r,10,3619
consent_grp[1]/q_rpt[1]/q_activ_add_r,15,3626
consent_grp[1]/q_rpt[2]/q_activ_r,18,3637
consent_grp[1]/q_rpt[2]/q_activ_org_r,14,3649
consent_grp[1]/q_rpt[2]/q_activ_org_osp_r,13,3656
consent_grp[1]/q_rpt[2]/q_activ_add_r,66,3664
consent_grp[1]/q_rpt[3]/q_activ_r,49,3683
consent_grp[1]/q_rpt[3]/q_activ_osp_r,30,3805
consent_grp[1]/q_rpt[3]/q_activ_org_r,9,3827
consent_grp[1]/q_rpt[3]/q_activ_org_osp_r,4,3850
consent_grp[1]/q_rpt[3]/q_activ_add_r,5,3855
s_int_accom_yn,5,3859
s_int_accom,12,3864
comments,2,3876
