Field name,Total duration (seconds),First appeared (seconds into survey)
instruction,9,26
a_district_id,4,35
a_circuit_id,22,38
a_kg_id,5,60
a_community_id,5,65
a_enum_id,4,70
consent_note,3,74
con_understand,3,75
con_questions,4,80
con_written,3,84
consent_grp[1]/audio_consent,2,87
consent_grp[1]/d_background_note,1,89
consent_grp[1]/section_d[1]/kgt_key,27,90
consent_grp[1]/section_d[1]/kgt_confirm_note,55,112
consent_grp[1]/section_d[1]/d_num_cnt,15,149
consent_grp[1]/section_d[1]/d_cnt_grp[1]/d_cnt_main,18,161
consent_grp[1]/section_d[1]/d_work_last,17,175
consent_grp[1]/section_d[1]/kgt_name_gp[1]/kgt_fsn,68,194
consent_grp[1]/section_d[1]/kgt_name_gp[1]/kgt_msn,68,194
consent_grp[1]/section_d[1]/kgt_name_gp[1]/kgt_lsn,68,194
consent_grp[1]/section_d[1]/kgt_name_gp[1]/kgt_ppn,68,194
consent_grp[1]/section_d[1]/kgt_name_gp[1]/d_sex,68,194
consent_grp[1]/section_d[1]/d_age,8,281
consent_grp[1]/section_d[1]/d_teacher_grp[1]/d_been_teacher,25,289
consent_grp[1]/section_d[1]/d_teacher_grp[1]/d_teacher_year,25,289
consent_grp[1]/section_d[1]/d_teacher_grp[1]/d_teacher_month,25,289
consent_grp[1]/section_d[1]/d_been_kinder_grp[1]/d_been_kinder,33,314
consent_grp[1]/section_d[1]/d_been_kinder_grp[1]/d_kinder_year,33,314
consent_grp[1]/section_d[1]/d_been_kinder_grp[1]/d_kinder_month,33,314
consent_grp[1]/section_d[1]/d_os_yn,7,356
consent_grp[1]/section_d[1]/d_edu_level,13,363
consent_grp[1]/section_d[1]/d_edu_train,14,376
consent_grp[1]/section_d[1]/d_edu_level_fath,18,390
consent_grp[1]/section_d[1]/d_edu_level_mom,19,407
consent_grp[1]/section_d[1]/d_marital_status,15,426
consent_grp[1]/section_d[1]/d_ethnic_group,11,441
consent_grp[1]/section_d[1]/d_religion,5,452
consent_grp[1]/section_d[1]/d_la_spk_grp[1]/d_la_spk_note,65,457
consent_grp[1]/section_d[1]/d_la_spk_grp[1]/d_la_spk_eng,65,457
consent_grp[1]/section_d[1]/d_la_spk_grp[1]/d_la_spk_dagb,65,457
consent_grp[1]/section_d[1]/d_la_wrt_grp[1]/d_la_wrt_note,28,522
consent_grp[1]/section_d[1]/d_la_wrt_grp[1]/d_la_wrt_eng,28,522
consent_grp[1]/section_d[1]/d_la_wrt_grp[1]/d_la_wrt_dagb,28,522
consent_grp[1]/section_d[1]/d_main_language,31,549
consent_grp[1]/section_d[1]/d_loc_lang_kinderg,12,581
consent_grp[1]/e_rel_grp[1]/e_hh_note,11,593
consent_grp[1]/e_rel_grp[1]/e_hh_num,42,604
consent_grp[1]/e_rel_grp[1]/e_hh_grp[1]/e_hh_head,50,646
consent_grp[1]/e_rel_grp[1]/e_hh_grp[1]/e_chil_hh,50,646
consent_grp[1]/e_rel_grp[1]/e_hh_grp[1]/e_adult_hh,50,646
consent_grp[1]/e_rel_grp[1]/e_hh_school,24,696
consent_grp[1]/e_rel_grp[1]/e_read_english,18,720
consent_grp[1]/e_rel_grp[1]/e_rate_health,19,738
consent_grp[1]/e_rel_grp[1]/e_live_note,5,757
consent_grp[1]/e_rel_grp[1]/e_rooms_occu,18,761
consent_grp[1]/e_rel_grp[1]/e_own_status,12,779
consent_grp[1]/e_rel_grp[1]/e_electricity_inhouse,5,792
consent_grp[1]/e_rel_grp[1]/e_floor_material,12,796
consent_grp[1]/e_rel_grp[1]/e_interior_floor,7,808
consent_grp[1]/e_rel_grp[1]/e_roof_mat,11,815
consent_grp[1]/e_rel_grp[1]/e_cook_fuel,16,826
consent_grp[1]/e_rel_grp[1]/e_lighting,9,843
consent_grp[1]/e_rel_grp[1]/e_drink_source,18,852
consent_grp[1]/e_rel_grp[1]/e_toilet_facility,52,870
consent_grp[1]/e_rel_grp[1]/e_asset_note,8,922
consent_grp[1]/e_rel_grp[1]/e_hh_own_phone,17,930
consent_grp[1]/e_rel_grp[1]/e_hh_ass_grp[1]/tmp_e_hh_ass_lab,93,947
consent_grp[1]/e_rel_grp[1]/e_hh_ass_grp[1]/e_hh_ass_radio,93,947
consent_grp[1]/e_rel_grp[1]/e_hh_ass_grp[1]/e_hh_ass_refrig,93,947
consent_grp[1]/e_rel_grp[1]/e_hh_ass_grp[1]/e_hh_ass_bike,93,947
consent_grp[1]/e_rel_grp[1]/e_hh_ass_grp[1]/e_hh_ass_tv,93,947
consent_grp[1]/e_rel_grp[1]/e_hh_ass_grp[1]/e_hh_ass_vcr,93,947
consent_grp[1]/e_rel_grp[1]/e_hh_ass_grp[1]/e_hh_ass_motor,93,947
consent_grp[1]/e_rel_grp[1]/e_hh_ass_grp[1]/e_hh_ass_car,93,947
consent_grp[1]/e_rel_grp[1]/e_hh_ass_grp[1]/e_hh_ass_tractor,93,947
consent_grp[1]/e_rel_grp[1]/e_hh_ass_grp[1]/e_hh_ass_farm_equip,93,947
consent_grp[1]/e_rel_grp[1]/e_hh_ass_grp[1]/e_hh_ass_sew_mach,93,947
consent_grp[1]/e_rel_grp[1]/e_hh_ass_grp[1]/e_hh_ass_bed,93,947
consent_grp[1]/e_rel_grp[1]/e_hh_ass_grp[1]/e_hh_ass_mattress,93,947
consent_grp[1]/e_rel_grp[1]/e_hh_ass_grp[1]/e_hh_ass_table_chair,93,947
consent_grp[1]/e_rel_grp[1]/e_hh_ass_grp[1]/e_hh_ass_stool,93,947
consent_grp[1]/e_rel_grp[1]/e_hh_ass_grp[1]/e_hh_ass_sofa,93,947
consent_grp[1]/e_rel_grp[1]/e_hh_ass_grp[1]/e_hh_ass_fan,93,947
consent_grp[1]/e_rel_grp[1]/e_hh_ass_grp[1]/e_hh_ass_lamp,93,947
consent_grp[1]/e_rel_grp[1]/e_hh_ass_grp[1]/e_hh_ass_watch,93,947
consent_grp[1]/e_rel_grp[1]/e_hh_ass_grp[1]/e_hh_ass_mat,93,947
consent_grp[1]/e_rel_grp[1]/e_hh_ass_grp[1]/e_hh_ass_torch,93,947
consent_grp[1]/e_rel_grp[1]/e_hh_ass_grp[1]/e_hh_ass_cabinet,93,947
consent_grp[1]/e_rel_grp[1]/e_hh_ass_grp[1]/e_hh_ass_pot,93,947
consent_grp[1]/e_rel_grp[1]/e_hh_ass_grp[1]/e_hh_ass_itn,93,947
consent_grp[1]/e_rel_grp[1]/e_hh_ass_grp[1]/e_hh_ass_iron_elec,93,947
consent_grp[1]/e_rel_grp[1]/e_hh_ass_grp[1]/e_hh_ass_iron_coal,93,947
consent_grp[1]/e_rel_grp[1]/e_hh_ass_grp[1]/e_hh_ass_iron_gas,93,947
consent_grp[1]/f_rel_grp[1]/f_comm_note,6,1040
consent_grp[1]/f_rel_grp[1]/section_f[1]/f_born_comm,15,1046
consent_grp[1]/f_rel_grp[1]/section_f[1]/f_school_loc,8,1061
consent_grp[1]/f_rel_grp[1]/section_f[1]/f_lived_bef_teach,13,1069
consent_grp[1]/f_rel_grp[1]/section_f[1]/f_lived_grp[1]/f_lived_comm,93,1082
consent_grp[1]/f_rel_grp[1]/section_f[1]/f_lived_grp[1]/f_lived_comm_year,93,1082
consent_grp[1]/f_rel_grp[1]/section_f[1]/f_lived_grp[1]/f_lived_comm_month,93,1082
consent_grp[1]/f_rel_grp[1]/section_f[1]/f_fam_lived,26,1175
consent_grp[1]/f_rel_grp[1]/section_f[1]/f_emot_support,35,1201
consent_grp[1]/f_rel_grp[1]/section_f[1]/f_emot_support_num,14,1236
consent_grp[1]/f_rel_grp[1]/section_f[1]/f_lend_money,33,1250
consent_grp[1]/f_rel_grp[1]/section_f[1]/f_borrow_money,25,1283
consent_grp[1]/f_rel_grp[1]/section_f[1]/f_rel_live_nearby,47,1308
consent_grp[1]/f_rel_grp[1]/section_f[1]/f_part_comm,12,1355
consent_grp[1]/f_rel_grp[1]/section_f[1]/f_main_trans,11,1367
consent_grp[1]/f_rel_grp[1]/section_f[1]/f_min_get_sch_grp[1]/f_min_get_note,19,1378
consent_grp[1]/f_rel_grp[1]/section_f[1]/f_min_get_sch_grp[1]/f_h_get_school,19,1378
consent_grp[1]/f_rel_grp[1]/section_f[1]/f_min_get_sch_grp[1]/f_m_get_school,19,1378
consent_grp[1]/g_nature_wrk_note,12,1398
consent_grp[1]/section_g[1]/g_teach_pos,20,1410
consent_grp[1]/section_g[1]/g_teach_school,8,1430
consent_grp[1]/section_g[1]/g_kg_grade,8,1438
consent_grp[1]/section_g[1]/g_class_grp[1]/g_children_note,21,1446
consent_grp[1]/section_g[1]/g_class_grp[1]/g_kg_1,21,1446
consent_grp[1]/section_g[1]/g_ah_grp[1]/g_ah_note,154,1467
consent_grp[1]/section_g[1]/g_ah_grp[1]/g_ah_working,154,1467
consent_grp[1]/section_g[1]/g_ah_grp[1]/g_ah_prepping,154,1467
consent_grp[1]/section_g[1]/g_eh_grp[1]/g_eh_note,184,1621
consent_grp[1]/section_g[1]/g_eh_grp[1]/g_eh_working,184,1621
consent_grp[1]/section_g[1]/g_eh_grp[1]/g_eh_prepping,184,1621
consent_grp[1]/section_g[1]/g_teach_salary,44,1805
consent_grp[1]/section_g[1]/g_salary_freq,24,1848
consent_grp[1]/section_g[1]/g_salary_intime,36,1872
consent_grp[1]/section_g[1]/g_money_cmp,14,1908
consent_grp[1]/section_g[1]/g_job_outside,13,1923
consent_grp[1]/section_g[1]/g_extra_money_spec,15,1936
consent_grp[1]/section_g[1]/g_sch_pro_grp[1]/tmp_g_sch_pro_lab,254,1950
consent_grp[1]/section_g[1]/g_sch_pro_grp[1]/g_class,254,1950
consent_grp[1]/section_g[1]/g_sch_pro_grp[1]/g_class_taught,254,1950
consent_grp[1]/section_g[1]/g_sch_pro_grp[1]/g_fin_resource,254,1950
consent_grp[1]/section_g[1]/g_sch_pro_grp[1]/g_high_expe,254,1950
consent_grp[1]/section_g[1]/g_sch_pro_grp[1]/g_change_curri,254,1950
consent_grp[1]/section_g[1]/g_sch_pro_grp[1]/g_diff_curri,254,1950
consent_grp[1]/section_g[1]/g_sch_pro_grp[1]/g_easy_curri,254,1950
consent_grp[1]/section_g[1]/g_sch_pro_grp[1]/g_par_dem_high,254,1950
consent_grp[1]/section_g[1]/g_sch_pro_grp[1]/g_par_suff_interest,254,1950
consent_grp[1]/section_g[1]/g_sch_pro_grp[1]/g_par_suff_active,254,1950
consent_grp[1]/section_g[1]/g_par_supp_grp[1]/g_par_supp_note,21,2204
consent_grp[1]/section_g[1]/g_par_supp_grp[1]/g_home_wrk,24,2225
consent_grp[1]/section_g[1]/g_par_supp_grp[1]/g_behave_val,20,2249
consent_grp[1]/section_g[1]/g_par_supp_grp[1]/g_get_schl,21,2269
consent_grp[1]/section_g[1]/g_par_supp_grp[1]/g_visit_schl,16,2290
consent_grp[1]/section_g[1]/g_par_supp_grp[1]/g_show_respect,17,2306
consent_grp[1]/section_g[1]/g_par_supp_grp[1]/g_best_schl,19,2323
consent_grp[1]/section_g[1]/g_par_supp_grp[1]/g_parti_pta,15,2342
consent_grp[1]/section_g[1]/g_par_supp_grp[1]/g_cont_kg_act,9,2357
consent_grp[1]/section_g[1]/g_lead_respect,19,2366
consent_grp[1]/section_g[1]/g_val_citizen,34,2385
consent_grp[1]/section_h[1]/sec_h_depre_note,68,2419
consent_grp[1]/section_h[1]/h_depression_grp[1]/h_da_note,259,2487
consent_grp[1]/section_h[1]/h_depression_grp[1]/tmp_h_da_lab,259,2487
consent_grp[1]/section_h[1]/h_depression_grp[1]/h_headache,259,2487
consent_grp[1]/section_h[1]/h_depression_grp[1]/h_appetite,259,2487
consent_grp[1]/section_h[1]/h_depression_grp[1]/h_sleep,259,2487
consent_grp[1]/section_h[1]/h_depression_grp[1]/h_frightened,259,2487
consent_grp[1]/section_h[1]/h_depression_grp[1]/h_hands_shake,259,2487
consent_grp[1]/section_h[1]/h_depression_grp[1]/h_nervous,259,2487
consent_grp[1]/section_h[1]/h_depression_grp[1]/h_digestion,259,2487
consent_grp[1]/section_h[1]/h_depression_grp[1]/h_thinking,259,2487
consent_grp[1]/section_h[1]/h_depression_grp[1]/h_unhappy,259,2487
consent_grp[1]/section_h[1]/h_depression_grp[1]/h_cry,259,2487
consent_grp[1]/section_h[1]/h_depression_grp[1]/h_activities,259,2487
consent_grp[1]/section_h[1]/h_depression_grp[1]/h_decisions,259,2487
consent_grp[1]/section_h[1]/h_depression_grp[1]/h_daily_work,259,2487
consent_grp[1]/section_h[1]/h_depression_grp[1]/h_life,259,2487
consent_grp[1]/section_h[1]/h_depression_grp[1]/h_interest,259,2487
consent_grp[1]/section_h[1]/h_depression_grp[1]/h_worthless,259,2487
consent_grp[1]/section_h[1]/h_depression_grp[1]/h_end_life,259,2487
consent_grp[1]/section_h[1]/h_depression_grp[1]/h_tired,259,2487
consent_grp[1]/section_h[1]/h_depression_grp[1]/h_uncomfortable,259,2487
consent_grp[1]/section_h[1]/h_depression_grp[1]/h_easily_tired,259,2487
consent_grp[1]/section_h[1]/sec_h_ext_contr_note,20,2746
consent_grp[1]/section_h[1]/h_ext_control_grp[1]/h_ext_cont_note,5,2766
consent_grp[1]/section_h[1]/h_ext_control_grp[1]/h_pup_learn,53,2771
consent_grp[1]/section_h[1]/h_ext_control_grp[1]/h_discipline,64,2824
consent_grp[1]/section_h[1]/h_ext_control_grp[1]/h_stu_achieve,29,2888
consent_grp[1]/section_h[1]/h_ext_control_grp[1]/h_teach_motiv,24,2917
consent_grp[1]/section_h[1]/h_ext_control_grp[1]/h_good_teach,29,2942
consent_grp[1]/section_h[1]/sec_h_motiv_note,3,2971
consent_grp[1]/section_h[1]/h_motiv_grp[1]/h_motiv_note,1,2974
consent_grp[1]/section_h[1]/h_motiv_grp[1]/h_motiv_help,28,2975
consent_grp[1]/section_h[1]/h_motiv_grp[1]/h_quest_school,60,3003
consent_grp[1]/section_h[1]/h_motiv_grp[1]/h_help_child,30,3062
consent_grp[1]/section_h[1]/h_motiv_grp[1]/h_sch_goal,12,3093
consent_grp[1]/section_h[1]/h_motiv_grp[1]/h_help_emot,25,3105
consent_grp[1]/section_h[1]/h_motiv_grp[1]/h_enjoy_teach,12,3130
consent_grp[1]/section_h[1]/h_motiv_grp[1]/h_develop_society,12,3142
consent_grp[1]/section_h[1]/h_motiv_grp[1]/h_develop_socially,24,3154
consent_grp[1]/section_h[1]/h_motiv_grp[1]/h_perso_clear,12,3178
consent_grp[1]/section_h[1]/h_impor_thing,57,3191
consent_grp[1]/section_h[1]/h_job_satisfaction_grp[1]/h_job_satis_note,26,3247
consent_grp[1]/section_h[1]/h_job_satisfaction_grp[1]/h_look_out,19,3273
consent_grp[1]/section_h[1]/h_job_satisfaction_grp[1]/h_perso_worries,13,3292
consent_grp[1]/section_h[1]/h_job_satisfaction_grp[1]/h_know_col,45,3305
consent_grp[1]/section_h[1]/h_job_satisfaction_grp[1]/h_col_coop,20,3350
consent_grp[1]/section_h[1]/h_job_satisfaction_grp[1]/h_trust_col,14,3369
consent_grp[1]/section_h[1]/h_job_satisfaction_grp[1]/h_enjoy_col,19,3384
consent_grp[1]/section_h[1]/h_job_satisfaction_grp[1]/h_sup_respect,10,3403
consent_grp[1]/section_h[1]/h_job_satisfaction_grp[1]/h_sup_busy,12,3413
consent_grp[1]/section_h[1]/h_job_satisfaction_grp[1]/h_sup_opinion,15,3425
consent_grp[1]/section_h[1]/h_job_satisfaction_grp[1]/h_count_sup,13,3440
consent_grp[1]/section_h[1]/h_job_satisfaction_grp[1]/h_motivated,10,3453
consent_grp[1]/section_h[1]/h_job_satisfaction_grp[1]/h_sup_unpredict,10,3462
consent_grp[1]/section_h[1]/h_job_satisfaction_grp[1]/h_wrk_challenge,12,3472
consent_grp[1]/section_h[1]/h_job_satisfaction_grp[1]/h_wrk_monotonous,20,3484
consent_grp[1]/section_h[1]/h_job_satisfaction_grp[1]/h_wrk_creative,17,3504
consent_grp[1]/section_h[1]/h_job_satisfaction_grp[1]/h_big_impact,39,3521
consent_grp[1]/section_h[1]/h_job_satisfaction_grp[1]/h_little_time,15,3560
consent_grp[1]/section_h[1]/h_job_satisfaction_grp[1]/h_control_satis,13,3575
consent_grp[1]/section_h[1]/h_job_satisfaction_grp[1]/h_look,9,3588
consent_grp[1]/section_h[1]/h_job_satisfaction_grp[1]/h_small_space,15,3596
consent_grp[1]/section_h[1]/h_job_satisfaction_grp[1]/h_new_mat,9,3612
consent_grp[1]/section_h[1]/h_job_satisfaction_grp[1]/h_clean_kinder,10,3620
consent_grp[1]/section_h[1]/h_job_satisfaction_grp[1]/h_loud_kinder,20,3631
consent_grp[1]/section_h[1]/h_job_satisfaction_grp[1]/h_kinder_rules,11,3651
consent_grp[1]/section_h[1]/h_job_satisfaction_grp[1]/h_satisfied_paid,13,3662
consent_grp[1]/section_h[1]/h_burnout_grp[1]/h_burnout_note,20,3675
consent_grp[1]/section_h[1]/h_burnout_grp[1]/h_emotion_drained,44,3695
consent_grp[1]/section_h[1]/h_burnout_grp[1]/h_used_up,58,3739
consent_grp[1]/section_h[1]/h_burnout_grp[1]/h_fatigued,12,3797
consent_grp[1]/section_h[1]/h_burnout_grp[1]/h_child_feel,24,3809
consent_grp[1]/section_h[1]/h_burnout_grp[1]/h_child_impersonal,12,3833
consent_grp[1]/section_h[1]/h_burnout_grp[1]/h_ppl_strain,11,3844
consent_grp[1]/section_h[1]/h_burnout_grp[1]/h_deal_effect,49,3856
consent_grp[1]/section_h[1]/h_burnout_grp[1]/h_burnout,4,3905
consent_grp[1]/section_h[1]/h_burnout_grp[1]/h_pos_influence,6,3909
consent_grp[1]/section_h[1]/h_burnout_grp[1]/h_cold,12,3915
consent_grp[1]/section_h[1]/h_burnout_grp[1]/h_hard,8,3927
consent_grp[1]/section_h[1]/h_burnout_grp[1]/h_energetic,20,3935
consent_grp[1]/section_h[1]/h_burnout_grp[1]/h_frustrated,15,3954
consent_grp[1]/section_h[1]/h_burnout_grp[1]/h_work_hard,21,3970
consent_grp[1]/section_h[1]/h_burnout_grp[1]/h_dont_care,15,3991
consent_grp[1]/section_h[1]/h_burnout_grp[1]/h_put_pressure,11,4006
consent_grp[1]/section_h[1]/h_burnout_grp[1]/h_relax,16,4017
consent_grp[1]/section_h[1]/h_burnout_grp[1]/h_excited,17,4033
consent_grp[1]/section_h[1]/h_burnout_grp[1]/h_accomplished,28,4051
consent_grp[1]/section_h[1]/h_burnout_grp[1]/h_end_of_rop,14,4079
consent_grp[1]/section_h[1]/h_burnout_grp[1]/h_emot_pro_calm,19,4092
consent_grp[1]/i_teacher_knowledge_grp[1]/I_teach_know_note,107,4112
consent_grp[1]/i_teacher_knowledge_grp[1]/i_consonance,42,4218
consent_grp[1]/i_teacher_knowledge_grp[1]/i_vowel,15,4260
consent_grp[1]/i_teacher_knowledge_grp[1]/i_unbelievable,16,4275
consent_grp[1]/i_teacher_knowledge_grp[1]/i_irregular,7,4291
consent_grp[1]/i_teacher_knowledge_grp[1]/i_cat,20,4298
consent_grp[1]/i_teacher_knowledge_grp[1]/i_cough,22,4318
consent_grp[1]/i_teacher_knowledge_grp[1]/i_check,18,4340
consent_grp[1]/i_teacher_knowledge_grp[1]/i_english,25,4359
consent_grp[1]/j_perception_grp[1]/j_perception_note,31,4383
consent_grp[1]/j_perception_grp[1]/j_dev_practice_grp[1]/j_dev_practice_note,17,4414
consent_grp[1]/j_perception_grp[1]/j_dev_practice_grp[1]/j_child_need,49,4431
consent_grp[1]/j_perception_grp[1]/j_dev_practice_grp[1]/j_recog_letter,20,4479
consent_grp[1]/j_perception_grp[1]/j_dev_practice_grp[1]/j_recog_number,11,4499
consent_grp[1]/j_perception_grp[1]/j_dev_practice_grp[1]/j_recog_colour,6,4510
consent_grp[1]/j_perception_grp[1]/j_dev_practice_grp[1]/j_indiv_goal,10,4517
consent_grp[1]/j_perception_grp[1]/j_dev_practice_grp[1]/j_play_materials,7,4526
consent_grp[1]/j_perception_grp[1]/j_dev_practice_grp[1]/j_child_measure,10,4533
consent_grp[1]/j_perception_grp[1]/j_supp_chil_grp[1]/j_supp_chil_note,10,4543
consent_grp[1]/j_perception_grp[1]/j_supp_chil_grp[1]/j_build_relation,14,4552
consent_grp[1]/j_perception_grp[1]/j_supp_chil_grp[1]/j_control_behaviour,6,4567
consent_grp[1]/j_perception_grp[1]/j_supp_chil_grp[1]/j_express_thought,7,4573
consent_grp[1]/j_perception_grp[1]/j_supp_chil_grp[1]/j_resolve_conflicts,7,4580
consent_grp[1]/j_perception_grp[1]/j_supp_chil_grp[1]/j_guidance_style,27,4587
consent_grp[1]/j_perception_grp[1]/j_fam_sensitive_grp[1]/j_fam_sensitive_note,62,4614
consent_grp[1]/j_perception_grp[1]/j_fam_sensitive_grp[1]/j_parent_goal,62,4614
consent_grp[1]/j_perception_grp[1]/j_fam_sensitive_grp[1]/j_work_schedule,62,4614
consent_grp[1]/j_perception_grp[1]/j_fam_sensitive_grp[1]/j_fam_decision,62,4614
consent_grp[1]/j_perception_grp[1]/j_fam_sensitive_grp[1]/j_family_care,62,4614
consent_grp[1]/j_perception_grp[1]/j_fam_sensitive_grp[1]/j_connect_family,62,4614
consent_grp[1]/k_grp[1]/k_instro_note,7,4676
consent_grp[1]/k_grp[1]/k_ts_grp[1]/tmp_k_labels,138,4678
consent_grp[1]/k_grp[1]/k_ts_grp[1]/k_take_priviledges,138,4678
consent_grp[1]/k_grp[1]/k_ts_grp[1]/k_explain_behavior,138,4678
consent_grp[1]/k_grp[1]/k_ts_grp[1]/k_shook,138,4678
consent_grp[1]/k_grp[1]/k_ts_grp[1]/k_shouted,138,4678
consent_grp[1]/k_grp[1]/k_ts_grp[1]/k_gave_something,138,4678
consent_grp[1]/k_grp[1]/k_ts_grp[1]/k_spanked,138,4678
consent_grp[1]/k_grp[1]/k_ts_grp[1]/k_hit_bottom,138,4678
consent_grp[1]/k_grp[1]/k_ts_grp[1]/k_call_dumb,138,4678
consent_grp[1]/k_grp[1]/k_ts_grp[1]/k_hit_face,138,4678
consent_grp[1]/k_grp[1]/k_ts_grp[1]/k_praised,138,4678
consent_grp[1]/k_grp[1]/k_ts_grp[1]/k_affection,138,4678
consent_grp[1]/k_grp[1]/k_ts_grp[1]/k_rewarded,138,4678
consent_grp[1]/l_teaching_prac_grp[1]/l_note,10,4821
consent_grp[1]/l_teaching_prac_grp[1]/l_previos_kinder_act[1]/tmp_l_prac_lab,145,4831
consent_grp[1]/l_teaching_prac_grp[1]/l_previos_kinder_act[1]/l_hygiene_routine,145,4831
consent_grp[1]/l_teaching_prac_grp[1]/l_previos_kinder_act[1]/l_supply,145,4831
consent_grp[1]/l_teaching_prac_grp[1]/l_previos_kinder_act[1]/l_pamper,145,4831
consent_grp[1]/l_teaching_prac_grp[1]/l_previos_kinder_act[1]/l_read,145,4831
consent_grp[1]/l_teaching_prac_grp[1]/l_previos_kinder_act[1]/l_tell,145,4831
consent_grp[1]/l_teaching_prac_grp[1]/l_previos_kinder_act[1]/l_conversatin,145,4831
consent_grp[1]/l_teaching_prac_grp[1]/l_previos_kinder_act[1]/l_sing,145,4831
consent_grp[1]/l_teaching_prac_grp[1]/l_previos_kinder_act[1]/l_dance,145,4831
consent_grp[1]/l_teaching_prac_grp[1]/l_previos_kinder_act[1]/l_visit,145,4831
consent_grp[1]/l_teaching_prac_grp[1]/l_previos_kinder_act[1]/l_play_kg,145,4831
consent_grp[1]/l_teaching_prac_grp[1]/l_previos_kinder_act[1]/l_play_recrea,145,4831
consent_grp[1]/l_teaching_prac_grp[1]/l_previos_kinder_act[1]/l_sleep,145,4831
consent_grp[1]/l_teaching_prac_grp[1]/l_previos_kinder_act[1]/l_run,145,4831
consent_grp[1]/l_teaching_prac_grp[1]/l_previos_kinder_act[1]/l_group_learn,145,4831
consent_grp[1]/l_teaching_prac_grp[1]/l_previos_kinder_act[1]/l_indiv_learn,145,4831
consent_grp[1]/l_teaching_prac_grp[1]/l_class_acti_grp[1]/l_act_grp[1]/tmp_l_class_lab,71,4976
consent_grp[1]/l_teaching_prac_grp[1]/l_class_acti_grp[1]/l_act_grp[1]/l_teach_colour,71,4976
consent_grp[1]/l_teaching_prac_grp[1]/l_class_acti_grp[1]/l_act_grp[1]/l_teach_number,71,4976
consent_grp[1]/l_teaching_prac_grp[1]/l_class_acti_grp[1]/l_act_grp[1]/l_teach_letter,71,4976
consent_grp[1]/l_teaching_prac_grp[1]/l_class_acti_grp[1]/l_act_grp[1]/l_teach_form,71,4976
consent_grp[1]/l_teaching_prac_grp[1]/l_class_acti_grp[1]/l_act_grp[1]/l_socialise,71,4976
consent_grp[1]/l_teaching_prac_grp[1]/l_class_acti_grp[1]/l_act_grp[1]/l_pro_solve,71,4976
consent_grp[1]/l_teaching_prac_grp[1]/l_class_acti_grp[1]/l_act_grp[1]/l_writing,71,4976
consent_grp[1]/l_teaching_prac_grp[1]/l_class_acti_grp[1]/l_act_grp[1]/l_teach_body,71,4976
consent_grp[1]/l_teaching_prac_grp[1]/l_class_acti_grp[1]/l_act_grp[1]/l_pers_hygiene,71,4976
consent_grp[1]/l_teaching_prac_grp[1]/l_class_acti_grp[1]/l_act_grp[1]/l_art_expre,71,4976
consent_grp[1]/l_teaching_prac_grp[1]/l_class_acti_grp[1]/l_act_grp[1]/l_body_lang,71,4976
consent_grp[1]/l_teaching_prac_grp[1]/l_class_acti_grp[1]/l_act_grp[1]/l_concentration,71,4976
consent_grp[1]/l_teaching_prac_grp[1]/l_class_acti_grp[1]/l_act_grp[1]/l_gross_motor,71,4976
consent_grp[1]/l_teaching_prac_grp[1]/l_class_acti_grp[1]/l_act_grp[1]/l_fine_motor,71,4976
consent_grp[1]/l_teaching_prac_grp[1]/l_class_acti_grp[1]/l_act_grp[1]/l_gender,71,4976
consent_grp[1]/l_teaching_prac_grp[1]/l_class_acti_grp[1]/l_act_grp[1]/l_responsibility,71,4976
consent_grp[1]/l_teaching_prac_grp[1]/l_class_acti_grp[1]/l_act_grp[1]/l_speech,71,4976
consent_grp[1]/l_teaching_prac_grp[1]/l_class_acti_grp[1]/l_act_grp[1]/l_explore_comm,71,4976
consent_grp[1]/l_teaching_prac_grp[1]/l_class_acti_grp[1]/l_act_grp[1]/l_explore_culture,71,4976
consent_grp[1]/l_teaching_prac_grp[1]/l_parent_interact_note,2,5047
consent_grp[1]/l_teaching_prac_grp[1]/l_actively_engaged,22,5049
consent_grp[1]/l_teaching_prac_grp[1]/l_proportion_child,13,5071
consent_grp[1]/l_teaching_prac_grp[1]/l_proportion_child_more,11,5084
consent_grp[1]/l_teaching_prac_grp[1]/l_visit_pupil_house,35,5096
consent_grp[1]/l_teaching_prac_grp[1]/l_visit_parent_house,26,5130
consent_grp[1]/l_teaching_prac_grp[1]/l_receive_parent_supp,21,5157
consent_grp[1]/l_teaching_prac_grp[1]/l_day_teaching_note,4,5177
consent_grp[1]/l_teaching_prac_grp[1]/l_day_grp[1]/tmp_l_labs,66,5181
consent_grp[1]/l_teaching_prac_grp[1]/l_day_grp[1]/l_daily_schedule,66,5181
consent_grp[1]/l_teaching_prac_grp[1]/l_day_grp[1]/l_play_period,66,5181
consent_grp[1]/l_teaching_prac_grp[1]/l_day_grp[1]/l_free_play,66,5181
consent_grp[1]/l_teaching_prac_grp[1]/l_day_grp[1]/l_activities,66,5181
consent_grp[1]/l_teaching_prac_grp[1]/l_per_daily_grp[1]/l_perc_note,284,5247
consent_grp[1]/l_teaching_prac_grp[1]/l_per_daily_grp[1]/l_admin_per,284,5247
consent_grp[1]/l_teaching_prac_grp[1]/l_per_daily_grp[1]/l_class_per,284,5247
consent_grp[1]/l_teaching_prac_grp[1]/l_per_daily_grp[1]/l_teach_per,284,5247
consent_grp[1]/l_teaching_prac_grp[1]/l_per_daily_grp[1]/l_super_per,284,5247
consent_grp[1]/l_teaching_prac_grp[1]/l_per_daily_grp[1]/l_super_oth_per,284,5247
consent_grp[1]/l_teaching_prac_grp[1]/l_per_daily_grp[1]/l_break_per,284,5247
consent_grp[1]/l_teaching_prac_grp[1]/l_discipline_note,2,5532
consent_grp[1]/l_teaching_prac_grp[1]/l_dont_like,19,5533
consent_grp[1]/l_teaching_prac_grp[1]/l_really_bad,2,5552
consent_grp[1]/l_teaching_prac_grp[1]/l_does_good,8,5554
consent_grp[1]/l_teaching_prac_grp[1]/l_praise,5,5562
consent_grp[1]/q_note,4,5567
consent_grp[1]/q_activ_yn,40,5568
consent_grp[1]/q_rpt[1]/q_activ_r,19,5611
consent_grp[1]/q_rpt[1]/q_activ_org_r,11,5629
consent_grp[1]/q_rpt[1]/q_activ_org_osp_r,10,5640
consent_grp[1]/q_rpt[1]/q_activ_add_r,6,5650
s_int_accom_yn,4,5656
comments,8,5660
