Field name,Total duration (seconds),First appeared (seconds into survey)
instruction,3,20
a_district_id,5,24
a_circuit_id,49,27
a_kg_id,16,70
a_community_id,3,94
a_enum_id,15,97
consent_note,3,112
con_understand,2,115
con_questions,2,117
con_written,3,119
consent_grp[1]/audio_consent,1,122
consent_grp[1]/d_background_note,1,124
consent_grp[1]/section_d[1]/kgt_key,39,125
consent_grp[1]/section_d[1]/kgt_name_gp[1]/kgt_fsn,88,163
consent_grp[1]/section_d[1]/kgt_name_gp[1]/kgt_msn,88,163
consent_grp[1]/section_d[1]/kgt_name_gp[1]/kgt_lsn,88,163
consent_grp[1]/section_d[1]/kgt_name_gp[1]/kgt_ppn,88,163
consent_grp[1]/section_d[1]/kgt_name_gp[1]/d_sex,88,163
consent_grp[1]/section_d[1]/kgt_confirm_note,21,252
consent_grp[1]/section_d[1]/d_num_cnt,12,262
consent_grp[1]/section_d[1]/d_cnt_grp[1]/d_cnt_main,39,285
consent_grp[1]/section_d[1]/d_cnt_grp[1]/d_cnt_sec,39,285
consent_grp[1]/section_d[1]/d_age,11,321
consent_grp[1]/section_d[1]/d_teacher_grp[1]/d_been_teacher,64,329
consent_grp[1]/section_d[1]/d_teacher_grp[1]/d_teacher_year,64,329
consent_grp[1]/section_d[1]/d_teacher_grp[1]/d_teacher_month,64,329
consent_grp[1]/section_d[1]/d_been_kinder_grp[1]/d_been_kinder,66,371
consent_grp[1]/section_d[1]/d_been_kinder_grp[1]/d_kinder_year,66,371
consent_grp[1]/section_d[1]/d_been_kinder_grp[1]/d_kinder_month,66,371
consent_grp[1]/section_d[1]/d_work_last,25,418
consent_grp[1]/section_d[1]/d_os_yn,20,439
consent_grp[1]/section_d[1]/d_edu_level,24,459
consent_grp[1]/section_d[1]/d_edu_level_oth,19,475
consent_grp[1]/section_d[1]/d_edu_train,22,493
consent_grp[1]/section_d[1]/d_edu_level_train,15,513
consent_grp[1]/section_d[1]/d_edu_level_fath,11,524
consent_grp[1]/section_d[1]/d_edu_level_mom,6,538
consent_grp[1]/section_d[1]/d_marital_status,8,542
consent_grp[1]/section_d[1]/d_ethnic_group,9,549
consent_grp[1]/section_d[1]/d_religion,5,557
consent_grp[1]/section_d[1]/d_la_spk_grp[1]/d_la_spk_note,27,561
consent_grp[1]/section_d[1]/d_la_spk_grp[1]/d_la_spk_eng,27,561
consent_grp[1]/section_d[1]/d_la_spk_grp[1]/d_la_spk_grun,27,561
consent_grp[1]/section_d[1]/d_la_wrt_grp[1]/d_la_wrt_note,64,586
consent_grp[1]/section_d[1]/d_la_wrt_grp[1]/d_la_wrt_eng,64,586
consent_grp[1]/section_d[1]/d_la_wrt_grp[1]/d_la_wrt_grun,64,586
consent_grp[1]/section_d[1]/d_main_language,23,649
consent_grp[1]/section_d[1]/d_loc_lang_kinderg,15,671
consent_grp[1]/e_rel_grp[1]/e_hh_note,7,684
consent_grp[1]/e_rel_grp[1]/e_hh_num,31,691
consent_grp[1]/e_rel_grp[1]/e_hh_grp[1]/e_hh_head,96,719
consent_grp[1]/e_rel_grp[1]/e_hh_grp[1]/e_chil_hh,96,719
consent_grp[1]/e_rel_grp[1]/e_hh_grp[1]/e_adult_hh,96,719
consent_grp[1]/e_rel_grp[1]/e_hh_check,16,777
consent_grp[1]/e_rel_grp[1]/e_hh_school,14,831
consent_grp[1]/e_rel_grp[1]/e_read_english,11,844
consent_grp[1]/e_rel_grp[1]/e_rate_health,20,854
consent_grp[1]/e_rel_grp[1]/e_live_note,2,873
consent_grp[1]/e_rel_grp[1]/e_rooms_occu,15,875
consent_grp[1]/e_rel_grp[1]/e_own_status,13,889
consent_grp[1]/e_rel_grp[1]/e_electricity_inhouse,6,900
consent_grp[1]/e_rel_grp[1]/e_floor_material,19,906
consent_grp[1]/e_rel_grp[1]/e_interior_floor,29,924
consent_grp[1]/e_rel_grp[1]/e_roof_mat,15,952
consent_grp[1]/e_rel_grp[1]/e_cook_fuel,18,966
consent_grp[1]/e_rel_grp[1]/e_lighting,14,983
consent_grp[1]/e_rel_grp[1]/e_drink_source,14,996
consent_grp[1]/e_rel_grp[1]/e_toilet_facility,10,1010
consent_grp[1]/e_rel_grp[1]/e_asset_note,2,1019
consent_grp[1]/e_rel_grp[1]/e_hh_own_phone,20,1020
consent_grp[1]/e_rel_grp[1]/e_hh_ass_grp[1]/tmp_e_hh_ass_lab,86,1039
consent_grp[1]/e_rel_grp[1]/e_hh_ass_grp[1]/e_hh_ass_radio,86,1039
consent_grp[1]/e_rel_grp[1]/e_hh_ass_grp[1]/e_hh_ass_refrig,86,1039
consent_grp[1]/e_rel_grp[1]/e_hh_ass_grp[1]/e_hh_ass_bike,86,1039
consent_grp[1]/e_rel_grp[1]/e_hh_ass_grp[1]/e_hh_ass_tv,86,1039
consent_grp[1]/e_rel_grp[1]/e_hh_ass_grp[1]/e_hh_ass_vcr,86,1039
consent_grp[1]/e_rel_grp[1]/e_hh_ass_grp[1]/e_hh_ass_motor,86,1039
consent_grp[1]/e_rel_grp[1]/e_hh_ass_grp[1]/e_hh_ass_car,86,1039
consent_grp[1]/e_rel_grp[1]/e_hh_ass_grp[1]/e_hh_ass_tractor,86,1039
consent_grp[1]/e_rel_grp[1]/e_hh_ass_grp[1]/e_hh_ass_farm_equip,86,1039
consent_grp[1]/e_rel_grp[1]/e_hh_ass_grp[1]/e_hh_ass_sew_mach,86,1039
consent_grp[1]/e_rel_grp[1]/e_hh_ass_grp[1]/e_hh_ass_bed,86,1039
consent_grp[1]/e_rel_grp[1]/e_hh_ass_grp[1]/e_hh_ass_mattress,86,1039
consent_grp[1]/e_rel_grp[1]/e_hh_ass_grp[1]/e_hh_ass_table_chair,86,1039
consent_grp[1]/e_rel_grp[1]/e_hh_ass_grp[1]/e_hh_ass_stool,86,1039
consent_grp[1]/e_rel_grp[1]/e_hh_ass_grp[1]/e_hh_ass_sofa,86,1039
consent_grp[1]/e_rel_grp[1]/e_hh_ass_grp[1]/e_hh_ass_fan,86,1039
consent_grp[1]/e_rel_grp[1]/e_hh_ass_grp[1]/e_hh_ass_lamp,86,1039
consent_grp[1]/e_rel_grp[1]/e_hh_ass_grp[1]/e_hh_ass_watch,86,1039
consent_grp[1]/e_rel_grp[1]/e_hh_ass_grp[1]/e_hh_ass_mat,86,1039
consent_grp[1]/e_rel_grp[1]/e_hh_ass_grp[1]/e_hh_ass_torch,86,1039
consent_grp[1]/e_rel_grp[1]/e_hh_ass_grp[1]/e_hh_ass_cabinet,86,1039
consent_grp[1]/e_rel_grp[1]/e_hh_ass_grp[1]/e_hh_ass_pot,86,1039
consent_grp[1]/e_rel_grp[1]/e_hh_ass_grp[1]/e_hh_ass_itn,86,1039
consent_grp[1]/e_rel_grp[1]/e_hh_ass_grp[1]/e_hh_ass_iron_elec,86,1039
consent_grp[1]/e_rel_grp[1]/e_hh_ass_grp[1]/e_hh_ass_iron_coal,86,1039
consent_grp[1]/e_rel_grp[1]/e_hh_ass_grp[1]/e_hh_ass_iron_gas,86,1039
consent_grp[1]/f_rel_grp[1]/f_comm_note,5,1122
consent_grp[1]/f_rel_grp[1]/section_f[1]/f_born_comm,30,1127
consent_grp[1]/f_rel_grp[1]/section_f[1]/f_school_loc,7,1156
consent_grp[1]/f_rel_grp[1]/section_f[1]/f_lived_bef_teach,37,1163
consent_grp[1]/f_rel_grp[1]/section_f[1]/f_lived_grp[1]/f_lived_comm,107,1179
consent_grp[1]/f_rel_grp[1]/section_f[1]/f_lived_grp[1]/f_lived_comm_year,107,1179
consent_grp[1]/f_rel_grp[1]/section_f[1]/f_lived_grp[1]/f_lived_comm_month,107,1179
consent_grp[1]/f_rel_grp[1]/section_f[1]/f_fam_lived,31,1305
consent_grp[1]/f_rel_grp[1]/section_f[1]/f_emot_support,19,1335
consent_grp[1]/f_rel_grp[1]/section_f[1]/f_emot_support_num,13,1353
consent_grp[1]/f_rel_grp[1]/section_f[1]/f_lend_money,36,1364
consent_grp[1]/f_rel_grp[1]/section_f[1]/f_borrow_money,16,1398
consent_grp[1]/f_rel_grp[1]/section_f[1]/f_rel_live_nearby,54,1413
consent_grp[1]/f_rel_grp[1]/section_f[1]/f_part_comm,9,1467
consent_grp[1]/f_rel_grp[1]/section_f[1]/f_main_trans,11,1474
consent_grp[1]/f_rel_grp[1]/section_f[1]/f_min_get_sch_grp[1]/f_min_get_note,37,1484
consent_grp[1]/f_rel_grp[1]/section_f[1]/f_min_get_sch_grp[1]/f_h_get_school,37,1484
consent_grp[1]/f_rel_grp[1]/section_f[1]/f_min_get_sch_grp[1]/f_m_get_school,37,1484
consent_grp[1]/g_nature_wrk_note,22,1517
consent_grp[1]/section_g[1]/g_teach_pos,21,1538
consent_grp[1]/section_g[1]/g_teach_school,8,1558
consent_grp[1]/section_g[1]/g_kg_grade,12,1564
consent_grp[1]/section_g[1]/g_class_grp[1]/g_children_note,28,1575
consent_grp[1]/section_g[1]/g_class_grp[1]/g_kg_1,28,1575
consent_grp[1]/section_g[1]/g_ah_grp[1]/g_ah_note,107,1602
consent_grp[1]/section_g[1]/g_ah_grp[1]/g_ah_working,107,1602
consent_grp[1]/section_g[1]/g_ah_grp[1]/g_ah_prepping,107,1602
consent_grp[1]/section_g[1]/g_eh_grp[1]/g_eh_note,49,1670
consent_grp[1]/section_g[1]/g_eh_grp[1]/g_eh_working,49,1670
consent_grp[1]/section_g[1]/g_eh_grp[1]/g_eh_prepping,49,1670
consent_grp[1]/section_g[1]/g_teach_salary,27,1727
consent_grp[1]/section_g[1]/g_salary_range,107,1753
consent_grp[1]/section_g[1]/g_salary_freq,43,1785
consent_grp[1]/section_g[1]/g_salary_intime,50,1796
consent_grp[1]/section_g[1]/g_money_cmp,11,1846
consent_grp[1]/section_g[1]/g_job_outside,9,1857
consent_grp[1]/section_g[1]/g_extra_money_spec,61,1866
consent_grp[1]/section_g[1]/g_sch_pro_grp[1]/tmp_g_sch_pro_lab,223,1927
consent_grp[1]/section_g[1]/g_sch_pro_grp[1]/g_class,223,1927
consent_grp[1]/section_g[1]/g_sch_pro_grp[1]/g_class_taught,223,1927
consent_grp[1]/section_g[1]/g_sch_pro_grp[1]/g_fin_resource,223,1927
consent_grp[1]/section_g[1]/g_sch_pro_grp[1]/g_high_expe,223,1927
consent_grp[1]/section_g[1]/g_sch_pro_grp[1]/g_change_curri,223,1927
consent_grp[1]/section_g[1]/g_sch_pro_grp[1]/g_diff_curri,223,1927
consent_grp[1]/section_g[1]/g_sch_pro_grp[1]/g_easy_curri,223,1927
consent_grp[1]/section_g[1]/g_sch_pro_grp[1]/g_par_dem_high,223,1927
consent_grp[1]/section_g[1]/g_sch_pro_grp[1]/g_par_suff_interest,223,1927
consent_grp[1]/section_g[1]/g_sch_pro_grp[1]/g_par_suff_active,223,1927
consent_grp[1]/section_g[1]/g_par_supp_grp[1]/g_par_supp_note,15,2150
consent_grp[1]/section_g[1]/g_par_supp_grp[1]/g_home_wrk,14,2165
consent_grp[1]/section_g[1]/g_par_supp_grp[1]/g_behave_val,17,2179
consent_grp[1]/section_g[1]/g_par_supp_grp[1]/g_get_schl,11,2196
consent_grp[1]/section_g[1]/g_par_supp_grp[1]/g_visit_schl,11,2208
consent_grp[1]/section_g[1]/g_par_supp_grp[1]/g_show_respect,13,2219
consent_grp[1]/section_g[1]/g_par_supp_grp[1]/g_best_schl,12,2232
consent_grp[1]/section_g[1]/g_par_supp_grp[1]/g_parti_pta,8,2244
consent_grp[1]/section_g[1]/g_par_supp_grp[1]/g_cont_kg_act,10,2252
consent_grp[1]/section_g[1]/g_lead_respect,16,2263
consent_grp[1]/section_g[1]/g_val_citizen,12,2279
consent_grp[1]/section_h[1]/sec_h_depre_note,19,2290
consent_grp[1]/section_h[1]/h_depression_grp[1]/h_da_note,134,2309
consent_grp[1]/section_h[1]/h_depression_grp[1]/tmp_h_da_lab,134,2309
consent_grp[1]/section_h[1]/h_depression_grp[1]/h_headache,134,2309
consent_grp[1]/section_h[1]/h_depression_grp[1]/h_appetite,134,2309
consent_grp[1]/section_h[1]/h_depression_grp[1]/h_sleep,134,2309
consent_grp[1]/section_h[1]/h_depression_grp[1]/h_frightened,134,2309
consent_grp[1]/section_h[1]/h_depression_grp[1]/h_hands_shake,134,2309
consent_grp[1]/section_h[1]/h_depression_grp[1]/h_nervous,134,2309
consent_grp[1]/section_h[1]/h_depression_grp[1]/h_digestion,134,2309
consent_grp[1]/section_h[1]/h_depression_grp[1]/h_thinking,134,2309
consent_grp[1]/section_h[1]/h_depression_grp[1]/h_unhappy,134,2309
consent_grp[1]/section_h[1]/h_depression_grp[1]/h_cry,134,2309
consent_grp[1]/section_h[1]/h_depression_grp[1]/h_activities,134,2309
consent_grp[1]/section_h[1]/h_depression_grp[1]/h_decisions,134,2309
consent_grp[1]/section_h[1]/h_depression_grp[1]/h_daily_work,134,2309
consent_grp[1]/section_h[1]/h_depression_grp[1]/h_life,134,2309
consent_grp[1]/section_h[1]/h_depression_grp[1]/h_interest,134,2309
consent_grp[1]/section_h[1]/h_depression_grp[1]/h_worthless,134,2309
consent_grp[1]/section_h[1]/h_depression_grp[1]/h_end_life,134,2309
consent_grp[1]/section_h[1]/h_depression_grp[1]/h_tired,134,2309
consent_grp[1]/section_h[1]/h_depression_grp[1]/h_uncomfortable,134,2309
consent_grp[1]/section_h[1]/h_depression_grp[1]/h_easily_tired,134,2309
consent_grp[1]/section_h[1]/sec_h_ext_contr_note,5,2443
consent_grp[1]/section_h[1]/h_ext_control_grp[1]/h_ext_cont_note,4,2449
consent_grp[1]/section_h[1]/h_ext_control_grp[1]/h_pup_learn,42,2452
consent_grp[1]/section_h[1]/h_ext_control_grp[1]/h_discipline,17,2494
consent_grp[1]/section_h[1]/h_ext_control_grp[1]/h_stu_achieve,13,2511
consent_grp[1]/section_h[1]/h_ext_control_grp[1]/h_teach_motiv,32,2524
consent_grp[1]/section_h[1]/h_ext_control_grp[1]/h_good_teach,16,2556
consent_grp[1]/section_h[1]/sec_h_motiv_note,2,2573
consent_grp[1]/section_h[1]/h_motiv_grp[1]/h_motiv_note,2,2575
consent_grp[1]/section_h[1]/h_motiv_grp[1]/h_motiv_help,20,2577
consent_grp[1]/section_h[1]/h_motiv_grp[1]/h_quest_school,52,2596
consent_grp[1]/section_h[1]/h_motiv_grp[1]/h_help_child,15,2648
consent_grp[1]/section_h[1]/h_motiv_grp[1]/h_sch_goal,14,2664
consent_grp[1]/section_h[1]/h_motiv_grp[1]/h_help_emot,15,2678
consent_grp[1]/section_h[1]/h_motiv_grp[1]/h_enjoy_teach,6,2693
consent_grp[1]/section_h[1]/h_motiv_grp[1]/h_develop_society,10,2698
consent_grp[1]/section_h[1]/h_motiv_grp[1]/h_develop_socially,9,2709
consent_grp[1]/section_h[1]/h_motiv_grp[1]/h_perso_clear,16,2718
consent_grp[1]/section_h[1]/h_impor_thing,44,2734
consent_grp[1]/section_h[1]/h_job_satisfaction_grp[1]/h_job_satis_note,8,2778
consent_grp[1]/section_h[1]/h_job_satisfaction_grp[1]/h_look_out,34,2786
consent_grp[1]/section_h[1]/h_job_satisfaction_grp[1]/h_perso_worries,11,2820
consent_grp[1]/section_h[1]/h_job_satisfaction_grp[1]/h_know_col,57,2831
consent_grp[1]/section_h[1]/h_job_satisfaction_grp[1]/h_col_coop,15,2888
consent_grp[1]/section_h[1]/h_job_satisfaction_grp[1]/h_trust_col,7,2902
consent_grp[1]/section_h[1]/h_job_satisfaction_grp[1]/h_enjoy_col,6,2910
consent_grp[1]/section_h[1]/h_job_satisfaction_grp[1]/h_sup_respect,7,2915
consent_grp[1]/section_h[1]/h_job_satisfaction_grp[1]/h_sup_busy,7,2922
consent_grp[1]/section_h[1]/h_job_satisfaction_grp[1]/h_sup_opinion,7,2929
consent_grp[1]/section_h[1]/h_job_satisfaction_grp[1]/h_count_sup,11,2936
consent_grp[1]/section_h[1]/h_job_satisfaction_grp[1]/h_motivated,10,2947
consent_grp[1]/section_h[1]/h_job_satisfaction_grp[1]/h_sup_unpredict,6,2958
consent_grp[1]/section_h[1]/h_job_satisfaction_grp[1]/h_wrk_challenge,15,2963
consent_grp[1]/section_h[1]/h_job_satisfaction_grp[1]/h_wrk_monotonous,24,2978
consent_grp[1]/section_h[1]/h_job_satisfaction_grp[1]/h_wrk_creative,8,3002
consent_grp[1]/section_h[1]/h_job_satisfaction_grp[1]/h_big_impact,8,3010
consent_grp[1]/section_h[1]/h_job_satisfaction_grp[1]/h_little_time,9,3018
consent_grp[1]/section_h[1]/h_job_satisfaction_grp[1]/h_control_satis,28,3027
consent_grp[1]/section_h[1]/h_job_satisfaction_grp[1]/h_look,11,3055
consent_grp[1]/section_h[1]/h_job_satisfaction_grp[1]/h_small_space,16,3065
consent_grp[1]/section_h[1]/h_job_satisfaction_grp[1]/h_new_mat,11,3080
consent_grp[1]/section_h[1]/h_job_satisfaction_grp[1]/h_clean_kinder,15,3092
consent_grp[1]/section_h[1]/h_job_satisfaction_grp[1]/h_loud_kinder,9,3107
consent_grp[1]/section_h[1]/h_job_satisfaction_grp[1]/h_kinder_rules,28,3116
consent_grp[1]/section_h[1]/h_job_satisfaction_grp[1]/h_satisfied_paid,11,3143
consent_grp[1]/section_h[1]/h_burnout_grp[1]/h_burnout_note,3,3154
consent_grp[1]/section_h[1]/h_burnout_grp[1]/h_emotion_drained,46,3157
consent_grp[1]/section_h[1]/h_burnout_grp[1]/h_used_up,18,3203
consent_grp[1]/section_h[1]/h_burnout_grp[1]/h_fatigued,15,3221
consent_grp[1]/section_h[1]/h_burnout_grp[1]/h_child_feel,14,3236
consent_grp[1]/section_h[1]/h_burnout_grp[1]/h_child_impersonal,10,3250
consent_grp[1]/section_h[1]/h_burnout_grp[1]/h_ppl_strain,32,3261
consent_grp[1]/section_h[1]/h_burnout_grp[1]/h_deal_effect,15,3292
consent_grp[1]/section_h[1]/h_burnout_grp[1]/h_burnout,16,3307
consent_grp[1]/section_h[1]/h_burnout_grp[1]/h_pos_influence,23,3323
consent_grp[1]/section_h[1]/h_burnout_grp[1]/h_cold,29,3346
consent_grp[1]/section_h[1]/h_burnout_grp[1]/h_hard,11,3375
consent_grp[1]/section_h[1]/h_burnout_grp[1]/h_energetic,8,3385
consent_grp[1]/section_h[1]/h_burnout_grp[1]/h_frustrated,9,3393
consent_grp[1]/section_h[1]/h_burnout_grp[1]/h_work_hard,14,3403
consent_grp[1]/section_h[1]/h_burnout_grp[1]/h_dont_care,9,3417
consent_grp[1]/section_h[1]/h_burnout_grp[1]/h_put_pressure,8,3426
consent_grp[1]/section_h[1]/h_burnout_grp[1]/h_relax,11,3434
consent_grp[1]/section_h[1]/h_burnout_grp[1]/h_excited,8,3445
consent_grp[1]/section_h[1]/h_burnout_grp[1]/h_accomplished,10,3453
consent_grp[1]/section_h[1]/h_burnout_grp[1]/h_end_of_rop,7,3463
consent_grp[1]/section_h[1]/h_burnout_grp[1]/h_emot_pro_calm,9,3469
consent_grp[1]/i_teacher_knowledge_grp[1]/I_teach_know_note,2,3478
consent_grp[1]/i_teacher_knowledge_grp[1]/i_consonance,107,3480
consent_grp[1]/i_teacher_knowledge_grp[1]/i_vowel,16,3586
consent_grp[1]/i_teacher_knowledge_grp[1]/i_unbelievable,33,3602
consent_grp[1]/i_teacher_knowledge_grp[1]/i_irregular,17,3636
consent_grp[1]/i_teacher_knowledge_grp[1]/i_cat,41,3652
consent_grp[1]/i_teacher_knowledge_grp[1]/i_cough,30,3694
consent_grp[1]/i_teacher_knowledge_grp[1]/i_check,17,3724
consent_grp[1]/i_teacher_knowledge_grp[1]/i_english,32,3741
consent_grp[1]/j_perception_grp[1]/j_perception_note,9,3773
consent_grp[1]/j_perception_grp[1]/j_dev_practice_grp[1]/j_dev_practice_note,26,3780
consent_grp[1]/j_perception_grp[1]/j_dev_practice_grp[1]/j_child_need,46,3787
consent_grp[1]/j_perception_grp[1]/j_dev_practice_grp[1]/j_recog_letter,11,3854
consent_grp[1]/j_perception_grp[1]/j_dev_practice_grp[1]/j_recog_number,8,3865
consent_grp[1]/j_perception_grp[1]/j_dev_practice_grp[1]/j_recog_colour,9,3872
consent_grp[1]/j_perception_grp[1]/j_dev_practice_grp[1]/j_indiv_goal,13,3881
consent_grp[1]/j_perception_grp[1]/j_dev_practice_grp[1]/j_play_materials,8,3894
consent_grp[1]/j_perception_grp[1]/j_dev_practice_grp[1]/j_child_measure,10,3902
consent_grp[1]/j_perception_grp[1]/j_supp_chil_grp[1]/j_supp_chil_note,4,3912
consent_grp[1]/j_perception_grp[1]/j_supp_chil_grp[1]/j_build_relation,8,3917
consent_grp[1]/j_perception_grp[1]/j_supp_chil_grp[1]/j_control_behaviour,6,3925
consent_grp[1]/j_perception_grp[1]/j_supp_chil_grp[1]/j_express_thought,11,3931
consent_grp[1]/j_perception_grp[1]/j_supp_chil_grp[1]/j_resolve_conflicts,11,3942
consent_grp[1]/j_perception_grp[1]/j_supp_chil_grp[1]/j_guidance_style,33,3953
consent_grp[1]/j_perception_grp[1]/j_fam_sensitive_grp[1]/j_fam_sensitive_note,98,3986
consent_grp[1]/j_perception_grp[1]/j_fam_sensitive_grp[1]/j_parent_goal,98,3986
consent_grp[1]/j_perception_grp[1]/j_fam_sensitive_grp[1]/j_work_schedule,98,3986
consent_grp[1]/j_perception_grp[1]/j_fam_sensitive_grp[1]/j_fam_decision,98,3986
consent_grp[1]/j_perception_grp[1]/j_fam_sensitive_grp[1]/j_family_care,98,3986
consent_grp[1]/j_perception_grp[1]/j_fam_sensitive_grp[1]/j_connect_family,98,3986
consent_grp[1]/k_grp[1]/k_instro_note,150,4082
consent_grp[1]/k_grp[1]/k_ts_grp[1]/tmp_k_labels,152,4087
consent_grp[1]/k_grp[1]/k_ts_grp[1]/k_take_priviledges,152,4087
consent_grp[1]/k_grp[1]/k_ts_grp[1]/k_explain_behavior,152,4087
consent_grp[1]/k_grp[1]/k_ts_grp[1]/k_shook,152,4087
consent_grp[1]/k_grp[1]/k_ts_grp[1]/k_shouted,152,4087
consent_grp[1]/k_grp[1]/k_ts_grp[1]/k_gave_something,152,4087
consent_grp[1]/k_grp[1]/k_ts_grp[1]/k_spanked,152,4087
consent_grp[1]/k_grp[1]/k_ts_grp[1]/k_hit_bottom,152,4087
consent_grp[1]/k_grp[1]/k_ts_grp[1]/k_call_dumb,152,4087
consent_grp[1]/k_grp[1]/k_ts_grp[1]/k_hit_face,152,4087
consent_grp[1]/k_grp[1]/k_ts_grp[1]/k_praised,152,4087
consent_grp[1]/k_grp[1]/k_ts_grp[1]/k_affection,152,4087
consent_grp[1]/k_grp[1]/k_ts_grp[1]/k_rewarded,152,4087
consent_grp[1]/l_teaching_prac_grp[1]/l_note,1,4386
consent_grp[1]/l_teaching_prac_grp[1]/l_previos_kinder_act[1]/tmp_l_prac_lab,71,4387
consent_grp[1]/l_teaching_prac_grp[1]/l_previos_kinder_act[1]/l_hygiene_routine,71,4387
consent_grp[1]/l_teaching_prac_grp[1]/l_previos_kinder_act[1]/l_supply,71,4387
consent_grp[1]/l_teaching_prac_grp[1]/l_previos_kinder_act[1]/l_pamper,71,4387
consent_grp[1]/l_teaching_prac_grp[1]/l_previos_kinder_act[1]/l_read,71,4387
consent_grp[1]/l_teaching_prac_grp[1]/l_previos_kinder_act[1]/l_tell,71,4387
consent_grp[1]/l_teaching_prac_grp[1]/l_previos_kinder_act[1]/l_conversatin,71,4387
consent_grp[1]/l_teaching_prac_grp[1]/l_previos_kinder_act[1]/l_sing,71,4387
consent_grp[1]/l_teaching_prac_grp[1]/l_previos_kinder_act[1]/l_dance,71,4387
consent_grp[1]/l_teaching_prac_grp[1]/l_previos_kinder_act[1]/l_visit,71,4387
consent_grp[1]/l_teaching_prac_grp[1]/l_previos_kinder_act[1]/l_play_kg,71,4387
consent_grp[1]/l_teaching_prac_grp[1]/l_previos_kinder_act[1]/l_play_recrea,71,4387
consent_grp[1]/l_teaching_prac_grp[1]/l_previos_kinder_act[1]/l_sleep,71,4387
consent_grp[1]/l_teaching_prac_grp[1]/l_previos_kinder_act[1]/l_run,71,4387
consent_grp[1]/l_teaching_prac_grp[1]/l_previos_kinder_act[1]/l_group_learn,71,4387
consent_grp[1]/l_teaching_prac_grp[1]/l_previos_kinder_act[1]/l_indiv_learn,71,4387
consent_grp[1]/l_teaching_prac_grp[1]/l_class_acti_grp[1]/l_act_grp[1]/tmp_l_class_lab,65,4458
consent_grp[1]/l_teaching_prac_grp[1]/l_class_acti_grp[1]/l_act_grp[1]/l_teach_colour,65,4458
consent_grp[1]/l_teaching_prac_grp[1]/l_class_acti_grp[1]/l_act_grp[1]/l_teach_number,65,4458
consent_grp[1]/l_teaching_prac_grp[1]/l_class_acti_grp[1]/l_act_grp[1]/l_teach_letter,65,4458
consent_grp[1]/l_teaching_prac_grp[1]/l_class_acti_grp[1]/l_act_grp[1]/l_teach_form,65,4458
consent_grp[1]/l_teaching_prac_grp[1]/l_class_acti_grp[1]/l_act_grp[1]/l_socialise,65,4458
consent_grp[1]/l_teaching_prac_grp[1]/l_class_acti_grp[1]/l_act_grp[1]/l_pro_solve,65,4458
consent_grp[1]/l_teaching_prac_grp[1]/l_class_acti_grp[1]/l_act_grp[1]/l_writing,65,4458
consent_grp[1]/l_teaching_prac_grp[1]/l_class_acti_grp[1]/l_act_grp[1]/l_teach_body,65,4458
consent_grp[1]/l_teaching_prac_grp[1]/l_class_acti_grp[1]/l_act_grp[1]/l_pers_hygiene,65,4458
consent_grp[1]/l_teaching_prac_grp[1]/l_class_acti_grp[1]/l_act_grp[1]/l_art_expre,65,4458
consent_grp[1]/l_teaching_prac_grp[1]/l_class_acti_grp[1]/l_act_grp[1]/l_body_lang,65,4458
consent_grp[1]/l_teaching_prac_grp[1]/l_class_acti_grp[1]/l_act_grp[1]/l_concentration,65,4458
consent_grp[1]/l_teaching_prac_grp[1]/l_class_acti_grp[1]/l_act_grp[1]/l_gross_motor,65,4458
consent_grp[1]/l_teaching_prac_grp[1]/l_class_acti_grp[1]/l_act_grp[1]/l_fine_motor,65,4458
consent_grp[1]/l_teaching_prac_grp[1]/l_class_acti_grp[1]/l_act_grp[1]/l_gender,65,4458
consent_grp[1]/l_teaching_prac_grp[1]/l_class_acti_grp[1]/l_act_grp[1]/l_responsibility,65,4458
consent_grp[1]/l_teaching_prac_grp[1]/l_class_acti_grp[1]/l_act_grp[1]/l_speech,65,4458
consent_grp[1]/l_teaching_prac_grp[1]/l_class_acti_grp[1]/l_act_grp[1]/l_explore_comm,65,4458
consent_grp[1]/l_teaching_prac_grp[1]/l_class_acti_grp[1]/l_act_grp[1]/l_explore_culture,65,4458
consent_grp[1]/l_teaching_prac_grp[1]/l_parent_interact_note,1,4523
consent_grp[1]/l_teaching_prac_grp[1]/l_actively_engaged,34,4524
consent_grp[1]/l_teaching_prac_grp[1]/l_proportion_child,32,4555
consent_grp[1]/l_teaching_prac_grp[1]/l_proportion_child_more,22,4580
consent_grp[1]/l_teaching_prac_grp[1]/l_visit_pupil_house,31,4611
consent_grp[1]/l_teaching_prac_grp[1]/l_visit_parent_house,19,4642
consent_grp[1]/l_teaching_prac_grp[1]/l_receive_parent_supp,18,4661
consent_grp[1]/l_teaching_prac_grp[1]/l_day_teaching_note,14,4680
consent_grp[1]/l_teaching_prac_grp[1]/l_day_grp[1]/tmp_l_labs,57,4682
consent_grp[1]/l_teaching_prac_grp[1]/l_day_grp[1]/l_daily_schedule,57,4682
consent_grp[1]/l_teaching_prac_grp[1]/l_day_grp[1]/l_play_period,57,4682
consent_grp[1]/l_teaching_prac_grp[1]/l_day_grp[1]/l_free_play,57,4682
consent_grp[1]/l_teaching_prac_grp[1]/l_day_grp[1]/l_activities,57,4682
consent_grp[1]/l_teaching_prac_grp[1]/l_per_daily_grp[1]/l_perc_note,275,4749
consent_grp[1]/l_teaching_prac_grp[1]/l_per_daily_grp[1]/l_admin_per,275,4749
consent_grp[1]/l_teaching_prac_grp[1]/l_per_daily_grp[1]/l_class_per,275,4749
consent_grp[1]/l_teaching_prac_grp[1]/l_per_daily_grp[1]/l_teach_per,275,4749
consent_grp[1]/l_teaching_prac_grp[1]/l_per_daily_grp[1]/l_super_per,275,4749
consent_grp[1]/l_teaching_prac_grp[1]/l_per_daily_grp[1]/l_super_oth_per,275,4749
consent_grp[1]/l_teaching_prac_grp[1]/l_per_daily_grp[1]/l_break_per,275,4749
consent_grp[1]/l_teaching_prac_grp[1]/l_discipline_note,5,5025
consent_grp[1]/l_teaching_prac_grp[1]/l_dont_like,72,5030
consent_grp[1]/l_teaching_prac_grp[1]/l_really_bad,44,5101
consent_grp[1]/l_teaching_prac_grp[1]/l_does_good,27,5145
consent_grp[1]/l_teaching_prac_grp[1]/l_praise,31,5172
consent_grp[1]/q_note,27,5193
consent_grp[1]/q_activ_yn,13,5230
s_int_accom_yn,6,5244
s_int_accom,3,5250
comments,38,5252
