Field name,Total duration (seconds),First appeared (seconds into survey)
instruction,3,22
a_district_id,6,24
a_circuit_id,12,30
a_kg_id,16,42
a_community_id,4,58
a_enum_id,5,63
consent_note,10,68
con_understand,23,77
con_questions,4,100
con_written,10,104
consent_grp[1]/audio_consent,2,113
consent_grp[1]/d_background_note,2,116
consent_grp[1]/section_d[1]/kgt_key,25,117
consent_grp[1]/section_d[1]/kgt_name_gp[1]/kgt_fsn,100,142
consent_grp[1]/section_d[1]/kgt_name_gp[1]/kgt_msn,100,142
consent_grp[1]/section_d[1]/kgt_name_gp[1]/kgt_lsn,100,142
consent_grp[1]/section_d[1]/kgt_name_gp[1]/kgt_ppn,100,142
consent_grp[1]/section_d[1]/kgt_name_gp[1]/d_sex,100,142
consent_grp[1]/section_d[1]/kgt_confirm_note,19,228
consent_grp[1]/section_d[1]/d_num_cnt,9,262
consent_grp[1]/section_d[1]/d_cnt_grp[1]/d_cnt_main,20,270
consent_grp[1]/section_d[1]/d_cnt_grp[1]/d_cnt_sec,20,270
consent_grp[1]/section_d[1]/d_age,7,290
consent_grp[1]/section_d[1]/d_teacher_grp[1]/d_been_teacher,58,297
consent_grp[1]/section_d[1]/d_teacher_grp[1]/d_teacher_year,58,297
consent_grp[1]/section_d[1]/d_teacher_grp[1]/d_teacher_month,58,297
consent_grp[1]/section_d[1]/d_been_kinder_grp[1]/d_been_kinder,24,336
consent_grp[1]/section_d[1]/d_been_kinder_grp[1]/d_kinder_year,24,336
consent_grp[1]/section_d[1]/d_been_kinder_grp[1]/d_kinder_month,24,336
consent_grp[1]/section_d[1]/d_work_last,15,379
consent_grp[1]/section_d[1]/d_os_yn,10,394
consent_grp[1]/section_d[1]/d_os_grp[1]/d_os_name,46,405
consent_grp[1]/section_d[1]/d_os_grp[1]/d_os_region,46,405
consent_grp[1]/section_d[1]/d_os_district,12,450
consent_grp[1]/section_d[1]/d_os_comm,19,463
consent_grp[1]/section_d[1]/d_edu_level,18,482
consent_grp[1]/section_d[1]/d_edu_train,22,499
consent_grp[1]/section_d[1]/d_edu_level_fath,9,521
consent_grp[1]/section_d[1]/d_edu_level_mom,4,530
consent_grp[1]/section_d[1]/d_marital_status,6,534
consent_grp[1]/section_d[1]/d_ethnic_group,12,540
consent_grp[1]/section_d[1]/d_religion,5,552
consent_grp[1]/section_d[1]/d_la_spk_grp[1]/d_la_spk_note,45,557
consent_grp[1]/section_d[1]/d_la_spk_grp[1]/d_la_spk_eng,45,557
consent_grp[1]/section_d[1]/d_la_spk_grp[1]/d_la_spk_dagb,45,557
consent_grp[1]/section_d[1]/d_la_wrt_grp[1]/d_la_wrt_note,20,602
consent_grp[1]/section_d[1]/d_la_wrt_grp[1]/d_la_wrt_eng,20,602
consent_grp[1]/section_d[1]/d_la_wrt_grp[1]/d_la_wrt_dagb,20,602
consent_grp[1]/section_d[1]/d_main_language,13,622
consent_grp[1]/section_d[1]/d_loc_lang_kinderg,9,634
consent_grp[1]/e_rel_grp[1]/e_hh_note,1,643
consent_grp[1]/e_rel_grp[1]/e_hh_num,18,645
consent_grp[1]/e_rel_grp[1]/e_hh_grp[1]/e_hh_head,52,663
consent_grp[1]/e_rel_grp[1]/e_hh_grp[1]/e_chil_hh,52,663
consent_grp[1]/e_rel_grp[1]/e_hh_grp[1]/e_adult_hh,52,663
consent_grp[1]/e_rel_grp[1]/e_hh_school,16,714
consent_grp[1]/e_rel_grp[1]/e_read_english,8,730
consent_grp[1]/e_rel_grp[1]/e_rate_health,13,738
consent_grp[1]/e_rel_grp[1]/e_live_note,1,751
consent_grp[1]/e_rel_grp[1]/e_rooms_occu,14,752
consent_grp[1]/e_rel_grp[1]/e_own_status,9,766
consent_grp[1]/e_rel_grp[1]/e_electricity_inhouse,5,774
consent_grp[1]/e_rel_grp[1]/e_floor_material,12,780
consent_grp[1]/e_rel_grp[1]/e_interior_floor,8,792
consent_grp[1]/e_rel_grp[1]/e_roof_mat,5,800
consent_grp[1]/e_rel_grp[1]/e_cook_fuel,6,804
consent_grp[1]/e_rel_grp[1]/e_lighting,8,811
consent_grp[1]/e_rel_grp[1]/e_drink_source,7,818
consent_grp[1]/e_rel_grp[1]/e_toilet_facility,16,825
consent_grp[1]/e_rel_grp[1]/e_asset_note,3,841
consent_grp[1]/e_rel_grp[1]/e_hh_own_phone,14,844
consent_grp[1]/e_rel_grp[1]/e_hh_ass_grp[1]/tmp_e_hh_ass_lab,78,858
consent_grp[1]/e_rel_grp[1]/e_hh_ass_grp[1]/e_hh_ass_radio,78,858
consent_grp[1]/e_rel_grp[1]/e_hh_ass_grp[1]/e_hh_ass_refrig,78,858
consent_grp[1]/e_rel_grp[1]/e_hh_ass_grp[1]/e_hh_ass_bike,78,858
consent_grp[1]/e_rel_grp[1]/e_hh_ass_grp[1]/e_hh_ass_tv,78,858
consent_grp[1]/e_rel_grp[1]/e_hh_ass_grp[1]/e_hh_ass_vcr,78,858
consent_grp[1]/e_rel_grp[1]/e_hh_ass_grp[1]/e_hh_ass_motor,78,858
consent_grp[1]/e_rel_grp[1]/e_hh_ass_grp[1]/e_hh_ass_car,78,858
consent_grp[1]/e_rel_grp[1]/e_hh_ass_grp[1]/e_hh_ass_tractor,78,858
consent_grp[1]/e_rel_grp[1]/e_hh_ass_grp[1]/e_hh_ass_farm_equip,78,858
consent_grp[1]/e_rel_grp[1]/e_hh_ass_grp[1]/e_hh_ass_sew_mach,78,858
consent_grp[1]/e_rel_grp[1]/e_hh_ass_grp[1]/e_hh_ass_bed,78,858
consent_grp[1]/e_rel_grp[1]/e_hh_ass_grp[1]/e_hh_ass_mattress,78,858
consent_grp[1]/e_rel_grp[1]/e_hh_ass_grp[1]/e_hh_ass_table_chair,78,858
consent_grp[1]/e_rel_grp[1]/e_hh_ass_grp[1]/e_hh_ass_stool,78,858
consent_grp[1]/e_rel_grp[1]/e_hh_ass_grp[1]/e_hh_ass_sofa,78,858
consent_grp[1]/e_rel_grp[1]/e_hh_ass_grp[1]/e_hh_ass_fan,78,858
consent_grp[1]/e_rel_grp[1]/e_hh_ass_grp[1]/e_hh_ass_lamp,78,858
consent_grp[1]/e_rel_grp[1]/e_hh_ass_grp[1]/e_hh_ass_watch,78,858
consent_grp[1]/e_rel_grp[1]/e_hh_ass_grp[1]/e_hh_ass_mat,78,858
consent_grp[1]/e_rel_grp[1]/e_hh_ass_grp[1]/e_hh_ass_torch,78,858
consent_grp[1]/e_rel_grp[1]/e_hh_ass_grp[1]/e_hh_ass_cabinet,78,858
consent_grp[1]/e_rel_grp[1]/e_hh_ass_grp[1]/e_hh_ass_pot,78,858
consent_grp[1]/e_rel_grp[1]/e_hh_ass_grp[1]/e_hh_ass_itn,78,858
consent_grp[1]/e_rel_grp[1]/e_hh_ass_grp[1]/e_hh_ass_iron_elec,78,858
consent_grp[1]/e_rel_grp[1]/e_hh_ass_grp[1]/e_hh_ass_iron_coal,78,858
consent_grp[1]/e_rel_grp[1]/e_hh_ass_grp[1]/e_hh_ass_iron_gas,78,858
consent_grp[1]/f_rel_grp[1]/f_comm_note,2,936
consent_grp[1]/f_rel_grp[1]/section_f[1]/f_born_comm,10,938
consent_grp[1]/f_rel_grp[1]/section_f[1]/f_school_loc,26,948
consent_grp[1]/f_rel_grp[1]/section_f[1]/f_lived_bef_teach,9,974
consent_grp[1]/f_rel_grp[1]/section_f[1]/f_lived_grp[1]/f_lived_comm,30,983
consent_grp[1]/f_rel_grp[1]/section_f[1]/f_lived_grp[1]/f_lived_comm_year,30,983
consent_grp[1]/f_rel_grp[1]/section_f[1]/f_lived_grp[1]/f_lived_comm_month,30,983
consent_grp[1]/f_rel_grp[1]/section_f[1]/f_fam_lived,41,1014
consent_grp[1]/f_rel_grp[1]/section_f[1]/f_emot_support,14,1055
consent_grp[1]/f_rel_grp[1]/section_f[1]/f_emot_support_num,9,1069
consent_grp[1]/f_rel_grp[1]/section_f[1]/f_lend_money,26,1078
consent_grp[1]/f_rel_grp[1]/section_f[1]/f_borrow_money,7,1103
consent_grp[1]/f_rel_grp[1]/section_f[1]/f_rel_live_nearby,11,1110
consent_grp[1]/f_rel_grp[1]/section_f[1]/f_part_comm,10,1122
consent_grp[1]/f_rel_grp[1]/section_f[1]/f_main_trans,8,1132
consent_grp[1]/f_rel_grp[1]/section_f[1]/f_min_get_sch_grp[1]/f_min_get_note,16,1139
consent_grp[1]/f_rel_grp[1]/section_f[1]/f_min_get_sch_grp[1]/f_h_get_school,16,1139
consent_grp[1]/f_rel_grp[1]/section_f[1]/f_min_get_sch_grp[1]/f_m_get_school,16,1139
consent_grp[1]/g_nature_wrk_note,3,1156
consent_grp[1]/section_g[1]/g_teach_pos,9,1158
consent_grp[1]/section_g[1]/g_teach_school,9,1167
consent_grp[1]/section_g[1]/g_kg_grade,8,1176
consent_grp[1]/section_g[1]/g_class_grp[1]/g_children_note,11,1184
consent_grp[1]/section_g[1]/g_class_grp[1]/g_kg_2,11,1184
consent_grp[1]/section_g[1]/g_ah_grp[1]/g_ah_note,72,1195
consent_grp[1]/section_g[1]/g_ah_grp[1]/g_ah_working,72,1195
consent_grp[1]/section_g[1]/g_ah_grp[1]/g_ah_prepping,72,1195
consent_grp[1]/section_g[1]/g_eh_grp[1]/g_eh_note,38,1268
consent_grp[1]/section_g[1]/g_eh_grp[1]/g_eh_working,38,1268
consent_grp[1]/section_g[1]/g_eh_grp[1]/g_eh_prepping,38,1268
consent_grp[1]/section_g[1]/g_teach_salary,31,1306
consent_grp[1]/section_g[1]/g_salary_freq,7,1337
consent_grp[1]/section_g[1]/g_salary_intime,11,1344
consent_grp[1]/section_g[1]/g_money_cmp,13,1354
consent_grp[1]/section_g[1]/g_job_outside,12,1367
consent_grp[1]/section_g[1]/g_extra_money_spec,8,1378
consent_grp[1]/section_g[1]/g_sch_pro_grp[1]/tmp_g_sch_pro_lab,129,1387
consent_grp[1]/section_g[1]/g_sch_pro_grp[1]/g_class,129,1387
consent_grp[1]/section_g[1]/g_sch_pro_grp[1]/g_class_taught,129,1387
consent_grp[1]/section_g[1]/g_sch_pro_grp[1]/g_fin_resource,129,1387
consent_grp[1]/section_g[1]/g_sch_pro_grp[1]/g_high_expe,129,1387
consent_grp[1]/section_g[1]/g_sch_pro_grp[1]/g_change_curri,129,1387
consent_grp[1]/section_g[1]/g_sch_pro_grp[1]/g_diff_curri,129,1387
consent_grp[1]/section_g[1]/g_sch_pro_grp[1]/g_easy_curri,129,1387
consent_grp[1]/section_g[1]/g_sch_pro_grp[1]/g_par_dem_high,129,1387
consent_grp[1]/section_g[1]/g_sch_pro_grp[1]/g_par_suff_interest,129,1387
consent_grp[1]/section_g[1]/g_sch_pro_grp[1]/g_par_suff_active,129,1387
consent_grp[1]/section_g[1]/g_par_supp_grp[1]/g_par_supp_note,20,1516
consent_grp[1]/section_g[1]/g_par_supp_grp[1]/g_home_wrk,16,1534
consent_grp[1]/section_g[1]/g_par_supp_grp[1]/g_behave_val,20,1551
consent_grp[1]/section_g[1]/g_par_supp_grp[1]/g_get_schl,14,1571
consent_grp[1]/section_g[1]/g_par_supp_grp[1]/g_visit_schl,7,1585
consent_grp[1]/section_g[1]/g_par_supp_grp[1]/g_show_respect,8,1592
consent_grp[1]/section_g[1]/g_par_supp_grp[1]/g_best_schl,10,1601
consent_grp[1]/section_g[1]/g_par_supp_grp[1]/g_parti_pta,10,1610
consent_grp[1]/section_g[1]/g_par_supp_grp[1]/g_cont_kg_act,10,1620
consent_grp[1]/section_g[1]/g_lead_respect,13,1630
consent_grp[1]/section_g[1]/g_val_citizen,11,1643
consent_grp[1]/section_h[1]/sec_h_depre_note,10,1653
consent_grp[1]/section_h[1]/h_depression_grp[1]/h_da_note,113,1656
consent_grp[1]/section_h[1]/h_depression_grp[1]/tmp_h_da_lab,113,1656
consent_grp[1]/section_h[1]/h_depression_grp[1]/h_headache,113,1656
consent_grp[1]/section_h[1]/h_depression_grp[1]/h_appetite,113,1656
consent_grp[1]/section_h[1]/h_depression_grp[1]/h_sleep,113,1656
consent_grp[1]/section_h[1]/h_depression_grp[1]/h_frightened,113,1656
consent_grp[1]/section_h[1]/h_depression_grp[1]/h_hands_shake,113,1656
consent_grp[1]/section_h[1]/h_depression_grp[1]/h_nervous,113,1656
consent_grp[1]/section_h[1]/h_depression_grp[1]/h_digestion,113,1656
consent_grp[1]/section_h[1]/h_depression_grp[1]/h_thinking,113,1656
consent_grp[1]/section_h[1]/h_depression_grp[1]/h_unhappy,113,1656
consent_grp[1]/section_h[1]/h_depression_grp[1]/h_cry,113,1656
consent_grp[1]/section_h[1]/h_depression_grp[1]/h_activities,113,1656
consent_grp[1]/section_h[1]/h_depression_grp[1]/h_decisions,113,1656
consent_grp[1]/section_h[1]/h_depression_grp[1]/h_daily_work,113,1656
consent_grp[1]/section_h[1]/h_depression_grp[1]/h_life,113,1656
consent_grp[1]/section_h[1]/h_depression_grp[1]/h_interest,113,1656
consent_grp[1]/section_h[1]/h_depression_grp[1]/h_worthless,113,1656
consent_grp[1]/section_h[1]/h_depression_grp[1]/h_end_life,113,1656
consent_grp[1]/section_h[1]/h_depression_grp[1]/h_tired,113,1656
consent_grp[1]/section_h[1]/h_depression_grp[1]/h_uncomfortable,113,1656
consent_grp[1]/section_h[1]/h_depression_grp[1]/h_easily_tired,113,1656
consent_grp[1]/section_h[1]/sec_h_ext_contr_note,123,1776
consent_grp[1]/section_h[1]/h_ext_control_grp[1]/h_ext_cont_note,3,1900
consent_grp[1]/section_h[1]/h_ext_control_grp[1]/h_pup_learn,41,1903
consent_grp[1]/section_h[1]/h_ext_control_grp[1]/h_discipline,15,1944
consent_grp[1]/section_h[1]/h_ext_control_grp[1]/h_stu_achieve,18,1959
consent_grp[1]/section_h[1]/h_ext_control_grp[1]/h_teach_motiv,15,1976
consent_grp[1]/section_h[1]/h_ext_control_grp[1]/h_good_teach,29,1992
consent_grp[1]/section_h[1]/sec_h_motiv_note,2,2020
consent_grp[1]/section_h[1]/h_motiv_grp[1]/h_motiv_note,3,2022
consent_grp[1]/section_h[1]/h_motiv_grp[1]/h_motiv_help,15,2025
consent_grp[1]/section_h[1]/h_motiv_grp[1]/h_quest_school,13,2040
consent_grp[1]/section_h[1]/h_motiv_grp[1]/h_help_child,10,2052
consent_grp[1]/section_h[1]/h_motiv_grp[1]/h_sch_goal,9,2062
consent_grp[1]/section_h[1]/h_motiv_grp[1]/h_help_emot,10,2071
consent_grp[1]/section_h[1]/h_motiv_grp[1]/h_enjoy_teach,6,2080
consent_grp[1]/section_h[1]/h_motiv_grp[1]/h_develop_society,24,2086
consent_grp[1]/section_h[1]/h_motiv_grp[1]/h_develop_socially,8,2110
consent_grp[1]/section_h[1]/h_motiv_grp[1]/h_perso_clear,6,2118
consent_grp[1]/section_h[1]/h_impor_thing,29,2124
consent_grp[1]/section_h[1]/h_job_satisfaction_grp[1]/h_job_satis_note,2,2153
consent_grp[1]/section_h[1]/h_job_satisfaction_grp[1]/h_look_out,29,2155
consent_grp[1]/section_h[1]/h_job_satisfaction_grp[1]/h_perso_worries,9,2185
consent_grp[1]/section_h[1]/h_job_satisfaction_grp[1]/h_know_col,18,2194
consent_grp[1]/section_h[1]/h_job_satisfaction_grp[1]/h_col_coop,17,2211
consent_grp[1]/section_h[1]/h_job_satisfaction_grp[1]/h_trust_col,9,2229
consent_grp[1]/section_h[1]/h_job_satisfaction_grp[1]/h_enjoy_col,8,2238
consent_grp[1]/section_h[1]/h_job_satisfaction_grp[1]/h_sup_respect,8,2246
consent_grp[1]/section_h[1]/h_job_satisfaction_grp[1]/h_sup_busy,13,2255
consent_grp[1]/section_h[1]/h_job_satisfaction_grp[1]/h_sup_opinion,7,2267
consent_grp[1]/section_h[1]/h_job_satisfaction_grp[1]/h_count_sup,9,2274
consent_grp[1]/section_h[1]/h_job_satisfaction_grp[1]/h_motivated,11,2283
consent_grp[1]/section_h[1]/h_job_satisfaction_grp[1]/h_sup_unpredict,10,2294
consent_grp[1]/section_h[1]/h_job_satisfaction_grp[1]/h_wrk_challenge,12,2305
consent_grp[1]/section_h[1]/h_job_satisfaction_grp[1]/h_wrk_monotonous,13,2316
consent_grp[1]/section_h[1]/h_job_satisfaction_grp[1]/h_wrk_creative,8,2330
consent_grp[1]/section_h[1]/h_job_satisfaction_grp[1]/h_big_impact,7,2337
consent_grp[1]/section_h[1]/h_job_satisfaction_grp[1]/h_little_time,12,2344
consent_grp[1]/section_h[1]/h_job_satisfaction_grp[1]/h_control_satis,10,2356
consent_grp[1]/section_h[1]/h_job_satisfaction_grp[1]/h_look,13,2366
consent_grp[1]/section_h[1]/h_job_satisfaction_grp[1]/h_small_space,12,2379
consent_grp[1]/section_h[1]/h_job_satisfaction_grp[1]/h_new_mat,9,2391
consent_grp[1]/section_h[1]/h_job_satisfaction_grp[1]/h_clean_kinder,12,2401
consent_grp[1]/section_h[1]/h_job_satisfaction_grp[1]/h_loud_kinder,9,2413
consent_grp[1]/section_h[1]/h_job_satisfaction_grp[1]/h_kinder_rules,9,2421
consent_grp[1]/section_h[1]/h_job_satisfaction_grp[1]/h_satisfied_paid,9,2430
consent_grp[1]/section_h[1]/h_burnout_grp[1]/h_burnout_note,2,2440
consent_grp[1]/section_h[1]/h_burnout_grp[1]/h_emotion_drained,37,2441
consent_grp[1]/section_h[1]/h_burnout_grp[1]/h_used_up,15,2478
consent_grp[1]/section_h[1]/h_burnout_grp[1]/h_fatigued,17,2493
consent_grp[1]/section_h[1]/h_burnout_grp[1]/h_child_feel,12,2510
consent_grp[1]/section_h[1]/h_burnout_grp[1]/h_child_impersonal,18,2520
consent_grp[1]/section_h[1]/h_burnout_grp[1]/h_ppl_strain,9,2540
consent_grp[1]/section_h[1]/h_burnout_grp[1]/h_deal_effect,10,2549
consent_grp[1]/section_h[1]/h_burnout_grp[1]/h_burnout,16,2560
consent_grp[1]/section_h[1]/h_burnout_grp[1]/h_pos_influence,13,2575
consent_grp[1]/section_h[1]/h_burnout_grp[1]/h_cold,10,2589
consent_grp[1]/section_h[1]/h_burnout_grp[1]/h_hard,11,2599
consent_grp[1]/section_h[1]/h_burnout_grp[1]/h_energetic,13,2610
consent_grp[1]/section_h[1]/h_burnout_grp[1]/h_frustrated,8,2618
consent_grp[1]/section_h[1]/h_burnout_grp[1]/h_work_hard,16,2630
consent_grp[1]/section_h[1]/h_burnout_grp[1]/h_dont_care,11,2647
consent_grp[1]/section_h[1]/h_burnout_grp[1]/h_put_pressure,16,2658
consent_grp[1]/section_h[1]/h_burnout_grp[1]/h_relax,11,2673
consent_grp[1]/section_h[1]/h_burnout_grp[1]/h_excited,9,2684
consent_grp[1]/section_h[1]/h_burnout_grp[1]/h_accomplished,12,2693
consent_grp[1]/section_h[1]/h_burnout_grp[1]/h_end_of_rop,9,2705
consent_grp[1]/section_h[1]/h_burnout_grp[1]/h_emot_pro_calm,11,2714
consent_grp[1]/i_teacher_knowledge_grp[1]/I_teach_know_note,16,2725
consent_grp[1]/i_teacher_knowledge_grp[1]/i_consonance,55,2727
consent_grp[1]/i_teacher_knowledge_grp[1]/i_vowel,7,2796
consent_grp[1]/i_teacher_knowledge_grp[1]/i_unbelievable,16,2803
consent_grp[1]/i_teacher_knowledge_grp[1]/i_irregular,17,2819
consent_grp[1]/i_teacher_knowledge_grp[1]/i_cat,13,2836
consent_grp[1]/i_teacher_knowledge_grp[1]/i_cough,13,2846
consent_grp[1]/i_teacher_knowledge_grp[1]/i_check,10,2861
consent_grp[1]/i_teacher_knowledge_grp[1]/i_english,27,2871
consent_grp[1]/j_perception_grp[1]/j_perception_note,2,2897
consent_grp[1]/j_perception_grp[1]/j_dev_practice_grp[1]/j_dev_practice_note,22,2899
consent_grp[1]/j_perception_grp[1]/j_dev_practice_grp[1]/j_child_need,35,2916
consent_grp[1]/j_perception_grp[1]/j_dev_practice_grp[1]/j_recog_letter,8,2956
consent_grp[1]/j_perception_grp[1]/j_dev_practice_grp[1]/j_recog_number,8,2964
consent_grp[1]/j_perception_grp[1]/j_dev_practice_grp[1]/j_recog_colour,5,2971
consent_grp[1]/j_perception_grp[1]/j_dev_practice_grp[1]/j_indiv_goal,16,2977
consent_grp[1]/j_perception_grp[1]/j_dev_practice_grp[1]/j_play_materials,7,2993
consent_grp[1]/j_perception_grp[1]/j_dev_practice_grp[1]/j_child_measure,9,3000
consent_grp[1]/j_perception_grp[1]/j_supp_chil_grp[1]/j_supp_chil_note,8,3009
consent_grp[1]/j_perception_grp[1]/j_supp_chil_grp[1]/j_build_relation,10,3016
consent_grp[1]/j_perception_grp[1]/j_supp_chil_grp[1]/j_control_behaviour,6,3027
consent_grp[1]/j_perception_grp[1]/j_supp_chil_grp[1]/j_express_thought,8,3032
consent_grp[1]/j_perception_grp[1]/j_supp_chil_grp[1]/j_resolve_conflicts,13,3040
consent_grp[1]/j_perception_grp[1]/j_supp_chil_grp[1]/j_guidance_style,14,3053
consent_grp[1]/j_perception_grp[1]/j_fam_sensitive_grp[1]/j_fam_sensitive_note,53,3067
consent_grp[1]/j_perception_grp[1]/j_fam_sensitive_grp[1]/j_parent_goal,53,3067
consent_grp[1]/j_perception_grp[1]/j_fam_sensitive_grp[1]/j_work_schedule,53,3067
consent_grp[1]/j_perception_grp[1]/j_fam_sensitive_grp[1]/j_fam_decision,53,3067
consent_grp[1]/j_perception_grp[1]/j_fam_sensitive_grp[1]/j_family_care,53,3067
consent_grp[1]/j_perception_grp[1]/j_fam_sensitive_grp[1]/j_connect_family,53,3067
consent_grp[1]/k_grp[1]/k_instro_note,26,3120
consent_grp[1]/k_grp[1]/k_ts_grp[1]/tmp_k_labels,75,3122
consent_grp[1]/k_grp[1]/k_ts_grp[1]/k_take_priviledges,75,3122
consent_grp[1]/k_grp[1]/k_ts_grp[1]/k_explain_behavior,75,3122
consent_grp[1]/k_grp[1]/k_ts_grp[1]/k_shook,75,3122
consent_grp[1]/k_grp[1]/k_ts_grp[1]/k_shouted,75,3122
consent_grp[1]/k_grp[1]/k_ts_grp[1]/k_gave_something,75,3122
consent_grp[1]/k_grp[1]/k_ts_grp[1]/k_spanked,75,3122
consent_grp[1]/k_grp[1]/k_ts_grp[1]/k_hit_bottom,75,3122
consent_grp[1]/k_grp[1]/k_ts_grp[1]/k_call_dumb,75,3122
consent_grp[1]/k_grp[1]/k_ts_grp[1]/k_hit_face,75,3122
consent_grp[1]/k_grp[1]/k_ts_grp[1]/k_praised,75,3122
consent_grp[1]/k_grp[1]/k_ts_grp[1]/k_affection,75,3122
consent_grp[1]/k_grp[1]/k_ts_grp[1]/k_rewarded,75,3122
consent_grp[1]/l_teaching_prac_grp[1]/l_note,1,3221
consent_grp[1]/l_teaching_prac_grp[1]/l_previos_kinder_act[1]/tmp_l_prac_lab,77,3222
consent_grp[1]/l_teaching_prac_grp[1]/l_previos_kinder_act[1]/l_hygiene_routine,77,3222
consent_grp[1]/l_teaching_prac_grp[1]/l_previos_kinder_act[1]/l_supply,77,3222
consent_grp[1]/l_teaching_prac_grp[1]/l_previos_kinder_act[1]/l_pamper,77,3222
consent_grp[1]/l_teaching_prac_grp[1]/l_previos_kinder_act[1]/l_read,77,3222
consent_grp[1]/l_teaching_prac_grp[1]/l_previos_kinder_act[1]/l_tell,77,3222
consent_grp[1]/l_teaching_prac_grp[1]/l_previos_kinder_act[1]/l_conversatin,77,3222
consent_grp[1]/l_teaching_prac_grp[1]/l_previos_kinder_act[1]/l_sing,77,3222
consent_grp[1]/l_teaching_prac_grp[1]/l_previos_kinder_act[1]/l_dance,77,3222
consent_grp[1]/l_teaching_prac_grp[1]/l_previos_kinder_act[1]/l_visit,77,3222
consent_grp[1]/l_teaching_prac_grp[1]/l_previos_kinder_act[1]/l_play_kg,77,3222
consent_grp[1]/l_teaching_prac_grp[1]/l_previos_kinder_act[1]/l_play_recrea,77,3222
consent_grp[1]/l_teaching_prac_grp[1]/l_previos_kinder_act[1]/l_sleep,77,3222
consent_grp[1]/l_teaching_prac_grp[1]/l_previos_kinder_act[1]/l_run,77,3222
consent_grp[1]/l_teaching_prac_grp[1]/l_previos_kinder_act[1]/l_group_learn,77,3222
consent_grp[1]/l_teaching_prac_grp[1]/l_previos_kinder_act[1]/l_indiv_learn,77,3222
consent_grp[1]/l_teaching_prac_grp[1]/l_class_acti_grp[1]/l_act_grp[1]/tmp_l_class_lab,74,3299
consent_grp[1]/l_teaching_prac_grp[1]/l_class_acti_grp[1]/l_act_grp[1]/l_teach_colour,74,3299
consent_grp[1]/l_teaching_prac_grp[1]/l_class_acti_grp[1]/l_act_grp[1]/l_teach_number,74,3299
consent_grp[1]/l_teaching_prac_grp[1]/l_class_acti_grp[1]/l_act_grp[1]/l_teach_letter,74,3299
consent_grp[1]/l_teaching_prac_grp[1]/l_class_acti_grp[1]/l_act_grp[1]/l_teach_form,74,3299
consent_grp[1]/l_teaching_prac_grp[1]/l_class_acti_grp[1]/l_act_grp[1]/l_socialise,74,3299
consent_grp[1]/l_teaching_prac_grp[1]/l_class_acti_grp[1]/l_act_grp[1]/l_pro_solve,74,3299
consent_grp[1]/l_teaching_prac_grp[1]/l_class_acti_grp[1]/l_act_grp[1]/l_writing,74,3299
consent_grp[1]/l_teaching_prac_grp[1]/l_class_acti_grp[1]/l_act_grp[1]/l_teach_body,74,3299
consent_grp[1]/l_teaching_prac_grp[1]/l_class_acti_grp[1]/l_act_grp[1]/l_pers_hygiene,74,3299
consent_grp[1]/l_teaching_prac_grp[1]/l_class_acti_grp[1]/l_act_grp[1]/l_art_expre,74,3299
consent_grp[1]/l_teaching_prac_grp[1]/l_class_acti_grp[1]/l_act_grp[1]/l_body_lang,74,3299
consent_grp[1]/l_teaching_prac_grp[1]/l_class_acti_grp[1]/l_act_grp[1]/l_concentration,74,3299
consent_grp[1]/l_teaching_prac_grp[1]/l_class_acti_grp[1]/l_act_grp[1]/l_gross_motor,74,3299
consent_grp[1]/l_teaching_prac_grp[1]/l_class_acti_grp[1]/l_act_grp[1]/l_fine_motor,74,3299
consent_grp[1]/l_teaching_prac_grp[1]/l_class_acti_grp[1]/l_act_grp[1]/l_gender,74,3299
consent_grp[1]/l_teaching_prac_grp[1]/l_class_acti_grp[1]/l_act_grp[1]/l_responsibility,74,3299
consent_grp[1]/l_teaching_prac_grp[1]/l_class_acti_grp[1]/l_act_grp[1]/l_speech,74,3299
consent_grp[1]/l_teaching_prac_grp[1]/l_class_acti_grp[1]/l_act_grp[1]/l_explore_comm,74,3299
consent_grp[1]/l_teaching_prac_grp[1]/l_class_acti_grp[1]/l_act_grp[1]/l_explore_culture,74,3299
consent_grp[1]/l_teaching_prac_grp[1]/l_parent_interact_note,7,3373
consent_grp[1]/l_teaching_prac_grp[1]/l_actively_engaged,41,3377
consent_grp[1]/l_teaching_prac_grp[1]/l_proportion_child,17,3421
consent_grp[1]/l_teaching_prac_grp[1]/l_proportion_child_more,11,3437
consent_grp[1]/l_teaching_prac_grp[1]/l_visit_pupil_house,23,3448
consent_grp[1]/l_teaching_prac_grp[1]/l_visit_parent_house,22,3472
consent_grp[1]/l_teaching_prac_grp[1]/l_receive_parent_supp,23,3494
consent_grp[1]/l_teaching_prac_grp[1]/l_day_teaching_note,6,3516
consent_grp[1]/l_teaching_prac_grp[1]/l_day_grp[1]/tmp_l_labs,69,3523
consent_grp[1]/l_teaching_prac_grp[1]/l_day_grp[1]/l_daily_schedule,69,3523
consent_grp[1]/l_teaching_prac_grp[1]/l_day_grp[1]/l_play_period,69,3523
consent_grp[1]/l_teaching_prac_grp[1]/l_day_grp[1]/l_free_play,69,3523
consent_grp[1]/l_teaching_prac_grp[1]/l_day_grp[1]/l_activities,69,3523
consent_grp[1]/l_teaching_prac_grp[1]/l_per_daily_grp[1]/l_perc_note,189,3592
consent_grp[1]/l_teaching_prac_grp[1]/l_per_daily_grp[1]/l_admin_per,189,3592
consent_grp[1]/l_teaching_prac_grp[1]/l_per_daily_grp[1]/l_class_per,189,3592
consent_grp[1]/l_teaching_prac_grp[1]/l_per_daily_grp[1]/l_teach_per,189,3592
consent_grp[1]/l_teaching_prac_grp[1]/l_per_daily_grp[1]/l_super_per,189,3592
consent_grp[1]/l_teaching_prac_grp[1]/l_per_daily_grp[1]/l_super_oth_per,189,3592
consent_grp[1]/l_teaching_prac_grp[1]/l_per_daily_grp[1]/l_break_per,189,3592
consent_grp[1]/l_teaching_prac_grp[1]/l_discipline_note,15,3780
consent_grp[1]/l_teaching_prac_grp[1]/l_dont_like,45,3794
consent_grp[1]/l_teaching_prac_grp[1]/l_really_bad,21,3840
consent_grp[1]/l_teaching_prac_grp[1]/l_does_good,32,3862
consent_grp[1]/l_teaching_prac_grp[1]/l_praise,23,3894
consent_grp[1]/q_note,23,3916
consent_grp[1]/q_activ_yn,11,3939
s_int_accom_yn,3,3951
comments,1,3953
