Field name,Total duration (seconds),First appeared (seconds into survey)
instruction,2,6
a_district_id,4,8
a_circuit_id,9,12
a_kg_id,7,20
a_community_id,3,28
a_enum_id,12,31
consent_note,362,43
con_understand,2,405
con_questions,2,407
con_written,1,408
consent_grp[1]/audio_consent,2,410
consent_grp[1]/d_background_note,1,412
consent_grp[1]/section_d[1]/kgt_key,10,413
consent_grp[1]/section_d[1]/kgt_confirm_note,14,423
consent_grp[1]/section_d[1]/d_num_cnt,10,437
consent_grp[1]/section_d[1]/d_cnt_grp[1]/d_cnt_main,19,447
consent_grp[1]/section_d[1]/d_cnt_grp[1]/d_cnt_sec,19,447
consent_grp[1]/section_d[1]/d_work_last,15,466
consent_grp[1]/section_d[1]/d_edu_level,8,481
consent_grp[1]/section_d[1]/d_edu_train,21,488
consent_grp[1]/section_d[1]/d_edu_level_train,7,509
consent_grp[1]/section_d[1]/d_marital_status,6,516
consent_grp[1]/section_d[1]/d_religion,5,522
consent_grp[1]/section_d[1]/d_la_spk_grp[1]/d_la_spk_note,42,527
consent_grp[1]/section_d[1]/d_la_spk_grp[1]/d_la_spk_eng,42,527
consent_grp[1]/section_d[1]/d_la_spk_grp[1]/d_la_spk_dagb,42,527
consent_grp[1]/section_d[1]/d_la_wrt_grp[1]/d_la_wrt_note,14,568
consent_grp[1]/section_d[1]/d_la_wrt_grp[1]/d_la_wrt_eng,14,568
consent_grp[1]/section_d[1]/d_la_wrt_grp[1]/d_la_wrt_dagb,14,568
consent_grp[1]/section_d[1]/d_main_language,16,584
consent_grp[1]/section_d[1]/d_loc_lang_kinderg,9,599
consent_grp[1]/f_moved_yn,32,609
consent_grp[1]/g_nature_wrk_note,2,640
consent_grp[1]/section_g[1]/g_teach_pos,17,642
consent_grp[1]/section_g[1]/g_teach_school,10,659
consent_grp[1]/section_g[1]/g_teach_sch_num,13,669
consent_grp[1]/section_g[1]/g_kg_grade,10,682
consent_grp[1]/section_g[1]/g_class_grp[1]/g_children_note,16,692
consent_grp[1]/section_g[1]/g_class_grp[1]/g_kg_2,16,692
consent_grp[1]/section_g[1]/g_ah_grp[1]/g_ah_note,89,709
consent_grp[1]/section_g[1]/g_ah_grp[1]/g_ah_working,89,709
consent_grp[1]/section_g[1]/g_ah_grp[1]/g_ah_prepping,89,709
consent_grp[1]/section_g[1]/g_eh_grp[1]/g_eh_note,98,798
consent_grp[1]/section_g[1]/g_eh_grp[1]/g_eh_working,98,798
consent_grp[1]/section_g[1]/g_eh_grp[1]/g_eh_prepping,98,798
consent_grp[1]/section_g[1]/g_teach_salary,44,896
consent_grp[1]/section_g[1]/g_salary_freq,12,940
consent_grp[1]/section_g[1]/g_salary_intime,40,952
consent_grp[1]/section_g[1]/g_money_cmp,16,992
consent_grp[1]/section_g[1]/g_money_cmp_hrs,26,1008
consent_grp[1]/section_g[1]/g_money_cmp_amt,21,1034
consent_grp[1]/section_g[1]/g_job_outside,24,1055
consent_grp[1]/section_g[1]/g_job_outside_income,18,1079
consent_grp[1]/section_g[1]/g_earn_grp[1]/g_earn_amt,14,1097
consent_grp[1]/section_g[1]/g_earn_grp[1]/g_earn_freq,14,1097
consent_grp[1]/section_g[1]/g_extra_money_spec,16,1109
consent_grp[1]/section_g[1]/g_sch_pro_grp[1]/tmp_g_sch_pro_lab,205,1127
consent_grp[1]/section_g[1]/g_sch_pro_grp[1]/g_class,205,1127
consent_grp[1]/section_g[1]/g_sch_pro_grp[1]/g_class_taught,205,1127
consent_grp[1]/section_g[1]/g_sch_pro_grp[1]/g_fin_resource,205,1127
consent_grp[1]/section_g[1]/g_sch_pro_grp[1]/g_high_expe,205,1127
consent_grp[1]/section_g[1]/g_sch_pro_grp[1]/g_change_curri,205,1127
consent_grp[1]/section_g[1]/g_sch_pro_grp[1]/g_diff_curri,205,1127
consent_grp[1]/section_g[1]/g_sch_pro_grp[1]/g_easy_curri,205,1127
consent_grp[1]/section_g[1]/g_sch_pro_grp[1]/g_par_dem_high,205,1127
consent_grp[1]/section_g[1]/g_sch_pro_grp[1]/g_par_suff_interest,205,1127
consent_grp[1]/section_g[1]/g_sch_pro_grp[1]/g_par_suff_active,205,1127
consent_grp[1]/section_g[1]/g_par_supp_grp[1]/g_par_supp_note,24,1332
consent_grp[1]/section_g[1]/g_par_supp_grp[1]/g_home_wrk,8,1355
consent_grp[1]/section_g[1]/g_par_supp_grp[1]/g_behave_val,12,1364
consent_grp[1]/section_g[1]/g_par_supp_grp[1]/g_get_schl,9,1376
consent_grp[1]/section_g[1]/g_par_supp_grp[1]/g_visit_schl,10,1385
consent_grp[1]/section_g[1]/g_par_supp_grp[1]/g_show_respect,8,1395
consent_grp[1]/section_g[1]/g_par_supp_grp[1]/g_best_schl,10,1402
consent_grp[1]/section_g[1]/g_par_supp_grp[1]/g_parti_pta,7,1411
consent_grp[1]/section_g[1]/g_par_supp_grp[1]/g_cont_kg_act,30,1420
consent_grp[1]/section_g[1]/g_lead_respect,14,1450
consent_grp[1]/section_g[1]/g_val_citizen,22,1463
consent_grp[1]/section_h[1]/sec_h_depre_note,48,1485
consent_grp[1]/section_h[1]/h_depression_grp[1]/h_da_note,195,1533
consent_grp[1]/section_h[1]/h_depression_grp[1]/tmp_h_da_lab,195,1533
consent_grp[1]/section_h[1]/h_depression_grp[1]/h_headache,195,1533
consent_grp[1]/section_h[1]/h_depression_grp[1]/h_appetite,195,1533
consent_grp[1]/section_h[1]/h_depression_grp[1]/h_sleep,195,1533
consent_grp[1]/section_h[1]/h_depression_grp[1]/h_frightened,195,1533
consent_grp[1]/section_h[1]/h_depression_grp[1]/h_hands_shake,195,1533
consent_grp[1]/section_h[1]/h_depression_grp[1]/h_nervous,195,1533
consent_grp[1]/section_h[1]/h_depression_grp[1]/h_digestion,195,1533
consent_grp[1]/section_h[1]/h_depression_grp[1]/h_thinking,195,1533
consent_grp[1]/section_h[1]/h_depression_grp[1]/h_unhappy,195,1533
consent_grp[1]/section_h[1]/h_depression_grp[1]/h_cry,195,1533
consent_grp[1]/section_h[1]/h_depression_grp[1]/h_activities,195,1533
consent_grp[1]/section_h[1]/h_depression_grp[1]/h_decisions,195,1533
consent_grp[1]/section_h[1]/h_depression_grp[1]/h_daily_work,195,1533
consent_grp[1]/section_h[1]/h_depression_grp[1]/h_life,195,1533
consent_grp[1]/section_h[1]/h_depression_grp[1]/h_interest,195,1533
consent_grp[1]/section_h[1]/h_depression_grp[1]/h_worthless,195,1533
consent_grp[1]/section_h[1]/h_depression_grp[1]/h_end_life,195,1533
consent_grp[1]/section_h[1]/h_depression_grp[1]/h_tired,195,1533
consent_grp[1]/section_h[1]/h_depression_grp[1]/h_uncomfortable,195,1533
consent_grp[1]/section_h[1]/h_depression_grp[1]/h_easily_tired,195,1533
consent_grp[1]/section_h[1]/sec_h_ext_contr_note,9,1728
consent_grp[1]/section_h[1]/h_ext_control_grp[1]/h_ext_cont_note,3,1737
consent_grp[1]/section_h[1]/h_ext_control_grp[1]/h_pup_learn,21,1741
consent_grp[1]/section_h[1]/h_ext_control_grp[1]/h_discipline,14,1761
consent_grp[1]/section_h[1]/h_ext_control_grp[1]/h_stu_achieve,16,1776
consent_grp[1]/section_h[1]/h_ext_control_grp[1]/h_teach_motiv,20,1791
consent_grp[1]/section_h[1]/h_ext_control_grp[1]/h_good_teach,34,1812
consent_grp[1]/section_h[1]/sec_h_motiv_note,2,1845
consent_grp[1]/section_h[1]/h_motiv_grp[1]/h_motiv_note,7,1847
consent_grp[1]/section_h[1]/h_motiv_grp[1]/h_motiv_help,8,1855
consent_grp[1]/section_h[1]/h_motiv_grp[1]/h_quest_school,17,1863
consent_grp[1]/section_h[1]/h_motiv_grp[1]/h_help_child,7,1880
consent_grp[1]/section_h[1]/h_motiv_grp[1]/h_sch_goal,21,1886
consent_grp[1]/section_h[1]/h_motiv_grp[1]/h_help_emot,14,1907
consent_grp[1]/section_h[1]/h_motiv_grp[1]/h_enjoy_teach,6,1921
consent_grp[1]/section_h[1]/h_motiv_grp[1]/h_develop_society,16,1927
consent_grp[1]/section_h[1]/h_motiv_grp[1]/h_develop_socially,14,1943
consent_grp[1]/section_h[1]/h_motiv_grp[1]/h_perso_clear,5,1957
consent_grp[1]/section_h[1]/h_impor_thing,67,1962
consent_grp[1]/section_h[1]/h_job_satisfaction_grp[1]/h_job_satis_note,36,2029
consent_grp[1]/section_h[1]/h_job_satisfaction_grp[1]/h_look_out,32,2066
consent_grp[1]/section_h[1]/h_job_satisfaction_grp[1]/h_perso_worries,7,2097
consent_grp[1]/section_h[1]/h_job_satisfaction_grp[1]/h_know_col,44,2105
consent_grp[1]/section_h[1]/h_job_satisfaction_grp[1]/h_col_coop,7,2149
consent_grp[1]/section_h[1]/h_job_satisfaction_grp[1]/h_trust_col,6,2156
consent_grp[1]/section_h[1]/h_job_satisfaction_grp[1]/h_enjoy_col,6,2162
consent_grp[1]/section_h[1]/h_job_satisfaction_grp[1]/h_sup_respect,21,2168
consent_grp[1]/section_h[1]/h_job_satisfaction_grp[1]/h_sup_busy,8,2188
consent_grp[1]/section_h[1]/h_job_satisfaction_grp[1]/h_sup_opinion,6,2197
consent_grp[1]/section_h[1]/h_job_satisfaction_grp[1]/h_count_sup,16,2203
consent_grp[1]/section_h[1]/h_job_satisfaction_grp[1]/h_motivated,16,2218
consent_grp[1]/section_h[1]/h_job_satisfaction_grp[1]/h_sup_unpredict,12,2234
consent_grp[1]/section_h[1]/h_job_satisfaction_grp[1]/h_wrk_challenge,8,2245
consent_grp[1]/section_h[1]/h_job_satisfaction_grp[1]/h_wrk_monotonous,19,2254
consent_grp[1]/section_h[1]/h_job_satisfaction_grp[1]/h_wrk_creative,4,2272
consent_grp[1]/section_h[1]/h_job_satisfaction_grp[1]/h_big_impact,5,2277
consent_grp[1]/section_h[1]/h_job_satisfaction_grp[1]/h_little_time,8,2282
consent_grp[1]/section_h[1]/h_job_satisfaction_grp[1]/h_control_satis,21,2290
consent_grp[1]/section_h[1]/h_job_satisfaction_grp[1]/h_look,7,2311
consent_grp[1]/section_h[1]/h_job_satisfaction_grp[1]/h_small_space,14,2318
consent_grp[1]/section_h[1]/h_job_satisfaction_grp[1]/h_new_mat,6,2332
consent_grp[1]/section_h[1]/h_job_satisfaction_grp[1]/h_clean_kinder,9,2338
consent_grp[1]/section_h[1]/h_job_satisfaction_grp[1]/h_loud_kinder,10,2346
consent_grp[1]/section_h[1]/h_job_satisfaction_grp[1]/h_kinder_rules,12,2357
consent_grp[1]/section_h[1]/h_job_satisfaction_grp[1]/h_satisfied_paid,9,2369
consent_grp[1]/section_h[1]/h_burnout_grp[1]/h_burnout_note,16,2376
consent_grp[1]/section_h[1]/h_burnout_grp[1]/h_emotion_drained,24,2394
consent_grp[1]/section_h[1]/h_burnout_grp[1]/h_used_up,20,2418
consent_grp[1]/section_h[1]/h_burnout_grp[1]/h_fatigued,19,2436
consent_grp[1]/section_h[1]/h_burnout_grp[1]/h_child_feel,8,2457
consent_grp[1]/section_h[1]/h_burnout_grp[1]/h_child_impersonal,23,2465
consent_grp[1]/section_h[1]/h_burnout_grp[1]/h_ppl_strain,15,2488
consent_grp[1]/section_h[1]/h_burnout_grp[1]/h_deal_effect,12,2503
consent_grp[1]/section_h[1]/h_burnout_grp[1]/h_burnout,22,2515
consent_grp[1]/section_h[1]/h_burnout_grp[1]/h_pos_influence,7,2537
consent_grp[1]/section_h[1]/h_burnout_grp[1]/h_cold,19,2543
consent_grp[1]/section_h[1]/h_burnout_grp[1]/h_hard,16,2562
consent_grp[1]/section_h[1]/h_burnout_grp[1]/h_energetic,7,2578
consent_grp[1]/section_h[1]/h_burnout_grp[1]/h_frustrated,5,2585
consent_grp[1]/section_h[1]/h_burnout_grp[1]/h_work_hard,8,2590
consent_grp[1]/section_h[1]/h_burnout_grp[1]/h_dont_care,8,2599
consent_grp[1]/section_h[1]/h_burnout_grp[1]/h_put_pressure,9,2606
consent_grp[1]/section_h[1]/h_burnout_grp[1]/h_relax,9,2613
consent_grp[1]/section_h[1]/h_burnout_grp[1]/h_excited,9,2623
consent_grp[1]/section_h[1]/h_burnout_grp[1]/h_accomplished,13,2633
consent_grp[1]/section_h[1]/h_burnout_grp[1]/h_end_of_rop,15,2646
consent_grp[1]/section_h[1]/h_burnout_grp[1]/h_emot_pro_calm,9,2661
consent_grp[1]/i_teacher_knowledge_grp[1]/I_teach_know_note,23,2669
consent_grp[1]/i_teacher_knowledge_grp[1]/i_consonance,27,2693
consent_grp[1]/i_teacher_knowledge_grp[1]/i_vowel,10,2720
consent_grp[1]/i_teacher_knowledge_grp[1]/i_unbelievable,56,2730
consent_grp[1]/i_teacher_knowledge_grp[1]/i_irregular,10,2786
consent_grp[1]/i_teacher_knowledge_grp[1]/i_cat,15,2796
consent_grp[1]/i_teacher_knowledge_grp[1]/i_cough,9,2811
consent_grp[1]/i_teacher_knowledge_grp[1]/i_check,11,2820
consent_grp[1]/i_teacher_knowledge_grp[1]/i_english,27,2831
consent_grp[1]/j_perception_grp[1]/j_perception_note,46,2856
consent_grp[1]/j_perception_grp[1]/j_dev_practice_grp[1]/j_dev_practice_note,7,2904
consent_grp[1]/j_perception_grp[1]/j_dev_practice_grp[1]/j_child_need,11,2910
consent_grp[1]/j_perception_grp[1]/j_dev_practice_grp[1]/j_recog_letter,6,2921
consent_grp[1]/j_perception_grp[1]/j_dev_practice_grp[1]/j_recog_number,6,2927
consent_grp[1]/j_perception_grp[1]/j_dev_practice_grp[1]/j_recog_colour,5,2933
consent_grp[1]/j_perception_grp[1]/j_dev_practice_grp[1]/j_indiv_goal,8,2938
consent_grp[1]/j_perception_grp[1]/j_dev_practice_grp[1]/j_play_materials,5,2946
consent_grp[1]/j_perception_grp[1]/j_dev_practice_grp[1]/j_child_measure,6,2951
consent_grp[1]/j_perception_grp[1]/j_supp_chil_grp[1]/j_supp_chil_note,6,2957
consent_grp[1]/j_perception_grp[1]/j_supp_chil_grp[1]/j_build_relation,10,2963
consent_grp[1]/j_perception_grp[1]/j_supp_chil_grp[1]/j_control_behaviour,7,2973
consent_grp[1]/j_perception_grp[1]/j_supp_chil_grp[1]/j_express_thought,5,2980
consent_grp[1]/j_perception_grp[1]/j_supp_chil_grp[1]/j_resolve_conflicts,6,2985
consent_grp[1]/j_perception_grp[1]/j_supp_chil_grp[1]/j_guidance_style,9,2991
consent_grp[1]/j_perception_grp[1]/j_fam_sensitive_grp[1]/j_fam_sensitive_note,65,2999
consent_grp[1]/j_perception_grp[1]/j_fam_sensitive_grp[1]/j_parent_goal,65,2999
consent_grp[1]/j_perception_grp[1]/j_fam_sensitive_grp[1]/j_work_schedule,65,2999
consent_grp[1]/j_perception_grp[1]/j_fam_sensitive_grp[1]/j_fam_decision,65,2999
consent_grp[1]/j_perception_grp[1]/j_fam_sensitive_grp[1]/j_family_care,65,2999
consent_grp[1]/j_perception_grp[1]/j_fam_sensitive_grp[1]/j_connect_family,65,2999
consent_grp[1]/k_grp[1]/k_instro_note,20,3065
consent_grp[1]/k_grp[1]/k_ts_grp[1]/tmp_k_labels,91,3085
consent_grp[1]/k_grp[1]/k_ts_grp[1]/k_take_priviledges,91,3085
consent_grp[1]/k_grp[1]/k_ts_grp[1]/k_explain_behavior,91,3085
consent_grp[1]/k_grp[1]/k_ts_grp[1]/k_shook,91,3085
consent_grp[1]/k_grp[1]/k_ts_grp[1]/k_shouted,91,3085
consent_grp[1]/k_grp[1]/k_ts_grp[1]/k_gave_something,91,3085
consent_grp[1]/k_grp[1]/k_ts_grp[1]/k_spanked,91,3085
consent_grp[1]/k_grp[1]/k_ts_grp[1]/k_hit_bottom,91,3085
consent_grp[1]/k_grp[1]/k_ts_grp[1]/k_call_dumb,91,3085
consent_grp[1]/k_grp[1]/k_ts_grp[1]/k_hit_face,91,3085
consent_grp[1]/k_grp[1]/k_ts_grp[1]/k_praised,91,3085
consent_grp[1]/k_grp[1]/k_ts_grp[1]/k_affection,91,3085
consent_grp[1]/k_grp[1]/k_ts_grp[1]/k_rewarded,91,3085
consent_grp[1]/l_teaching_prac_grp[1]/l_note,8,3176
consent_grp[1]/l_teaching_prac_grp[1]/l_previos_kinder_act[1]/tmp_l_prac_lab,83,3183
consent_grp[1]/l_teaching_prac_grp[1]/l_previos_kinder_act[1]/l_hygiene_routine,83,3183
consent_grp[1]/l_teaching_prac_grp[1]/l_previos_kinder_act[1]/l_supply,83,3183
consent_grp[1]/l_teaching_prac_grp[1]/l_previos_kinder_act[1]/l_pamper,83,3183
consent_grp[1]/l_teaching_prac_grp[1]/l_previos_kinder_act[1]/l_read,83,3183
consent_grp[1]/l_teaching_prac_grp[1]/l_previos_kinder_act[1]/l_tell,83,3183
consent_grp[1]/l_teaching_prac_grp[1]/l_previos_kinder_act[1]/l_conversatin,83,3183
consent_grp[1]/l_teaching_prac_grp[1]/l_previos_kinder_act[1]/l_sing,83,3183
consent_grp[1]/l_teaching_prac_grp[1]/l_previos_kinder_act[1]/l_dance,83,3183
consent_grp[1]/l_teaching_prac_grp[1]/l_previos_kinder_act[1]/l_visit,83,3183
consent_grp[1]/l_teaching_prac_grp[1]/l_previos_kinder_act[1]/l_play_kg,83,3183
consent_grp[1]/l_teaching_prac_grp[1]/l_previos_kinder_act[1]/l_play_recrea,83,3183
consent_grp[1]/l_teaching_prac_grp[1]/l_previos_kinder_act[1]/l_sleep,83,3183
consent_grp[1]/l_teaching_prac_grp[1]/l_previos_kinder_act[1]/l_run,83,3183
consent_grp[1]/l_teaching_prac_grp[1]/l_previos_kinder_act[1]/l_group_learn,83,3183
consent_grp[1]/l_teaching_prac_grp[1]/l_previos_kinder_act[1]/l_indiv_learn,83,3183
consent_grp[1]/l_teaching_prac_grp[1]/l_class_acti_grp[1]/l_act_grp[1]/tmp_l_class_lab,57,3267
consent_grp[1]/l_teaching_prac_grp[1]/l_class_acti_grp[1]/l_act_grp[1]/l_teach_colour,57,3267
consent_grp[1]/l_teaching_prac_grp[1]/l_class_acti_grp[1]/l_act_grp[1]/l_teach_number,57,3267
consent_grp[1]/l_teaching_prac_grp[1]/l_class_acti_grp[1]/l_act_grp[1]/l_teach_letter,57,3267
consent_grp[1]/l_teaching_prac_grp[1]/l_class_acti_grp[1]/l_act_grp[1]/l_teach_form,57,3267
consent_grp[1]/l_teaching_prac_grp[1]/l_class_acti_grp[1]/l_act_grp[1]/l_socialise,57,3267
consent_grp[1]/l_teaching_prac_grp[1]/l_class_acti_grp[1]/l_act_grp[1]/l_pro_solve,57,3267
consent_grp[1]/l_teaching_prac_grp[1]/l_class_acti_grp[1]/l_act_grp[1]/l_writing,57,3267
consent_grp[1]/l_teaching_prac_grp[1]/l_class_acti_grp[1]/l_act_grp[1]/l_teach_body,57,3267
consent_grp[1]/l_teaching_prac_grp[1]/l_class_acti_grp[1]/l_act_grp[1]/l_pers_hygiene,57,3267
consent_grp[1]/l_teaching_prac_grp[1]/l_class_acti_grp[1]/l_act_grp[1]/l_art_expre,57,3267
consent_grp[1]/l_teaching_prac_grp[1]/l_class_acti_grp[1]/l_act_grp[1]/l_body_lang,57,3267
consent_grp[1]/l_teaching_prac_grp[1]/l_class_acti_grp[1]/l_act_grp[1]/l_concentration,57,3267
consent_grp[1]/l_teaching_prac_grp[1]/l_class_acti_grp[1]/l_act_grp[1]/l_gross_motor,57,3267
consent_grp[1]/l_teaching_prac_grp[1]/l_class_acti_grp[1]/l_act_grp[1]/l_fine_motor,57,3267
consent_grp[1]/l_teaching_prac_grp[1]/l_class_acti_grp[1]/l_act_grp[1]/l_gender,57,3267
consent_grp[1]/l_teaching_prac_grp[1]/l_class_acti_grp[1]/l_act_grp[1]/l_responsibility,57,3267
consent_grp[1]/l_teaching_prac_grp[1]/l_class_acti_grp[1]/l_act_grp[1]/l_speech,57,3267
consent_grp[1]/l_teaching_prac_grp[1]/l_class_acti_grp[1]/l_act_grp[1]/l_explore_comm,57,3267
consent_grp[1]/l_teaching_prac_grp[1]/l_class_acti_grp[1]/l_act_grp[1]/l_explore_culture,57,3267
consent_grp[1]/l_teaching_prac_grp[1]/l_parent_interact_note,36,3324
consent_grp[1]/l_teaching_prac_grp[1]/l_actively_engaged,20,3360
consent_grp[1]/l_teaching_prac_grp[1]/l_proportion_child,12,3380
consent_grp[1]/l_teaching_prac_grp[1]/l_proportion_child_more,12,3392
consent_grp[1]/l_teaching_prac_grp[1]/l_visit_pupil_house,19,3404
consent_grp[1]/l_teaching_prac_grp[1]/l_visit_parent_house,33,3423
consent_grp[1]/l_teaching_prac_grp[1]/l_receive_parent_supp,13,3438
consent_grp[1]/l_teaching_prac_grp[1]/l_day_teaching_note,6,3470
consent_grp[1]/l_teaching_prac_grp[1]/l_day_grp[1]/tmp_l_labs,48,3476
consent_grp[1]/l_teaching_prac_grp[1]/l_day_grp[1]/l_daily_schedule,48,3476
consent_grp[1]/l_teaching_prac_grp[1]/l_day_grp[1]/l_play_period,48,3476
consent_grp[1]/l_teaching_prac_grp[1]/l_day_grp[1]/l_free_play,48,3476
consent_grp[1]/l_teaching_prac_grp[1]/l_day_grp[1]/l_activities,48,3476
consent_grp[1]/l_teaching_prac_grp[1]/l_per_daily_grp[1]/l_perc_note,362,3524
consent_grp[1]/l_teaching_prac_grp[1]/l_per_daily_grp[1]/l_admin_per,362,3524
consent_grp[1]/l_teaching_prac_grp[1]/l_per_daily_grp[1]/l_class_per,362,3524
consent_grp[1]/l_teaching_prac_grp[1]/l_per_daily_grp[1]/l_teach_per,362,3524
consent_grp[1]/l_teaching_prac_grp[1]/l_per_daily_grp[1]/l_super_per,362,3524
consent_grp[1]/l_teaching_prac_grp[1]/l_per_daily_grp[1]/l_super_oth_per,362,3524
consent_grp[1]/l_teaching_prac_grp[1]/l_per_daily_grp[1]/l_break_per,362,3524
consent_grp[1]/l_teaching_prac_grp[1]/l_discipline_note,8,3865
consent_grp[1]/l_teaching_prac_grp[1]/l_dont_like,45,3894
consent_grp[1]/l_teaching_prac_grp[1]/l_really_bad,11,3939
consent_grp[1]/l_teaching_prac_grp[1]/l_does_good,9,3949
consent_grp[1]/l_teaching_prac_grp[1]/l_praise,15,3958
consent_grp[1]/q_note,11,3973
consent_grp[1]/q_activ_yn,13,3984
consent_grp[1]/q_rpt[1]/q_activ_r,37,3997
consent_grp[1]/q_rpt[1]/q_activ_org_r,11,4035
consent_grp[1]/q_rpt[1]/q_activ_add_r,14,4045
consent_grp[1]/q_rpt[2]/q_activ_r,23,4056
consent_grp[1]/q_rpt[2]/q_activ_osp_r,217,4082
consent_grp[1]/q_rpt[2]/q_activ_org_r,12,4134
consent_grp[1]/q_rpt[2]/q_activ_org_osp_r,7,4312
consent_grp[1]/q_rpt[2]/q_activ_add_r,12,4319
s_int_accom_yn,5,4331
comments,3,4336
