Field name,Total duration (seconds),First appeared (seconds into survey)
instruction,2,2
a_district_id,8,3
a_circuit_id,3,11
a_kg_id,14,14
a_community_id,3,29
a_enum_id,7,31
consent_note,139,39
con_understand,7,178
con_questions,2,185
con_written,7,187
consent_grp[1]/audio_consent,12,194
consent_grp[1]/d_background_note,1,206
consent_grp[1]/section_d[1]/kgt_key,41,207
consent_grp[1]/section_d[1]/kgt_name_gp[1]/kgt_fsn,52,248
consent_grp[1]/section_d[1]/kgt_name_gp[1]/kgt_msn,52,248
consent_grp[1]/section_d[1]/kgt_name_gp[1]/kgt_lsn,52,248
consent_grp[1]/section_d[1]/kgt_name_gp[1]/kgt_ppn,52,248
consent_grp[1]/section_d[1]/kgt_name_gp[1]/d_sex,52,248
consent_grp[1]/section_d[1]/kgt_confirm_note,5,300
consent_grp[1]/section_d[1]/d_num_cnt,8,305
consent_grp[1]/section_d[1]/d_cnt_grp[1]/d_cnt_main,11,313
consent_grp[1]/section_d[1]/d_age,8,324
consent_grp[1]/section_d[1]/d_teacher_grp[1]/d_been_teacher,70,332
consent_grp[1]/section_d[1]/d_teacher_grp[1]/d_teacher_year,70,332
consent_grp[1]/section_d[1]/d_teacher_grp[1]/d_teacher_month,70,332
consent_grp[1]/section_d[1]/d_been_kinder_grp[1]/d_been_kinder,15,379
consent_grp[1]/section_d[1]/d_been_kinder_grp[1]/d_kinder_year,15,379
consent_grp[1]/section_d[1]/d_been_kinder_grp[1]/d_kinder_month,15,379
consent_grp[1]/section_d[1]/d_work_last,7,415
consent_grp[1]/section_d[1]/d_os_yn,8,424
consent_grp[1]/section_d[1]/d_os_grp[1]/d_os_name,28,432
consent_grp[1]/section_d[1]/d_os_grp[1]/d_os_region,28,432
consent_grp[1]/section_d[1]/d_os_district,169,460
consent_grp[1]/section_d[1]/d_os_comm_sel,19,629
consent_grp[1]/section_d[1]/d_edu_level,12,648
consent_grp[1]/section_d[1]/d_edu_train,10,660
consent_grp[1]/section_d[1]/d_edu_level_train,8,670
consent_grp[1]/section_d[1]/d_edu_level_fath,7,678
consent_grp[1]/section_d[1]/d_edu_level_mom,3,685
consent_grp[1]/section_d[1]/d_marital_status,5,688
consent_grp[1]/section_d[1]/d_ethnic_group,9,693
consent_grp[1]/section_d[1]/d_religion,7,702
consent_grp[1]/section_d[1]/d_la_spk_grp[1]/d_la_spk_note,42,709
consent_grp[1]/section_d[1]/d_la_spk_grp[1]/d_la_spk_eng,42,709
consent_grp[1]/section_d[1]/d_la_spk_grp[1]/d_la_spk_dagb,42,709
consent_grp[1]/section_d[1]/d_la_wrt_grp[1]/d_la_wrt_note,15,751
consent_grp[1]/section_d[1]/d_la_wrt_grp[1]/d_la_wrt_eng,15,751
consent_grp[1]/section_d[1]/d_la_wrt_grp[1]/d_la_wrt_dagb,15,751
consent_grp[1]/section_d[1]/d_main_language,11,766
consent_grp[1]/section_d[1]/d_loc_lang_kinderg,5,777
consent_grp[1]/e_rel_grp[1]/e_hh_note,2,782
consent_grp[1]/e_rel_grp[1]/e_hh_num,23,784
consent_grp[1]/e_rel_grp[1]/e_hh_grp[1]/e_hh_head,56,807
consent_grp[1]/e_rel_grp[1]/e_hh_grp[1]/e_chil_hh,56,807
consent_grp[1]/e_rel_grp[1]/e_hh_grp[1]/e_adult_hh,56,807
consent_grp[1]/e_rel_grp[1]/e_hh_school,32,862
consent_grp[1]/e_rel_grp[1]/e_read_english,7,894
consent_grp[1]/e_rel_grp[1]/e_rate_health,12,901
consent_grp[1]/e_rel_grp[1]/e_live_note,6,913
consent_grp[1]/e_rel_grp[1]/e_rooms_occu,17,919
consent_grp[1]/e_rel_grp[1]/e_own_status,10,935
consent_grp[1]/e_rel_grp[1]/e_electricity_inhouse,3,945
consent_grp[1]/e_rel_grp[1]/e_floor_material,11,948
consent_grp[1]/e_rel_grp[1]/e_interior_floor,8,959
consent_grp[1]/e_rel_grp[1]/e_roof_mat,24,967
consent_grp[1]/e_rel_grp[1]/e_cook_fuel,8,991
consent_grp[1]/e_rel_grp[1]/e_lighting,19,1000
consent_grp[1]/e_rel_grp[1]/e_drink_source,12,1018
consent_grp[1]/e_rel_grp[1]/e_toilet_facility,12,1031
consent_grp[1]/e_rel_grp[1]/e_asset_note,9,1043
consent_grp[1]/e_rel_grp[1]/e_hh_own_phone,14,1052
consent_grp[1]/e_rel_grp[1]/e_hh_ass_grp[1]/tmp_e_hh_ass_lab,78,1062
consent_grp[1]/e_rel_grp[1]/e_hh_ass_grp[1]/e_hh_ass_radio,78,1062
consent_grp[1]/e_rel_grp[1]/e_hh_ass_grp[1]/e_hh_ass_refrig,78,1062
consent_grp[1]/e_rel_grp[1]/e_hh_ass_grp[1]/e_hh_ass_bike,78,1062
consent_grp[1]/e_rel_grp[1]/e_hh_ass_grp[1]/e_hh_ass_tv,78,1062
consent_grp[1]/e_rel_grp[1]/e_hh_ass_grp[1]/e_hh_ass_vcr,78,1062
consent_grp[1]/e_rel_grp[1]/e_hh_ass_grp[1]/e_hh_ass_motor,78,1062
consent_grp[1]/e_rel_grp[1]/e_hh_ass_grp[1]/e_hh_ass_car,78,1062
consent_grp[1]/e_rel_grp[1]/e_hh_ass_grp[1]/e_hh_ass_tractor,78,1062
consent_grp[1]/e_rel_grp[1]/e_hh_ass_grp[1]/e_hh_ass_farm_equip,78,1062
consent_grp[1]/e_rel_grp[1]/e_hh_ass_grp[1]/e_hh_ass_sew_mach,78,1062
consent_grp[1]/e_rel_grp[1]/e_hh_ass_grp[1]/e_hh_ass_bed,78,1062
consent_grp[1]/e_rel_grp[1]/e_hh_ass_grp[1]/e_hh_ass_mattress,78,1062
consent_grp[1]/e_rel_grp[1]/e_hh_ass_grp[1]/e_hh_ass_table_chair,78,1062
consent_grp[1]/e_rel_grp[1]/e_hh_ass_grp[1]/e_hh_ass_stool,78,1062
consent_grp[1]/e_rel_grp[1]/e_hh_ass_grp[1]/e_hh_ass_sofa,78,1062
consent_grp[1]/e_rel_grp[1]/e_hh_ass_grp[1]/e_hh_ass_fan,78,1062
consent_grp[1]/e_rel_grp[1]/e_hh_ass_grp[1]/e_hh_ass_lamp,78,1062
consent_grp[1]/e_rel_grp[1]/e_hh_ass_grp[1]/e_hh_ass_watch,78,1062
consent_grp[1]/e_rel_grp[1]/e_hh_ass_grp[1]/e_hh_ass_mat,78,1062
consent_grp[1]/e_rel_grp[1]/e_hh_ass_grp[1]/e_hh_ass_torch,78,1062
consent_grp[1]/e_rel_grp[1]/e_hh_ass_grp[1]/e_hh_ass_cabinet,78,1062
consent_grp[1]/e_rel_grp[1]/e_hh_ass_grp[1]/e_hh_ass_pot,78,1062
consent_grp[1]/e_rel_grp[1]/e_hh_ass_grp[1]/e_hh_ass_itn,78,1062
consent_grp[1]/e_rel_grp[1]/e_hh_ass_grp[1]/e_hh_ass_iron_elec,78,1062
consent_grp[1]/e_rel_grp[1]/e_hh_ass_grp[1]/e_hh_ass_iron_coal,78,1062
consent_grp[1]/e_rel_grp[1]/e_hh_ass_grp[1]/e_hh_ass_iron_gas,78,1062
consent_grp[1]/f_rel_grp[1]/f_comm_note,6,1144
consent_grp[1]/f_rel_grp[1]/section_f[1]/f_born_comm,7,1149
consent_grp[1]/f_rel_grp[1]/section_f[1]/f_school_loc,15,1156
consent_grp[1]/f_rel_grp[1]/section_f[1]/f_lived_bef_teach,20,1171
consent_grp[1]/f_rel_grp[1]/section_f[1]/f_lived_grp[1]/f_lived_comm,15,1185
consent_grp[1]/f_rel_grp[1]/section_f[1]/f_lived_grp[1]/f_lived_comm_year,15,1185
consent_grp[1]/f_rel_grp[1]/section_f[1]/f_lived_grp[1]/f_lived_comm_month,15,1185
consent_grp[1]/f_rel_grp[1]/section_f[1]/f_fam_lived,26,1206
consent_grp[1]/f_rel_grp[1]/section_f[1]/f_emot_support,20,1232
consent_grp[1]/f_rel_grp[1]/section_f[1]/f_emot_support_num,6,1252
consent_grp[1]/f_rel_grp[1]/section_f[1]/f_lend_money,28,1259
consent_grp[1]/f_rel_grp[1]/section_f[1]/f_borrow_money,13,1286
consent_grp[1]/f_rel_grp[1]/section_f[1]/f_rel_live_nearby,33,1300
consent_grp[1]/f_rel_grp[1]/section_f[1]/f_part_comm,35,1332
consent_grp[1]/f_rel_grp[1]/section_f[1]/f_main_trans,9,1367
consent_grp[1]/f_rel_grp[1]/section_f[1]/f_min_get_sch_grp[1]/f_min_get_note,14,1376
consent_grp[1]/f_rel_grp[1]/section_f[1]/f_min_get_sch_grp[1]/f_h_get_school,14,1376
consent_grp[1]/f_rel_grp[1]/section_f[1]/f_min_get_sch_grp[1]/f_m_get_school,14,1376
consent_grp[1]/g_nature_wrk_note,5,1391
consent_grp[1]/section_g[1]/g_teach_pos,12,1396
consent_grp[1]/section_g[1]/g_teach_school,5,1408
consent_grp[1]/section_g[1]/g_kg_grade,8,1413
consent_grp[1]/section_g[1]/g_class_grp[1]/g_children_note,7,1422
consent_grp[1]/section_g[1]/g_class_grp[1]/g_kg_2,7,1422
consent_grp[1]/section_g[1]/g_ah_grp[1]/g_ah_note,70,1429
consent_grp[1]/section_g[1]/g_ah_grp[1]/g_ah_working,70,1429
consent_grp[1]/section_g[1]/g_ah_grp[1]/g_ah_prepping,70,1429
consent_grp[1]/section_g[1]/g_eh_grp[1]/g_eh_note,47,1498
consent_grp[1]/section_g[1]/g_eh_grp[1]/g_eh_working,47,1498
consent_grp[1]/section_g[1]/g_eh_grp[1]/g_eh_prepping,47,1498
consent_grp[1]/section_g[1]/g_teach_salary,30,1545
consent_grp[1]/section_g[1]/g_salary_freq,4,1574
consent_grp[1]/section_g[1]/g_salary_intime,11,1579
consent_grp[1]/section_g[1]/g_money_cmp,9,1590
consent_grp[1]/section_g[1]/g_job_outside,3,1599
consent_grp[1]/section_g[1]/g_extra_money_spec,12,1602
consent_grp[1]/section_g[1]/g_sch_pro_grp[1]/tmp_g_sch_pro_lab,204,1614
consent_grp[1]/section_g[1]/g_sch_pro_grp[1]/g_class,204,1614
consent_grp[1]/section_g[1]/g_sch_pro_grp[1]/g_class_taught,204,1614
consent_grp[1]/section_g[1]/g_sch_pro_grp[1]/g_fin_resource,204,1614
consent_grp[1]/section_g[1]/g_sch_pro_grp[1]/g_high_expe,204,1614
consent_grp[1]/section_g[1]/g_sch_pro_grp[1]/g_change_curri,204,1614
consent_grp[1]/section_g[1]/g_sch_pro_grp[1]/g_diff_curri,204,1614
consent_grp[1]/section_g[1]/g_sch_pro_grp[1]/g_easy_curri,204,1614
consent_grp[1]/section_g[1]/g_sch_pro_grp[1]/g_par_dem_high,204,1614
consent_grp[1]/section_g[1]/g_sch_pro_grp[1]/g_par_suff_interest,204,1614
consent_grp[1]/section_g[1]/g_sch_pro_grp[1]/g_par_suff_active,204,1614
consent_grp[1]/section_g[1]/g_par_supp_grp[1]/g_par_supp_note,7,1817
consent_grp[1]/section_g[1]/g_par_supp_grp[1]/g_home_wrk,8,1825
consent_grp[1]/section_g[1]/g_par_supp_grp[1]/g_behave_val,19,1833
consent_grp[1]/section_g[1]/g_par_supp_grp[1]/g_get_schl,20,1852
consent_grp[1]/section_g[1]/g_par_supp_grp[1]/g_visit_schl,10,1872
consent_grp[1]/section_g[1]/g_par_supp_grp[1]/g_show_respect,8,1882
consent_grp[1]/section_g[1]/g_par_supp_grp[1]/g_best_schl,14,1890
consent_grp[1]/section_g[1]/g_par_supp_grp[1]/g_parti_pta,5,1903
consent_grp[1]/section_g[1]/g_par_supp_grp[1]/g_cont_kg_act,14,1908
consent_grp[1]/section_g[1]/g_lead_respect,13,1922
consent_grp[1]/section_g[1]/g_val_citizen,20,1935
consent_grp[1]/section_h[1]/sec_h_depre_note,18,1955
consent_grp[1]/section_h[1]/h_depression_grp[1]/h_da_note,108,1973
consent_grp[1]/section_h[1]/h_depression_grp[1]/tmp_h_da_lab,108,1973
consent_grp[1]/section_h[1]/h_depression_grp[1]/h_headache,108,1973
consent_grp[1]/section_h[1]/h_depression_grp[1]/h_appetite,108,1973
consent_grp[1]/section_h[1]/h_depression_grp[1]/h_sleep,108,1973
consent_grp[1]/section_h[1]/h_depression_grp[1]/h_frightened,108,1973
consent_grp[1]/section_h[1]/h_depression_grp[1]/h_hands_shake,108,1973
consent_grp[1]/section_h[1]/h_depression_grp[1]/h_nervous,108,1973
consent_grp[1]/section_h[1]/h_depression_grp[1]/h_digestion,108,1973
consent_grp[1]/section_h[1]/h_depression_grp[1]/h_thinking,108,1973
consent_grp[1]/section_h[1]/h_depression_grp[1]/h_unhappy,108,1973
consent_grp[1]/section_h[1]/h_depression_grp[1]/h_cry,108,1973
consent_grp[1]/section_h[1]/h_depression_grp[1]/h_activities,108,1973
consent_grp[1]/section_h[1]/h_depression_grp[1]/h_decisions,108,1973
consent_grp[1]/section_h[1]/h_depression_grp[1]/h_daily_work,108,1973
consent_grp[1]/section_h[1]/h_depression_grp[1]/h_life,108,1973
consent_grp[1]/section_h[1]/h_depression_grp[1]/h_interest,108,1973
consent_grp[1]/section_h[1]/h_depression_grp[1]/h_worthless,108,1973
consent_grp[1]/section_h[1]/h_depression_grp[1]/h_end_life,108,1973
consent_grp[1]/section_h[1]/h_depression_grp[1]/h_tired,108,1973
consent_grp[1]/section_h[1]/h_depression_grp[1]/h_uncomfortable,108,1973
consent_grp[1]/section_h[1]/h_depression_grp[1]/h_easily_tired,108,1973
consent_grp[1]/section_h[1]/sec_h_ext_contr_note,8,2081
consent_grp[1]/section_h[1]/h_ext_control_grp[1]/h_ext_cont_note,3,2089
consent_grp[1]/section_h[1]/h_ext_control_grp[1]/h_pup_learn,21,2092
consent_grp[1]/section_h[1]/h_ext_control_grp[1]/h_discipline,22,2113
consent_grp[1]/section_h[1]/h_ext_control_grp[1]/h_stu_achieve,13,2135
consent_grp[1]/section_h[1]/h_ext_control_grp[1]/h_teach_motiv,22,2148
consent_grp[1]/section_h[1]/h_ext_control_grp[1]/h_good_teach,22,2169
consent_grp[1]/section_h[1]/sec_h_motiv_note,2,2191
consent_grp[1]/section_h[1]/h_motiv_grp[1]/h_motiv_note,8,2193
consent_grp[1]/section_h[1]/h_motiv_grp[1]/h_motiv_help,9,2201
consent_grp[1]/section_h[1]/h_motiv_grp[1]/h_quest_school,9,2210
consent_grp[1]/section_h[1]/h_motiv_grp[1]/h_help_child,12,2219
consent_grp[1]/section_h[1]/h_motiv_grp[1]/h_sch_goal,7,2231
consent_grp[1]/section_h[1]/h_motiv_grp[1]/h_help_emot,8,2238
consent_grp[1]/section_h[1]/h_motiv_grp[1]/h_enjoy_teach,7,2246
consent_grp[1]/section_h[1]/h_motiv_grp[1]/h_develop_society,5,2253
consent_grp[1]/section_h[1]/h_motiv_grp[1]/h_develop_socially,7,2258
consent_grp[1]/section_h[1]/h_motiv_grp[1]/h_perso_clear,7,2266
consent_grp[1]/section_h[1]/h_impor_thing,52,2272
consent_grp[1]/section_h[1]/h_job_satisfaction_grp[1]/h_job_satis_note,17,2324
consent_grp[1]/section_h[1]/h_job_satisfaction_grp[1]/h_look_out,12,2341
consent_grp[1]/section_h[1]/h_job_satisfaction_grp[1]/h_perso_worries,9,2353
consent_grp[1]/section_h[1]/h_job_satisfaction_grp[1]/h_know_col,7,2362
consent_grp[1]/section_h[1]/h_job_satisfaction_grp[1]/h_col_coop,14,2369
consent_grp[1]/section_h[1]/h_job_satisfaction_grp[1]/h_trust_col,8,2383
consent_grp[1]/section_h[1]/h_job_satisfaction_grp[1]/h_enjoy_col,7,2391
consent_grp[1]/section_h[1]/h_job_satisfaction_grp[1]/h_sup_respect,5,2398
consent_grp[1]/section_h[1]/h_job_satisfaction_grp[1]/h_sup_busy,12,2403
consent_grp[1]/section_h[1]/h_job_satisfaction_grp[1]/h_sup_opinion,13,2415
consent_grp[1]/section_h[1]/h_job_satisfaction_grp[1]/h_count_sup,12,2428
consent_grp[1]/section_h[1]/h_job_satisfaction_grp[1]/h_motivated,7,2440
consent_grp[1]/section_h[1]/h_job_satisfaction_grp[1]/h_sup_unpredict,37,2447
consent_grp[1]/section_h[1]/h_job_satisfaction_grp[1]/h_wrk_challenge,9,2484
consent_grp[1]/section_h[1]/h_job_satisfaction_grp[1]/h_wrk_monotonous,19,2492
consent_grp[1]/section_h[1]/h_job_satisfaction_grp[1]/h_wrk_creative,8,2512
consent_grp[1]/section_h[1]/h_job_satisfaction_grp[1]/h_big_impact,7,2519
consent_grp[1]/section_h[1]/h_job_satisfaction_grp[1]/h_little_time,8,2526
consent_grp[1]/section_h[1]/h_job_satisfaction_grp[1]/h_control_satis,8,2534
consent_grp[1]/section_h[1]/h_job_satisfaction_grp[1]/h_look,7,2541
consent_grp[1]/section_h[1]/h_job_satisfaction_grp[1]/h_small_space,6,2548
consent_grp[1]/section_h[1]/h_job_satisfaction_grp[1]/h_new_mat,6,2555
consent_grp[1]/section_h[1]/h_job_satisfaction_grp[1]/h_clean_kinder,8,2560
consent_grp[1]/section_h[1]/h_job_satisfaction_grp[1]/h_loud_kinder,8,2568
consent_grp[1]/section_h[1]/h_job_satisfaction_grp[1]/h_kinder_rules,8,2576
consent_grp[1]/section_h[1]/h_job_satisfaction_grp[1]/h_satisfied_paid,23,2584
consent_grp[1]/section_h[1]/h_burnout_grp[1]/h_burnout_note,9,2606
consent_grp[1]/section_h[1]/h_burnout_grp[1]/h_emotion_drained,14,2615
consent_grp[1]/section_h[1]/h_burnout_grp[1]/h_used_up,27,2630
consent_grp[1]/section_h[1]/h_burnout_grp[1]/h_fatigued,22,2657
consent_grp[1]/section_h[1]/h_burnout_grp[1]/h_child_feel,13,2679
consent_grp[1]/section_h[1]/h_burnout_grp[1]/h_child_impersonal,22,2693
consent_grp[1]/section_h[1]/h_burnout_grp[1]/h_ppl_strain,41,2715
consent_grp[1]/section_h[1]/h_burnout_grp[1]/h_deal_effect,17,2756
consent_grp[1]/section_h[1]/h_burnout_grp[1]/h_burnout,8,2773
consent_grp[1]/section_h[1]/h_burnout_grp[1]/h_pos_influence,13,2781
consent_grp[1]/section_h[1]/h_burnout_grp[1]/h_cold,16,2794
consent_grp[1]/section_h[1]/h_burnout_grp[1]/h_hard,18,2810
consent_grp[1]/section_h[1]/h_burnout_grp[1]/h_energetic,33,2828
consent_grp[1]/section_h[1]/h_burnout_grp[1]/h_frustrated,9,2861
consent_grp[1]/section_h[1]/h_burnout_grp[1]/h_work_hard,15,2870
consent_grp[1]/section_h[1]/h_burnout_grp[1]/h_dont_care,46,2885
consent_grp[1]/section_h[1]/h_burnout_grp[1]/h_put_pressure,8,2931
consent_grp[1]/section_h[1]/h_burnout_grp[1]/h_relax,8,2939
consent_grp[1]/section_h[1]/h_burnout_grp[1]/h_excited,6,2947
consent_grp[1]/section_h[1]/h_burnout_grp[1]/h_accomplished,6,2953
consent_grp[1]/section_h[1]/h_burnout_grp[1]/h_end_of_rop,21,2959
consent_grp[1]/section_h[1]/h_burnout_grp[1]/h_emot_pro_calm,31,2981
consent_grp[1]/i_teacher_knowledge_grp[1]/I_teach_know_note,9,3012
consent_grp[1]/i_teacher_knowledge_grp[1]/i_consonance,16,3022
consent_grp[1]/i_teacher_knowledge_grp[1]/i_vowel,16,3038
consent_grp[1]/i_teacher_knowledge_grp[1]/i_unbelievable,39,3054
consent_grp[1]/i_teacher_knowledge_grp[1]/i_irregular,29,3093
consent_grp[1]/i_teacher_knowledge_grp[1]/i_cat,11,3122
consent_grp[1]/i_teacher_knowledge_grp[1]/i_cough,15,3133
consent_grp[1]/i_teacher_knowledge_grp[1]/i_check,8,3148
consent_grp[1]/i_teacher_knowledge_grp[1]/i_english,16,3155
consent_grp[1]/j_perception_grp[1]/j_perception_note,28,3172
consent_grp[1]/j_perception_grp[1]/j_dev_practice_grp[1]/j_dev_practice_note,6,3199
consent_grp[1]/j_perception_grp[1]/j_dev_practice_grp[1]/j_child_need,19,3206
consent_grp[1]/j_perception_grp[1]/j_dev_practice_grp[1]/j_recog_letter,14,3225
consent_grp[1]/j_perception_grp[1]/j_dev_practice_grp[1]/j_recog_number,7,3239
consent_grp[1]/j_perception_grp[1]/j_dev_practice_grp[1]/j_recog_colour,5,3247
consent_grp[1]/j_perception_grp[1]/j_dev_practice_grp[1]/j_indiv_goal,7,3252
consent_grp[1]/j_perception_grp[1]/j_dev_practice_grp[1]/j_play_materials,5,3258
consent_grp[1]/j_perception_grp[1]/j_dev_practice_grp[1]/j_child_measure,7,3263
consent_grp[1]/j_perception_grp[1]/j_supp_chil_grp[1]/j_supp_chil_note,5,3270
consent_grp[1]/j_perception_grp[1]/j_supp_chil_grp[1]/j_build_relation,7,3275
consent_grp[1]/j_perception_grp[1]/j_supp_chil_grp[1]/j_control_behaviour,7,3282
consent_grp[1]/j_perception_grp[1]/j_supp_chil_grp[1]/j_express_thought,6,3289
consent_grp[1]/j_perception_grp[1]/j_supp_chil_grp[1]/j_resolve_conflicts,5,3295
consent_grp[1]/j_perception_grp[1]/j_supp_chil_grp[1]/j_guidance_style,8,3299
consent_grp[1]/j_perception_grp[1]/j_fam_sensitive_grp[1]/j_fam_sensitive_note,41,3307
consent_grp[1]/j_perception_grp[1]/j_fam_sensitive_grp[1]/j_parent_goal,41,3307
consent_grp[1]/j_perception_grp[1]/j_fam_sensitive_grp[1]/j_work_schedule,41,3307
consent_grp[1]/j_perception_grp[1]/j_fam_sensitive_grp[1]/j_fam_decision,41,3307
consent_grp[1]/j_perception_grp[1]/j_fam_sensitive_grp[1]/j_family_care,41,3307
consent_grp[1]/j_perception_grp[1]/j_fam_sensitive_grp[1]/j_connect_family,41,3307
consent_grp[1]/k_grp[1]/k_instro_note,15,3348
consent_grp[1]/k_grp[1]/k_ts_grp[1]/tmp_k_labels,65,3363
consent_grp[1]/k_grp[1]/k_ts_grp[1]/k_take_priviledges,65,3363
consent_grp[1]/k_grp[1]/k_ts_grp[1]/k_explain_behavior,65,3363
consent_grp[1]/k_grp[1]/k_ts_grp[1]/k_shook,65,3363
consent_grp[1]/k_grp[1]/k_ts_grp[1]/k_shouted,65,3363
consent_grp[1]/k_grp[1]/k_ts_grp[1]/k_gave_something,65,3363
consent_grp[1]/k_grp[1]/k_ts_grp[1]/k_spanked,65,3363
consent_grp[1]/k_grp[1]/k_ts_grp[1]/k_hit_bottom,65,3363
consent_grp[1]/k_grp[1]/k_ts_grp[1]/k_call_dumb,65,3363
consent_grp[1]/k_grp[1]/k_ts_grp[1]/k_hit_face,65,3363
consent_grp[1]/k_grp[1]/k_ts_grp[1]/k_praised,65,3363
consent_grp[1]/k_grp[1]/k_ts_grp[1]/k_affection,65,3363
consent_grp[1]/k_grp[1]/k_ts_grp[1]/k_rewarded,65,3363
consent_grp[1]/l_teaching_prac_grp[1]/l_note,5,3428
consent_grp[1]/l_teaching_prac_grp[1]/l_previos_kinder_act[1]/tmp_l_prac_lab,70,3433
consent_grp[1]/l_teaching_prac_grp[1]/l_previos_kinder_act[1]/l_hygiene_routine,70,3433
consent_grp[1]/l_teaching_prac_grp[1]/l_previos_kinder_act[1]/l_supply,70,3433
consent_grp[1]/l_teaching_prac_grp[1]/l_previos_kinder_act[1]/l_pamper,70,3433
consent_grp[1]/l_teaching_prac_grp[1]/l_previos_kinder_act[1]/l_read,70,3433
consent_grp[1]/l_teaching_prac_grp[1]/l_previos_kinder_act[1]/l_tell,70,3433
consent_grp[1]/l_teaching_prac_grp[1]/l_previos_kinder_act[1]/l_conversatin,70,3433
consent_grp[1]/l_teaching_prac_grp[1]/l_previos_kinder_act[1]/l_sing,70,3433
consent_grp[1]/l_teaching_prac_grp[1]/l_previos_kinder_act[1]/l_dance,70,3433
consent_grp[1]/l_teaching_prac_grp[1]/l_previos_kinder_act[1]/l_visit,70,3433
consent_grp[1]/l_teaching_prac_grp[1]/l_previos_kinder_act[1]/l_play_kg,70,3433
consent_grp[1]/l_teaching_prac_grp[1]/l_previos_kinder_act[1]/l_play_recrea,70,3433
consent_grp[1]/l_teaching_prac_grp[1]/l_previos_kinder_act[1]/l_sleep,70,3433
consent_grp[1]/l_teaching_prac_grp[1]/l_previos_kinder_act[1]/l_run,70,3433
consent_grp[1]/l_teaching_prac_grp[1]/l_previos_kinder_act[1]/l_group_learn,70,3433
consent_grp[1]/l_teaching_prac_grp[1]/l_previos_kinder_act[1]/l_indiv_learn,70,3433
consent_grp[1]/l_teaching_prac_grp[1]/l_class_acti_grp[1]/l_act_grp[1]/tmp_l_class_lab,57,3503
consent_grp[1]/l_teaching_prac_grp[1]/l_class_acti_grp[1]/l_act_grp[1]/l_teach_colour,57,3503
consent_grp[1]/l_teaching_prac_grp[1]/l_class_acti_grp[1]/l_act_grp[1]/l_teach_number,57,3503
consent_grp[1]/l_teaching_prac_grp[1]/l_class_acti_grp[1]/l_act_grp[1]/l_teach_letter,57,3503
consent_grp[1]/l_teaching_prac_grp[1]/l_class_acti_grp[1]/l_act_grp[1]/l_teach_form,57,3503
consent_grp[1]/l_teaching_prac_grp[1]/l_class_acti_grp[1]/l_act_grp[1]/l_socialise,57,3503
consent_grp[1]/l_teaching_prac_grp[1]/l_class_acti_grp[1]/l_act_grp[1]/l_pro_solve,57,3503
consent_grp[1]/l_teaching_prac_grp[1]/l_class_acti_grp[1]/l_act_grp[1]/l_writing,57,3503
consent_grp[1]/l_teaching_prac_grp[1]/l_class_acti_grp[1]/l_act_grp[1]/l_teach_body,57,3503
consent_grp[1]/l_teaching_prac_grp[1]/l_class_acti_grp[1]/l_act_grp[1]/l_pers_hygiene,57,3503
consent_grp[1]/l_teaching_prac_grp[1]/l_class_acti_grp[1]/l_act_grp[1]/l_art_expre,57,3503
consent_grp[1]/l_teaching_prac_grp[1]/l_class_acti_grp[1]/l_act_grp[1]/l_body_lang,57,3503
consent_grp[1]/l_teaching_prac_grp[1]/l_class_acti_grp[1]/l_act_grp[1]/l_concentration,57,3503
consent_grp[1]/l_teaching_prac_grp[1]/l_class_acti_grp[1]/l_act_grp[1]/l_gross_motor,57,3503
consent_grp[1]/l_teaching_prac_grp[1]/l_class_acti_grp[1]/l_act_grp[1]/l_fine_motor,57,3503
consent_grp[1]/l_teaching_prac_grp[1]/l_class_acti_grp[1]/l_act_grp[1]/l_gender,57,3503
consent_grp[1]/l_teaching_prac_grp[1]/l_class_acti_grp[1]/l_act_grp[1]/l_responsibility,57,3503
consent_grp[1]/l_teaching_prac_grp[1]/l_class_acti_grp[1]/l_act_grp[1]/l_speech,57,3503
consent_grp[1]/l_teaching_prac_grp[1]/l_class_acti_grp[1]/l_act_grp[1]/l_explore_comm,57,3503
consent_grp[1]/l_teaching_prac_grp[1]/l_class_acti_grp[1]/l_act_grp[1]/l_explore_culture,57,3503
consent_grp[1]/l_teaching_prac_grp[1]/l_parent_interact_note,4,3560
consent_grp[1]/l_teaching_prac_grp[1]/l_actively_engaged,19,3565
consent_grp[1]/l_teaching_prac_grp[1]/l_proportion_child,28,3583
consent_grp[1]/l_teaching_prac_grp[1]/l_proportion_child_more,11,3611
consent_grp[1]/l_teaching_prac_grp[1]/l_visit_pupil_house,21,3622
consent_grp[1]/l_teaching_prac_grp[1]/l_visit_parent_house,17,3643
consent_grp[1]/l_teaching_prac_grp[1]/l_receive_parent_supp,16,3660
consent_grp[1]/l_teaching_prac_grp[1]/l_day_teaching_note,4,3677
consent_grp[1]/l_teaching_prac_grp[1]/l_day_grp[1]/tmp_l_labs,47,3681
consent_grp[1]/l_teaching_prac_grp[1]/l_day_grp[1]/l_daily_schedule,47,3681
consent_grp[1]/l_teaching_prac_grp[1]/l_day_grp[1]/l_play_period,47,3681
consent_grp[1]/l_teaching_prac_grp[1]/l_day_grp[1]/l_free_play,47,3681
consent_grp[1]/l_teaching_prac_grp[1]/l_day_grp[1]/l_activities,47,3681
consent_grp[1]/l_teaching_prac_grp[1]/l_per_daily_grp[1]/l_perc_note,169,3728
consent_grp[1]/l_teaching_prac_grp[1]/l_per_daily_grp[1]/l_admin_per,169,3728
consent_grp[1]/l_teaching_prac_grp[1]/l_per_daily_grp[1]/l_class_per,169,3728
consent_grp[1]/l_teaching_prac_grp[1]/l_per_daily_grp[1]/l_teach_per,169,3728
consent_grp[1]/l_teaching_prac_grp[1]/l_per_daily_grp[1]/l_super_per,169,3728
consent_grp[1]/l_teaching_prac_grp[1]/l_per_daily_grp[1]/l_super_oth_per,169,3728
consent_grp[1]/l_teaching_prac_grp[1]/l_per_daily_grp[1]/l_break_per,169,3728
consent_grp[1]/l_teaching_prac_grp[1]/tmp_force_note,4,3891
consent_grp[1]/l_teaching_prac_grp[1]/l_discipline_note,7,3901
consent_grp[1]/l_teaching_prac_grp[1]/l_dont_like,12,3909
consent_grp[1]/l_teaching_prac_grp[1]/l_really_bad,10,3920
consent_grp[1]/l_teaching_prac_grp[1]/l_does_good,12,3931
consent_grp[1]/l_teaching_prac_grp[1]/l_praise,11,3942
consent_grp[1]/q_note,6,3953
consent_grp[1]/q_activ_yn,35,3959
consent_grp[1]/q_rpt[1]/q_activ_r,12,3994
consent_grp[1]/q_rpt[1]/q_activ_org_r,17,4003
consent_grp[1]/q_rpt[1]/q_activ_org_osp_r,15,4023
consent_grp[1]/q_rpt[1]/q_activ_add_r,4,4038
s_int_accom_yn,2,4042
comments,2,4044
