Field name,Total duration (seconds),First appeared (seconds into survey)
instruction,157,10
a_district_id,3,167
a_circuit_id,36,170
a_kg_id,32,202
a_community_id,6,227
a_enum_id,9,230
consent_note,16,237
con_understand,4,239
con_questions,47,241
con_written,2,286
consent_grp[1]/audio_consent,2,288
consent_grp[1]/d_background_note,3,289
consent_grp[1]/section_d[1]/kgt_key,132,290
consent_grp[1]/section_d[1]/kgt_name_gp[1]/kgt_fsn,160,459
consent_grp[1]/section_d[1]/kgt_name_gp[1]/kgt_msn,160,459
consent_grp[1]/section_d[1]/kgt_name_gp[1]/kgt_lsn,160,459
consent_grp[1]/section_d[1]/kgt_name_gp[1]/kgt_ppn,160,459
consent_grp[1]/section_d[1]/kgt_name_gp[1]/d_sex,160,459
consent_grp[1]/section_d[1]/kgt_confirm_note,21,619
consent_grp[1]/section_d[1]/d_num_cnt,3,641
consent_grp[1]/section_d[1]/d_cnt_grp[1]/d_cnt_main,19,644
consent_grp[1]/section_d[1]/d_age,7,663
consent_grp[1]/section_d[1]/d_teacher_grp[1]/d_been_teacher,26,669
consent_grp[1]/section_d[1]/d_teacher_grp[1]/d_teacher_year,26,669
consent_grp[1]/section_d[1]/d_teacher_grp[1]/d_teacher_month,26,669
consent_grp[1]/section_d[1]/d_been_kinder_grp[1]/d_been_kinder,18,696
consent_grp[1]/section_d[1]/d_been_kinder_grp[1]/d_kinder_year,18,696
consent_grp[1]/section_d[1]/d_been_kinder_grp[1]/d_kinder_month,18,696
consent_grp[1]/section_d[1]/d_work_last,9,713
consent_grp[1]/section_d[1]/d_os_yn,8,722
consent_grp[1]/section_d[1]/d_os_grp[1]/d_os_name,124,729
consent_grp[1]/section_d[1]/d_os_grp[1]/d_os_region,124,729
consent_grp[1]/section_d[1]/d_os_district,27,846
consent_grp[1]/section_d[1]/d_os_comm,30,868
consent_grp[1]/section_d[1]/d_edu_level,23,911
consent_grp[1]/section_d[1]/d_edu_train,10,934
consent_grp[1]/section_d[1]/d_edu_level_train,12,944
consent_grp[1]/section_d[1]/d_edu_level_fath,7,956
consent_grp[1]/section_d[1]/d_edu_level_mom,6,963
consent_grp[1]/section_d[1]/d_marital_status,4,970
consent_grp[1]/section_d[1]/d_ethnic_group,6,974
consent_grp[1]/section_d[1]/d_religion,4,980
consent_grp[1]/section_d[1]/d_la_spk_grp[1]/d_la_spk_note,63,985
consent_grp[1]/section_d[1]/d_la_spk_grp[1]/d_la_spk_eng,63,985
consent_grp[1]/section_d[1]/d_la_spk_grp[1]/d_la_spk_dagb,63,985
consent_grp[1]/section_d[1]/d_la_wrt_grp[1]/d_la_wrt_note,50,1047
consent_grp[1]/section_d[1]/d_la_wrt_grp[1]/d_la_wrt_eng,50,1047
consent_grp[1]/section_d[1]/d_la_wrt_grp[1]/d_la_wrt_dagb,50,1047
consent_grp[1]/section_d[1]/d_main_language,13,1098
consent_grp[1]/section_d[1]/d_loc_lang_kinderg,8,1111
consent_grp[1]/e_rel_grp[1]/e_hh_note,6,1119
consent_grp[1]/e_rel_grp[1]/e_hh_num,10,1122
consent_grp[1]/e_rel_grp[1]/e_hh_grp[1]/e_hh_head,59,1134
consent_grp[1]/e_rel_grp[1]/e_hh_grp[1]/e_chil_hh,59,1134
consent_grp[1]/e_rel_grp[1]/e_hh_grp[1]/e_adult_hh,59,1134
consent_grp[1]/e_rel_grp[1]/e_hh_school,10,1194
consent_grp[1]/e_rel_grp[1]/e_read_english,13,1203
consent_grp[1]/e_rel_grp[1]/e_rate_health,76,1216
consent_grp[1]/e_rel_grp[1]/e_live_note,7,1292
consent_grp[1]/e_rel_grp[1]/e_rooms_occu,11,1293
consent_grp[1]/e_rel_grp[1]/e_own_status,5,1310
consent_grp[1]/e_rel_grp[1]/e_electricity_inhouse,6,1315
consent_grp[1]/e_rel_grp[1]/e_floor_material,39,1321
consent_grp[1]/e_rel_grp[1]/e_interior_floor,35,1330
consent_grp[1]/e_rel_grp[1]/e_roof_mat,9,1395
consent_grp[1]/e_rel_grp[1]/e_cook_fuel,7,1405
consent_grp[1]/e_rel_grp[1]/e_lighting,23,1411
consent_grp[1]/e_rel_grp[1]/e_drink_source,29,1431
consent_grp[1]/e_rel_grp[1]/e_toilet_facility,13,1456
consent_grp[1]/e_rel_grp[1]/e_asset_note,8,1476
consent_grp[1]/e_rel_grp[1]/e_hh_own_phone,15,1484
consent_grp[1]/e_rel_grp[1]/e_hh_ass_grp[1]/tmp_e_hh_ass_lab,108,1499
consent_grp[1]/e_rel_grp[1]/e_hh_ass_grp[1]/e_hh_ass_radio,108,1499
consent_grp[1]/e_rel_grp[1]/e_hh_ass_grp[1]/e_hh_ass_refrig,108,1499
consent_grp[1]/e_rel_grp[1]/e_hh_ass_grp[1]/e_hh_ass_bike,108,1499
consent_grp[1]/e_rel_grp[1]/e_hh_ass_grp[1]/e_hh_ass_tv,108,1499
consent_grp[1]/e_rel_grp[1]/e_hh_ass_grp[1]/e_hh_ass_vcr,108,1499
consent_grp[1]/e_rel_grp[1]/e_hh_ass_grp[1]/e_hh_ass_motor,108,1499
consent_grp[1]/e_rel_grp[1]/e_hh_ass_grp[1]/e_hh_ass_car,108,1499
consent_grp[1]/e_rel_grp[1]/e_hh_ass_grp[1]/e_hh_ass_tractor,108,1499
consent_grp[1]/e_rel_grp[1]/e_hh_ass_grp[1]/e_hh_ass_farm_equip,108,1499
consent_grp[1]/e_rel_grp[1]/e_hh_ass_grp[1]/e_hh_ass_sew_mach,108,1499
consent_grp[1]/e_rel_grp[1]/e_hh_ass_grp[1]/e_hh_ass_bed,108,1499
consent_grp[1]/e_rel_grp[1]/e_hh_ass_grp[1]/e_hh_ass_mattress,108,1499
consent_grp[1]/e_rel_grp[1]/e_hh_ass_grp[1]/e_hh_ass_table_chair,108,1499
consent_grp[1]/e_rel_grp[1]/e_hh_ass_grp[1]/e_hh_ass_stool,108,1499
consent_grp[1]/e_rel_grp[1]/e_hh_ass_grp[1]/e_hh_ass_sofa,108,1499
consent_grp[1]/e_rel_grp[1]/e_hh_ass_grp[1]/e_hh_ass_fan,108,1499
consent_grp[1]/e_rel_grp[1]/e_hh_ass_grp[1]/e_hh_ass_lamp,108,1499
consent_grp[1]/e_rel_grp[1]/e_hh_ass_grp[1]/e_hh_ass_watch,108,1499
consent_grp[1]/e_rel_grp[1]/e_hh_ass_grp[1]/e_hh_ass_mat,108,1499
consent_grp[1]/e_rel_grp[1]/e_hh_ass_grp[1]/e_hh_ass_torch,108,1499
consent_grp[1]/e_rel_grp[1]/e_hh_ass_grp[1]/e_hh_ass_cabinet,108,1499
consent_grp[1]/e_rel_grp[1]/e_hh_ass_grp[1]/e_hh_ass_pot,108,1499
consent_grp[1]/e_rel_grp[1]/e_hh_ass_grp[1]/e_hh_ass_itn,108,1499
consent_grp[1]/e_rel_grp[1]/e_hh_ass_grp[1]/e_hh_ass_iron_elec,108,1499
consent_grp[1]/e_rel_grp[1]/e_hh_ass_grp[1]/e_hh_ass_iron_coal,108,1499
consent_grp[1]/e_rel_grp[1]/e_hh_ass_grp[1]/e_hh_ass_iron_gas,108,1499
consent_grp[1]/f_rel_grp[1]/f_comm_note,8,1607
consent_grp[1]/f_rel_grp[1]/section_f[1]/f_born_comm,28,1614
consent_grp[1]/f_rel_grp[1]/section_f[1]/f_school_loc,16,1642
consent_grp[1]/f_rel_grp[1]/section_f[1]/f_lived_bef_teach,9,1658
consent_grp[1]/f_rel_grp[1]/section_f[1]/f_lived_grp[1]/f_lived_comm,10,1667
consent_grp[1]/f_rel_grp[1]/section_f[1]/f_lived_grp[1]/f_lived_comm_year,10,1667
consent_grp[1]/f_rel_grp[1]/section_f[1]/f_lived_grp[1]/f_lived_comm_month,10,1667
consent_grp[1]/f_rel_grp[1]/section_f[1]/f_fam_lived,33,1677
consent_grp[1]/f_rel_grp[1]/section_f[1]/f_emot_support,123,1708
consent_grp[1]/f_rel_grp[1]/section_f[1]/f_emot_support_num,77,1727
consent_grp[1]/f_rel_grp[1]/section_f[1]/f_lend_money,18,1880
consent_grp[1]/f_rel_grp[1]/section_f[1]/f_borrow_money,9,1928
consent_grp[1]/f_rel_grp[1]/section_f[1]/f_rel_live_nearby,10,1937
consent_grp[1]/f_rel_grp[1]/section_f[1]/f_part_comm,7,1947
consent_grp[1]/f_rel_grp[1]/section_f[1]/f_main_trans,9,1954
consent_grp[1]/f_rel_grp[1]/section_f[1]/f_min_get_sch_grp[1]/f_min_get_note,11,1962
consent_grp[1]/f_rel_grp[1]/section_f[1]/f_min_get_sch_grp[1]/f_h_get_school,11,1962
consent_grp[1]/f_rel_grp[1]/section_f[1]/f_min_get_sch_grp[1]/f_m_get_school,11,1962
consent_grp[1]/g_nature_wrk_note,4,1973
consent_grp[1]/section_g[1]/g_teach_pos,38,1977
consent_grp[1]/section_g[1]/g_teach_school,7,2014
consent_grp[1]/section_g[1]/g_kg_grade,8,2021
consent_grp[1]/section_g[1]/g_class_grp[1]/g_children_note,14,2029
consent_grp[1]/section_g[1]/g_class_grp[1]/g_kg_2,14,2029
consent_grp[1]/section_g[1]/g_ah_grp[1]/g_ah_note,116,2042
consent_grp[1]/section_g[1]/g_ah_grp[1]/g_ah_working,116,2042
consent_grp[1]/section_g[1]/g_ah_grp[1]/g_ah_prepping,116,2042
consent_grp[1]/section_g[1]/g_eh_grp[1]/g_eh_note,164,2158
consent_grp[1]/section_g[1]/g_eh_grp[1]/g_eh_working,164,2158
consent_grp[1]/section_g[1]/g_eh_grp[1]/g_eh_prepping,164,2158
consent_grp[1]/section_g[1]/g_teach_salary,18,2322
consent_grp[1]/section_g[1]/g_salary_freq,19,2341
consent_grp[1]/section_g[1]/g_salary_intime,26,2360
consent_grp[1]/section_g[1]/g_money_cmp,10,2386
consent_grp[1]/section_g[1]/g_job_outside,10,2395
consent_grp[1]/section_g[1]/g_extra_money_spec,8,2405
consent_grp[1]/section_g[1]/g_sch_pro_grp[1]/tmp_g_sch_pro_lab,108,2413
consent_grp[1]/section_g[1]/g_sch_pro_grp[1]/g_class,108,2413
consent_grp[1]/section_g[1]/g_sch_pro_grp[1]/g_class_taught,108,2413
consent_grp[1]/section_g[1]/g_sch_pro_grp[1]/g_fin_resource,108,2413
consent_grp[1]/section_g[1]/g_sch_pro_grp[1]/g_high_expe,108,2413
consent_grp[1]/section_g[1]/g_sch_pro_grp[1]/g_change_curri,108,2413
consent_grp[1]/section_g[1]/g_sch_pro_grp[1]/g_diff_curri,108,2413
consent_grp[1]/section_g[1]/g_sch_pro_grp[1]/g_easy_curri,108,2413
consent_grp[1]/section_g[1]/g_sch_pro_grp[1]/g_par_dem_high,108,2413
consent_grp[1]/section_g[1]/g_sch_pro_grp[1]/g_par_suff_interest,108,2413
consent_grp[1]/section_g[1]/g_sch_pro_grp[1]/g_par_suff_active,108,2413
consent_grp[1]/section_g[1]/g_par_supp_grp[1]/g_par_supp_note,19,2521
consent_grp[1]/section_g[1]/g_par_supp_grp[1]/g_home_wrk,16,2534
consent_grp[1]/section_g[1]/g_par_supp_grp[1]/g_behave_val,24,2549
consent_grp[1]/section_g[1]/g_par_supp_grp[1]/g_get_schl,14,2580
consent_grp[1]/section_g[1]/g_par_supp_grp[1]/g_visit_schl,9,2594
consent_grp[1]/section_g[1]/g_par_supp_grp[1]/g_show_respect,9,2603
consent_grp[1]/section_g[1]/g_par_supp_grp[1]/g_best_schl,8,2612
consent_grp[1]/section_g[1]/g_par_supp_grp[1]/g_parti_pta,8,2621
consent_grp[1]/section_g[1]/g_par_supp_grp[1]/g_cont_kg_act,9,2629
consent_grp[1]/section_g[1]/g_lead_respect,9,2638
consent_grp[1]/section_g[1]/g_val_citizen,10,2647
consent_grp[1]/section_h[1]/sec_h_depre_note,48,2657
consent_grp[1]/section_h[1]/h_depression_grp[1]/h_da_note,113,2705
consent_grp[1]/section_h[1]/h_depression_grp[1]/tmp_h_da_lab,113,2705
consent_grp[1]/section_h[1]/h_depression_grp[1]/h_headache,113,2705
consent_grp[1]/section_h[1]/h_depression_grp[1]/h_appetite,113,2705
consent_grp[1]/section_h[1]/h_depression_grp[1]/h_sleep,113,2705
consent_grp[1]/section_h[1]/h_depression_grp[1]/h_frightened,113,2705
consent_grp[1]/section_h[1]/h_depression_grp[1]/h_hands_shake,113,2705
consent_grp[1]/section_h[1]/h_depression_grp[1]/h_nervous,113,2705
consent_grp[1]/section_h[1]/h_depression_grp[1]/h_digestion,113,2705
consent_grp[1]/section_h[1]/h_depression_grp[1]/h_thinking,113,2705
consent_grp[1]/section_h[1]/h_depression_grp[1]/h_unhappy,113,2705
consent_grp[1]/section_h[1]/h_depression_grp[1]/h_cry,113,2705
consent_grp[1]/section_h[1]/h_depression_grp[1]/h_activities,113,2705
consent_grp[1]/section_h[1]/h_depression_grp[1]/h_decisions,113,2705
consent_grp[1]/section_h[1]/h_depression_grp[1]/h_daily_work,113,2705
consent_grp[1]/section_h[1]/h_depression_grp[1]/h_life,113,2705
consent_grp[1]/section_h[1]/h_depression_grp[1]/h_interest,113,2705
consent_grp[1]/section_h[1]/h_depression_grp[1]/h_worthless,113,2705
consent_grp[1]/section_h[1]/h_depression_grp[1]/h_end_life,113,2705
consent_grp[1]/section_h[1]/h_depression_grp[1]/h_tired,113,2705
consent_grp[1]/section_h[1]/h_depression_grp[1]/h_uncomfortable,113,2705
consent_grp[1]/section_h[1]/h_depression_grp[1]/h_easily_tired,113,2705
consent_grp[1]/section_h[1]/sec_h_ext_contr_note,9,2818
consent_grp[1]/section_h[1]/h_ext_control_grp[1]/h_ext_cont_note,5,2827
consent_grp[1]/section_h[1]/h_ext_control_grp[1]/h_pup_learn,38,2832
consent_grp[1]/section_h[1]/h_ext_control_grp[1]/h_discipline,25,2870
consent_grp[1]/section_h[1]/h_ext_control_grp[1]/h_stu_achieve,18,2894
consent_grp[1]/section_h[1]/h_ext_control_grp[1]/h_teach_motiv,15,2912
consent_grp[1]/section_h[1]/h_ext_control_grp[1]/h_good_teach,10,2927
consent_grp[1]/section_h[1]/sec_h_motiv_note,3,2937
consent_grp[1]/section_h[1]/h_motiv_grp[1]/h_motiv_note,10,2940
consent_grp[1]/section_h[1]/h_motiv_grp[1]/h_motiv_help,19,2950
consent_grp[1]/section_h[1]/h_motiv_grp[1]/h_quest_school,7,2968
consent_grp[1]/section_h[1]/h_motiv_grp[1]/h_help_child,7,2975
consent_grp[1]/section_h[1]/h_motiv_grp[1]/h_sch_goal,15,2983
consent_grp[1]/section_h[1]/h_motiv_grp[1]/h_help_emot,19,2997
consent_grp[1]/section_h[1]/h_motiv_grp[1]/h_enjoy_teach,6,3016
consent_grp[1]/section_h[1]/h_motiv_grp[1]/h_develop_society,9,3022
consent_grp[1]/section_h[1]/h_motiv_grp[1]/h_develop_socially,7,3031
consent_grp[1]/section_h[1]/h_motiv_grp[1]/h_perso_clear,10,3039
consent_grp[1]/section_h[1]/h_impor_thing,37,3048
consent_grp[1]/section_h[1]/h_job_satisfaction_grp[1]/h_job_satis_note,25,3085
consent_grp[1]/section_h[1]/h_job_satisfaction_grp[1]/h_look_out,27,3110
consent_grp[1]/section_h[1]/h_job_satisfaction_grp[1]/h_perso_worries,8,3137
consent_grp[1]/section_h[1]/h_job_satisfaction_grp[1]/h_know_col,8,3145
consent_grp[1]/section_h[1]/h_job_satisfaction_grp[1]/h_col_coop,9,3153
consent_grp[1]/section_h[1]/h_job_satisfaction_grp[1]/h_trust_col,9,3162
consent_grp[1]/section_h[1]/h_job_satisfaction_grp[1]/h_enjoy_col,8,3171
consent_grp[1]/section_h[1]/h_job_satisfaction_grp[1]/h_sup_respect,8,3179
consent_grp[1]/section_h[1]/h_job_satisfaction_grp[1]/h_sup_busy,8,3187
consent_grp[1]/section_h[1]/h_job_satisfaction_grp[1]/h_sup_opinion,6,3195
consent_grp[1]/section_h[1]/h_job_satisfaction_grp[1]/h_count_sup,6,3201
consent_grp[1]/section_h[1]/h_job_satisfaction_grp[1]/h_motivated,10,3207
consent_grp[1]/section_h[1]/h_job_satisfaction_grp[1]/h_sup_unpredict,6,3217
consent_grp[1]/section_h[1]/h_job_satisfaction_grp[1]/h_wrk_challenge,10,3223
consent_grp[1]/section_h[1]/h_job_satisfaction_grp[1]/h_wrk_monotonous,11,3233
consent_grp[1]/section_h[1]/h_job_satisfaction_grp[1]/h_wrk_creative,5,3244
consent_grp[1]/section_h[1]/h_job_satisfaction_grp[1]/h_big_impact,7,3250
consent_grp[1]/section_h[1]/h_job_satisfaction_grp[1]/h_little_time,8,3256
consent_grp[1]/section_h[1]/h_job_satisfaction_grp[1]/h_control_satis,8,3264
consent_grp[1]/section_h[1]/h_job_satisfaction_grp[1]/h_look,7,3272
consent_grp[1]/section_h[1]/h_job_satisfaction_grp[1]/h_small_space,7,3280
consent_grp[1]/section_h[1]/h_job_satisfaction_grp[1]/h_new_mat,6,3287
consent_grp[1]/section_h[1]/h_job_satisfaction_grp[1]/h_clean_kinder,17,3292
consent_grp[1]/section_h[1]/h_job_satisfaction_grp[1]/h_loud_kinder,13,3304
consent_grp[1]/section_h[1]/h_job_satisfaction_grp[1]/h_kinder_rules,14,3322
consent_grp[1]/section_h[1]/h_job_satisfaction_grp[1]/h_satisfied_paid,9,3336
consent_grp[1]/section_h[1]/h_burnout_grp[1]/h_burnout_note,11,3345
consent_grp[1]/section_h[1]/h_burnout_grp[1]/h_emotion_drained,33,3356
consent_grp[1]/section_h[1]/h_burnout_grp[1]/h_used_up,19,3389
consent_grp[1]/section_h[1]/h_burnout_grp[1]/h_fatigued,8,3407
consent_grp[1]/section_h[1]/h_burnout_grp[1]/h_child_feel,17,3415
consent_grp[1]/section_h[1]/h_burnout_grp[1]/h_child_impersonal,15,3432
consent_grp[1]/section_h[1]/h_burnout_grp[1]/h_ppl_strain,9,3447
consent_grp[1]/section_h[1]/h_burnout_grp[1]/h_deal_effect,19,3456
consent_grp[1]/section_h[1]/h_burnout_grp[1]/h_burnout,14,3475
consent_grp[1]/section_h[1]/h_burnout_grp[1]/h_pos_influence,14,3489
consent_grp[1]/section_h[1]/h_burnout_grp[1]/h_cold,61,3503
consent_grp[1]/section_h[1]/h_burnout_grp[1]/h_hard,10,3564
consent_grp[1]/section_h[1]/h_burnout_grp[1]/h_energetic,25,3573
consent_grp[1]/section_h[1]/h_burnout_grp[1]/h_frustrated,8,3598
consent_grp[1]/section_h[1]/h_burnout_grp[1]/h_work_hard,9,3606
consent_grp[1]/section_h[1]/h_burnout_grp[1]/h_dont_care,8,3615
consent_grp[1]/section_h[1]/h_burnout_grp[1]/h_put_pressure,20,3623
consent_grp[1]/section_h[1]/h_burnout_grp[1]/h_relax,14,3643
consent_grp[1]/section_h[1]/h_burnout_grp[1]/h_excited,11,3658
consent_grp[1]/section_h[1]/h_burnout_grp[1]/h_accomplished,12,3669
consent_grp[1]/section_h[1]/h_burnout_grp[1]/h_end_of_rop,7,3681
consent_grp[1]/section_h[1]/h_burnout_grp[1]/h_emot_pro_calm,8,3688
consent_grp[1]/i_teacher_knowledge_grp[1]/I_teach_know_note,41,3695
consent_grp[1]/i_teacher_knowledge_grp[1]/i_consonance,22,3737
consent_grp[1]/i_teacher_knowledge_grp[1]/i_vowel,28,3759
consent_grp[1]/i_teacher_knowledge_grp[1]/i_unbelievable,51,3787
consent_grp[1]/i_teacher_knowledge_grp[1]/i_irregular,10,3838
consent_grp[1]/i_teacher_knowledge_grp[1]/i_cat,14,3848
consent_grp[1]/i_teacher_knowledge_grp[1]/i_cough,21,3862
consent_grp[1]/i_teacher_knowledge_grp[1]/i_check,10,3884
consent_grp[1]/i_teacher_knowledge_grp[1]/i_english,16,3893
consent_grp[1]/j_perception_grp[1]/j_perception_note,73,3909
consent_grp[1]/j_perception_grp[1]/j_dev_practice_grp[1]/j_dev_practice_note,10,3982
consent_grp[1]/j_perception_grp[1]/j_dev_practice_grp[1]/j_child_need,28,3985
consent_grp[1]/j_perception_grp[1]/j_dev_practice_grp[1]/j_recog_letter,9,4020
consent_grp[1]/j_perception_grp[1]/j_dev_practice_grp[1]/j_recog_number,5,4029
consent_grp[1]/j_perception_grp[1]/j_dev_practice_grp[1]/j_recog_colour,5,4034
consent_grp[1]/j_perception_grp[1]/j_dev_practice_grp[1]/j_indiv_goal,22,4038
consent_grp[1]/j_perception_grp[1]/j_dev_practice_grp[1]/j_play_materials,5,4060
consent_grp[1]/j_perception_grp[1]/j_dev_practice_grp[1]/j_child_measure,12,4065
consent_grp[1]/j_perception_grp[1]/j_supp_chil_grp[1]/j_supp_chil_note,6,4077
consent_grp[1]/j_perception_grp[1]/j_supp_chil_grp[1]/j_build_relation,6,4083
consent_grp[1]/j_perception_grp[1]/j_supp_chil_grp[1]/j_control_behaviour,6,4089
consent_grp[1]/j_perception_grp[1]/j_supp_chil_grp[1]/j_express_thought,5,4095
consent_grp[1]/j_perception_grp[1]/j_supp_chil_grp[1]/j_resolve_conflicts,5,4100
consent_grp[1]/j_perception_grp[1]/j_supp_chil_grp[1]/j_guidance_style,14,4105
consent_grp[1]/j_perception_grp[1]/j_fam_sensitive_grp[1]/j_fam_sensitive_note,63,4119
consent_grp[1]/j_perception_grp[1]/j_fam_sensitive_grp[1]/j_parent_goal,63,4119
consent_grp[1]/j_perception_grp[1]/j_fam_sensitive_grp[1]/j_work_schedule,63,4119
consent_grp[1]/j_perception_grp[1]/j_fam_sensitive_grp[1]/j_fam_decision,63,4119
consent_grp[1]/j_perception_grp[1]/j_fam_sensitive_grp[1]/j_family_care,63,4119
consent_grp[1]/j_perception_grp[1]/j_fam_sensitive_grp[1]/j_connect_family,63,4119
consent_grp[1]/k_grp[1]/k_instro_note,41,4182
consent_grp[1]/k_grp[1]/k_ts_grp[1]/tmp_k_labels,138,4204
consent_grp[1]/k_grp[1]/k_ts_grp[1]/k_take_priviledges,138,4204
consent_grp[1]/k_grp[1]/k_ts_grp[1]/k_explain_behavior,138,4204
consent_grp[1]/k_grp[1]/k_ts_grp[1]/k_shook,138,4204
consent_grp[1]/k_grp[1]/k_ts_grp[1]/k_shouted,138,4204
consent_grp[1]/k_grp[1]/k_ts_grp[1]/k_gave_something,138,4204
consent_grp[1]/k_grp[1]/k_ts_grp[1]/k_spanked,138,4204
consent_grp[1]/k_grp[1]/k_ts_grp[1]/k_hit_bottom,138,4204
consent_grp[1]/k_grp[1]/k_ts_grp[1]/k_call_dumb,138,4204
consent_grp[1]/k_grp[1]/k_ts_grp[1]/k_hit_face,138,4204
consent_grp[1]/k_grp[1]/k_ts_grp[1]/k_praised,138,4204
consent_grp[1]/k_grp[1]/k_ts_grp[1]/k_affection,138,4204
consent_grp[1]/k_grp[1]/k_ts_grp[1]/k_rewarded,138,4204
consent_grp[1]/l_teaching_prac_grp[1]/l_note,5,4361
consent_grp[1]/l_teaching_prac_grp[1]/l_previos_kinder_act[1]/tmp_l_prac_lab,71,4366
consent_grp[1]/l_teaching_prac_grp[1]/l_previos_kinder_act[1]/l_hygiene_routine,71,4366
consent_grp[1]/l_teaching_prac_grp[1]/l_previos_kinder_act[1]/l_supply,71,4366
consent_grp[1]/l_teaching_prac_grp[1]/l_previos_kinder_act[1]/l_pamper,71,4366
consent_grp[1]/l_teaching_prac_grp[1]/l_previos_kinder_act[1]/l_read,71,4366
consent_grp[1]/l_teaching_prac_grp[1]/l_previos_kinder_act[1]/l_tell,71,4366
consent_grp[1]/l_teaching_prac_grp[1]/l_previos_kinder_act[1]/l_conversatin,71,4366
consent_grp[1]/l_teaching_prac_grp[1]/l_previos_kinder_act[1]/l_sing,71,4366
consent_grp[1]/l_teaching_prac_grp[1]/l_previos_kinder_act[1]/l_dance,71,4366
consent_grp[1]/l_teaching_prac_grp[1]/l_previos_kinder_act[1]/l_visit,71,4366
consent_grp[1]/l_teaching_prac_grp[1]/l_previos_kinder_act[1]/l_play_kg,71,4366
consent_grp[1]/l_teaching_prac_grp[1]/l_previos_kinder_act[1]/l_play_recrea,71,4366
consent_grp[1]/l_teaching_prac_grp[1]/l_previos_kinder_act[1]/l_sleep,71,4366
consent_grp[1]/l_teaching_prac_grp[1]/l_previos_kinder_act[1]/l_run,71,4366
consent_grp[1]/l_teaching_prac_grp[1]/l_previos_kinder_act[1]/l_group_learn,71,4366
consent_grp[1]/l_teaching_prac_grp[1]/l_previos_kinder_act[1]/l_indiv_learn,71,4366
consent_grp[1]/l_teaching_prac_grp[1]/l_class_acti_grp[1]/l_act_grp[1]/tmp_l_class_lab,57,4438
consent_grp[1]/l_teaching_prac_grp[1]/l_class_acti_grp[1]/l_act_grp[1]/l_teach_colour,57,4438
consent_grp[1]/l_teaching_prac_grp[1]/l_class_acti_grp[1]/l_act_grp[1]/l_teach_number,57,4438
consent_grp[1]/l_teaching_prac_grp[1]/l_class_acti_grp[1]/l_act_grp[1]/l_teach_letter,57,4438
consent_grp[1]/l_teaching_prac_grp[1]/l_class_acti_grp[1]/l_act_grp[1]/l_teach_form,57,4438
consent_grp[1]/l_teaching_prac_grp[1]/l_class_acti_grp[1]/l_act_grp[1]/l_socialise,57,4438
consent_grp[1]/l_teaching_prac_grp[1]/l_class_acti_grp[1]/l_act_grp[1]/l_pro_solve,57,4438
consent_grp[1]/l_teaching_prac_grp[1]/l_class_acti_grp[1]/l_act_grp[1]/l_writing,57,4438
consent_grp[1]/l_teaching_prac_grp[1]/l_class_acti_grp[1]/l_act_grp[1]/l_teach_body,57,4438
consent_grp[1]/l_teaching_prac_grp[1]/l_class_acti_grp[1]/l_act_grp[1]/l_pers_hygiene,57,4438
consent_grp[1]/l_teaching_prac_grp[1]/l_class_acti_grp[1]/l_act_grp[1]/l_art_expre,57,4438
consent_grp[1]/l_teaching_prac_grp[1]/l_class_acti_grp[1]/l_act_grp[1]/l_body_lang,57,4438
consent_grp[1]/l_teaching_prac_grp[1]/l_class_acti_grp[1]/l_act_grp[1]/l_concentration,57,4438
consent_grp[1]/l_teaching_prac_grp[1]/l_class_acti_grp[1]/l_act_grp[1]/l_gross_motor,57,4438
consent_grp[1]/l_teaching_prac_grp[1]/l_class_acti_grp[1]/l_act_grp[1]/l_fine_motor,57,4438
consent_grp[1]/l_teaching_prac_grp[1]/l_class_acti_grp[1]/l_act_grp[1]/l_gender,57,4438
consent_grp[1]/l_teaching_prac_grp[1]/l_class_acti_grp[1]/l_act_grp[1]/l_responsibility,57,4438
consent_grp[1]/l_teaching_prac_grp[1]/l_class_acti_grp[1]/l_act_grp[1]/l_speech,57,4438
consent_grp[1]/l_teaching_prac_grp[1]/l_class_acti_grp[1]/l_act_grp[1]/l_explore_comm,57,4438
consent_grp[1]/l_teaching_prac_grp[1]/l_class_acti_grp[1]/l_act_grp[1]/l_explore_culture,57,4438
consent_grp[1]/l_teaching_prac_grp[1]/l_parent_interact_note,4,4494
consent_grp[1]/l_teaching_prac_grp[1]/l_actively_engaged,20,4499
consent_grp[1]/l_teaching_prac_grp[1]/l_proportion_child,13,4518
consent_grp[1]/l_teaching_prac_grp[1]/l_proportion_child_more,22,4532
consent_grp[1]/l_teaching_prac_grp[1]/l_visit_pupil_house,35,4554
consent_grp[1]/l_teaching_prac_grp[1]/l_visit_parent_house,31,4589
consent_grp[1]/l_teaching_prac_grp[1]/l_receive_parent_supp,15,4619
consent_grp[1]/l_teaching_prac_grp[1]/l_day_teaching_note,9,4635
consent_grp[1]/l_teaching_prac_grp[1]/l_day_grp[1]/tmp_l_labs,51,4644
consent_grp[1]/l_teaching_prac_grp[1]/l_day_grp[1]/l_daily_schedule,51,4644
consent_grp[1]/l_teaching_prac_grp[1]/l_day_grp[1]/l_play_period,51,4644
consent_grp[1]/l_teaching_prac_grp[1]/l_day_grp[1]/l_free_play,51,4644
consent_grp[1]/l_teaching_prac_grp[1]/l_day_grp[1]/l_activities,51,4644
consent_grp[1]/l_teaching_prac_grp[1]/l_per_daily_grp[1]/l_perc_note,225,4694
consent_grp[1]/l_teaching_prac_grp[1]/l_per_daily_grp[1]/l_admin_per,225,4694
consent_grp[1]/l_teaching_prac_grp[1]/l_per_daily_grp[1]/l_class_per,225,4694
consent_grp[1]/l_teaching_prac_grp[1]/l_per_daily_grp[1]/l_teach_per,225,4694
consent_grp[1]/l_teaching_prac_grp[1]/l_per_daily_grp[1]/l_super_per,225,4694
consent_grp[1]/l_teaching_prac_grp[1]/l_per_daily_grp[1]/l_super_oth_per,225,4694
consent_grp[1]/l_teaching_prac_grp[1]/l_per_daily_grp[1]/l_break_per,225,4694
consent_grp[1]/l_teaching_prac_grp[1]/l_discipline_note,7,4919
consent_grp[1]/l_teaching_prac_grp[1]/l_dont_like,55,4926
consent_grp[1]/l_teaching_prac_grp[1]/l_really_bad,33,4982
consent_grp[1]/l_teaching_prac_grp[1]/l_does_good,13,5015
consent_grp[1]/l_teaching_prac_grp[1]/l_praise,10,5028
consent_grp[1]/q_note,11,5038
consent_grp[1]/q_activ_yn,13,5049
consent_grp[1]/q_rpt[1]/q_activ_r,14,5062
consent_grp[1]/q_rpt[1]/q_activ_org_r,11,5076
consent_grp[1]/q_rpt[1]/q_activ_add_r,9,5087
consent_grp[1]/q_rpt[2]/q_activ_r,18,5096
consent_grp[1]/q_rpt[2]/q_activ_org_r,10,5114
consent_grp[1]/q_rpt[2]/q_activ_org_osp_r,11,5125
consent_grp[1]/q_rpt[2]/q_activ_add_r,6,5136
consent_grp[1]/q_rpt[3]/q_activ_r,5,5142
consent_grp[1]/q_rpt[3]/q_activ_org_r,3,5147
consent_grp[1]/q_rpt[3]/q_activ_org_osp_r,6,5150
consent_grp[1]/q_rpt[3]/q_activ_add_r,6,5156
s_int_accom_yn,2,5162
comments,13,5164
