Field name,Total duration (seconds),First appeared (seconds into survey)
instruction,2,2
a_district_id,59,4
a_circuit_id,7,63
a_kg_id,8,71
a_community_id,3,79
a_enum_id,9,82
consent_note,1,91
con_understand,7,92
con_questions,44,99
con_written,2,143
consent_grp[1]/audio_consent,2,145
consent_grp[1]/d_background_note,1,147
consent_grp[1]/section_d[1]/kgt_key,6,148
consent_grp[1]/section_d[1]/kgt_confirm_note,5,154
consent_grp[1]/section_d[1]/d_num_cnt,14,158
consent_grp[1]/section_d[1]/d_cnt_grp[1]/d_cnt_main,22,172
consent_grp[1]/section_d[1]/d_cnt_grp[1]/d_cnt_sec,22,172
consent_grp[1]/section_d[1]/d_work_last,16,194
consent_grp[1]/section_d[1]/d_edu_level,8,210
consent_grp[1]/section_d[1]/d_edu_train,10,218
consent_grp[1]/section_d[1]/d_edu_level_train,17,229
consent_grp[1]/section_d[1]/d_marital_status,6,246
consent_grp[1]/section_d[1]/d_religion,10,252
consent_grp[1]/section_d[1]/d_la_spk_grp[1]/d_la_spk_note,43,259
consent_grp[1]/section_d[1]/d_la_spk_grp[1]/d_la_spk_eng,43,259
consent_grp[1]/section_d[1]/d_la_spk_grp[1]/d_la_spk_grun,43,259
consent_grp[1]/section_d[1]/d_la_wrt_grp[1]/d_la_wrt_note,20,305
consent_grp[1]/section_d[1]/d_la_wrt_grp[1]/d_la_wrt_eng,20,305
consent_grp[1]/section_d[1]/d_la_wrt_grp[1]/d_la_wrt_grun,20,305
consent_grp[1]/section_d[1]/d_main_language,47,325
consent_grp[1]/section_d[1]/d_loc_lang_kinderg,31,372
consent_grp[1]/f_moved_yn,20,385
consent_grp[1]/g_nature_wrk_note,11,423
consent_grp[1]/section_g[1]/g_teach_pos,9,434
consent_grp[1]/section_g[1]/g_teach_school,11,443
consent_grp[1]/section_g[1]/g_kg_grade,13,454
consent_grp[1]/section_g[1]/g_class_grp[1]/g_children_note,21,467
consent_grp[1]/section_g[1]/g_class_grp[1]/g_kg_2,21,467
consent_grp[1]/section_g[1]/g_ah_grp[1]/g_ah_note,136,487
consent_grp[1]/section_g[1]/g_ah_grp[1]/g_ah_working,136,487
consent_grp[1]/section_g[1]/g_ah_grp[1]/g_ah_prepping,136,487
consent_grp[1]/section_g[1]/g_eh_grp[1]/g_eh_note,76,613
consent_grp[1]/section_g[1]/g_eh_grp[1]/g_eh_working,76,613
consent_grp[1]/section_g[1]/g_eh_grp[1]/g_eh_prepping,76,613
consent_grp[1]/section_g[1]/g_teach_salary,158,683
consent_grp[1]/section_g[1]/g_salary_freq,17,705
consent_grp[1]/section_g[1]/g_salary_intime,47,722
consent_grp[1]/section_g[1]/g_money_cmp,11,769
consent_grp[1]/section_g[1]/g_job_outside,33,781
consent_grp[1]/section_g[1]/g_job_outside_income,49,814
consent_grp[1]/section_g[1]/g_earn_grp[1]/g_earn_amt,116,862
consent_grp[1]/section_g[1]/g_earn_grp[1]/g_earn_freq,116,862
consent_grp[1]/section_g[1]/g_extra_money_spec,11,978
consent_grp[1]/section_g[1]/g_sch_pro_grp[1]/tmp_g_sch_pro_lab,219,989
consent_grp[1]/section_g[1]/g_sch_pro_grp[1]/g_class,219,989
consent_grp[1]/section_g[1]/g_sch_pro_grp[1]/g_class_taught,219,989
consent_grp[1]/section_g[1]/g_sch_pro_grp[1]/g_fin_resource,219,989
consent_grp[1]/section_g[1]/g_sch_pro_grp[1]/g_high_expe,219,989
consent_grp[1]/section_g[1]/g_sch_pro_grp[1]/g_change_curri,219,989
consent_grp[1]/section_g[1]/g_sch_pro_grp[1]/g_diff_curri,219,989
consent_grp[1]/section_g[1]/g_sch_pro_grp[1]/g_easy_curri,219,989
consent_grp[1]/section_g[1]/g_sch_pro_grp[1]/g_par_dem_high,219,989
consent_grp[1]/section_g[1]/g_sch_pro_grp[1]/g_par_suff_interest,219,989
consent_grp[1]/section_g[1]/g_sch_pro_grp[1]/g_par_suff_active,219,989
consent_grp[1]/section_g[1]/g_par_supp_grp[1]/g_par_supp_note,3,1209
consent_grp[1]/section_g[1]/g_par_supp_grp[1]/g_home_wrk,34,1212
consent_grp[1]/section_g[1]/g_par_supp_grp[1]/g_behave_val,11,1246
consent_grp[1]/section_g[1]/g_par_supp_grp[1]/g_get_schl,8,1257
consent_grp[1]/section_g[1]/g_par_supp_grp[1]/g_visit_schl,23,1265
consent_grp[1]/section_g[1]/g_par_supp_grp[1]/g_show_respect,13,1288
consent_grp[1]/section_g[1]/g_par_supp_grp[1]/g_best_schl,11,1301
consent_grp[1]/section_g[1]/g_par_supp_grp[1]/g_parti_pta,8,1312
consent_grp[1]/section_g[1]/g_par_supp_grp[1]/g_cont_kg_act,10,1320
consent_grp[1]/section_g[1]/g_lead_respect,18,1330
consent_grp[1]/section_g[1]/g_val_citizen,18,1349
consent_grp[1]/section_h[1]/sec_h_depre_note,56,1366
consent_grp[1]/section_h[1]/h_depression_grp[1]/h_da_note,133,1423
consent_grp[1]/section_h[1]/h_depression_grp[1]/tmp_h_da_lab,133,1423
consent_grp[1]/section_h[1]/h_depression_grp[1]/h_headache,133,1423
consent_grp[1]/section_h[1]/h_depression_grp[1]/h_appetite,133,1423
consent_grp[1]/section_h[1]/h_depression_grp[1]/h_sleep,133,1423
consent_grp[1]/section_h[1]/h_depression_grp[1]/h_frightened,133,1423
consent_grp[1]/section_h[1]/h_depression_grp[1]/h_hands_shake,133,1423
consent_grp[1]/section_h[1]/h_depression_grp[1]/h_nervous,133,1423
consent_grp[1]/section_h[1]/h_depression_grp[1]/h_digestion,133,1423
consent_grp[1]/section_h[1]/h_depression_grp[1]/h_thinking,133,1423
consent_grp[1]/section_h[1]/h_depression_grp[1]/h_unhappy,133,1423
consent_grp[1]/section_h[1]/h_depression_grp[1]/h_cry,133,1423
consent_grp[1]/section_h[1]/h_depression_grp[1]/h_activities,133,1423
consent_grp[1]/section_h[1]/h_depression_grp[1]/h_decisions,133,1423
consent_grp[1]/section_h[1]/h_depression_grp[1]/h_daily_work,133,1423
consent_grp[1]/section_h[1]/h_depression_grp[1]/h_life,133,1423
consent_grp[1]/section_h[1]/h_depression_grp[1]/h_interest,133,1423
consent_grp[1]/section_h[1]/h_depression_grp[1]/h_worthless,133,1423
consent_grp[1]/section_h[1]/h_depression_grp[1]/h_end_life,133,1423
consent_grp[1]/section_h[1]/h_depression_grp[1]/h_tired,133,1423
consent_grp[1]/section_h[1]/h_depression_grp[1]/h_uncomfortable,133,1423
consent_grp[1]/section_h[1]/h_depression_grp[1]/h_easily_tired,133,1423
consent_grp[1]/section_h[1]/sec_h_ext_contr_note,11,1556
consent_grp[1]/section_h[1]/h_ext_control_grp[1]/h_ext_cont_note,5,1557
consent_grp[1]/section_h[1]/h_ext_control_grp[1]/h_pup_learn,50,1573
consent_grp[1]/section_h[1]/h_ext_control_grp[1]/h_discipline,35,1623
consent_grp[1]/section_h[1]/h_ext_control_grp[1]/h_stu_achieve,12,1658
consent_grp[1]/section_h[1]/h_ext_control_grp[1]/h_teach_motiv,19,1670
consent_grp[1]/section_h[1]/h_ext_control_grp[1]/h_good_teach,34,1690
consent_grp[1]/section_h[1]/sec_h_motiv_note,3,1723
consent_grp[1]/section_h[1]/h_motiv_grp[1]/h_motiv_note,9,1726
consent_grp[1]/section_h[1]/h_motiv_grp[1]/h_motiv_help,16,1735
consent_grp[1]/section_h[1]/h_motiv_grp[1]/h_quest_school,12,1751
consent_grp[1]/section_h[1]/h_motiv_grp[1]/h_help_child,9,1762
consent_grp[1]/section_h[1]/h_motiv_grp[1]/h_sch_goal,11,1771
consent_grp[1]/section_h[1]/h_motiv_grp[1]/h_help_emot,16,1782
consent_grp[1]/section_h[1]/h_motiv_grp[1]/h_enjoy_teach,11,1798
consent_grp[1]/section_h[1]/h_motiv_grp[1]/h_develop_society,14,1809
consent_grp[1]/section_h[1]/h_motiv_grp[1]/h_develop_socially,9,1822
consent_grp[1]/section_h[1]/h_motiv_grp[1]/h_perso_clear,14,1831
consent_grp[1]/section_h[1]/h_impor_thing,40,1845
consent_grp[1]/section_h[1]/h_job_satisfaction_grp[1]/h_job_satis_note,46,1885
consent_grp[1]/section_h[1]/h_job_satisfaction_grp[1]/h_look_out,214,1910
consent_grp[1]/section_h[1]/h_job_satisfaction_grp[1]/h_perso_worries,10,2145
consent_grp[1]/section_h[1]/h_job_satisfaction_grp[1]/h_know_col,19,2155
consent_grp[1]/section_h[1]/h_job_satisfaction_grp[1]/h_col_coop,10,2174
consent_grp[1]/section_h[1]/h_job_satisfaction_grp[1]/h_trust_col,23,2184
consent_grp[1]/section_h[1]/h_job_satisfaction_grp[1]/h_enjoy_col,7,2207
consent_grp[1]/section_h[1]/h_job_satisfaction_grp[1]/h_sup_respect,8,2214
consent_grp[1]/section_h[1]/h_job_satisfaction_grp[1]/h_sup_busy,10,2222
consent_grp[1]/section_h[1]/h_job_satisfaction_grp[1]/h_sup_opinion,8,2232
consent_grp[1]/section_h[1]/h_job_satisfaction_grp[1]/h_count_sup,17,2239
consent_grp[1]/section_h[1]/h_job_satisfaction_grp[1]/h_motivated,10,2257
consent_grp[1]/section_h[1]/h_job_satisfaction_grp[1]/h_sup_unpredict,16,2266
consent_grp[1]/section_h[1]/h_job_satisfaction_grp[1]/h_wrk_challenge,19,2282
consent_grp[1]/section_h[1]/h_job_satisfaction_grp[1]/h_wrk_monotonous,10,2301
consent_grp[1]/section_h[1]/h_job_satisfaction_grp[1]/h_wrk_creative,6,2310
consent_grp[1]/section_h[1]/h_job_satisfaction_grp[1]/h_big_impact,10,2316
consent_grp[1]/section_h[1]/h_job_satisfaction_grp[1]/h_little_time,10,2327
consent_grp[1]/section_h[1]/h_job_satisfaction_grp[1]/h_control_satis,20,2337
consent_grp[1]/section_h[1]/h_job_satisfaction_grp[1]/h_look,9,2357
consent_grp[1]/section_h[1]/h_job_satisfaction_grp[1]/h_small_space,25,2366
consent_grp[1]/section_h[1]/h_job_satisfaction_grp[1]/h_new_mat,10,2391
consent_grp[1]/section_h[1]/h_job_satisfaction_grp[1]/h_clean_kinder,13,2402
consent_grp[1]/section_h[1]/h_job_satisfaction_grp[1]/h_loud_kinder,62,2415
consent_grp[1]/section_h[1]/h_job_satisfaction_grp[1]/h_kinder_rules,10,2477
consent_grp[1]/section_h[1]/h_job_satisfaction_grp[1]/h_satisfied_paid,12,2487
consent_grp[1]/section_h[1]/h_burnout_grp[1]/h_burnout_note,15,2499
consent_grp[1]/section_h[1]/h_burnout_grp[1]/h_emotion_drained,30,2514
consent_grp[1]/section_h[1]/h_burnout_grp[1]/h_used_up,37,2544
consent_grp[1]/section_h[1]/h_burnout_grp[1]/h_fatigued,58,2581
consent_grp[1]/section_h[1]/h_burnout_grp[1]/h_child_feel,73,2639
consent_grp[1]/section_h[1]/h_burnout_grp[1]/h_child_impersonal,49,2713
consent_grp[1]/section_h[1]/h_burnout_grp[1]/h_ppl_strain,23,2762
consent_grp[1]/section_h[1]/h_burnout_grp[1]/h_deal_effect,33,2785
consent_grp[1]/section_h[1]/h_burnout_grp[1]/h_burnout,34,2818
consent_grp[1]/section_h[1]/h_burnout_grp[1]/h_pos_influence,37,2852
consent_grp[1]/section_h[1]/h_burnout_grp[1]/h_cold,27,2889
consent_grp[1]/section_h[1]/h_burnout_grp[1]/h_hard,54,2916
consent_grp[1]/section_h[1]/h_burnout_grp[1]/h_energetic,18,2970
consent_grp[1]/section_h[1]/h_burnout_grp[1]/h_frustrated,28,2989
consent_grp[1]/section_h[1]/h_burnout_grp[1]/h_work_hard,39,3017
consent_grp[1]/section_h[1]/h_burnout_grp[1]/h_dont_care,22,3056
consent_grp[1]/section_h[1]/h_burnout_grp[1]/h_put_pressure,34,3077
consent_grp[1]/section_h[1]/h_burnout_grp[1]/h_relax,50,3111
consent_grp[1]/section_h[1]/h_burnout_grp[1]/h_excited,10,3161
consent_grp[1]/section_h[1]/h_burnout_grp[1]/h_accomplished,27,3171
consent_grp[1]/section_h[1]/h_burnout_grp[1]/h_end_of_rop,8,3198
consent_grp[1]/section_h[1]/h_burnout_grp[1]/h_emot_pro_calm,18,3206
consent_grp[1]/i_teacher_knowledge_grp[1]/I_teach_know_note,126,3223
consent_grp[1]/i_teacher_knowledge_grp[1]/i_consonance,76,3240
consent_grp[1]/i_teacher_knowledge_grp[1]/i_vowel,18,3426
consent_grp[1]/i_teacher_knowledge_grp[1]/i_unbelievable,31,3444
consent_grp[1]/i_teacher_knowledge_grp[1]/i_irregular,21,3475
consent_grp[1]/i_teacher_knowledge_grp[1]/i_cat,11,3496
consent_grp[1]/i_teacher_knowledge_grp[1]/i_cough,27,3507
consent_grp[1]/i_teacher_knowledge_grp[1]/i_check,12,3534
consent_grp[1]/i_teacher_knowledge_grp[1]/i_english,14,3546
consent_grp[1]/j_perception_grp[1]/j_perception_note,44,3561
consent_grp[1]/j_perception_grp[1]/j_dev_practice_grp[1]/j_dev_practice_note,40,3604
consent_grp[1]/j_perception_grp[1]/j_dev_practice_grp[1]/j_child_need,56,3615
consent_grp[1]/j_perception_grp[1]/j_dev_practice_grp[1]/j_recog_letter,9,3700
consent_grp[1]/j_perception_grp[1]/j_dev_practice_grp[1]/j_recog_number,16,3710
consent_grp[1]/j_perception_grp[1]/j_dev_practice_grp[1]/j_recog_colour,14,3722
consent_grp[1]/j_perception_grp[1]/j_dev_practice_grp[1]/j_indiv_goal,11,3740
consent_grp[1]/j_perception_grp[1]/j_dev_practice_grp[1]/j_play_materials,8,3751
consent_grp[1]/j_perception_grp[1]/j_dev_practice_grp[1]/j_child_measure,18,3759
consent_grp[1]/j_perception_grp[1]/j_supp_chil_grp[1]/j_supp_chil_note,15,3778
consent_grp[1]/j_perception_grp[1]/j_supp_chil_grp[1]/j_build_relation,15,3793
consent_grp[1]/j_perception_grp[1]/j_supp_chil_grp[1]/j_control_behaviour,14,3808
consent_grp[1]/j_perception_grp[1]/j_supp_chil_grp[1]/j_express_thought,9,3822
consent_grp[1]/j_perception_grp[1]/j_supp_chil_grp[1]/j_resolve_conflicts,9,3831
consent_grp[1]/j_perception_grp[1]/j_supp_chil_grp[1]/j_guidance_style,30,3840
consent_grp[1]/j_perception_grp[1]/j_fam_sensitive_grp[1]/j_fam_sensitive_note,134,3870
consent_grp[1]/j_perception_grp[1]/j_fam_sensitive_grp[1]/j_parent_goal,134,3870
consent_grp[1]/j_perception_grp[1]/j_fam_sensitive_grp[1]/j_work_schedule,134,3870
consent_grp[1]/j_perception_grp[1]/j_fam_sensitive_grp[1]/j_fam_decision,134,3870
consent_grp[1]/j_perception_grp[1]/j_fam_sensitive_grp[1]/j_family_care,134,3870
consent_grp[1]/j_perception_grp[1]/j_fam_sensitive_grp[1]/j_connect_family,134,3870
consent_grp[1]/k_grp[1]/k_instro_note,26,4005
consent_grp[1]/k_grp[1]/k_ts_grp[1]/tmp_k_labels,152,4031
consent_grp[1]/k_grp[1]/k_ts_grp[1]/k_take_priviledges,152,4031
consent_grp[1]/k_grp[1]/k_ts_grp[1]/k_explain_behavior,152,4031
consent_grp[1]/k_grp[1]/k_ts_grp[1]/k_shook,152,4031
consent_grp[1]/k_grp[1]/k_ts_grp[1]/k_shouted,152,4031
consent_grp[1]/k_grp[1]/k_ts_grp[1]/k_gave_something,152,4031
consent_grp[1]/k_grp[1]/k_ts_grp[1]/k_spanked,152,4031
consent_grp[1]/k_grp[1]/k_ts_grp[1]/k_hit_bottom,152,4031
consent_grp[1]/k_grp[1]/k_ts_grp[1]/k_call_dumb,152,4031
consent_grp[1]/k_grp[1]/k_ts_grp[1]/k_hit_face,152,4031
consent_grp[1]/k_grp[1]/k_ts_grp[1]/k_praised,152,4031
consent_grp[1]/k_grp[1]/k_ts_grp[1]/k_affection,152,4031
consent_grp[1]/k_grp[1]/k_ts_grp[1]/k_rewarded,152,4031
consent_grp[1]/l_teaching_prac_grp[1]/l_note,7,4182
consent_grp[1]/l_teaching_prac_grp[1]/l_previos_kinder_act[1]/tmp_l_prac_lab,82,4190
consent_grp[1]/l_teaching_prac_grp[1]/l_previos_kinder_act[1]/l_hygiene_routine,82,4190
consent_grp[1]/l_teaching_prac_grp[1]/l_previos_kinder_act[1]/l_supply,82,4190
consent_grp[1]/l_teaching_prac_grp[1]/l_previos_kinder_act[1]/l_pamper,82,4190
consent_grp[1]/l_teaching_prac_grp[1]/l_previos_kinder_act[1]/l_read,82,4190
consent_grp[1]/l_teaching_prac_grp[1]/l_previos_kinder_act[1]/l_tell,82,4190
consent_grp[1]/l_teaching_prac_grp[1]/l_previos_kinder_act[1]/l_conversatin,82,4190
consent_grp[1]/l_teaching_prac_grp[1]/l_previos_kinder_act[1]/l_sing,82,4190
consent_grp[1]/l_teaching_prac_grp[1]/l_previos_kinder_act[1]/l_dance,82,4190
consent_grp[1]/l_teaching_prac_grp[1]/l_previos_kinder_act[1]/l_visit,82,4190
consent_grp[1]/l_teaching_prac_grp[1]/l_previos_kinder_act[1]/l_play_kg,82,4190
consent_grp[1]/l_teaching_prac_grp[1]/l_previos_kinder_act[1]/l_play_recrea,82,4190
consent_grp[1]/l_teaching_prac_grp[1]/l_previos_kinder_act[1]/l_sleep,82,4190
consent_grp[1]/l_teaching_prac_grp[1]/l_previos_kinder_act[1]/l_run,82,4190
consent_grp[1]/l_teaching_prac_grp[1]/l_previos_kinder_act[1]/l_group_learn,82,4190
consent_grp[1]/l_teaching_prac_grp[1]/l_previos_kinder_act[1]/l_indiv_learn,82,4190
consent_grp[1]/l_teaching_prac_grp[1]/l_class_acti_grp[1]/l_act_grp[1]/tmp_l_class_lab,82,4272
consent_grp[1]/l_teaching_prac_grp[1]/l_class_acti_grp[1]/l_act_grp[1]/l_teach_colour,82,4272
consent_grp[1]/l_teaching_prac_grp[1]/l_class_acti_grp[1]/l_act_grp[1]/l_teach_number,82,4272
consent_grp[1]/l_teaching_prac_grp[1]/l_class_acti_grp[1]/l_act_grp[1]/l_teach_letter,82,4272
consent_grp[1]/l_teaching_prac_grp[1]/l_class_acti_grp[1]/l_act_grp[1]/l_teach_form,82,4272
consent_grp[1]/l_teaching_prac_grp[1]/l_class_acti_grp[1]/l_act_grp[1]/l_socialise,82,4272
consent_grp[1]/l_teaching_prac_grp[1]/l_class_acti_grp[1]/l_act_grp[1]/l_pro_solve,82,4272
consent_grp[1]/l_teaching_prac_grp[1]/l_class_acti_grp[1]/l_act_grp[1]/l_writing,82,4272
consent_grp[1]/l_teaching_prac_grp[1]/l_class_acti_grp[1]/l_act_grp[1]/l_teach_body,82,4272
consent_grp[1]/l_teaching_prac_grp[1]/l_class_acti_grp[1]/l_act_grp[1]/l_pers_hygiene,82,4272
consent_grp[1]/l_teaching_prac_grp[1]/l_class_acti_grp[1]/l_act_grp[1]/l_art_expre,82,4272
consent_grp[1]/l_teaching_prac_grp[1]/l_class_acti_grp[1]/l_act_grp[1]/l_body_lang,82,4272
consent_grp[1]/l_teaching_prac_grp[1]/l_class_acti_grp[1]/l_act_grp[1]/l_concentration,82,4272
consent_grp[1]/l_teaching_prac_grp[1]/l_class_acti_grp[1]/l_act_grp[1]/l_gross_motor,82,4272
consent_grp[1]/l_teaching_prac_grp[1]/l_class_acti_grp[1]/l_act_grp[1]/l_fine_motor,82,4272
consent_grp[1]/l_teaching_prac_grp[1]/l_class_acti_grp[1]/l_act_grp[1]/l_gender,82,4272
consent_grp[1]/l_teaching_prac_grp[1]/l_class_acti_grp[1]/l_act_grp[1]/l_responsibility,82,4272
consent_grp[1]/l_teaching_prac_grp[1]/l_class_acti_grp[1]/l_act_grp[1]/l_speech,82,4272
consent_grp[1]/l_teaching_prac_grp[1]/l_class_acti_grp[1]/l_act_grp[1]/l_explore_comm,82,4272
consent_grp[1]/l_teaching_prac_grp[1]/l_class_acti_grp[1]/l_act_grp[1]/l_explore_culture,82,4272
consent_grp[1]/l_teaching_prac_grp[1]/l_parent_interact_note,8,4354
consent_grp[1]/l_teaching_prac_grp[1]/l_actively_engaged,26,4362
consent_grp[1]/l_teaching_prac_grp[1]/l_proportion_child,24,4388
consent_grp[1]/l_teaching_prac_grp[1]/l_proportion_child_more,41,4412
consent_grp[1]/l_teaching_prac_grp[1]/l_visit_pupil_house,36,4453
consent_grp[1]/l_teaching_prac_grp[1]/l_visit_parent_house,31,4489
consent_grp[1]/l_teaching_prac_grp[1]/l_receive_parent_supp,32,4520
consent_grp[1]/l_teaching_prac_grp[1]/l_day_teaching_note,12,4552
consent_grp[1]/l_teaching_prac_grp[1]/l_day_grp[1]/tmp_l_labs,65,4564
consent_grp[1]/l_teaching_prac_grp[1]/l_day_grp[1]/l_daily_schedule,65,4564
consent_grp[1]/l_teaching_prac_grp[1]/l_day_grp[1]/l_play_period,65,4564
consent_grp[1]/l_teaching_prac_grp[1]/l_day_grp[1]/l_free_play,65,4564
consent_grp[1]/l_teaching_prac_grp[1]/l_day_grp[1]/l_activities,65,4564
consent_grp[1]/l_teaching_prac_grp[1]/l_per_daily_grp[1]/l_perc_note,251,4629
consent_grp[1]/l_teaching_prac_grp[1]/l_per_daily_grp[1]/l_admin_per,251,4629
consent_grp[1]/l_teaching_prac_grp[1]/l_per_daily_grp[1]/l_class_per,251,4629
consent_grp[1]/l_teaching_prac_grp[1]/l_per_daily_grp[1]/l_teach_per,251,4629
consent_grp[1]/l_teaching_prac_grp[1]/l_per_daily_grp[1]/l_super_per,251,4629
consent_grp[1]/l_teaching_prac_grp[1]/l_per_daily_grp[1]/l_super_oth_per,251,4629
consent_grp[1]/l_teaching_prac_grp[1]/l_per_daily_grp[1]/l_break_per,251,4629
consent_grp[1]/l_teaching_prac_grp[1]/l_discipline_note,22,4879
consent_grp[1]/l_teaching_prac_grp[1]/l_dont_like,33,4901
consent_grp[1]/l_teaching_prac_grp[1]/l_really_bad,44,4935
consent_grp[1]/l_teaching_prac_grp[1]/l_does_good,47,4974
consent_grp[1]/l_teaching_prac_grp[1]/l_praise,22,5026
consent_grp[1]/q_note,20,5047
consent_grp[1]/q_activ_yn,36,5068
consent_grp[1]/q_rpt[1]/q_activ_r,84,5104
consent_grp[1]/q_rpt[1]/q_activ_org_r,4,5188
consent_grp[1]/q_rpt[1]/q_activ_add_r,15,5192
s_int_accom_yn,3,5207
s_int_accom,3,5209
comments,2,5213
