Field name,Total duration (seconds),First appeared (seconds into survey)
instruction,1,3
a_district_id,4,5
a_circuit_id,10,9
a_kg_id,16,19
a_community_id,5,34
a_enum_id,7,39
consent_note,331,46
con_understand,5,377
con_questions,3,382
con_written,3,385
consent_grp[1]/audio_consent,13,387
consent_grp[1]/d_background_note,16,400
consent_grp[1]/section_d[1]/kgt_key,38,416
consent_grp[1]/section_d[1]/kgt_confirm_note,7,454
consent_grp[1]/section_d[1]/d_num_cnt,14,461
consent_grp[1]/section_d[1]/d_cnt_grp[1]/d_cnt_main,11,475
consent_grp[1]/section_d[1]/d_work_last,16,486
consent_grp[1]/section_d[1]/d_edu_level,25,502
consent_grp[1]/section_d[1]/d_edu_train,29,526
consent_grp[1]/section_d[1]/d_marital_status,10,555
consent_grp[1]/section_d[1]/d_religion,6,566
consent_grp[1]/section_d[1]/d_la_spk_grp[1]/d_la_spk_note,37,572
consent_grp[1]/section_d[1]/d_la_spk_grp[1]/d_la_spk_eng,37,572
consent_grp[1]/section_d[1]/d_la_spk_grp[1]/d_la_spk_dagb,37,572
consent_grp[1]/section_d[1]/d_la_wrt_grp[1]/d_la_wrt_note,21,609
consent_grp[1]/section_d[1]/d_la_wrt_grp[1]/d_la_wrt_eng,21,609
consent_grp[1]/section_d[1]/d_la_wrt_grp[1]/d_la_wrt_dagb,21,609
consent_grp[1]/section_d[1]/d_main_language,36,631
consent_grp[1]/section_d[1]/d_loc_lang_kinderg,19,667
consent_grp[1]/f_moved_yn,19,687
consent_grp[1]/g_nature_wrk_note,11,705
consent_grp[1]/section_g[1]/g_teach_pos,24,717
consent_grp[1]/section_g[1]/g_teach_school,8,741
consent_grp[1]/section_g[1]/g_kg_grade,13,749
consent_grp[1]/section_g[1]/g_class_grp[1]/g_children_note,25,762
consent_grp[1]/section_g[1]/g_class_grp[1]/g_kg_1,25,762
consent_grp[1]/section_g[1]/g_ah_grp[1]/g_ah_note,55,787
consent_grp[1]/section_g[1]/g_ah_grp[1]/g_ah_working,55,787
consent_grp[1]/section_g[1]/g_ah_grp[1]/g_ah_prepping,55,787
consent_grp[1]/section_g[1]/g_eh_grp[1]/g_eh_note,75,842
consent_grp[1]/section_g[1]/g_eh_grp[1]/g_eh_working,75,842
consent_grp[1]/section_g[1]/g_eh_grp[1]/g_eh_prepping,75,842
consent_grp[1]/section_g[1]/g_teach_salary,21,917
consent_grp[1]/section_g[1]/g_salary_freq,25,938
consent_grp[1]/section_g[1]/g_salary_intime,24,963
consent_grp[1]/section_g[1]/g_money_cmp,11,987
consent_grp[1]/section_g[1]/g_job_outside,23,998
consent_grp[1]/section_g[1]/g_extra_money_spec,12,1020
consent_grp[1]/section_g[1]/g_sch_pro_grp[1]/tmp_g_sch_pro_lab,163,1033
consent_grp[1]/section_g[1]/g_sch_pro_grp[1]/g_class,163,1033
consent_grp[1]/section_g[1]/g_sch_pro_grp[1]/g_class_taught,163,1033
consent_grp[1]/section_g[1]/g_sch_pro_grp[1]/g_fin_resource,163,1033
consent_grp[1]/section_g[1]/g_sch_pro_grp[1]/g_high_expe,163,1033
consent_grp[1]/section_g[1]/g_sch_pro_grp[1]/g_change_curri,163,1033
consent_grp[1]/section_g[1]/g_sch_pro_grp[1]/g_diff_curri,163,1033
consent_grp[1]/section_g[1]/g_sch_pro_grp[1]/g_easy_curri,163,1033
consent_grp[1]/section_g[1]/g_sch_pro_grp[1]/g_par_dem_high,163,1033
consent_grp[1]/section_g[1]/g_sch_pro_grp[1]/g_par_suff_interest,163,1033
consent_grp[1]/section_g[1]/g_sch_pro_grp[1]/g_par_suff_active,163,1033
consent_grp[1]/section_g[1]/g_par_supp_grp[1]/g_par_supp_note,16,1196
consent_grp[1]/section_g[1]/g_par_supp_grp[1]/g_home_wrk,29,1212
consent_grp[1]/section_g[1]/g_par_supp_grp[1]/g_behave_val,9,1241
consent_grp[1]/section_g[1]/g_par_supp_grp[1]/g_get_schl,8,1249
consent_grp[1]/section_g[1]/g_par_supp_grp[1]/g_visit_schl,8,1257
consent_grp[1]/section_g[1]/g_par_supp_grp[1]/g_show_respect,10,1265
consent_grp[1]/section_g[1]/g_par_supp_grp[1]/g_best_schl,9,1275
consent_grp[1]/section_g[1]/g_par_supp_grp[1]/g_parti_pta,25,1284
consent_grp[1]/section_g[1]/g_par_supp_grp[1]/g_cont_kg_act,11,1309
consent_grp[1]/section_g[1]/g_lead_respect,21,1320
consent_grp[1]/section_g[1]/g_val_citizen,22,1341
consent_grp[1]/section_h[1]/sec_h_depre_note,53,1363
consent_grp[1]/section_h[1]/h_depression_grp[1]/h_da_note,148,1416
consent_grp[1]/section_h[1]/h_depression_grp[1]/tmp_h_da_lab,148,1416
consent_grp[1]/section_h[1]/h_depression_grp[1]/h_headache,148,1416
consent_grp[1]/section_h[1]/h_depression_grp[1]/h_appetite,148,1416
consent_grp[1]/section_h[1]/h_depression_grp[1]/h_sleep,148,1416
consent_grp[1]/section_h[1]/h_depression_grp[1]/h_frightened,148,1416
consent_grp[1]/section_h[1]/h_depression_grp[1]/h_hands_shake,148,1416
consent_grp[1]/section_h[1]/h_depression_grp[1]/h_nervous,148,1416
consent_grp[1]/section_h[1]/h_depression_grp[1]/h_digestion,148,1416
consent_grp[1]/section_h[1]/h_depression_grp[1]/h_thinking,148,1416
consent_grp[1]/section_h[1]/h_depression_grp[1]/h_unhappy,148,1416
consent_grp[1]/section_h[1]/h_depression_grp[1]/h_cry,148,1416
consent_grp[1]/section_h[1]/h_depression_grp[1]/h_activities,148,1416
consent_grp[1]/section_h[1]/h_depression_grp[1]/h_decisions,148,1416
consent_grp[1]/section_h[1]/h_depression_grp[1]/h_daily_work,148,1416
consent_grp[1]/section_h[1]/h_depression_grp[1]/h_life,148,1416
consent_grp[1]/section_h[1]/h_depression_grp[1]/h_interest,148,1416
consent_grp[1]/section_h[1]/h_depression_grp[1]/h_worthless,148,1416
consent_grp[1]/section_h[1]/h_depression_grp[1]/h_end_life,148,1416
consent_grp[1]/section_h[1]/h_depression_grp[1]/h_tired,148,1416
consent_grp[1]/section_h[1]/h_depression_grp[1]/h_uncomfortable,148,1416
consent_grp[1]/section_h[1]/h_depression_grp[1]/h_easily_tired,148,1416
consent_grp[1]/section_h[1]/sec_h_ext_contr_note,17,1564
consent_grp[1]/section_h[1]/h_ext_control_grp[1]/h_ext_cont_note,8,1581
consent_grp[1]/section_h[1]/h_ext_control_grp[1]/h_pup_learn,41,1589
consent_grp[1]/section_h[1]/h_ext_control_grp[1]/h_discipline,35,1630
consent_grp[1]/section_h[1]/h_ext_control_grp[1]/h_stu_achieve,21,1664
consent_grp[1]/section_h[1]/h_ext_control_grp[1]/h_teach_motiv,18,1686
consent_grp[1]/section_h[1]/h_ext_control_grp[1]/h_good_teach,31,1704
consent_grp[1]/section_h[1]/sec_h_motiv_note,3,1735
consent_grp[1]/section_h[1]/h_motiv_grp[1]/h_motiv_note,14,1738
consent_grp[1]/section_h[1]/h_motiv_grp[1]/h_motiv_help,21,1749
consent_grp[1]/section_h[1]/h_motiv_grp[1]/h_quest_school,23,1772
consent_grp[1]/section_h[1]/h_motiv_grp[1]/h_help_child,15,1795
consent_grp[1]/section_h[1]/h_motiv_grp[1]/h_sch_goal,15,1810
consent_grp[1]/section_h[1]/h_motiv_grp[1]/h_help_emot,16,1825
consent_grp[1]/section_h[1]/h_motiv_grp[1]/h_enjoy_teach,11,1841
consent_grp[1]/section_h[1]/h_motiv_grp[1]/h_develop_society,24,1852
consent_grp[1]/section_h[1]/h_motiv_grp[1]/h_develop_socially,15,1876
consent_grp[1]/section_h[1]/h_motiv_grp[1]/h_perso_clear,12,1891
consent_grp[1]/section_h[1]/h_impor_thing,59,1903
consent_grp[1]/section_h[1]/h_job_satisfaction_grp[1]/h_job_satis_note,36,1962
consent_grp[1]/section_h[1]/h_job_satisfaction_grp[1]/h_look_out,24,1989
consent_grp[1]/section_h[1]/h_job_satisfaction_grp[1]/h_perso_worries,15,2022
consent_grp[1]/section_h[1]/h_job_satisfaction_grp[1]/h_know_col,23,2037
consent_grp[1]/section_h[1]/h_job_satisfaction_grp[1]/h_col_coop,11,2061
consent_grp[1]/section_h[1]/h_job_satisfaction_grp[1]/h_trust_col,8,2072
consent_grp[1]/section_h[1]/h_job_satisfaction_grp[1]/h_enjoy_col,10,2080
consent_grp[1]/section_h[1]/h_job_satisfaction_grp[1]/h_sup_respect,13,2089
consent_grp[1]/section_h[1]/h_job_satisfaction_grp[1]/h_sup_busy,8,2102
consent_grp[1]/section_h[1]/h_job_satisfaction_grp[1]/h_sup_opinion,8,2110
consent_grp[1]/section_h[1]/h_job_satisfaction_grp[1]/h_count_sup,18,2118
consent_grp[1]/section_h[1]/h_job_satisfaction_grp[1]/h_motivated,8,2136
consent_grp[1]/section_h[1]/h_job_satisfaction_grp[1]/h_sup_unpredict,9,2144
consent_grp[1]/section_h[1]/h_job_satisfaction_grp[1]/h_wrk_challenge,8,2152
consent_grp[1]/section_h[1]/h_job_satisfaction_grp[1]/h_wrk_monotonous,11,2161
consent_grp[1]/section_h[1]/h_job_satisfaction_grp[1]/h_wrk_creative,13,2172
consent_grp[1]/section_h[1]/h_job_satisfaction_grp[1]/h_big_impact,11,2185
consent_grp[1]/section_h[1]/h_job_satisfaction_grp[1]/h_little_time,15,2196
consent_grp[1]/section_h[1]/h_job_satisfaction_grp[1]/h_control_satis,18,2211
consent_grp[1]/section_h[1]/h_job_satisfaction_grp[1]/h_look,10,2229
consent_grp[1]/section_h[1]/h_job_satisfaction_grp[1]/h_small_space,15,2239
consent_grp[1]/section_h[1]/h_job_satisfaction_grp[1]/h_new_mat,10,2254
consent_grp[1]/section_h[1]/h_job_satisfaction_grp[1]/h_clean_kinder,18,2264
consent_grp[1]/section_h[1]/h_job_satisfaction_grp[1]/h_loud_kinder,14,2283
consent_grp[1]/section_h[1]/h_job_satisfaction_grp[1]/h_kinder_rules,9,2296
consent_grp[1]/section_h[1]/h_job_satisfaction_grp[1]/h_satisfied_paid,11,2305
consent_grp[1]/section_h[1]/h_burnout_grp[1]/h_burnout_note,20,2317
consent_grp[1]/section_h[1]/h_burnout_grp[1]/h_emotion_drained,43,2336
consent_grp[1]/section_h[1]/h_burnout_grp[1]/h_used_up,25,2379
consent_grp[1]/section_h[1]/h_burnout_grp[1]/h_fatigued,13,2405
consent_grp[1]/section_h[1]/h_burnout_grp[1]/h_child_feel,22,2418
consent_grp[1]/section_h[1]/h_burnout_grp[1]/h_child_impersonal,24,2440
consent_grp[1]/section_h[1]/h_burnout_grp[1]/h_ppl_strain,15,2464
consent_grp[1]/section_h[1]/h_burnout_grp[1]/h_deal_effect,27,2479
consent_grp[1]/section_h[1]/h_burnout_grp[1]/h_burnout,14,2506
consent_grp[1]/section_h[1]/h_burnout_grp[1]/h_pos_influence,22,2520
consent_grp[1]/section_h[1]/h_burnout_grp[1]/h_cold,27,2542
consent_grp[1]/section_h[1]/h_burnout_grp[1]/h_hard,18,2569
consent_grp[1]/section_h[1]/h_burnout_grp[1]/h_energetic,13,2588
consent_grp[1]/section_h[1]/h_burnout_grp[1]/h_frustrated,7,2601
consent_grp[1]/section_h[1]/h_burnout_grp[1]/h_work_hard,13,2607
consent_grp[1]/section_h[1]/h_burnout_grp[1]/h_dont_care,13,2620
consent_grp[1]/section_h[1]/h_burnout_grp[1]/h_put_pressure,11,2633
consent_grp[1]/section_h[1]/h_burnout_grp[1]/h_relax,10,2644
consent_grp[1]/section_h[1]/h_burnout_grp[1]/h_excited,9,2653
consent_grp[1]/section_h[1]/h_burnout_grp[1]/h_accomplished,12,2663
consent_grp[1]/section_h[1]/h_burnout_grp[1]/h_end_of_rop,8,2675
consent_grp[1]/section_h[1]/h_burnout_grp[1]/h_emot_pro_calm,23,2683
consent_grp[1]/i_teacher_knowledge_grp[1]/I_teach_know_note,22,2707
consent_grp[1]/i_teacher_knowledge_grp[1]/i_consonance,22,2729
consent_grp[1]/i_teacher_knowledge_grp[1]/i_vowel,10,2750
consent_grp[1]/i_teacher_knowledge_grp[1]/i_unbelievable,37,2760
consent_grp[1]/i_teacher_knowledge_grp[1]/i_irregular,17,2797
consent_grp[1]/i_teacher_knowledge_grp[1]/i_cat,22,2815
consent_grp[1]/i_teacher_knowledge_grp[1]/i_cough,14,2837
consent_grp[1]/i_teacher_knowledge_grp[1]/i_check,15,2851
consent_grp[1]/i_teacher_knowledge_grp[1]/i_english,24,2866
consent_grp[1]/j_perception_grp[1]/j_perception_note,49,2890
consent_grp[1]/j_perception_grp[1]/j_dev_practice_grp[1]/j_dev_practice_note,36,2939
consent_grp[1]/j_perception_grp[1]/j_dev_practice_grp[1]/j_child_need,25,2957
consent_grp[1]/j_perception_grp[1]/j_dev_practice_grp[1]/j_recog_letter,29,2992
consent_grp[1]/j_perception_grp[1]/j_dev_practice_grp[1]/j_recog_number,10,3029
consent_grp[1]/j_perception_grp[1]/j_dev_practice_grp[1]/j_recog_colour,7,3038
consent_grp[1]/j_perception_grp[1]/j_dev_practice_grp[1]/j_indiv_goal,19,3045
consent_grp[1]/j_perception_grp[1]/j_dev_practice_grp[1]/j_play_materials,14,3064
consent_grp[1]/j_perception_grp[1]/j_dev_practice_grp[1]/j_child_measure,10,3078
consent_grp[1]/j_perception_grp[1]/j_supp_chil_grp[1]/j_supp_chil_note,25,3088
consent_grp[1]/j_perception_grp[1]/j_supp_chil_grp[1]/j_build_relation,13,3113
consent_grp[1]/j_perception_grp[1]/j_supp_chil_grp[1]/j_control_behaviour,7,3126
consent_grp[1]/j_perception_grp[1]/j_supp_chil_grp[1]/j_express_thought,8,3133
consent_grp[1]/j_perception_grp[1]/j_supp_chil_grp[1]/j_resolve_conflicts,9,3141
consent_grp[1]/j_perception_grp[1]/j_supp_chil_grp[1]/j_guidance_style,12,3150
consent_grp[1]/j_perception_grp[1]/j_fam_sensitive_grp[1]/j_fam_sensitive_note,124,3162
consent_grp[1]/j_perception_grp[1]/j_fam_sensitive_grp[1]/j_parent_goal,124,3162
consent_grp[1]/j_perception_grp[1]/j_fam_sensitive_grp[1]/j_work_schedule,124,3162
consent_grp[1]/j_perception_grp[1]/j_fam_sensitive_grp[1]/j_fam_decision,124,3162
consent_grp[1]/j_perception_grp[1]/j_fam_sensitive_grp[1]/j_family_care,124,3162
consent_grp[1]/j_perception_grp[1]/j_fam_sensitive_grp[1]/j_connect_family,124,3162
consent_grp[1]/k_grp[1]/k_instro_note,54,3285
consent_grp[1]/k_grp[1]/k_ts_grp[1]/tmp_k_labels,122,3317
consent_grp[1]/k_grp[1]/k_ts_grp[1]/k_take_priviledges,122,3317
consent_grp[1]/k_grp[1]/k_ts_grp[1]/k_explain_behavior,122,3317
consent_grp[1]/k_grp[1]/k_ts_grp[1]/k_shook,122,3317
consent_grp[1]/k_grp[1]/k_ts_grp[1]/k_shouted,122,3317
consent_grp[1]/k_grp[1]/k_ts_grp[1]/k_gave_something,122,3317
consent_grp[1]/k_grp[1]/k_ts_grp[1]/k_spanked,122,3317
consent_grp[1]/k_grp[1]/k_ts_grp[1]/k_hit_bottom,122,3317
consent_grp[1]/k_grp[1]/k_ts_grp[1]/k_call_dumb,122,3317
consent_grp[1]/k_grp[1]/k_ts_grp[1]/k_hit_face,122,3317
consent_grp[1]/k_grp[1]/k_ts_grp[1]/k_praised,122,3317
consent_grp[1]/k_grp[1]/k_ts_grp[1]/k_affection,122,3317
consent_grp[1]/k_grp[1]/k_ts_grp[1]/k_rewarded,122,3317
consent_grp[1]/l_teaching_prac_grp[1]/l_note,9,3462
consent_grp[1]/l_teaching_prac_grp[1]/l_previos_kinder_act[1]/tmp_l_prac_lab,135,3470
consent_grp[1]/l_teaching_prac_grp[1]/l_previos_kinder_act[1]/l_hygiene_routine,135,3470
consent_grp[1]/l_teaching_prac_grp[1]/l_previos_kinder_act[1]/l_supply,135,3470
consent_grp[1]/l_teaching_prac_grp[1]/l_previos_kinder_act[1]/l_pamper,135,3470
consent_grp[1]/l_teaching_prac_grp[1]/l_previos_kinder_act[1]/l_read,135,3470
consent_grp[1]/l_teaching_prac_grp[1]/l_previos_kinder_act[1]/l_tell,135,3470
consent_grp[1]/l_teaching_prac_grp[1]/l_previos_kinder_act[1]/l_conversatin,135,3470
consent_grp[1]/l_teaching_prac_grp[1]/l_previos_kinder_act[1]/l_sing,135,3470
consent_grp[1]/l_teaching_prac_grp[1]/l_previos_kinder_act[1]/l_dance,135,3470
consent_grp[1]/l_teaching_prac_grp[1]/l_previos_kinder_act[1]/l_visit,135,3470
consent_grp[1]/l_teaching_prac_grp[1]/l_previos_kinder_act[1]/l_play_kg,135,3470
consent_grp[1]/l_teaching_prac_grp[1]/l_previos_kinder_act[1]/l_play_recrea,135,3470
consent_grp[1]/l_teaching_prac_grp[1]/l_previos_kinder_act[1]/l_sleep,135,3470
consent_grp[1]/l_teaching_prac_grp[1]/l_previos_kinder_act[1]/l_run,135,3470
consent_grp[1]/l_teaching_prac_grp[1]/l_previos_kinder_act[1]/l_group_learn,135,3470
consent_grp[1]/l_teaching_prac_grp[1]/l_previos_kinder_act[1]/l_indiv_learn,135,3470
consent_grp[1]/l_teaching_prac_grp[1]/l_class_acti_grp[1]/l_act_grp[1]/tmp_l_class_lab,82,3605
consent_grp[1]/l_teaching_prac_grp[1]/l_class_acti_grp[1]/l_act_grp[1]/l_teach_colour,82,3605
consent_grp[1]/l_teaching_prac_grp[1]/l_class_acti_grp[1]/l_act_grp[1]/l_teach_number,82,3605
consent_grp[1]/l_teaching_prac_grp[1]/l_class_acti_grp[1]/l_act_grp[1]/l_teach_letter,82,3605
consent_grp[1]/l_teaching_prac_grp[1]/l_class_acti_grp[1]/l_act_grp[1]/l_teach_form,82,3605
consent_grp[1]/l_teaching_prac_grp[1]/l_class_acti_grp[1]/l_act_grp[1]/l_socialise,82,3605
consent_grp[1]/l_teaching_prac_grp[1]/l_class_acti_grp[1]/l_act_grp[1]/l_pro_solve,82,3605
consent_grp[1]/l_teaching_prac_grp[1]/l_class_acti_grp[1]/l_act_grp[1]/l_writing,82,3605
consent_grp[1]/l_teaching_prac_grp[1]/l_class_acti_grp[1]/l_act_grp[1]/l_teach_body,82,3605
consent_grp[1]/l_teaching_prac_grp[1]/l_class_acti_grp[1]/l_act_grp[1]/l_pers_hygiene,82,3605
consent_grp[1]/l_teaching_prac_grp[1]/l_class_acti_grp[1]/l_act_grp[1]/l_art_expre,82,3605
consent_grp[1]/l_teaching_prac_grp[1]/l_class_acti_grp[1]/l_act_grp[1]/l_body_lang,82,3605
consent_grp[1]/l_teaching_prac_grp[1]/l_class_acti_grp[1]/l_act_grp[1]/l_concentration,82,3605
consent_grp[1]/l_teaching_prac_grp[1]/l_class_acti_grp[1]/l_act_grp[1]/l_gross_motor,82,3605
consent_grp[1]/l_teaching_prac_grp[1]/l_class_acti_grp[1]/l_act_grp[1]/l_fine_motor,82,3605
consent_grp[1]/l_teaching_prac_grp[1]/l_class_acti_grp[1]/l_act_grp[1]/l_gender,82,3605
consent_grp[1]/l_teaching_prac_grp[1]/l_class_acti_grp[1]/l_act_grp[1]/l_responsibility,82,3605
consent_grp[1]/l_teaching_prac_grp[1]/l_class_acti_grp[1]/l_act_grp[1]/l_speech,82,3605
consent_grp[1]/l_teaching_prac_grp[1]/l_class_acti_grp[1]/l_act_grp[1]/l_explore_comm,82,3605
consent_grp[1]/l_teaching_prac_grp[1]/l_class_acti_grp[1]/l_act_grp[1]/l_explore_culture,82,3605
consent_grp[1]/l_teaching_prac_grp[1]/l_parent_interact_note,9,3687
consent_grp[1]/l_teaching_prac_grp[1]/l_actively_engaged,30,3696
consent_grp[1]/l_teaching_prac_grp[1]/l_proportion_child,21,3725
consent_grp[1]/l_teaching_prac_grp[1]/l_proportion_child_more,12,3746
consent_grp[1]/l_teaching_prac_grp[1]/l_visit_pupil_house,29,3758
consent_grp[1]/l_teaching_prac_grp[1]/l_visit_parent_house,37,3787
consent_grp[1]/l_teaching_prac_grp[1]/l_receive_parent_supp,40,3823
consent_grp[1]/l_teaching_prac_grp[1]/l_day_teaching_note,7,3863
consent_grp[1]/l_teaching_prac_grp[1]/l_day_grp[1]/tmp_l_labs,54,3870
consent_grp[1]/l_teaching_prac_grp[1]/l_day_grp[1]/l_daily_schedule,54,3870
consent_grp[1]/l_teaching_prac_grp[1]/l_day_grp[1]/l_play_period,54,3870
consent_grp[1]/l_teaching_prac_grp[1]/l_day_grp[1]/l_free_play,54,3870
consent_grp[1]/l_teaching_prac_grp[1]/l_day_grp[1]/l_activities,54,3870
consent_grp[1]/l_teaching_prac_grp[1]/l_per_daily_grp[1]/l_perc_note,273,3925
consent_grp[1]/l_teaching_prac_grp[1]/l_per_daily_grp[1]/l_admin_per,273,3925
consent_grp[1]/l_teaching_prac_grp[1]/l_per_daily_grp[1]/l_class_per,273,3925
consent_grp[1]/l_teaching_prac_grp[1]/l_per_daily_grp[1]/l_teach_per,273,3925
consent_grp[1]/l_teaching_prac_grp[1]/l_per_daily_grp[1]/l_super_per,273,3925
consent_grp[1]/l_teaching_prac_grp[1]/l_per_daily_grp[1]/l_super_oth_per,273,3925
consent_grp[1]/l_teaching_prac_grp[1]/l_per_daily_grp[1]/l_break_per,273,3925
consent_grp[1]/l_teaching_prac_grp[1]/l_discipline_note,5,4198
consent_grp[1]/l_teaching_prac_grp[1]/l_dont_like,51,4203
consent_grp[1]/l_teaching_prac_grp[1]/l_really_bad,22,4254
consent_grp[1]/l_teaching_prac_grp[1]/l_does_good,33,4276
consent_grp[1]/l_teaching_prac_grp[1]/l_praise,28,4309
consent_grp[1]/q_note,27,4337
consent_grp[1]/q_activ_yn,16,4364
consent_grp[1]/q_rpt[1]/q_activ_r,46,4380
consent_grp[1]/q_rpt[1]/q_activ_org_r,19,4426
consent_grp[1]/q_rpt[1]/q_activ_add_r,26,4444
s_int_accom_yn,4,4470
comments,2,4474
