Field name,Total duration (seconds),First appeared (seconds into survey)
instruction,2,21
a_district_id,20,23
a_circuit_id,70,42
a_kg_id,36,100
a_community_id,12,126
a_enum_id,34,161
consent_note,87,195
con_understand,3,282
con_questions,3,285
con_written,2,288
consent_grp[1]/audio_consent,2,290
consent_grp[1]/d_background_note,2,292
consent_grp[1]/section_d[1]/kgt_key,171,294
consent_grp[1]/section_d[1]/kgt_confirm_note,32,463
consent_grp[1]/section_d[1]/d_num_cnt,30,480
consent_grp[1]/section_d[1]/d_cnt_grp[1]/d_cnt_main,98,507
consent_grp[1]/section_d[1]/d_cnt_grp[1]/d_cnt_sec,98,507
consent_grp[1]/section_d[1]/d_work_last,19,601
consent_grp[1]/section_d[1]/d_edu_level,22,619
consent_grp[1]/section_d[1]/d_edu_train,21,641
consent_grp[1]/section_d[1]/d_edu_level_train,114,660
consent_grp[1]/section_d[1]/d_marital_status,11,774
consent_grp[1]/section_d[1]/d_religion,12,784
consent_grp[1]/section_d[1]/d_la_spk_grp[1]/d_la_spk_note,23,794
consent_grp[1]/section_d[1]/d_la_spk_grp[1]/d_la_spk_eng,23,794
consent_grp[1]/section_d[1]/d_la_spk_grp[1]/d_la_spk_grun,23,794
consent_grp[1]/section_d[1]/d_la_wrt_grp[1]/d_la_wrt_note,26,815
consent_grp[1]/section_d[1]/d_la_wrt_grp[1]/d_la_wrt_eng,26,815
consent_grp[1]/section_d[1]/d_la_wrt_grp[1]/d_la_wrt_grun,26,815
consent_grp[1]/section_d[1]/d_main_language,21,839
consent_grp[1]/section_d[1]/d_loc_lang_kinderg,30,858
consent_grp[1]/f_moved_yn,17,886
consent_grp[1]/g_nature_wrk_note,7,901
consent_grp[1]/section_g[1]/g_teach_pos,14,903
consent_grp[1]/section_g[1]/g_teach_school,18,919
consent_grp[1]/section_g[1]/g_kg_grade,53,935
consent_grp[1]/section_g[1]/g_class_grp[1]/g_children_note,120,952
consent_grp[1]/section_g[1]/g_class_grp[1]/g_kg_1,106,952
consent_grp[1]/section_g[1]/g_class_grp[1]/g_kg_combined,15,1091
consent_grp[1]/section_g[1]/g_ah_grp[1]/g_ah_note,206,1095
consent_grp[1]/section_g[1]/g_ah_grp[1]/g_ah_working,206,1095
consent_grp[1]/section_g[1]/g_ah_grp[1]/g_ah_prepping,206,1095
consent_grp[1]/section_g[1]/g_eh_grp[1]/g_eh_note,113,1258
consent_grp[1]/section_g[1]/g_eh_grp[1]/g_eh_working,113,1258
consent_grp[1]/section_g[1]/g_eh_grp[1]/g_eh_prepping,113,1258
consent_grp[1]/section_g[1]/g_teach_salary,244,1452
consent_grp[1]/section_g[1]/g_salary_freq,15,1481
consent_grp[1]/section_g[1]/g_salary_intime,41,1496
consent_grp[1]/section_g[1]/g_money_cmp,24,1537
consent_grp[1]/section_g[1]/g_job_outside,31,1560
consent_grp[1]/section_g[1]/g_job_outside_income,50,1591
consent_grp[1]/section_g[1]/g_earn_grp[1]/g_earn_amt,38,1638
consent_grp[1]/section_g[1]/g_earn_grp[1]/g_earn_freq,38,1638
consent_grp[1]/section_g[1]/g_extra_money_spec,45,1679
consent_grp[1]/section_g[1]/g_sch_pro_grp[1]/tmp_g_sch_pro_lab,252,1725
consent_grp[1]/section_g[1]/g_sch_pro_grp[1]/g_class,252,1725
consent_grp[1]/section_g[1]/g_sch_pro_grp[1]/g_class_taught,252,1725
consent_grp[1]/section_g[1]/g_sch_pro_grp[1]/g_fin_resource,252,1725
consent_grp[1]/section_g[1]/g_sch_pro_grp[1]/g_high_expe,252,1725
consent_grp[1]/section_g[1]/g_sch_pro_grp[1]/g_change_curri,252,1725
consent_grp[1]/section_g[1]/g_sch_pro_grp[1]/g_diff_curri,252,1725
consent_grp[1]/section_g[1]/g_sch_pro_grp[1]/g_easy_curri,252,1725
consent_grp[1]/section_g[1]/g_sch_pro_grp[1]/g_par_dem_high,252,1725
consent_grp[1]/section_g[1]/g_sch_pro_grp[1]/g_par_suff_interest,252,1725
consent_grp[1]/section_g[1]/g_sch_pro_grp[1]/g_par_suff_active,252,1725
consent_grp[1]/section_g[1]/g_par_supp_grp[1]/g_par_supp_note,32,1977
consent_grp[1]/section_g[1]/g_par_supp_grp[1]/g_home_wrk,27,1977
consent_grp[1]/section_g[1]/g_par_supp_grp[1]/g_behave_val,28,2031
consent_grp[1]/section_g[1]/g_par_supp_grp[1]/g_get_schl,8,2064
consent_grp[1]/section_g[1]/g_par_supp_grp[1]/g_visit_schl,13,2072
consent_grp[1]/section_g[1]/g_par_supp_grp[1]/g_show_respect,10,2085
consent_grp[1]/section_g[1]/g_par_supp_grp[1]/g_best_schl,15,2096
consent_grp[1]/section_g[1]/g_par_supp_grp[1]/g_parti_pta,9,2111
consent_grp[1]/section_g[1]/g_par_supp_grp[1]/g_cont_kg_act,9,2119
consent_grp[1]/section_g[1]/g_lead_respect,12,2128
consent_grp[1]/section_g[1]/g_val_citizen,63,2140
consent_grp[1]/section_h[1]/sec_h_depre_note,51,2203
consent_grp[1]/section_h[1]/h_depression_grp[1]/h_da_note,161,2254
consent_grp[1]/section_h[1]/h_depression_grp[1]/tmp_h_da_lab,161,2254
consent_grp[1]/section_h[1]/h_depression_grp[1]/h_headache,161,2254
consent_grp[1]/section_h[1]/h_depression_grp[1]/h_appetite,161,2254
consent_grp[1]/section_h[1]/h_depression_grp[1]/h_sleep,161,2254
consent_grp[1]/section_h[1]/h_depression_grp[1]/h_frightened,161,2254
consent_grp[1]/section_h[1]/h_depression_grp[1]/h_hands_shake,161,2254
consent_grp[1]/section_h[1]/h_depression_grp[1]/h_nervous,161,2254
consent_grp[1]/section_h[1]/h_depression_grp[1]/h_digestion,161,2254
consent_grp[1]/section_h[1]/h_depression_grp[1]/h_thinking,161,2254
consent_grp[1]/section_h[1]/h_depression_grp[1]/h_unhappy,161,2254
consent_grp[1]/section_h[1]/h_depression_grp[1]/h_cry,161,2254
consent_grp[1]/section_h[1]/h_depression_grp[1]/h_activities,161,2254
consent_grp[1]/section_h[1]/h_depression_grp[1]/h_decisions,161,2254
consent_grp[1]/section_h[1]/h_depression_grp[1]/h_daily_work,161,2254
consent_grp[1]/section_h[1]/h_depression_grp[1]/h_life,161,2254
consent_grp[1]/section_h[1]/h_depression_grp[1]/h_interest,161,2254
consent_grp[1]/section_h[1]/h_depression_grp[1]/h_worthless,161,2254
consent_grp[1]/section_h[1]/h_depression_grp[1]/h_end_life,161,2254
consent_grp[1]/section_h[1]/h_depression_grp[1]/h_tired,161,2254
consent_grp[1]/section_h[1]/h_depression_grp[1]/h_uncomfortable,161,2254
consent_grp[1]/section_h[1]/h_depression_grp[1]/h_easily_tired,161,2254
consent_grp[1]/section_h[1]/sec_h_ext_contr_note,19,2414
consent_grp[1]/section_h[1]/h_ext_control_grp[1]/h_ext_cont_note,26,2420
consent_grp[1]/section_h[1]/h_ext_control_grp[1]/h_pup_learn,100,2435
consent_grp[1]/section_h[1]/h_ext_control_grp[1]/h_discipline,90,2559
consent_grp[1]/section_h[1]/h_ext_control_grp[1]/h_stu_achieve,253,2611
consent_grp[1]/section_h[1]/h_ext_control_grp[1]/h_teach_motiv,174,2902
consent_grp[1]/section_h[1]/h_ext_control_grp[1]/h_good_teach,53,3076
consent_grp[1]/section_h[1]/sec_h_motiv_note,5,3129
consent_grp[1]/section_h[1]/h_motiv_grp[1]/h_motiv_note,3,3134
consent_grp[1]/section_h[1]/h_motiv_grp[1]/h_motiv_help,23,3137
consent_grp[1]/section_h[1]/h_motiv_grp[1]/h_quest_school,81,3160
consent_grp[1]/section_h[1]/h_motiv_grp[1]/h_help_child,9,3241
consent_grp[1]/section_h[1]/h_motiv_grp[1]/h_sch_goal,26,3250
consent_grp[1]/section_h[1]/h_motiv_grp[1]/h_help_emot,38,3276
consent_grp[1]/section_h[1]/h_motiv_grp[1]/h_enjoy_teach,18,3314
consent_grp[1]/section_h[1]/h_motiv_grp[1]/h_develop_society,26,3332
consent_grp[1]/section_h[1]/h_motiv_grp[1]/h_develop_socially,41,3357
consent_grp[1]/section_h[1]/h_motiv_grp[1]/h_perso_clear,16,3398
consent_grp[1]/section_h[1]/h_impor_thing,99,3415
consent_grp[1]/section_h[1]/h_job_satisfaction_grp[1]/h_job_satis_note,26,3512
consent_grp[1]/section_h[1]/h_job_satisfaction_grp[1]/h_look_out,33,3540
consent_grp[1]/section_h[1]/h_job_satisfaction_grp[1]/h_perso_worries,16,3555
consent_grp[1]/section_h[1]/h_job_satisfaction_grp[1]/h_know_col,19,3589
consent_grp[1]/section_h[1]/h_job_satisfaction_grp[1]/h_col_coop,12,3608
consent_grp[1]/section_h[1]/h_job_satisfaction_grp[1]/h_trust_col,25,3620
consent_grp[1]/section_h[1]/h_job_satisfaction_grp[1]/h_enjoy_col,8,3645
consent_grp[1]/section_h[1]/h_job_satisfaction_grp[1]/h_sup_respect,10,3653
consent_grp[1]/section_h[1]/h_job_satisfaction_grp[1]/h_sup_busy,10,3664
consent_grp[1]/section_h[1]/h_job_satisfaction_grp[1]/h_sup_opinion,35,3674
consent_grp[1]/section_h[1]/h_job_satisfaction_grp[1]/h_count_sup,16,3709
consent_grp[1]/section_h[1]/h_job_satisfaction_grp[1]/h_motivated,9,3725
consent_grp[1]/section_h[1]/h_job_satisfaction_grp[1]/h_sup_unpredict,27,3734
consent_grp[1]/section_h[1]/h_job_satisfaction_grp[1]/h_wrk_challenge,50,3761
consent_grp[1]/section_h[1]/h_job_satisfaction_grp[1]/h_wrk_monotonous,111,3812
consent_grp[1]/section_h[1]/h_job_satisfaction_grp[1]/h_wrk_creative,18,3922
consent_grp[1]/section_h[1]/h_job_satisfaction_grp[1]/h_big_impact,20,3940
consent_grp[1]/section_h[1]/h_job_satisfaction_grp[1]/h_little_time,20,3961
consent_grp[1]/section_h[1]/h_job_satisfaction_grp[1]/h_control_satis,73,3981
consent_grp[1]/section_h[1]/h_job_satisfaction_grp[1]/h_look,10,4054
consent_grp[1]/section_h[1]/h_job_satisfaction_grp[1]/h_small_space,66,4064
consent_grp[1]/section_h[1]/h_job_satisfaction_grp[1]/h_new_mat,9,4130
consent_grp[1]/section_h[1]/h_job_satisfaction_grp[1]/h_clean_kinder,22,4139
consent_grp[1]/section_h[1]/h_job_satisfaction_grp[1]/h_loud_kinder,20,4161
consent_grp[1]/section_h[1]/h_job_satisfaction_grp[1]/h_kinder_rules,26,4181
consent_grp[1]/section_h[1]/h_job_satisfaction_grp[1]/h_satisfied_paid,34,4207
consent_grp[1]/section_h[1]/h_burnout_grp[1]/h_burnout_note,35,4240
consent_grp[1]/section_h[1]/h_burnout_grp[1]/h_emotion_drained,165,4261
consent_grp[1]/section_h[1]/h_burnout_grp[1]/h_used_up,45,4325
consent_grp[1]/section_h[1]/h_burnout_grp[1]/h_fatigued,114,4485
consent_grp[1]/section_h[1]/h_burnout_grp[1]/h_child_feel,57,4589
consent_grp[1]/section_h[1]/h_burnout_grp[1]/h_child_impersonal,88,4643
consent_grp[1]/section_h[1]/h_burnout_grp[1]/h_ppl_strain,13,4730
consent_grp[1]/section_h[1]/h_burnout_grp[1]/h_deal_effect,24,4757
consent_grp[1]/section_h[1]/h_burnout_grp[1]/h_burnout,22,4781
consent_grp[1]/section_h[1]/h_burnout_grp[1]/h_pos_influence,19,4803
consent_grp[1]/section_h[1]/h_burnout_grp[1]/h_cold,63,4822
consent_grp[1]/section_h[1]/h_burnout_grp[1]/h_hard,17,4885
consent_grp[1]/section_h[1]/h_burnout_grp[1]/h_energetic,13,4903
consent_grp[1]/section_h[1]/h_burnout_grp[1]/h_frustrated,31,4915
consent_grp[1]/section_h[1]/h_burnout_grp[1]/h_work_hard,10,4947
consent_grp[1]/section_h[1]/h_burnout_grp[1]/h_dont_care,18,4957
consent_grp[1]/section_h[1]/h_burnout_grp[1]/h_put_pressure,39,4975
consent_grp[1]/section_h[1]/h_burnout_grp[1]/h_relax,32,5014
consent_grp[1]/section_h[1]/h_burnout_grp[1]/h_excited,15,5047
consent_grp[1]/section_h[1]/h_burnout_grp[1]/h_accomplished,51,5062
consent_grp[1]/section_h[1]/h_burnout_grp[1]/h_end_of_rop,34,5113
consent_grp[1]/section_h[1]/h_burnout_grp[1]/h_emot_pro_calm,19,5147
consent_grp[1]/i_teacher_knowledge_grp[1]/I_teach_know_note,30,5166
consent_grp[1]/i_teacher_knowledge_grp[1]/i_consonance,76,5184
consent_grp[1]/i_teacher_knowledge_grp[1]/i_vowel,14,5272
consent_grp[1]/i_teacher_knowledge_grp[1]/i_unbelievable,90,5286
consent_grp[1]/i_teacher_knowledge_grp[1]/i_irregular,58,5377
consent_grp[1]/i_teacher_knowledge_grp[1]/i_cat,32,5435
consent_grp[1]/i_teacher_knowledge_grp[1]/i_cough,33,5467
consent_grp[1]/i_teacher_knowledge_grp[1]/i_check,16,5500
consent_grp[1]/i_teacher_knowledge_grp[1]/i_english,32,5515
consent_grp[1]/j_perception_grp[1]/j_perception_note,61,5546
consent_grp[1]/j_perception_grp[1]/j_dev_practice_grp[1]/j_dev_practice_note,11,5609
consent_grp[1]/j_perception_grp[1]/j_dev_practice_grp[1]/j_child_need,14,5619
consent_grp[1]/j_perception_grp[1]/j_dev_practice_grp[1]/j_recog_letter,11,5634
consent_grp[1]/j_perception_grp[1]/j_dev_practice_grp[1]/j_recog_number,7,5645
consent_grp[1]/j_perception_grp[1]/j_dev_practice_grp[1]/j_recog_colour,5,5652
consent_grp[1]/j_perception_grp[1]/j_dev_practice_grp[1]/j_indiv_goal,20,5657
consent_grp[1]/j_perception_grp[1]/j_dev_practice_grp[1]/j_play_materials,7,5677
consent_grp[1]/j_perception_grp[1]/j_dev_practice_grp[1]/j_child_measure,13,5684
consent_grp[1]/j_perception_grp[1]/j_supp_chil_grp[1]/j_supp_chil_note,8,5697
consent_grp[1]/j_perception_grp[1]/j_supp_chil_grp[1]/j_build_relation,7,5706
consent_grp[1]/j_perception_grp[1]/j_supp_chil_grp[1]/j_control_behaviour,5,5713
consent_grp[1]/j_perception_grp[1]/j_supp_chil_grp[1]/j_express_thought,6,5718
consent_grp[1]/j_perception_grp[1]/j_supp_chil_grp[1]/j_resolve_conflicts,6,5724
consent_grp[1]/j_perception_grp[1]/j_supp_chil_grp[1]/j_guidance_style,28,5730
consent_grp[1]/j_perception_grp[1]/j_fam_sensitive_grp[1]/j_fam_sensitive_note,130,5758
consent_grp[1]/j_perception_grp[1]/j_fam_sensitive_grp[1]/j_parent_goal,130,5758
consent_grp[1]/j_perception_grp[1]/j_fam_sensitive_grp[1]/j_work_schedule,130,5758
consent_grp[1]/j_perception_grp[1]/j_fam_sensitive_grp[1]/j_fam_decision,130,5758
consent_grp[1]/j_perception_grp[1]/j_fam_sensitive_grp[1]/j_family_care,130,5758
consent_grp[1]/j_perception_grp[1]/j_fam_sensitive_grp[1]/j_connect_family,130,5758
consent_grp[1]/k_grp[1]/k_instro_note,22,5888
consent_grp[1]/k_grp[1]/k_ts_grp[1]/tmp_k_labels,180,5910
consent_grp[1]/k_grp[1]/k_ts_grp[1]/k_take_priviledges,180,5910
consent_grp[1]/k_grp[1]/k_ts_grp[1]/k_explain_behavior,180,5910
consent_grp[1]/k_grp[1]/k_ts_grp[1]/k_shook,180,5910
consent_grp[1]/k_grp[1]/k_ts_grp[1]/k_shouted,180,5910
consent_grp[1]/k_grp[1]/k_ts_grp[1]/k_gave_something,180,5910
consent_grp[1]/k_grp[1]/k_ts_grp[1]/k_spanked,180,5910
consent_grp[1]/k_grp[1]/k_ts_grp[1]/k_hit_bottom,180,5910
consent_grp[1]/k_grp[1]/k_ts_grp[1]/k_call_dumb,180,5910
consent_grp[1]/k_grp[1]/k_ts_grp[1]/k_hit_face,180,5910
consent_grp[1]/k_grp[1]/k_ts_grp[1]/k_praised,180,5910
consent_grp[1]/k_grp[1]/k_ts_grp[1]/k_affection,180,5910
consent_grp[1]/k_grp[1]/k_ts_grp[1]/k_rewarded,180,5910
consent_grp[1]/l_teaching_prac_grp[1]/l_note,7,6091
consent_grp[1]/l_teaching_prac_grp[1]/l_previos_kinder_act[1]/tmp_l_prac_lab,139,6097
consent_grp[1]/l_teaching_prac_grp[1]/l_previos_kinder_act[1]/l_hygiene_routine,139,6097
consent_grp[1]/l_teaching_prac_grp[1]/l_previos_kinder_act[1]/l_supply,139,6097
consent_grp[1]/l_teaching_prac_grp[1]/l_previos_kinder_act[1]/l_pamper,139,6097
consent_grp[1]/l_teaching_prac_grp[1]/l_previos_kinder_act[1]/l_read,139,6097
consent_grp[1]/l_teaching_prac_grp[1]/l_previos_kinder_act[1]/l_tell,139,6097
consent_grp[1]/l_teaching_prac_grp[1]/l_previos_kinder_act[1]/l_conversatin,139,6097
consent_grp[1]/l_teaching_prac_grp[1]/l_previos_kinder_act[1]/l_sing,139,6097
consent_grp[1]/l_teaching_prac_grp[1]/l_previos_kinder_act[1]/l_dance,139,6097
consent_grp[1]/l_teaching_prac_grp[1]/l_previos_kinder_act[1]/l_visit,139,6097
consent_grp[1]/l_teaching_prac_grp[1]/l_previos_kinder_act[1]/l_play_kg,139,6097
consent_grp[1]/l_teaching_prac_grp[1]/l_previos_kinder_act[1]/l_play_recrea,139,6097
consent_grp[1]/l_teaching_prac_grp[1]/l_previos_kinder_act[1]/l_sleep,139,6097
consent_grp[1]/l_teaching_prac_grp[1]/l_previos_kinder_act[1]/l_run,139,6097
consent_grp[1]/l_teaching_prac_grp[1]/l_previos_kinder_act[1]/l_group_learn,139,6097
consent_grp[1]/l_teaching_prac_grp[1]/l_previos_kinder_act[1]/l_indiv_learn,139,6097
consent_grp[1]/l_teaching_prac_grp[1]/l_class_acti_grp[1]/l_act_grp[1]/tmp_l_class_lab,150,6236
consent_grp[1]/l_teaching_prac_grp[1]/l_class_acti_grp[1]/l_act_grp[1]/l_teach_colour,150,6236
consent_grp[1]/l_teaching_prac_grp[1]/l_class_acti_grp[1]/l_act_grp[1]/l_teach_number,150,6236
consent_grp[1]/l_teaching_prac_grp[1]/l_class_acti_grp[1]/l_act_grp[1]/l_teach_letter,150,6236
consent_grp[1]/l_teaching_prac_grp[1]/l_class_acti_grp[1]/l_act_grp[1]/l_teach_form,150,6236
consent_grp[1]/l_teaching_prac_grp[1]/l_class_acti_grp[1]/l_act_grp[1]/l_socialise,150,6236
consent_grp[1]/l_teaching_prac_grp[1]/l_class_acti_grp[1]/l_act_grp[1]/l_pro_solve,150,6236
consent_grp[1]/l_teaching_prac_grp[1]/l_class_acti_grp[1]/l_act_grp[1]/l_writing,150,6236
consent_grp[1]/l_teaching_prac_grp[1]/l_class_acti_grp[1]/l_act_grp[1]/l_teach_body,150,6236
consent_grp[1]/l_teaching_prac_grp[1]/l_class_acti_grp[1]/l_act_grp[1]/l_pers_hygiene,150,6236
consent_grp[1]/l_teaching_prac_grp[1]/l_class_acti_grp[1]/l_act_grp[1]/l_art_expre,150,6236
consent_grp[1]/l_teaching_prac_grp[1]/l_class_acti_grp[1]/l_act_grp[1]/l_body_lang,150,6236
consent_grp[1]/l_teaching_prac_grp[1]/l_class_acti_grp[1]/l_act_grp[1]/l_concentration,150,6236
consent_grp[1]/l_teaching_prac_grp[1]/l_class_acti_grp[1]/l_act_grp[1]/l_gross_motor,150,6236
consent_grp[1]/l_teaching_prac_grp[1]/l_class_acti_grp[1]/l_act_grp[1]/l_fine_motor,150,6236
consent_grp[1]/l_teaching_prac_grp[1]/l_class_acti_grp[1]/l_act_grp[1]/l_gender,150,6236
consent_grp[1]/l_teaching_prac_grp[1]/l_class_acti_grp[1]/l_act_grp[1]/l_responsibility,150,6236
consent_grp[1]/l_teaching_prac_grp[1]/l_class_acti_grp[1]/l_act_grp[1]/l_speech,150,6236
consent_grp[1]/l_teaching_prac_grp[1]/l_class_acti_grp[1]/l_act_grp[1]/l_explore_comm,150,6236
consent_grp[1]/l_teaching_prac_grp[1]/l_class_acti_grp[1]/l_act_grp[1]/l_explore_culture,150,6236
consent_grp[1]/l_teaching_prac_grp[1]/l_parent_interact_note,4,6386
consent_grp[1]/l_teaching_prac_grp[1]/l_actively_engaged,42,6391
consent_grp[1]/l_teaching_prac_grp[1]/l_proportion_child,20,6432
consent_grp[1]/l_teaching_prac_grp[1]/l_proportion_child_more,21,6453
consent_grp[1]/l_teaching_prac_grp[1]/l_visit_pupil_house,64,6474
consent_grp[1]/l_teaching_prac_grp[1]/l_visit_parent_house,41,6538
consent_grp[1]/l_teaching_prac_grp[1]/l_receive_parent_supp,39,6579
consent_grp[1]/l_teaching_prac_grp[1]/l_day_teaching_note,18,6618
consent_grp[1]/l_teaching_prac_grp[1]/l_day_grp[1]/tmp_l_labs,52,6626
consent_grp[1]/l_teaching_prac_grp[1]/l_day_grp[1]/l_daily_schedule,52,6626
consent_grp[1]/l_teaching_prac_grp[1]/l_day_grp[1]/l_play_period,52,6626
consent_grp[1]/l_teaching_prac_grp[1]/l_day_grp[1]/l_free_play,52,6626
consent_grp[1]/l_teaching_prac_grp[1]/l_day_grp[1]/l_activities,52,6626
consent_grp[1]/l_teaching_prac_grp[1]/l_per_daily_grp[1]/l_perc_note,298,6688
consent_grp[1]/l_teaching_prac_grp[1]/l_per_daily_grp[1]/l_admin_per,298,6688
consent_grp[1]/l_teaching_prac_grp[1]/l_per_daily_grp[1]/l_class_per,298,6688
consent_grp[1]/l_teaching_prac_grp[1]/l_per_daily_grp[1]/l_teach_per,298,6688
consent_grp[1]/l_teaching_prac_grp[1]/l_per_daily_grp[1]/l_super_per,298,6688
consent_grp[1]/l_teaching_prac_grp[1]/l_per_daily_grp[1]/l_super_oth_per,298,6688
consent_grp[1]/l_teaching_prac_grp[1]/l_per_daily_grp[1]/l_break_per,298,6688
consent_grp[1]/l_teaching_prac_grp[1]/l_discipline_note,4,6986
consent_grp[1]/l_teaching_prac_grp[1]/l_dont_like,105,6990
consent_grp[1]/l_teaching_prac_grp[1]/l_really_bad,63,7095
consent_grp[1]/l_teaching_prac_grp[1]/l_does_good,47,7140
consent_grp[1]/l_teaching_prac_grp[1]/l_praise,18,7205
consent_grp[1]/q_note,20,7223
consent_grp[1]/q_activ_yn,13,7243
consent_grp[1]/q_rpt[1]/q_activ_r,129,7256
consent_grp[1]/q_rpt[1]/q_activ_org_r,16,7385
consent_grp[1]/q_rpt[1]/q_activ_add_r,100,7401
consent_grp[1]/q_rpt[2]/q_activ_r,51,7479
consent_grp[1]/q_rpt[2]/q_activ_osp_r,141,7514
consent_grp[1]/q_rpt[2]/q_activ_org_r,21,7654
consent_grp[1]/q_rpt[2]/q_activ_org_osp_r,74,7669
s_int_accom_yn,24,7788
s_int_accom,18,7812
comments,2,7830
