Field name,Total duration (seconds),First appeared (seconds into survey)
instruction,1,1
a_district_id,2,2
a_circuit_id,5,5
a_kg_id,6,10
a_community_id,2,16
a_enum_id,4,18
consent_note,170,22
con_understand,3,191
con_questions,2,195
con_written,5,197
consent_grp[1]/audio_consent,21,202
consent_grp[1]/d_background_note,1,222
consent_grp[1]/section_d[1]/kgt_key,5,223
consent_grp[1]/section_d[1]/kgt_confirm_note,2,228
consent_grp[1]/section_d[1]/d_num_cnt,11,230
consent_grp[1]/section_d[1]/d_cnt_grp[1]/d_cnt_main,18,241
consent_grp[1]/section_d[1]/d_cnt_grp[1]/d_cnt_sec,18,241
consent_grp[1]/section_d[1]/d_work_last,8,259
consent_grp[1]/section_d[1]/d_edu_level,10,267
consent_grp[1]/section_d[1]/d_edu_train,14,277
consent_grp[1]/section_d[1]/d_edu_level_train,17,291
consent_grp[1]/section_d[1]/d_marital_status,5,308
consent_grp[1]/section_d[1]/d_religion,3,313
consent_grp[1]/section_d[1]/d_la_spk_grp[1]/d_la_spk_note,28,316
consent_grp[1]/section_d[1]/d_la_spk_grp[1]/d_la_spk_eng,28,316
consent_grp[1]/section_d[1]/d_la_spk_grp[1]/d_la_spk_dagb,28,316
consent_grp[1]/section_d[1]/d_la_wrt_grp[1]/d_la_wrt_note,15,345
consent_grp[1]/section_d[1]/d_la_wrt_grp[1]/d_la_wrt_eng,15,345
consent_grp[1]/section_d[1]/d_la_wrt_grp[1]/d_la_wrt_dagb,15,345
consent_grp[1]/section_d[1]/d_main_language,13,359
consent_grp[1]/section_d[1]/d_loc_lang_kinderg,5,372
consent_grp[1]/f_moved_yn,10,378
consent_grp[1]/g_nature_wrk_note,4,388
consent_grp[1]/section_g[1]/g_teach_pos,14,390
consent_grp[1]/section_g[1]/g_teach_school,5,406
consent_grp[1]/section_g[1]/g_kg_grade,5,411
consent_grp[1]/section_g[1]/g_class_grp[1]/g_children_note,11,417
consent_grp[1]/section_g[1]/g_class_grp[1]/g_kg_2,11,417
consent_grp[1]/section_g[1]/g_ah_grp[1]/g_ah_note,36,428
consent_grp[1]/section_g[1]/g_ah_grp[1]/g_ah_working,36,428
consent_grp[1]/section_g[1]/g_ah_grp[1]/g_ah_prepping,36,428
consent_grp[1]/section_g[1]/g_eh_grp[1]/g_eh_note,32,463
consent_grp[1]/section_g[1]/g_eh_grp[1]/g_eh_working,32,463
consent_grp[1]/section_g[1]/g_eh_grp[1]/g_eh_prepping,32,463
consent_grp[1]/section_g[1]/g_teach_salary,18,495
consent_grp[1]/section_g[1]/g_salary_freq,20,513
consent_grp[1]/section_g[1]/g_salary_intime,25,533
consent_grp[1]/section_g[1]/g_money_cmp,7,559
consent_grp[1]/section_g[1]/g_job_outside,17,566
consent_grp[1]/section_g[1]/g_job_outside_income,12,579
consent_grp[1]/section_g[1]/g_earn_grp[1]/g_earn_amt,27,593
consent_grp[1]/section_g[1]/g_earn_grp[1]/g_earn_freq,27,593
consent_grp[1]/section_g[1]/g_extra_money_spec,18,622
consent_grp[1]/section_g[1]/g_sch_pro_grp[1]/tmp_g_sch_pro_lab,91,640
consent_grp[1]/section_g[1]/g_sch_pro_grp[1]/g_class,91,640
consent_grp[1]/section_g[1]/g_sch_pro_grp[1]/g_class_taught,91,640
consent_grp[1]/section_g[1]/g_sch_pro_grp[1]/g_fin_resource,91,640
consent_grp[1]/section_g[1]/g_sch_pro_grp[1]/g_high_expe,91,640
consent_grp[1]/section_g[1]/g_sch_pro_grp[1]/g_change_curri,91,640
consent_grp[1]/section_g[1]/g_sch_pro_grp[1]/g_diff_curri,91,640
consent_grp[1]/section_g[1]/g_sch_pro_grp[1]/g_easy_curri,91,640
consent_grp[1]/section_g[1]/g_sch_pro_grp[1]/g_par_dem_high,91,640
consent_grp[1]/section_g[1]/g_sch_pro_grp[1]/g_par_suff_interest,91,640
consent_grp[1]/section_g[1]/g_sch_pro_grp[1]/g_par_suff_active,91,640
consent_grp[1]/section_g[1]/g_par_supp_grp[1]/g_par_supp_note,14,731
consent_grp[1]/section_g[1]/g_par_supp_grp[1]/g_home_wrk,14,738
consent_grp[1]/section_g[1]/g_par_supp_grp[1]/g_behave_val,8,759
consent_grp[1]/section_g[1]/g_par_supp_grp[1]/g_get_schl,6,768
consent_grp[1]/section_g[1]/g_par_supp_grp[1]/g_visit_schl,6,774
consent_grp[1]/section_g[1]/g_par_supp_grp[1]/g_show_respect,7,780
consent_grp[1]/section_g[1]/g_par_supp_grp[1]/g_best_schl,6,787
consent_grp[1]/section_g[1]/g_par_supp_grp[1]/g_parti_pta,9,793
consent_grp[1]/section_g[1]/g_par_supp_grp[1]/g_cont_kg_act,7,801
consent_grp[1]/section_g[1]/g_lead_respect,8,809
consent_grp[1]/section_g[1]/g_val_citizen,19,817
consent_grp[1]/section_h[1]/sec_h_depre_note,36,836
consent_grp[1]/section_h[1]/h_depression_grp[1]/h_da_note,85,872
consent_grp[1]/section_h[1]/h_depression_grp[1]/tmp_h_da_lab,85,872
consent_grp[1]/section_h[1]/h_depression_grp[1]/h_headache,85,872
consent_grp[1]/section_h[1]/h_depression_grp[1]/h_appetite,85,872
consent_grp[1]/section_h[1]/h_depression_grp[1]/h_sleep,85,872
consent_grp[1]/section_h[1]/h_depression_grp[1]/h_frightened,85,872
consent_grp[1]/section_h[1]/h_depression_grp[1]/h_hands_shake,85,872
consent_grp[1]/section_h[1]/h_depression_grp[1]/h_nervous,85,872
consent_grp[1]/section_h[1]/h_depression_grp[1]/h_digestion,85,872
consent_grp[1]/section_h[1]/h_depression_grp[1]/h_thinking,85,872
consent_grp[1]/section_h[1]/h_depression_grp[1]/h_unhappy,85,872
consent_grp[1]/section_h[1]/h_depression_grp[1]/h_cry,85,872
consent_grp[1]/section_h[1]/h_depression_grp[1]/h_activities,85,872
consent_grp[1]/section_h[1]/h_depression_grp[1]/h_decisions,85,872
consent_grp[1]/section_h[1]/h_depression_grp[1]/h_daily_work,85,872
consent_grp[1]/section_h[1]/h_depression_grp[1]/h_life,85,872
consent_grp[1]/section_h[1]/h_depression_grp[1]/h_interest,85,872
consent_grp[1]/section_h[1]/h_depression_grp[1]/h_worthless,85,872
consent_grp[1]/section_h[1]/h_depression_grp[1]/h_end_life,85,872
consent_grp[1]/section_h[1]/h_depression_grp[1]/h_tired,85,872
consent_grp[1]/section_h[1]/h_depression_grp[1]/h_uncomfortable,85,872
consent_grp[1]/section_h[1]/h_depression_grp[1]/h_easily_tired,85,872
consent_grp[1]/section_h[1]/sec_h_ext_contr_note,6,957
consent_grp[1]/section_h[1]/h_ext_control_grp[1]/h_ext_cont_note,3,963
consent_grp[1]/section_h[1]/h_ext_control_grp[1]/h_pup_learn,16,967
consent_grp[1]/section_h[1]/h_ext_control_grp[1]/h_discipline,30,983
consent_grp[1]/section_h[1]/h_ext_control_grp[1]/h_stu_achieve,8,1012
consent_grp[1]/section_h[1]/h_ext_control_grp[1]/h_teach_motiv,10,1020
consent_grp[1]/section_h[1]/h_ext_control_grp[1]/h_good_teach,19,1030
consent_grp[1]/section_h[1]/sec_h_motiv_note,1,1048
consent_grp[1]/section_h[1]/h_motiv_grp[1]/h_motiv_note,6,1050
consent_grp[1]/section_h[1]/h_motiv_grp[1]/h_motiv_help,5,1055
consent_grp[1]/section_h[1]/h_motiv_grp[1]/h_quest_school,14,1061
consent_grp[1]/section_h[1]/h_motiv_grp[1]/h_help_child,30,1075
consent_grp[1]/section_h[1]/h_motiv_grp[1]/h_sch_goal,11,1105
consent_grp[1]/section_h[1]/h_motiv_grp[1]/h_help_emot,9,1116
consent_grp[1]/section_h[1]/h_motiv_grp[1]/h_enjoy_teach,6,1125
consent_grp[1]/section_h[1]/h_motiv_grp[1]/h_develop_society,6,1131
consent_grp[1]/section_h[1]/h_motiv_grp[1]/h_develop_socially,10,1137
consent_grp[1]/section_h[1]/h_motiv_grp[1]/h_perso_clear,5,1147
consent_grp[1]/section_h[1]/h_impor_thing,105,1152
consent_grp[1]/section_h[1]/h_job_satisfaction_grp[1]/h_job_satis_note,14,1257
consent_grp[1]/section_h[1]/h_job_satisfaction_grp[1]/h_look_out,16,1271
consent_grp[1]/section_h[1]/h_job_satisfaction_grp[1]/h_perso_worries,5,1286
consent_grp[1]/section_h[1]/h_job_satisfaction_grp[1]/h_know_col,12,1292
consent_grp[1]/section_h[1]/h_job_satisfaction_grp[1]/h_col_coop,6,1304
consent_grp[1]/section_h[1]/h_job_satisfaction_grp[1]/h_trust_col,13,1310
consent_grp[1]/section_h[1]/h_job_satisfaction_grp[1]/h_enjoy_col,6,1323
consent_grp[1]/section_h[1]/h_job_satisfaction_grp[1]/h_sup_respect,4,1329
consent_grp[1]/section_h[1]/h_job_satisfaction_grp[1]/h_sup_busy,5,1333
consent_grp[1]/section_h[1]/h_job_satisfaction_grp[1]/h_sup_opinion,4,1337
consent_grp[1]/section_h[1]/h_job_satisfaction_grp[1]/h_count_sup,6,1341
consent_grp[1]/section_h[1]/h_job_satisfaction_grp[1]/h_motivated,5,1347
consent_grp[1]/section_h[1]/h_job_satisfaction_grp[1]/h_sup_unpredict,4,1352
consent_grp[1]/section_h[1]/h_job_satisfaction_grp[1]/h_wrk_challenge,6,1356
consent_grp[1]/section_h[1]/h_job_satisfaction_grp[1]/h_wrk_monotonous,6,1363
consent_grp[1]/section_h[1]/h_job_satisfaction_grp[1]/h_wrk_creative,6,1369
consent_grp[1]/section_h[1]/h_job_satisfaction_grp[1]/h_big_impact,4,1375
consent_grp[1]/section_h[1]/h_job_satisfaction_grp[1]/h_little_time,9,1379
consent_grp[1]/section_h[1]/h_job_satisfaction_grp[1]/h_control_satis,7,1388
consent_grp[1]/section_h[1]/h_job_satisfaction_grp[1]/h_look,7,1395
consent_grp[1]/section_h[1]/h_job_satisfaction_grp[1]/h_small_space,5,1402
consent_grp[1]/section_h[1]/h_job_satisfaction_grp[1]/h_new_mat,4,1407
consent_grp[1]/section_h[1]/h_job_satisfaction_grp[1]/h_clean_kinder,7,1411
consent_grp[1]/section_h[1]/h_job_satisfaction_grp[1]/h_loud_kinder,15,1418
consent_grp[1]/section_h[1]/h_job_satisfaction_grp[1]/h_kinder_rules,5,1433
consent_grp[1]/section_h[1]/h_job_satisfaction_grp[1]/h_satisfied_paid,4,1439
consent_grp[1]/section_h[1]/h_burnout_grp[1]/h_burnout_note,10,1443
consent_grp[1]/section_h[1]/h_burnout_grp[1]/h_emotion_drained,7,1453
consent_grp[1]/section_h[1]/h_burnout_grp[1]/h_used_up,23,1460
consent_grp[1]/section_h[1]/h_burnout_grp[1]/h_fatigued,12,1483
consent_grp[1]/section_h[1]/h_burnout_grp[1]/h_child_feel,13,1495
consent_grp[1]/section_h[1]/h_burnout_grp[1]/h_child_impersonal,8,1508
consent_grp[1]/section_h[1]/h_burnout_grp[1]/h_ppl_strain,11,1516
consent_grp[1]/section_h[1]/h_burnout_grp[1]/h_deal_effect,5,1527
consent_grp[1]/section_h[1]/h_burnout_grp[1]/h_burnout,5,1533
consent_grp[1]/section_h[1]/h_burnout_grp[1]/h_pos_influence,10,1537
consent_grp[1]/section_h[1]/h_burnout_grp[1]/h_cold,10,1547
consent_grp[1]/section_h[1]/h_burnout_grp[1]/h_hard,9,1557
consent_grp[1]/section_h[1]/h_burnout_grp[1]/h_energetic,7,1566
consent_grp[1]/section_h[1]/h_burnout_grp[1]/h_frustrated,4,1573
consent_grp[1]/section_h[1]/h_burnout_grp[1]/h_work_hard,4,1577
consent_grp[1]/section_h[1]/h_burnout_grp[1]/h_dont_care,5,1581
consent_grp[1]/section_h[1]/h_burnout_grp[1]/h_put_pressure,4,1587
consent_grp[1]/section_h[1]/h_burnout_grp[1]/h_relax,7,1591
consent_grp[1]/section_h[1]/h_burnout_grp[1]/h_excited,6,1598
consent_grp[1]/section_h[1]/h_burnout_grp[1]/h_accomplished,8,1603
consent_grp[1]/section_h[1]/h_burnout_grp[1]/h_end_of_rop,9,1611
consent_grp[1]/section_h[1]/h_burnout_grp[1]/h_emot_pro_calm,6,1620
consent_grp[1]/i_teacher_knowledge_grp[1]/I_teach_know_note,7,1626
consent_grp[1]/i_teacher_knowledge_grp[1]/i_consonance,7,1633
consent_grp[1]/i_teacher_knowledge_grp[1]/i_vowel,4,1641
consent_grp[1]/i_teacher_knowledge_grp[1]/i_unbelievable,47,1645
consent_grp[1]/i_teacher_knowledge_grp[1]/i_irregular,9,1692
consent_grp[1]/i_teacher_knowledge_grp[1]/i_cat,15,1701
consent_grp[1]/i_teacher_knowledge_grp[1]/i_cough,12,1716
consent_grp[1]/i_teacher_knowledge_grp[1]/i_check,10,1729
consent_grp[1]/i_teacher_knowledge_grp[1]/i_english,16,1738
consent_grp[1]/j_perception_grp[1]/j_perception_note,25,1755
consent_grp[1]/j_perception_grp[1]/j_dev_practice_grp[1]/j_dev_practice_note,9,1779
consent_grp[1]/j_perception_grp[1]/j_dev_practice_grp[1]/j_child_need,14,1786
consent_grp[1]/j_perception_grp[1]/j_dev_practice_grp[1]/j_recog_letter,4,1802
consent_grp[1]/j_perception_grp[1]/j_dev_practice_grp[1]/j_recog_number,4,1806
consent_grp[1]/j_perception_grp[1]/j_dev_practice_grp[1]/j_recog_colour,4,1810
consent_grp[1]/j_perception_grp[1]/j_dev_practice_grp[1]/j_indiv_goal,7,1814
consent_grp[1]/j_perception_grp[1]/j_dev_practice_grp[1]/j_play_materials,4,1821
consent_grp[1]/j_perception_grp[1]/j_dev_practice_grp[1]/j_child_measure,5,1825
consent_grp[1]/j_perception_grp[1]/j_supp_chil_grp[1]/j_supp_chil_note,5,1830
consent_grp[1]/j_perception_grp[1]/j_supp_chil_grp[1]/j_build_relation,5,1835
consent_grp[1]/j_perception_grp[1]/j_supp_chil_grp[1]/j_control_behaviour,5,1840
consent_grp[1]/j_perception_grp[1]/j_supp_chil_grp[1]/j_express_thought,4,1845
consent_grp[1]/j_perception_grp[1]/j_supp_chil_grp[1]/j_resolve_conflicts,4,1849
consent_grp[1]/j_perception_grp[1]/j_supp_chil_grp[1]/j_guidance_style,5,1853
consent_grp[1]/j_perception_grp[1]/j_fam_sensitive_grp[1]/j_fam_sensitive_note,40,1858
consent_grp[1]/j_perception_grp[1]/j_fam_sensitive_grp[1]/j_parent_goal,40,1858
consent_grp[1]/j_perception_grp[1]/j_fam_sensitive_grp[1]/j_work_schedule,40,1858
consent_grp[1]/j_perception_grp[1]/j_fam_sensitive_grp[1]/j_fam_decision,40,1858
consent_grp[1]/j_perception_grp[1]/j_fam_sensitive_grp[1]/j_family_care,40,1858
consent_grp[1]/j_perception_grp[1]/j_fam_sensitive_grp[1]/j_connect_family,40,1858
consent_grp[1]/k_grp[1]/k_instro_note,29,1898
consent_grp[1]/k_grp[1]/k_ts_grp[1]/tmp_k_labels,80,1908
consent_grp[1]/k_grp[1]/k_ts_grp[1]/k_take_priviledges,80,1908
consent_grp[1]/k_grp[1]/k_ts_grp[1]/k_explain_behavior,80,1908
consent_grp[1]/k_grp[1]/k_ts_grp[1]/k_shook,80,1908
consent_grp[1]/k_grp[1]/k_ts_grp[1]/k_shouted,80,1908
consent_grp[1]/k_grp[1]/k_ts_grp[1]/k_gave_something,80,1908
consent_grp[1]/k_grp[1]/k_ts_grp[1]/k_spanked,80,1908
consent_grp[1]/k_grp[1]/k_ts_grp[1]/k_hit_bottom,80,1908
consent_grp[1]/k_grp[1]/k_ts_grp[1]/k_call_dumb,80,1908
consent_grp[1]/k_grp[1]/k_ts_grp[1]/k_hit_face,80,1908
consent_grp[1]/k_grp[1]/k_ts_grp[1]/k_praised,80,1908
consent_grp[1]/k_grp[1]/k_ts_grp[1]/k_affection,80,1908
consent_grp[1]/k_grp[1]/k_ts_grp[1]/k_rewarded,80,1908
consent_grp[1]/l_teaching_prac_grp[1]/l_note,5,2007
consent_grp[1]/l_teaching_prac_grp[1]/l_previos_kinder_act[1]/tmp_l_prac_lab,60,2012
consent_grp[1]/l_teaching_prac_grp[1]/l_previos_kinder_act[1]/l_hygiene_routine,60,2012
consent_grp[1]/l_teaching_prac_grp[1]/l_previos_kinder_act[1]/l_supply,60,2012
consent_grp[1]/l_teaching_prac_grp[1]/l_previos_kinder_act[1]/l_pamper,60,2012
consent_grp[1]/l_teaching_prac_grp[1]/l_previos_kinder_act[1]/l_read,60,2012
consent_grp[1]/l_teaching_prac_grp[1]/l_previos_kinder_act[1]/l_tell,60,2012
consent_grp[1]/l_teaching_prac_grp[1]/l_previos_kinder_act[1]/l_conversatin,60,2012
consent_grp[1]/l_teaching_prac_grp[1]/l_previos_kinder_act[1]/l_sing,60,2012
consent_grp[1]/l_teaching_prac_grp[1]/l_previos_kinder_act[1]/l_dance,60,2012
consent_grp[1]/l_teaching_prac_grp[1]/l_previos_kinder_act[1]/l_visit,60,2012
consent_grp[1]/l_teaching_prac_grp[1]/l_previos_kinder_act[1]/l_play_kg,60,2012
consent_grp[1]/l_teaching_prac_grp[1]/l_previos_kinder_act[1]/l_play_recrea,60,2012
consent_grp[1]/l_teaching_prac_grp[1]/l_previos_kinder_act[1]/l_sleep,60,2012
consent_grp[1]/l_teaching_prac_grp[1]/l_previos_kinder_act[1]/l_run,60,2012
consent_grp[1]/l_teaching_prac_grp[1]/l_previos_kinder_act[1]/l_group_learn,60,2012
consent_grp[1]/l_teaching_prac_grp[1]/l_previos_kinder_act[1]/l_indiv_learn,60,2012
consent_grp[1]/l_teaching_prac_grp[1]/l_class_acti_grp[1]/l_act_grp[1]/tmp_l_class_lab,55,2072
consent_grp[1]/l_teaching_prac_grp[1]/l_class_acti_grp[1]/l_act_grp[1]/l_teach_colour,55,2072
consent_grp[1]/l_teaching_prac_grp[1]/l_class_acti_grp[1]/l_act_grp[1]/l_teach_number,55,2072
consent_grp[1]/l_teaching_prac_grp[1]/l_class_acti_grp[1]/l_act_grp[1]/l_teach_letter,55,2072
consent_grp[1]/l_teaching_prac_grp[1]/l_class_acti_grp[1]/l_act_grp[1]/l_teach_form,55,2072
consent_grp[1]/l_teaching_prac_grp[1]/l_class_acti_grp[1]/l_act_grp[1]/l_socialise,55,2072
consent_grp[1]/l_teaching_prac_grp[1]/l_class_acti_grp[1]/l_act_grp[1]/l_pro_solve,55,2072
consent_grp[1]/l_teaching_prac_grp[1]/l_class_acti_grp[1]/l_act_grp[1]/l_writing,55,2072
consent_grp[1]/l_teaching_prac_grp[1]/l_class_acti_grp[1]/l_act_grp[1]/l_teach_body,55,2072
consent_grp[1]/l_teaching_prac_grp[1]/l_class_acti_grp[1]/l_act_grp[1]/l_pers_hygiene,55,2072
consent_grp[1]/l_teaching_prac_grp[1]/l_class_acti_grp[1]/l_act_grp[1]/l_art_expre,55,2072
consent_grp[1]/l_teaching_prac_grp[1]/l_class_acti_grp[1]/l_act_grp[1]/l_body_lang,55,2072
consent_grp[1]/l_teaching_prac_grp[1]/l_class_acti_grp[1]/l_act_grp[1]/l_concentration,55,2072
consent_grp[1]/l_teaching_prac_grp[1]/l_class_acti_grp[1]/l_act_grp[1]/l_gross_motor,55,2072
consent_grp[1]/l_teaching_prac_grp[1]/l_class_acti_grp[1]/l_act_grp[1]/l_fine_motor,55,2072
consent_grp[1]/l_teaching_prac_grp[1]/l_class_acti_grp[1]/l_act_grp[1]/l_gender,55,2072
consent_grp[1]/l_teaching_prac_grp[1]/l_class_acti_grp[1]/l_act_grp[1]/l_responsibility,55,2072
consent_grp[1]/l_teaching_prac_grp[1]/l_class_acti_grp[1]/l_act_grp[1]/l_speech,55,2072
consent_grp[1]/l_teaching_prac_grp[1]/l_class_acti_grp[1]/l_act_grp[1]/l_explore_comm,55,2072
consent_grp[1]/l_teaching_prac_grp[1]/l_class_acti_grp[1]/l_act_grp[1]/l_explore_culture,55,2072
consent_grp[1]/l_teaching_prac_grp[1]/l_parent_interact_note,4,2126
consent_grp[1]/l_teaching_prac_grp[1]/l_actively_engaged,26,2129
consent_grp[1]/l_teaching_prac_grp[1]/l_proportion_child,8,2157
consent_grp[1]/l_teaching_prac_grp[1]/l_proportion_child_more,8,2165
consent_grp[1]/l_teaching_prac_grp[1]/l_visit_pupil_house,17,2173
consent_grp[1]/l_teaching_prac_grp[1]/l_visit_parent_house,12,2190
consent_grp[1]/l_teaching_prac_grp[1]/l_receive_parent_supp,16,2202
consent_grp[1]/l_teaching_prac_grp[1]/l_day_teaching_note,3,2219
consent_grp[1]/l_teaching_prac_grp[1]/l_day_grp[1]/tmp_l_labs,36,2222
consent_grp[1]/l_teaching_prac_grp[1]/l_day_grp[1]/l_daily_schedule,36,2222
consent_grp[1]/l_teaching_prac_grp[1]/l_day_grp[1]/l_play_period,36,2222
consent_grp[1]/l_teaching_prac_grp[1]/l_day_grp[1]/l_free_play,36,2222
consent_grp[1]/l_teaching_prac_grp[1]/l_day_grp[1]/l_activities,36,2222
consent_grp[1]/l_teaching_prac_grp[1]/l_per_daily_grp[1]/l_perc_note,211,2258
consent_grp[1]/l_teaching_prac_grp[1]/l_per_daily_grp[1]/l_admin_per,211,2258
consent_grp[1]/l_teaching_prac_grp[1]/l_per_daily_grp[1]/l_class_per,211,2258
consent_grp[1]/l_teaching_prac_grp[1]/l_per_daily_grp[1]/l_teach_per,211,2258
consent_grp[1]/l_teaching_prac_grp[1]/l_per_daily_grp[1]/l_super_per,211,2258
consent_grp[1]/l_teaching_prac_grp[1]/l_per_daily_grp[1]/l_super_oth_per,211,2258
consent_grp[1]/l_teaching_prac_grp[1]/l_per_daily_grp[1]/l_break_per,211,2258
consent_grp[1]/l_teaching_prac_grp[1]/l_discipline_note,3,2469
consent_grp[1]/l_teaching_prac_grp[1]/l_dont_like,20,2472
consent_grp[1]/l_teaching_prac_grp[1]/l_really_bad,20,2492
consent_grp[1]/l_teaching_prac_grp[1]/l_does_good,11,2512
consent_grp[1]/l_teaching_prac_grp[1]/l_praise,9,2523
consent_grp[1]/q_note,9,2532
consent_grp[1]/q_activ_yn,24,2541
consent_grp[1]/q_rpt[1]/q_activ_r,12,2565
consent_grp[1]/q_rpt[1]/q_activ_org_r,2,2577
consent_grp[1]/q_rpt[1]/q_activ_add_r,4,2579
s_int_accom_yn,2,2584
comments,1,2585
