Field name,Total duration (seconds),First appeared (seconds into survey)
instruction,1,2
a_district_id,3,3
a_circuit_id,5,6
a_kg_id,12,11
a_community_id,2,23
a_enum_id,6,26
consent_note,80,32
con_understand,6,112
con_questions,2,118
con_written,3,120
consent_grp[1]/audio_consent,18,123
consent_grp[1]/d_background_note,1,141
consent_grp[1]/section_d[1]/kgt_key,10,142
consent_grp[1]/section_d[1]/kgt_name_gp[1]/kgt_fsn,36,152
consent_grp[1]/section_d[1]/kgt_name_gp[1]/kgt_msn,36,152
consent_grp[1]/section_d[1]/kgt_name_gp[1]/kgt_lsn,36,152
consent_grp[1]/section_d[1]/kgt_name_gp[1]/kgt_ppn,36,152
consent_grp[1]/section_d[1]/kgt_name_gp[1]/d_sex,36,152
consent_grp[1]/section_d[1]/kgt_confirm_note,8,188
consent_grp[1]/section_d[1]/d_num_cnt,12,196
consent_grp[1]/section_d[1]/d_cnt_grp[1]/d_cnt_main,27,209
consent_grp[1]/section_d[1]/d_cnt_grp[1]/d_cnt_sec,27,209
consent_grp[1]/section_d[1]/d_age,22,235
consent_grp[1]/section_d[1]/d_teacher_grp[1]/d_been_teacher,57,257
consent_grp[1]/section_d[1]/d_teacher_grp[1]/d_teacher_year,57,257
consent_grp[1]/section_d[1]/d_teacher_grp[1]/d_teacher_month,57,257
consent_grp[1]/section_d[1]/d_been_kinder_grp[1]/d_been_kinder,12,286
consent_grp[1]/section_d[1]/d_been_kinder_grp[1]/d_kinder_year,12,286
consent_grp[1]/section_d[1]/d_been_kinder_grp[1]/d_kinder_month,12,286
consent_grp[1]/section_d[1]/d_work_last,15,326
consent_grp[1]/section_d[1]/d_os_yn,12,341
consent_grp[1]/section_d[1]/d_os_grp[1]/d_os_name,31,353
consent_grp[1]/section_d[1]/d_os_grp[1]/d_os_region,31,353
consent_grp[1]/section_d[1]/d_os_district,5,384
consent_grp[1]/section_d[1]/d_os_comm_sel,13,389
consent_grp[1]/section_d[1]/d_edu_level,12,402
consent_grp[1]/section_d[1]/d_edu_train,11,414
consent_grp[1]/section_d[1]/d_edu_level_fath,10,426
consent_grp[1]/section_d[1]/d_edu_level_mom,4,435
consent_grp[1]/section_d[1]/d_marital_status,4,439
consent_grp[1]/section_d[1]/d_ethnic_group,6,443
consent_grp[1]/section_d[1]/d_religion,15,449
consent_grp[1]/section_d[1]/d_la_spk_grp[1]/d_la_spk_note,50,464
consent_grp[1]/section_d[1]/d_la_spk_grp[1]/d_la_spk_eng,50,464
consent_grp[1]/section_d[1]/d_la_spk_grp[1]/d_la_spk_dagb,50,464
consent_grp[1]/section_d[1]/d_la_wrt_grp[1]/d_la_wrt_note,3,513
consent_grp[1]/section_d[1]/d_la_wrt_grp[1]/d_la_wrt_eng,3,513
consent_grp[1]/section_d[1]/d_la_wrt_grp[1]/d_la_wrt_dagb,3,513
consent_grp[1]/section_d[1]/d_main_language,11,517
consent_grp[1]/section_d[1]/d_loc_lang_kinderg,2,528
consent_grp[1]/e_rel_grp[1]/e_hh_note,3,529
consent_grp[1]/e_rel_grp[1]/e_hh_num,26,533
consent_grp[1]/e_rel_grp[1]/e_hh_grp[1]/e_hh_head,21,558
consent_grp[1]/e_rel_grp[1]/e_hh_grp[1]/e_chil_hh,21,558
consent_grp[1]/e_rel_grp[1]/e_hh_grp[1]/e_adult_hh,21,558
consent_grp[1]/e_rel_grp[1]/e_hh_school,11,579
consent_grp[1]/e_rel_grp[1]/e_read_english,7,590
consent_grp[1]/e_rel_grp[1]/e_rate_health,17,597
consent_grp[1]/e_rel_grp[1]/e_live_note,4,614
consent_grp[1]/e_rel_grp[1]/e_rooms_occu,6,618
consent_grp[1]/e_rel_grp[1]/e_own_status,9,624
consent_grp[1]/e_rel_grp[1]/e_electricity_inhouse,6,633
consent_grp[1]/e_rel_grp[1]/e_floor_material,18,639
consent_grp[1]/e_rel_grp[1]/e_interior_floor,26,657
consent_grp[1]/e_rel_grp[1]/e_roof_mat,5,683
consent_grp[1]/e_rel_grp[1]/e_cook_fuel,11,689
consent_grp[1]/e_rel_grp[1]/e_lighting,9,699
consent_grp[1]/e_rel_grp[1]/e_drink_source,20,709
consent_grp[1]/e_rel_grp[1]/e_toilet_facility,14,728
consent_grp[1]/e_rel_grp[1]/e_asset_note,7,742
consent_grp[1]/e_rel_grp[1]/e_hh_own_phone,11,749
consent_grp[1]/e_rel_grp[1]/e_hh_ass_grp[1]/tmp_e_hh_ass_lab,133,760
consent_grp[1]/e_rel_grp[1]/e_hh_ass_grp[1]/e_hh_ass_radio,133,760
consent_grp[1]/e_rel_grp[1]/e_hh_ass_grp[1]/e_hh_ass_refrig,133,760
consent_grp[1]/e_rel_grp[1]/e_hh_ass_grp[1]/e_hh_ass_bike,133,760
consent_grp[1]/e_rel_grp[1]/e_hh_ass_grp[1]/e_hh_ass_tv,133,760
consent_grp[1]/e_rel_grp[1]/e_hh_ass_grp[1]/e_hh_ass_vcr,133,760
consent_grp[1]/e_rel_grp[1]/e_hh_ass_grp[1]/e_hh_ass_motor,133,760
consent_grp[1]/e_rel_grp[1]/e_hh_ass_grp[1]/e_hh_ass_car,133,760
consent_grp[1]/e_rel_grp[1]/e_hh_ass_grp[1]/e_hh_ass_tractor,133,760
consent_grp[1]/e_rel_grp[1]/e_hh_ass_grp[1]/e_hh_ass_farm_equip,133,760
consent_grp[1]/e_rel_grp[1]/e_hh_ass_grp[1]/e_hh_ass_sew_mach,133,760
consent_grp[1]/e_rel_grp[1]/e_hh_ass_grp[1]/e_hh_ass_bed,133,760
consent_grp[1]/e_rel_grp[1]/e_hh_ass_grp[1]/e_hh_ass_mattress,133,760
consent_grp[1]/e_rel_grp[1]/e_hh_ass_grp[1]/e_hh_ass_table_chair,133,760
consent_grp[1]/e_rel_grp[1]/e_hh_ass_grp[1]/e_hh_ass_stool,133,760
consent_grp[1]/e_rel_grp[1]/e_hh_ass_grp[1]/e_hh_ass_sofa,133,760
consent_grp[1]/e_rel_grp[1]/e_hh_ass_grp[1]/e_hh_ass_fan,133,760
consent_grp[1]/e_rel_grp[1]/e_hh_ass_grp[1]/e_hh_ass_lamp,133,760
consent_grp[1]/e_rel_grp[1]/e_hh_ass_grp[1]/e_hh_ass_watch,133,760
consent_grp[1]/e_rel_grp[1]/e_hh_ass_grp[1]/e_hh_ass_mat,133,760
consent_grp[1]/e_rel_grp[1]/e_hh_ass_grp[1]/e_hh_ass_torch,133,760
consent_grp[1]/e_rel_grp[1]/e_hh_ass_grp[1]/e_hh_ass_cabinet,133,760
consent_grp[1]/e_rel_grp[1]/e_hh_ass_grp[1]/e_hh_ass_pot,133,760
consent_grp[1]/e_rel_grp[1]/e_hh_ass_grp[1]/e_hh_ass_itn,133,760
consent_grp[1]/e_rel_grp[1]/e_hh_ass_grp[1]/e_hh_ass_iron_elec,133,760
consent_grp[1]/e_rel_grp[1]/e_hh_ass_grp[1]/e_hh_ass_iron_coal,133,760
consent_grp[1]/e_rel_grp[1]/e_hh_ass_grp[1]/e_hh_ass_iron_gas,133,760
consent_grp[1]/f_rel_grp[1]/f_comm_note,6,893
consent_grp[1]/f_rel_grp[1]/section_f[1]/f_born_comm,16,899
consent_grp[1]/f_rel_grp[1]/section_f[1]/f_school_loc,33,916
consent_grp[1]/f_rel_grp[1]/section_f[1]/f_lived_bef_teach,14,949
consent_grp[1]/f_rel_grp[1]/section_f[1]/f_lived_grp[1]/f_lived_comm,29,963
consent_grp[1]/f_rel_grp[1]/section_f[1]/f_lived_grp[1]/f_lived_comm_year,29,963
consent_grp[1]/f_rel_grp[1]/section_f[1]/f_lived_grp[1]/f_lived_comm_month,29,963
consent_grp[1]/f_rel_grp[1]/section_f[1]/f_fam_lived,24,992
consent_grp[1]/f_rel_grp[1]/section_f[1]/f_emot_support,19,1016
consent_grp[1]/f_rel_grp[1]/section_f[1]/f_emot_support_num,146,1035
consent_grp[1]/f_rel_grp[1]/section_f[1]/f_lend_money,45,1181
consent_grp[1]/f_rel_grp[1]/section_f[1]/f_borrow_money,8,1226
consent_grp[1]/f_rel_grp[1]/section_f[1]/f_rel_live_nearby,38,1235
consent_grp[1]/f_rel_grp[1]/section_f[1]/f_part_comm,12,1273
consent_grp[1]/f_rel_grp[1]/section_f[1]/f_main_trans,10,1285
consent_grp[1]/f_rel_grp[1]/section_f[1]/f_min_get_sch_grp[1]/f_min_get_note,13,1294
consent_grp[1]/f_rel_grp[1]/section_f[1]/f_min_get_sch_grp[1]/f_h_get_school,13,1294
consent_grp[1]/f_rel_grp[1]/section_f[1]/f_min_get_sch_grp[1]/f_m_get_school,13,1294
consent_grp[1]/g_nature_wrk_note,6,1307
consent_grp[1]/section_g[1]/g_teach_pos,9,1313
consent_grp[1]/section_g[1]/g_teach_school,6,1322
consent_grp[1]/section_g[1]/g_kg_grade,8,1328
consent_grp[1]/section_g[1]/g_class_grp[1]/g_children_note,19,1336
consent_grp[1]/section_g[1]/g_class_grp[1]/g_kg_2,19,1336
consent_grp[1]/section_g[1]/g_ah_grp[1]/g_ah_note,31,1355
consent_grp[1]/section_g[1]/g_ah_grp[1]/g_ah_working,31,1355
consent_grp[1]/section_g[1]/g_ah_grp[1]/g_ah_prepping,31,1355
consent_grp[1]/section_g[1]/g_eh_grp[1]/g_eh_note,15,1386
consent_grp[1]/section_g[1]/g_eh_grp[1]/g_eh_working,15,1386
consent_grp[1]/section_g[1]/g_eh_grp[1]/g_eh_prepping,15,1386
consent_grp[1]/section_g[1]/g_teach_salary,19,1401
consent_grp[1]/section_g[1]/g_salary_freq,13,1420
consent_grp[1]/section_g[1]/g_salary_intime,11,1433
consent_grp[1]/section_g[1]/g_money_cmp,20,1444
consent_grp[1]/section_g[1]/g_money_cmp_hrs,4,1461
consent_grp[1]/section_g[1]/g_job_outside,11,1469
consent_grp[1]/section_g[1]/g_extra_money_spec,9,1480
consent_grp[1]/section_g[1]/g_sch_pro_grp[1]/tmp_g_sch_pro_lab,172,1488
consent_grp[1]/section_g[1]/g_sch_pro_grp[1]/g_class,172,1488
consent_grp[1]/section_g[1]/g_sch_pro_grp[1]/g_class_taught,172,1488
consent_grp[1]/section_g[1]/g_sch_pro_grp[1]/g_fin_resource,172,1488
consent_grp[1]/section_g[1]/g_sch_pro_grp[1]/g_high_expe,172,1488
consent_grp[1]/section_g[1]/g_sch_pro_grp[1]/g_change_curri,172,1488
consent_grp[1]/section_g[1]/g_sch_pro_grp[1]/g_diff_curri,172,1488
consent_grp[1]/section_g[1]/g_sch_pro_grp[1]/g_easy_curri,172,1488
consent_grp[1]/section_g[1]/g_sch_pro_grp[1]/g_par_dem_high,172,1488
consent_grp[1]/section_g[1]/g_sch_pro_grp[1]/g_par_suff_interest,172,1488
consent_grp[1]/section_g[1]/g_sch_pro_grp[1]/g_par_suff_active,172,1488
consent_grp[1]/section_g[1]/g_par_supp_grp[1]/g_par_supp_note,9,1660
consent_grp[1]/section_g[1]/g_par_supp_grp[1]/g_home_wrk,15,1670
consent_grp[1]/section_g[1]/g_par_supp_grp[1]/g_behave_val,12,1685
consent_grp[1]/section_g[1]/g_par_supp_grp[1]/g_get_schl,8,1697
consent_grp[1]/section_g[1]/g_par_supp_grp[1]/g_visit_schl,7,1706
consent_grp[1]/section_g[1]/g_par_supp_grp[1]/g_show_respect,8,1712
consent_grp[1]/section_g[1]/g_par_supp_grp[1]/g_best_schl,9,1720
consent_grp[1]/section_g[1]/g_par_supp_grp[1]/g_parti_pta,7,1729
consent_grp[1]/section_g[1]/g_par_supp_grp[1]/g_cont_kg_act,5,1736
consent_grp[1]/section_g[1]/g_lead_respect,15,1742
consent_grp[1]/section_g[1]/g_val_citizen,12,1757
consent_grp[1]/section_h[1]/sec_h_depre_note,13,1768
consent_grp[1]/section_h[1]/h_depression_grp[1]/h_da_note,105,1781
consent_grp[1]/section_h[1]/h_depression_grp[1]/tmp_h_da_lab,105,1781
consent_grp[1]/section_h[1]/h_depression_grp[1]/h_headache,105,1781
consent_grp[1]/section_h[1]/h_depression_grp[1]/h_appetite,105,1781
consent_grp[1]/section_h[1]/h_depression_grp[1]/h_sleep,105,1781
consent_grp[1]/section_h[1]/h_depression_grp[1]/h_frightened,105,1781
consent_grp[1]/section_h[1]/h_depression_grp[1]/h_hands_shake,105,1781
consent_grp[1]/section_h[1]/h_depression_grp[1]/h_nervous,105,1781
consent_grp[1]/section_h[1]/h_depression_grp[1]/h_digestion,105,1781
consent_grp[1]/section_h[1]/h_depression_grp[1]/h_thinking,105,1781
consent_grp[1]/section_h[1]/h_depression_grp[1]/h_unhappy,105,1781
consent_grp[1]/section_h[1]/h_depression_grp[1]/h_cry,105,1781
consent_grp[1]/section_h[1]/h_depression_grp[1]/h_activities,105,1781
consent_grp[1]/section_h[1]/h_depression_grp[1]/h_decisions,105,1781
consent_grp[1]/section_h[1]/h_depression_grp[1]/h_daily_work,105,1781
consent_grp[1]/section_h[1]/h_depression_grp[1]/h_life,105,1781
consent_grp[1]/section_h[1]/h_depression_grp[1]/h_interest,105,1781
consent_grp[1]/section_h[1]/h_depression_grp[1]/h_worthless,105,1781
consent_grp[1]/section_h[1]/h_depression_grp[1]/h_end_life,105,1781
consent_grp[1]/section_h[1]/h_depression_grp[1]/h_tired,105,1781
consent_grp[1]/section_h[1]/h_depression_grp[1]/h_uncomfortable,105,1781
consent_grp[1]/section_h[1]/h_depression_grp[1]/h_easily_tired,105,1781
consent_grp[1]/section_h[1]/sec_h_ext_contr_note,2,1886
consent_grp[1]/section_h[1]/h_ext_control_grp[1]/h_ext_cont_note,5,1889
consent_grp[1]/section_h[1]/h_ext_control_grp[1]/h_pup_learn,26,1894
consent_grp[1]/section_h[1]/h_ext_control_grp[1]/h_discipline,13,1920
consent_grp[1]/section_h[1]/h_ext_control_grp[1]/h_stu_achieve,29,1933
consent_grp[1]/section_h[1]/h_ext_control_grp[1]/h_teach_motiv,23,1961
consent_grp[1]/section_h[1]/h_ext_control_grp[1]/h_good_teach,18,1984
consent_grp[1]/section_h[1]/sec_h_motiv_note,1,2003
consent_grp[1]/section_h[1]/h_motiv_grp[1]/h_motiv_note,15,2004
consent_grp[1]/section_h[1]/h_motiv_grp[1]/h_motiv_help,12,2019
consent_grp[1]/section_h[1]/h_motiv_grp[1]/h_quest_school,13,2031
consent_grp[1]/section_h[1]/h_motiv_grp[1]/h_help_child,9,2044
consent_grp[1]/section_h[1]/h_motiv_grp[1]/h_sch_goal,11,2053
consent_grp[1]/section_h[1]/h_motiv_grp[1]/h_help_emot,14,2064
consent_grp[1]/section_h[1]/h_motiv_grp[1]/h_enjoy_teach,7,2079
consent_grp[1]/section_h[1]/h_motiv_grp[1]/h_develop_society,16,2086
consent_grp[1]/section_h[1]/h_motiv_grp[1]/h_develop_socially,14,2102
consent_grp[1]/section_h[1]/h_motiv_grp[1]/h_perso_clear,9,2115
consent_grp[1]/section_h[1]/h_impor_thing,19,2124
consent_grp[1]/section_h[1]/h_job_satisfaction_grp[1]/h_job_satis_note,8,2143
consent_grp[1]/section_h[1]/h_job_satisfaction_grp[1]/h_look_out,18,2151
consent_grp[1]/section_h[1]/h_job_satisfaction_grp[1]/h_perso_worries,10,2169
consent_grp[1]/section_h[1]/h_job_satisfaction_grp[1]/h_know_col,12,2180
consent_grp[1]/section_h[1]/h_job_satisfaction_grp[1]/h_col_coop,14,2191
consent_grp[1]/section_h[1]/h_job_satisfaction_grp[1]/h_trust_col,9,2206
consent_grp[1]/section_h[1]/h_job_satisfaction_grp[1]/h_enjoy_col,10,2214
consent_grp[1]/section_h[1]/h_job_satisfaction_grp[1]/h_sup_respect,8,2225
consent_grp[1]/section_h[1]/h_job_satisfaction_grp[1]/h_sup_busy,11,2233
consent_grp[1]/section_h[1]/h_job_satisfaction_grp[1]/h_sup_opinion,9,2243
consent_grp[1]/section_h[1]/h_job_satisfaction_grp[1]/h_count_sup,9,2252
consent_grp[1]/section_h[1]/h_job_satisfaction_grp[1]/h_motivated,16,2259
consent_grp[1]/section_h[1]/h_job_satisfaction_grp[1]/h_sup_unpredict,12,2277
consent_grp[1]/section_h[1]/h_job_satisfaction_grp[1]/h_wrk_challenge,9,2289
consent_grp[1]/section_h[1]/h_job_satisfaction_grp[1]/h_wrk_monotonous,14,2297
consent_grp[1]/section_h[1]/h_job_satisfaction_grp[1]/h_wrk_creative,5,2311
consent_grp[1]/section_h[1]/h_job_satisfaction_grp[1]/h_big_impact,8,2316
consent_grp[1]/section_h[1]/h_job_satisfaction_grp[1]/h_little_time,8,2324
consent_grp[1]/section_h[1]/h_job_satisfaction_grp[1]/h_control_satis,8,2332
consent_grp[1]/section_h[1]/h_job_satisfaction_grp[1]/h_look,11,2341
consent_grp[1]/section_h[1]/h_job_satisfaction_grp[1]/h_small_space,10,2352
consent_grp[1]/section_h[1]/h_job_satisfaction_grp[1]/h_new_mat,9,2362
consent_grp[1]/section_h[1]/h_job_satisfaction_grp[1]/h_clean_kinder,11,2371
consent_grp[1]/section_h[1]/h_job_satisfaction_grp[1]/h_loud_kinder,8,2382
consent_grp[1]/section_h[1]/h_job_satisfaction_grp[1]/h_kinder_rules,8,2391
consent_grp[1]/section_h[1]/h_job_satisfaction_grp[1]/h_satisfied_paid,10,2399
consent_grp[1]/section_h[1]/h_burnout_grp[1]/h_burnout_note,6,2409
consent_grp[1]/section_h[1]/h_burnout_grp[1]/h_emotion_drained,9,2415
consent_grp[1]/section_h[1]/h_burnout_grp[1]/h_used_up,16,2423
consent_grp[1]/section_h[1]/h_burnout_grp[1]/h_fatigued,16,2439
consent_grp[1]/section_h[1]/h_burnout_grp[1]/h_child_feel,14,2454
consent_grp[1]/section_h[1]/h_burnout_grp[1]/h_child_impersonal,12,2469
consent_grp[1]/section_h[1]/h_burnout_grp[1]/h_ppl_strain,12,2481
consent_grp[1]/section_h[1]/h_burnout_grp[1]/h_deal_effect,16,2491
consent_grp[1]/section_h[1]/h_burnout_grp[1]/h_burnout,5,2508
consent_grp[1]/section_h[1]/h_burnout_grp[1]/h_pos_influence,14,2513
consent_grp[1]/section_h[1]/h_burnout_grp[1]/h_cold,9,2527
consent_grp[1]/section_h[1]/h_burnout_grp[1]/h_hard,9,2537
consent_grp[1]/section_h[1]/h_burnout_grp[1]/h_energetic,10,2545
consent_grp[1]/section_h[1]/h_burnout_grp[1]/h_frustrated,6,2555
consent_grp[1]/section_h[1]/h_burnout_grp[1]/h_work_hard,11,2561
consent_grp[1]/section_h[1]/h_burnout_grp[1]/h_dont_care,15,2572
consent_grp[1]/section_h[1]/h_burnout_grp[1]/h_put_pressure,13,2588
consent_grp[1]/section_h[1]/h_burnout_grp[1]/h_relax,9,2601
consent_grp[1]/section_h[1]/h_burnout_grp[1]/h_excited,8,2610
consent_grp[1]/section_h[1]/h_burnout_grp[1]/h_accomplished,9,2618
consent_grp[1]/section_h[1]/h_burnout_grp[1]/h_end_of_rop,16,2628
consent_grp[1]/section_h[1]/h_burnout_grp[1]/h_emot_pro_calm,9,2637
consent_grp[1]/i_teacher_knowledge_grp[1]/I_teach_know_note,20,2652
consent_grp[1]/i_teacher_knowledge_grp[1]/i_consonance,27,2672
consent_grp[1]/i_teacher_knowledge_grp[1]/i_vowel,8,2685
consent_grp[1]/i_teacher_knowledge_grp[1]/i_unbelievable,28,2708
consent_grp[1]/i_teacher_knowledge_grp[1]/i_irregular,29,2736
consent_grp[1]/i_teacher_knowledge_grp[1]/i_cat,15,2765
consent_grp[1]/i_teacher_knowledge_grp[1]/i_cough,16,2780
consent_grp[1]/i_teacher_knowledge_grp[1]/i_check,8,2796
consent_grp[1]/i_teacher_knowledge_grp[1]/i_english,22,2805
consent_grp[1]/j_perception_grp[1]/j_perception_note,28,2826
consent_grp[1]/j_perception_grp[1]/j_dev_practice_grp[1]/j_dev_practice_note,1,2854
consent_grp[1]/j_perception_grp[1]/j_dev_practice_grp[1]/j_child_need,23,2855
consent_grp[1]/j_perception_grp[1]/j_dev_practice_grp[1]/j_recog_letter,9,2878
consent_grp[1]/j_perception_grp[1]/j_dev_practice_grp[1]/j_recog_number,6,2887
consent_grp[1]/j_perception_grp[1]/j_dev_practice_grp[1]/j_recog_colour,8,2893
consent_grp[1]/j_perception_grp[1]/j_dev_practice_grp[1]/j_indiv_goal,8,2901
consent_grp[1]/j_perception_grp[1]/j_dev_practice_grp[1]/j_play_materials,8,2909
consent_grp[1]/j_perception_grp[1]/j_dev_practice_grp[1]/j_child_measure,8,2916
consent_grp[1]/j_perception_grp[1]/j_supp_chil_grp[1]/j_supp_chil_note,6,2925
consent_grp[1]/j_perception_grp[1]/j_supp_chil_grp[1]/j_build_relation,13,2931
consent_grp[1]/j_perception_grp[1]/j_supp_chil_grp[1]/j_control_behaviour,8,2944
consent_grp[1]/j_perception_grp[1]/j_supp_chil_grp[1]/j_express_thought,7,2952
consent_grp[1]/j_perception_grp[1]/j_supp_chil_grp[1]/j_resolve_conflicts,10,2958
consent_grp[1]/j_perception_grp[1]/j_supp_chil_grp[1]/j_guidance_style,9,2968
consent_grp[1]/j_perception_grp[1]/j_fam_sensitive_grp[1]/j_fam_sensitive_note,42,2977
consent_grp[1]/j_perception_grp[1]/j_fam_sensitive_grp[1]/j_parent_goal,42,2977
consent_grp[1]/j_perception_grp[1]/j_fam_sensitive_grp[1]/j_work_schedule,42,2977
consent_grp[1]/j_perception_grp[1]/j_fam_sensitive_grp[1]/j_fam_decision,42,2977
consent_grp[1]/j_perception_grp[1]/j_fam_sensitive_grp[1]/j_family_care,42,2977
consent_grp[1]/j_perception_grp[1]/j_fam_sensitive_grp[1]/j_connect_family,42,2977
consent_grp[1]/k_grp[1]/k_instro_note,39,3019
consent_grp[1]/k_grp[1]/k_ts_grp[1]/tmp_k_labels,96,3041
consent_grp[1]/k_grp[1]/k_ts_grp[1]/k_take_priviledges,96,3041
consent_grp[1]/k_grp[1]/k_ts_grp[1]/k_explain_behavior,96,3041
consent_grp[1]/k_grp[1]/k_ts_grp[1]/k_shook,96,3041
consent_grp[1]/k_grp[1]/k_ts_grp[1]/k_shouted,96,3041
consent_grp[1]/k_grp[1]/k_ts_grp[1]/k_gave_something,96,3041
consent_grp[1]/k_grp[1]/k_ts_grp[1]/k_spanked,96,3041
consent_grp[1]/k_grp[1]/k_ts_grp[1]/k_hit_bottom,96,3041
consent_grp[1]/k_grp[1]/k_ts_grp[1]/k_call_dumb,96,3041
consent_grp[1]/k_grp[1]/k_ts_grp[1]/k_hit_face,96,3041
consent_grp[1]/k_grp[1]/k_ts_grp[1]/k_praised,96,3041
consent_grp[1]/k_grp[1]/k_ts_grp[1]/k_affection,96,3041
consent_grp[1]/k_grp[1]/k_ts_grp[1]/k_rewarded,96,3041
consent_grp[1]/l_teaching_prac_grp[1]/l_note,6,3154
consent_grp[1]/l_teaching_prac_grp[1]/l_previos_kinder_act[1]/tmp_l_prac_lab,86,3159
consent_grp[1]/l_teaching_prac_grp[1]/l_previos_kinder_act[1]/l_hygiene_routine,86,3159
consent_grp[1]/l_teaching_prac_grp[1]/l_previos_kinder_act[1]/l_supply,86,3159
consent_grp[1]/l_teaching_prac_grp[1]/l_previos_kinder_act[1]/l_pamper,86,3159
consent_grp[1]/l_teaching_prac_grp[1]/l_previos_kinder_act[1]/l_read,86,3159
consent_grp[1]/l_teaching_prac_grp[1]/l_previos_kinder_act[1]/l_tell,86,3159
consent_grp[1]/l_teaching_prac_grp[1]/l_previos_kinder_act[1]/l_conversatin,86,3159
consent_grp[1]/l_teaching_prac_grp[1]/l_previos_kinder_act[1]/l_sing,86,3159
consent_grp[1]/l_teaching_prac_grp[1]/l_previos_kinder_act[1]/l_dance,86,3159
consent_grp[1]/l_teaching_prac_grp[1]/l_previos_kinder_act[1]/l_visit,86,3159
consent_grp[1]/l_teaching_prac_grp[1]/l_previos_kinder_act[1]/l_play_kg,86,3159
consent_grp[1]/l_teaching_prac_grp[1]/l_previos_kinder_act[1]/l_play_recrea,86,3159
consent_grp[1]/l_teaching_prac_grp[1]/l_previos_kinder_act[1]/l_sleep,86,3159
consent_grp[1]/l_teaching_prac_grp[1]/l_previos_kinder_act[1]/l_run,86,3159
consent_grp[1]/l_teaching_prac_grp[1]/l_previos_kinder_act[1]/l_group_learn,86,3159
consent_grp[1]/l_teaching_prac_grp[1]/l_previos_kinder_act[1]/l_indiv_learn,86,3159
consent_grp[1]/l_teaching_prac_grp[1]/l_class_acti_grp[1]/l_act_grp[1]/tmp_l_class_lab,87,3246
consent_grp[1]/l_teaching_prac_grp[1]/l_class_acti_grp[1]/l_act_grp[1]/l_teach_colour,87,3246
consent_grp[1]/l_teaching_prac_grp[1]/l_class_acti_grp[1]/l_act_grp[1]/l_teach_number,87,3246
consent_grp[1]/l_teaching_prac_grp[1]/l_class_acti_grp[1]/l_act_grp[1]/l_teach_letter,87,3246
consent_grp[1]/l_teaching_prac_grp[1]/l_class_acti_grp[1]/l_act_grp[1]/l_teach_form,87,3246
consent_grp[1]/l_teaching_prac_grp[1]/l_class_acti_grp[1]/l_act_grp[1]/l_socialise,87,3246
consent_grp[1]/l_teaching_prac_grp[1]/l_class_acti_grp[1]/l_act_grp[1]/l_pro_solve,87,3246
consent_grp[1]/l_teaching_prac_grp[1]/l_class_acti_grp[1]/l_act_grp[1]/l_writing,87,3246
consent_grp[1]/l_teaching_prac_grp[1]/l_class_acti_grp[1]/l_act_grp[1]/l_teach_body,87,3246
consent_grp[1]/l_teaching_prac_grp[1]/l_class_acti_grp[1]/l_act_grp[1]/l_pers_hygiene,87,3246
consent_grp[1]/l_teaching_prac_grp[1]/l_class_acti_grp[1]/l_act_grp[1]/l_art_expre,87,3246
consent_grp[1]/l_teaching_prac_grp[1]/l_class_acti_grp[1]/l_act_grp[1]/l_body_lang,87,3246
consent_grp[1]/l_teaching_prac_grp[1]/l_class_acti_grp[1]/l_act_grp[1]/l_concentration,87,3246
consent_grp[1]/l_teaching_prac_grp[1]/l_class_acti_grp[1]/l_act_grp[1]/l_gross_motor,87,3246
consent_grp[1]/l_teaching_prac_grp[1]/l_class_acti_grp[1]/l_act_grp[1]/l_fine_motor,87,3246
consent_grp[1]/l_teaching_prac_grp[1]/l_class_acti_grp[1]/l_act_grp[1]/l_gender,87,3246
consent_grp[1]/l_teaching_prac_grp[1]/l_class_acti_grp[1]/l_act_grp[1]/l_responsibility,87,3246
consent_grp[1]/l_teaching_prac_grp[1]/l_class_acti_grp[1]/l_act_grp[1]/l_speech,87,3246
consent_grp[1]/l_teaching_prac_grp[1]/l_class_acti_grp[1]/l_act_grp[1]/l_explore_comm,87,3246
consent_grp[1]/l_teaching_prac_grp[1]/l_class_acti_grp[1]/l_act_grp[1]/l_explore_culture,87,3246
consent_grp[1]/l_teaching_prac_grp[1]/l_parent_interact_note,15,3332
consent_grp[1]/l_teaching_prac_grp[1]/l_actively_engaged,25,3347
consent_grp[1]/l_teaching_prac_grp[1]/l_proportion_child,21,3371
consent_grp[1]/l_teaching_prac_grp[1]/l_proportion_child_more,22,3394
consent_grp[1]/l_teaching_prac_grp[1]/l_visit_pupil_house,37,3414
consent_grp[1]/l_teaching_prac_grp[1]/l_visit_parent_house,25,3452
consent_grp[1]/l_teaching_prac_grp[1]/l_receive_parent_supp,14,3477
consent_grp[1]/l_teaching_prac_grp[1]/l_day_teaching_note,9,3491
consent_grp[1]/l_teaching_prac_grp[1]/l_day_grp[1]/tmp_l_labs,45,3496
consent_grp[1]/l_teaching_prac_grp[1]/l_day_grp[1]/l_daily_schedule,45,3496
consent_grp[1]/l_teaching_prac_grp[1]/l_day_grp[1]/l_play_period,45,3496
consent_grp[1]/l_teaching_prac_grp[1]/l_day_grp[1]/l_free_play,45,3496
consent_grp[1]/l_teaching_prac_grp[1]/l_day_grp[1]/l_activities,45,3496
consent_grp[1]/l_teaching_prac_grp[1]/l_per_daily_grp[1]/l_perc_note,204,3539
consent_grp[1]/l_teaching_prac_grp[1]/l_per_daily_grp[1]/l_admin_per,204,3539
consent_grp[1]/l_teaching_prac_grp[1]/l_per_daily_grp[1]/l_class_per,204,3539
consent_grp[1]/l_teaching_prac_grp[1]/l_per_daily_grp[1]/l_teach_per,204,3539
consent_grp[1]/l_teaching_prac_grp[1]/l_per_daily_grp[1]/l_super_per,204,3539
consent_grp[1]/l_teaching_prac_grp[1]/l_per_daily_grp[1]/l_super_oth_per,204,3539
consent_grp[1]/l_teaching_prac_grp[1]/l_per_daily_grp[1]/l_break_per,204,3539
consent_grp[1]/l_teaching_prac_grp[1]/l_discipline_note,11,3750
consent_grp[1]/l_teaching_prac_grp[1]/l_dont_like,36,3752
consent_grp[1]/l_teaching_prac_grp[1]/l_really_bad,27,3797
consent_grp[1]/l_teaching_prac_grp[1]/l_does_good,15,3825
consent_grp[1]/l_teaching_prac_grp[1]/l_praise,23,3840
consent_grp[1]/q_note,9,3863
consent_grp[1]/q_activ_yn,7,3872
s_int_accom_yn,4,3879
s_int_accom,3,3883
comments,1,3886
