Field name,Total duration (seconds),First appeared (seconds into survey)
instruction,1,117
a_district_id,7,119
a_circuit_id,110,122
a_kg_id,74,163
a_community_id,6,284
a_enum_id,4,317
consent_note,2,321
con_understand,2,323
con_questions,2,325
con_written,12,327
consent_grp[1]/audio_consent,2,339
consent_grp[1]/d_background_note,1,341
consent_grp[1]/section_d[1]/kgt_key,3,342
consent_grp[1]/section_d[1]/kgt_confirm_note,7,345
consent_grp[1]/section_d[1]/d_num_cnt,11,353
consent_grp[1]/section_d[1]/d_cnt_grp[1]/d_cnt_main,11,363
consent_grp[1]/section_d[1]/d_work_last,6,374
consent_grp[1]/section_d[1]/d_edu_level,12,381
consent_grp[1]/section_d[1]/d_edu_train,9,393
consent_grp[1]/section_d[1]/d_edu_level_train,14,402
consent_grp[1]/section_d[1]/d_marital_status,4,415
consent_grp[1]/section_d[1]/d_religion,20,420
consent_grp[1]/section_d[1]/d_la_spk_grp[1]/d_la_spk_note,23,440
consent_grp[1]/section_d[1]/d_la_spk_grp[1]/d_la_spk_eng,23,440
consent_grp[1]/section_d[1]/d_la_spk_grp[1]/d_la_spk_dagb,23,440
consent_grp[1]/section_d[1]/d_la_wrt_grp[1]/d_la_wrt_note,20,463
consent_grp[1]/section_d[1]/d_la_wrt_grp[1]/d_la_wrt_eng,20,463
consent_grp[1]/section_d[1]/d_la_wrt_grp[1]/d_la_wrt_dagb,20,463
consent_grp[1]/section_d[1]/d_main_language,16,483
consent_grp[1]/section_d[1]/d_loc_lang_kinderg,10,499
consent_grp[1]/f_moved_yn,18,508
consent_grp[1]/f_rel_grp[1]/f_comm_note,7,518
consent_grp[1]/f_rel_grp[1]/section_f[1]/f_born_comm,24,524
consent_grp[1]/f_rel_grp[1]/section_f[1]/f_school_loc,10,547
consent_grp[1]/f_rel_grp[1]/section_f[1]/f_lived_bef_teach,7,556
consent_grp[1]/f_rel_grp[1]/section_f[1]/f_lived_grp[1]/f_lived_comm,39,561
consent_grp[1]/f_rel_grp[1]/section_f[1]/f_lived_grp[1]/f_lived_comm_year,39,561
consent_grp[1]/f_rel_grp[1]/section_f[1]/f_lived_grp[1]/f_lived_comm_month,39,561
consent_grp[1]/g_nature_wrk_note,12,613
consent_grp[1]/section_g[1]/g_teach_pos,7,625
consent_grp[1]/section_g[1]/g_teach_school,8,632
consent_grp[1]/section_g[1]/g_teach_sch_num,11,640
consent_grp[1]/section_g[1]/g_kg_grade,25,652
consent_grp[1]/section_g[1]/g_class_grp[1]/g_children_note,9,677
consent_grp[1]/section_g[1]/g_class_grp[1]/g_kg_2,9,677
consent_grp[1]/section_g[1]/g_ah_grp[1]/g_ah_note,98,686
consent_grp[1]/section_g[1]/g_ah_grp[1]/g_ah_working,98,686
consent_grp[1]/section_g[1]/g_ah_grp[1]/g_ah_prepping,98,686
consent_grp[1]/section_g[1]/g_eh_grp[1]/g_eh_note,24,784
consent_grp[1]/section_g[1]/g_eh_grp[1]/g_eh_working,24,784
consent_grp[1]/section_g[1]/g_eh_grp[1]/g_eh_prepping,24,784
consent_grp[1]/section_g[1]/g_teach_salary,15,808
consent_grp[1]/section_g[1]/g_salary_freq,25,823
consent_grp[1]/section_g[1]/g_salary_intime,27,848
consent_grp[1]/section_g[1]/g_money_cmp,17,875
consent_grp[1]/section_g[1]/g_job_outside,10,892
consent_grp[1]/section_g[1]/g_extra_money_spec,10,902
consent_grp[1]/section_g[1]/g_sch_pro_grp[1]/tmp_g_sch_pro_lab,103,912
consent_grp[1]/section_g[1]/g_sch_pro_grp[1]/g_class,103,912
consent_grp[1]/section_g[1]/g_sch_pro_grp[1]/g_class_taught,103,912
consent_grp[1]/section_g[1]/g_sch_pro_grp[1]/g_fin_resource,103,912
consent_grp[1]/section_g[1]/g_sch_pro_grp[1]/g_high_expe,103,912
consent_grp[1]/section_g[1]/g_sch_pro_grp[1]/g_change_curri,103,912
consent_grp[1]/section_g[1]/g_sch_pro_grp[1]/g_diff_curri,103,912
consent_grp[1]/section_g[1]/g_sch_pro_grp[1]/g_easy_curri,103,912
consent_grp[1]/section_g[1]/g_sch_pro_grp[1]/g_par_dem_high,103,912
consent_grp[1]/section_g[1]/g_sch_pro_grp[1]/g_par_suff_interest,103,912
consent_grp[1]/section_g[1]/g_sch_pro_grp[1]/g_par_suff_active,103,912
consent_grp[1]/section_g[1]/g_par_supp_grp[1]/g_par_supp_note,19,1015
consent_grp[1]/section_g[1]/g_par_supp_grp[1]/g_home_wrk,7,1034
consent_grp[1]/section_g[1]/g_par_supp_grp[1]/g_behave_val,12,1041
consent_grp[1]/section_g[1]/g_par_supp_grp[1]/g_get_schl,7,1053
consent_grp[1]/section_g[1]/g_par_supp_grp[1]/g_visit_schl,5,1061
consent_grp[1]/section_g[1]/g_par_supp_grp[1]/g_show_respect,13,1065
consent_grp[1]/section_g[1]/g_par_supp_grp[1]/g_best_schl,9,1078
consent_grp[1]/section_g[1]/g_par_supp_grp[1]/g_parti_pta,11,1088
consent_grp[1]/section_g[1]/g_par_supp_grp[1]/g_cont_kg_act,5,1099
consent_grp[1]/section_g[1]/g_lead_respect,10,1104
consent_grp[1]/section_g[1]/g_val_citizen,22,1114
consent_grp[1]/section_h[1]/sec_h_depre_note,48,1136
consent_grp[1]/section_h[1]/h_depression_grp[1]/h_da_note,90,1183
consent_grp[1]/section_h[1]/h_depression_grp[1]/tmp_h_da_lab,90,1183
consent_grp[1]/section_h[1]/h_depression_grp[1]/h_headache,90,1183
consent_grp[1]/section_h[1]/h_depression_grp[1]/h_appetite,90,1183
consent_grp[1]/section_h[1]/h_depression_grp[1]/h_sleep,90,1183
consent_grp[1]/section_h[1]/h_depression_grp[1]/h_frightened,90,1183
consent_grp[1]/section_h[1]/h_depression_grp[1]/h_hands_shake,90,1183
consent_grp[1]/section_h[1]/h_depression_grp[1]/h_nervous,90,1183
consent_grp[1]/section_h[1]/h_depression_grp[1]/h_digestion,90,1183
consent_grp[1]/section_h[1]/h_depression_grp[1]/h_thinking,90,1183
consent_grp[1]/section_h[1]/h_depression_grp[1]/h_unhappy,90,1183
consent_grp[1]/section_h[1]/h_depression_grp[1]/h_cry,90,1183
consent_grp[1]/section_h[1]/h_depression_grp[1]/h_activities,90,1183
consent_grp[1]/section_h[1]/h_depression_grp[1]/h_decisions,90,1183
consent_grp[1]/section_h[1]/h_depression_grp[1]/h_daily_work,90,1183
consent_grp[1]/section_h[1]/h_depression_grp[1]/h_life,90,1183
consent_grp[1]/section_h[1]/h_depression_grp[1]/h_interest,90,1183
consent_grp[1]/section_h[1]/h_depression_grp[1]/h_worthless,90,1183
consent_grp[1]/section_h[1]/h_depression_grp[1]/h_end_life,90,1183
consent_grp[1]/section_h[1]/h_depression_grp[1]/h_tired,90,1183
consent_grp[1]/section_h[1]/h_depression_grp[1]/h_uncomfortable,90,1183
consent_grp[1]/section_h[1]/h_depression_grp[1]/h_easily_tired,90,1183
consent_grp[1]/section_h[1]/sec_h_ext_contr_note,16,1273
consent_grp[1]/section_h[1]/h_ext_control_grp[1]/h_ext_cont_note,2,1290
consent_grp[1]/section_h[1]/h_ext_control_grp[1]/h_pup_learn,21,1291
consent_grp[1]/section_h[1]/h_ext_control_grp[1]/h_discipline,15,1312
consent_grp[1]/section_h[1]/h_ext_control_grp[1]/h_stu_achieve,11,1327
consent_grp[1]/section_h[1]/h_ext_control_grp[1]/h_teach_motiv,13,1338
consent_grp[1]/section_h[1]/h_ext_control_grp[1]/h_good_teach,9,1350
consent_grp[1]/section_h[1]/sec_h_motiv_note,3,1359
consent_grp[1]/section_h[1]/h_motiv_grp[1]/h_motiv_note,7,1363
consent_grp[1]/section_h[1]/h_motiv_grp[1]/h_motiv_help,22,1370
consent_grp[1]/section_h[1]/h_motiv_grp[1]/h_quest_school,16,1392
consent_grp[1]/section_h[1]/h_motiv_grp[1]/h_help_child,7,1407
consent_grp[1]/section_h[1]/h_motiv_grp[1]/h_sch_goal,14,1415
consent_grp[1]/section_h[1]/h_motiv_grp[1]/h_help_emot,13,1429
consent_grp[1]/section_h[1]/h_motiv_grp[1]/h_enjoy_teach,4,1442
consent_grp[1]/section_h[1]/h_motiv_grp[1]/h_develop_society,8,1447
consent_grp[1]/section_h[1]/h_motiv_grp[1]/h_develop_socially,7,1455
consent_grp[1]/section_h[1]/h_motiv_grp[1]/h_perso_clear,6,1461
consent_grp[1]/section_h[1]/h_impor_thing,53,1467
consent_grp[1]/section_h[1]/h_job_satisfaction_grp[1]/h_job_satis_note,24,1520
consent_grp[1]/section_h[1]/h_job_satisfaction_grp[1]/h_look_out,29,1544
consent_grp[1]/section_h[1]/h_job_satisfaction_grp[1]/h_perso_worries,11,1572
consent_grp[1]/section_h[1]/h_job_satisfaction_grp[1]/h_know_col,16,1583
consent_grp[1]/section_h[1]/h_job_satisfaction_grp[1]/h_col_coop,14,1599
consent_grp[1]/section_h[1]/h_job_satisfaction_grp[1]/h_trust_col,8,1613
consent_grp[1]/section_h[1]/h_job_satisfaction_grp[1]/h_enjoy_col,6,1621
consent_grp[1]/section_h[1]/h_job_satisfaction_grp[1]/h_sup_respect,5,1627
consent_grp[1]/section_h[1]/h_job_satisfaction_grp[1]/h_sup_busy,8,1633
consent_grp[1]/section_h[1]/h_job_satisfaction_grp[1]/h_sup_opinion,6,1641
consent_grp[1]/section_h[1]/h_job_satisfaction_grp[1]/h_count_sup,6,1647
consent_grp[1]/section_h[1]/h_job_satisfaction_grp[1]/h_motivated,9,1653
consent_grp[1]/section_h[1]/h_job_satisfaction_grp[1]/h_sup_unpredict,8,1662
consent_grp[1]/section_h[1]/h_job_satisfaction_grp[1]/h_wrk_challenge,7,1670
consent_grp[1]/section_h[1]/h_job_satisfaction_grp[1]/h_wrk_monotonous,9,1677
consent_grp[1]/section_h[1]/h_job_satisfaction_grp[1]/h_wrk_creative,6,1686
consent_grp[1]/section_h[1]/h_job_satisfaction_grp[1]/h_big_impact,12,1692
consent_grp[1]/section_h[1]/h_job_satisfaction_grp[1]/h_little_time,20,1704
consent_grp[1]/section_h[1]/h_job_satisfaction_grp[1]/h_control_satis,13,1724
consent_grp[1]/section_h[1]/h_job_satisfaction_grp[1]/h_look,9,1736
consent_grp[1]/section_h[1]/h_job_satisfaction_grp[1]/h_small_space,10,1745
consent_grp[1]/section_h[1]/h_job_satisfaction_grp[1]/h_new_mat,7,1756
consent_grp[1]/section_h[1]/h_job_satisfaction_grp[1]/h_clean_kinder,9,1763
consent_grp[1]/section_h[1]/h_job_satisfaction_grp[1]/h_loud_kinder,19,1772
consent_grp[1]/section_h[1]/h_job_satisfaction_grp[1]/h_kinder_rules,12,1790
consent_grp[1]/section_h[1]/h_job_satisfaction_grp[1]/h_satisfied_paid,13,1803
consent_grp[1]/section_h[1]/h_burnout_grp[1]/h_burnout_note,18,1816
consent_grp[1]/section_h[1]/h_burnout_grp[1]/h_emotion_drained,28,1833
consent_grp[1]/section_h[1]/h_burnout_grp[1]/h_used_up,15,1861
consent_grp[1]/section_h[1]/h_burnout_grp[1]/h_fatigued,9,1876
consent_grp[1]/section_h[1]/h_burnout_grp[1]/h_child_feel,25,1885
consent_grp[1]/section_h[1]/h_burnout_grp[1]/h_child_impersonal,26,1910
consent_grp[1]/section_h[1]/h_burnout_grp[1]/h_ppl_strain,6,1936
consent_grp[1]/section_h[1]/h_burnout_grp[1]/h_deal_effect,15,1942
consent_grp[1]/section_h[1]/h_burnout_grp[1]/h_burnout,6,1958
consent_grp[1]/section_h[1]/h_burnout_grp[1]/h_pos_influence,24,1963
consent_grp[1]/section_h[1]/h_burnout_grp[1]/h_cold,13,1988
consent_grp[1]/section_h[1]/h_burnout_grp[1]/h_hard,7,2001
consent_grp[1]/section_h[1]/h_burnout_grp[1]/h_energetic,16,2008
consent_grp[1]/section_h[1]/h_burnout_grp[1]/h_frustrated,5,2024
consent_grp[1]/section_h[1]/h_burnout_grp[1]/h_work_hard,5,2030
consent_grp[1]/section_h[1]/h_burnout_grp[1]/h_dont_care,23,2034
consent_grp[1]/section_h[1]/h_burnout_grp[1]/h_put_pressure,7,2057
consent_grp[1]/section_h[1]/h_burnout_grp[1]/h_relax,30,2065
consent_grp[1]/section_h[1]/h_burnout_grp[1]/h_excited,25,2095
consent_grp[1]/section_h[1]/h_burnout_grp[1]/h_accomplished,21,2120
consent_grp[1]/section_h[1]/h_burnout_grp[1]/h_end_of_rop,7,2140
consent_grp[1]/section_h[1]/h_burnout_grp[1]/h_emot_pro_calm,21,2147
consent_grp[1]/i_teacher_knowledge_grp[1]/I_teach_know_note,26,2165
consent_grp[1]/i_teacher_knowledge_grp[1]/i_consonance,12,2194
consent_grp[1]/i_teacher_knowledge_grp[1]/i_vowel,8,2206
consent_grp[1]/i_teacher_knowledge_grp[1]/i_unbelievable,22,2215
consent_grp[1]/i_teacher_knowledge_grp[1]/i_irregular,12,2237
consent_grp[1]/i_teacher_knowledge_grp[1]/i_cat,17,2249
consent_grp[1]/i_teacher_knowledge_grp[1]/i_cough,50,2265
consent_grp[1]/i_teacher_knowledge_grp[1]/i_check,9,2316
consent_grp[1]/i_teacher_knowledge_grp[1]/i_english,15,2324
consent_grp[1]/j_perception_grp[1]/j_perception_note,50,2340
consent_grp[1]/j_perception_grp[1]/j_dev_practice_grp[1]/j_dev_practice_note,8,2390
consent_grp[1]/j_perception_grp[1]/j_dev_practice_grp[1]/j_child_need,20,2398
consent_grp[1]/j_perception_grp[1]/j_dev_practice_grp[1]/j_recog_letter,7,2419
consent_grp[1]/j_perception_grp[1]/j_dev_practice_grp[1]/j_recog_number,5,2426
consent_grp[1]/j_perception_grp[1]/j_dev_practice_grp[1]/j_recog_colour,4,2431
consent_grp[1]/j_perception_grp[1]/j_dev_practice_grp[1]/j_indiv_goal,8,2435
consent_grp[1]/j_perception_grp[1]/j_dev_practice_grp[1]/j_play_materials,6,2443
consent_grp[1]/j_perception_grp[1]/j_dev_practice_grp[1]/j_child_measure,6,2449
consent_grp[1]/j_perception_grp[1]/j_supp_chil_grp[1]/j_supp_chil_note,15,2455
consent_grp[1]/j_perception_grp[1]/j_supp_chil_grp[1]/j_build_relation,28,2461
consent_grp[1]/j_perception_grp[1]/j_supp_chil_grp[1]/j_control_behaviour,13,2498
consent_grp[1]/j_perception_grp[1]/j_supp_chil_grp[1]/j_express_thought,6,2511
consent_grp[1]/j_perception_grp[1]/j_supp_chil_grp[1]/j_resolve_conflicts,6,2517
consent_grp[1]/j_perception_grp[1]/j_supp_chil_grp[1]/j_guidance_style,7,2522
consent_grp[1]/j_perception_grp[1]/j_fam_sensitive_grp[1]/j_fam_sensitive_note,67,2529
consent_grp[1]/j_perception_grp[1]/j_fam_sensitive_grp[1]/j_parent_goal,67,2529
consent_grp[1]/j_perception_grp[1]/j_fam_sensitive_grp[1]/j_work_schedule,67,2529
consent_grp[1]/j_perception_grp[1]/j_fam_sensitive_grp[1]/j_fam_decision,67,2529
consent_grp[1]/j_perception_grp[1]/j_fam_sensitive_grp[1]/j_family_care,67,2529
consent_grp[1]/j_perception_grp[1]/j_fam_sensitive_grp[1]/j_connect_family,67,2529
consent_grp[1]/k_grp[1]/k_instro_note,50,2596
consent_grp[1]/k_grp[1]/k_ts_grp[1]/tmp_k_labels,108,2619
consent_grp[1]/k_grp[1]/k_ts_grp[1]/k_take_priviledges,108,2619
consent_grp[1]/k_grp[1]/k_ts_grp[1]/k_explain_behavior,108,2619
consent_grp[1]/k_grp[1]/k_ts_grp[1]/k_shook,108,2619
consent_grp[1]/k_grp[1]/k_ts_grp[1]/k_shouted,108,2619
consent_grp[1]/k_grp[1]/k_ts_grp[1]/k_gave_something,108,2619
consent_grp[1]/k_grp[1]/k_ts_grp[1]/k_spanked,108,2619
consent_grp[1]/k_grp[1]/k_ts_grp[1]/k_hit_bottom,108,2619
consent_grp[1]/k_grp[1]/k_ts_grp[1]/k_call_dumb,108,2619
consent_grp[1]/k_grp[1]/k_ts_grp[1]/k_hit_face,108,2619
consent_grp[1]/k_grp[1]/k_ts_grp[1]/k_praised,108,2619
consent_grp[1]/k_grp[1]/k_ts_grp[1]/k_affection,108,2619
consent_grp[1]/k_grp[1]/k_ts_grp[1]/k_rewarded,108,2619
consent_grp[1]/l_teaching_prac_grp[1]/l_note,8,2755
consent_grp[1]/l_teaching_prac_grp[1]/l_previos_kinder_act[1]/tmp_l_prac_lab,116,2762
consent_grp[1]/l_teaching_prac_grp[1]/l_previos_kinder_act[1]/l_hygiene_routine,116,2762
consent_grp[1]/l_teaching_prac_grp[1]/l_previos_kinder_act[1]/l_supply,116,2762
consent_grp[1]/l_teaching_prac_grp[1]/l_previos_kinder_act[1]/l_pamper,116,2762
consent_grp[1]/l_teaching_prac_grp[1]/l_previos_kinder_act[1]/l_read,116,2762
consent_grp[1]/l_teaching_prac_grp[1]/l_previos_kinder_act[1]/l_tell,116,2762
consent_grp[1]/l_teaching_prac_grp[1]/l_previos_kinder_act[1]/l_conversatin,116,2762
consent_grp[1]/l_teaching_prac_grp[1]/l_previos_kinder_act[1]/l_sing,116,2762
consent_grp[1]/l_teaching_prac_grp[1]/l_previos_kinder_act[1]/l_dance,116,2762
consent_grp[1]/l_teaching_prac_grp[1]/l_previos_kinder_act[1]/l_visit,116,2762
consent_grp[1]/l_teaching_prac_grp[1]/l_previos_kinder_act[1]/l_play_kg,116,2762
consent_grp[1]/l_teaching_prac_grp[1]/l_previos_kinder_act[1]/l_play_recrea,116,2762
consent_grp[1]/l_teaching_prac_grp[1]/l_previos_kinder_act[1]/l_sleep,116,2762
consent_grp[1]/l_teaching_prac_grp[1]/l_previos_kinder_act[1]/l_run,116,2762
consent_grp[1]/l_teaching_prac_grp[1]/l_previos_kinder_act[1]/l_group_learn,116,2762
consent_grp[1]/l_teaching_prac_grp[1]/l_previos_kinder_act[1]/l_indiv_learn,116,2762
consent_grp[1]/l_teaching_prac_grp[1]/l_class_acti_grp[1]/l_act_grp[1]/tmp_l_class_lab,76,2878
consent_grp[1]/l_teaching_prac_grp[1]/l_class_acti_grp[1]/l_act_grp[1]/l_teach_colour,76,2878
consent_grp[1]/l_teaching_prac_grp[1]/l_class_acti_grp[1]/l_act_grp[1]/l_teach_number,76,2878
consent_grp[1]/l_teaching_prac_grp[1]/l_class_acti_grp[1]/l_act_grp[1]/l_teach_letter,76,2878
consent_grp[1]/l_teaching_prac_grp[1]/l_class_acti_grp[1]/l_act_grp[1]/l_teach_form,76,2878
consent_grp[1]/l_teaching_prac_grp[1]/l_class_acti_grp[1]/l_act_grp[1]/l_socialise,76,2878
consent_grp[1]/l_teaching_prac_grp[1]/l_class_acti_grp[1]/l_act_grp[1]/l_pro_solve,76,2878
consent_grp[1]/l_teaching_prac_grp[1]/l_class_acti_grp[1]/l_act_grp[1]/l_writing,76,2878
consent_grp[1]/l_teaching_prac_grp[1]/l_class_acti_grp[1]/l_act_grp[1]/l_teach_body,76,2878
consent_grp[1]/l_teaching_prac_grp[1]/l_class_acti_grp[1]/l_act_grp[1]/l_pers_hygiene,76,2878
consent_grp[1]/l_teaching_prac_grp[1]/l_class_acti_grp[1]/l_act_grp[1]/l_art_expre,76,2878
consent_grp[1]/l_teaching_prac_grp[1]/l_class_acti_grp[1]/l_act_grp[1]/l_body_lang,76,2878
consent_grp[1]/l_teaching_prac_grp[1]/l_class_acti_grp[1]/l_act_grp[1]/l_concentration,76,2878
consent_grp[1]/l_teaching_prac_grp[1]/l_class_acti_grp[1]/l_act_grp[1]/l_gross_motor,76,2878
consent_grp[1]/l_teaching_prac_grp[1]/l_class_acti_grp[1]/l_act_grp[1]/l_fine_motor,76,2878
consent_grp[1]/l_teaching_prac_grp[1]/l_class_acti_grp[1]/l_act_grp[1]/l_gender,76,2878
consent_grp[1]/l_teaching_prac_grp[1]/l_class_acti_grp[1]/l_act_grp[1]/l_responsibility,76,2878
consent_grp[1]/l_teaching_prac_grp[1]/l_class_acti_grp[1]/l_act_grp[1]/l_speech,76,2878
consent_grp[1]/l_teaching_prac_grp[1]/l_class_acti_grp[1]/l_act_grp[1]/l_explore_comm,76,2878
consent_grp[1]/l_teaching_prac_grp[1]/l_class_acti_grp[1]/l_act_grp[1]/l_explore_culture,76,2878
consent_grp[1]/l_teaching_prac_grp[1]/l_parent_interact_note,6,2955
consent_grp[1]/l_teaching_prac_grp[1]/l_actively_engaged,26,2961
consent_grp[1]/l_teaching_prac_grp[1]/l_proportion_child,15,2987
consent_grp[1]/l_teaching_prac_grp[1]/l_proportion_child_more,15,3002
consent_grp[1]/l_teaching_prac_grp[1]/l_visit_pupil_house,25,3017
consent_grp[1]/l_teaching_prac_grp[1]/l_visit_parent_house,24,3042
consent_grp[1]/l_teaching_prac_grp[1]/l_receive_parent_supp,22,3066
consent_grp[1]/l_teaching_prac_grp[1]/l_day_teaching_note,9,3088
consent_grp[1]/l_teaching_prac_grp[1]/l_day_grp[1]/tmp_l_labs,29,3097
consent_grp[1]/l_teaching_prac_grp[1]/l_day_grp[1]/l_daily_schedule,29,3097
consent_grp[1]/l_teaching_prac_grp[1]/l_day_grp[1]/l_play_period,29,3097
consent_grp[1]/l_teaching_prac_grp[1]/l_day_grp[1]/l_free_play,29,3097
consent_grp[1]/l_teaching_prac_grp[1]/l_day_grp[1]/l_activities,29,3097
consent_grp[1]/l_teaching_prac_grp[1]/l_per_daily_grp[1]/l_perc_note,213,3126
consent_grp[1]/l_teaching_prac_grp[1]/l_per_daily_grp[1]/l_admin_per,213,3126
consent_grp[1]/l_teaching_prac_grp[1]/l_per_daily_grp[1]/l_class_per,213,3126
consent_grp[1]/l_teaching_prac_grp[1]/l_per_daily_grp[1]/l_teach_per,213,3126
consent_grp[1]/l_teaching_prac_grp[1]/l_per_daily_grp[1]/l_super_per,213,3126
consent_grp[1]/l_teaching_prac_grp[1]/l_per_daily_grp[1]/l_super_oth_per,213,3126
consent_grp[1]/l_teaching_prac_grp[1]/l_per_daily_grp[1]/l_break_per,213,3126
consent_grp[1]/l_teaching_prac_grp[1]/l_discipline_note,10,3339
consent_grp[1]/l_teaching_prac_grp[1]/l_dont_like,29,3347
consent_grp[1]/l_teaching_prac_grp[1]/l_really_bad,18,3378
consent_grp[1]/l_teaching_prac_grp[1]/l_does_good,19,3396
consent_grp[1]/l_teaching_prac_grp[1]/l_praise,39,3415
consent_grp[1]/q_note,21,3454
consent_grp[1]/q_activ_yn,15,3474
consent_grp[1]/q_rpt[1]/q_activ_r,66,3487
consent_grp[1]/q_rpt[1]/q_activ_org_r,22,3525
consent_grp[1]/q_rpt[1]/q_activ_osp_r,42,3541
consent_grp[1]/q_rpt[1]/q_activ_org_osp_r,11,3612
consent_grp[1]/q_rpt[1]/q_activ_add_r,14,3623
consent_grp[1]/q_rpt[2]/q_activ_r,8,3633
consent_grp[1]/q_rpt[2]/q_activ_org_r,31,3638
consent_grp[1]/q_rpt[2]/q_activ_org_osp_r,33,3662
consent_grp[1]/q_rpt[2]/q_activ_add_r,91,3686
consent_grp[1]/q_rpt[3]/q_activ_r,135,3698
consent_grp[1]/q_rpt[3]/q_activ_org_r,59,3705
consent_grp[1]/q_rpt[3]/q_activ_add_r,10,3737
s_int_accom_yn,13,3748
comments,37,3752
