Field name,Total duration (seconds),First appeared (seconds into survey)
instruction,1,5
a_district_id,3,6
a_circuit_id,61,10
a_kg_id,187,17
a_community_id,5,258
a_enum_id,7,263
consent_note,523,269
con_understand,23,792
con_questions,7,815
con_written,7,822
consent_grp[1]/audio_consent,8,828
consent_grp[1]/d_background_note,3,836
consent_grp[1]/section_d[1]/kgt_key,18,838
consent_grp[1]/section_d[1]/kgt_name_gp[1]/kgt_fsn,568,858
consent_grp[1]/section_d[1]/kgt_name_gp[1]/kgt_msn,568,858
consent_grp[1]/section_d[1]/kgt_name_gp[1]/kgt_lsn,568,858
consent_grp[1]/section_d[1]/kgt_name_gp[1]/kgt_ppn,568,858
consent_grp[1]/section_d[1]/kgt_name_gp[1]/d_sex,568,858
consent_grp[1]/section_d[1]/kgt_confirm_note,36,1053
consent_grp[1]/section_d[1]/d_num_cnt,31,1083
consent_grp[1]/section_d[1]/d_cnt_grp[1]/d_cnt_main,154,1112
consent_grp[1]/section_d[1]/d_cnt_grp[1]/d_cnt_sec,154,1112
consent_grp[1]/section_d[1]/d_age,14,1263
consent_grp[1]/section_d[1]/d_teacher_grp[1]/d_been_teacher,136,1273
consent_grp[1]/section_d[1]/d_teacher_grp[1]/d_teacher_year,136,1273
consent_grp[1]/section_d[1]/d_teacher_grp[1]/d_teacher_month,136,1273
consent_grp[1]/section_d[1]/d_been_kinder_grp[1]/d_been_kinder,329,1304
consent_grp[1]/section_d[1]/d_been_kinder_grp[1]/d_kinder_year,329,1304
consent_grp[1]/section_d[1]/d_been_kinder_grp[1]/d_kinder_month,329,1304
consent_grp[1]/section_d[1]/d_work_last,9,2126
consent_grp[1]/section_d[1]/d_os_yn,8,2134
consent_grp[1]/section_d[1]/d_os_grp[1]/d_os_name,50,2142
consent_grp[1]/section_d[1]/d_os_grp[1]/d_os_region,50,2142
consent_grp[1]/section_d[1]/d_os_district,18,2192
consent_grp[1]/section_d[1]/d_os_comm,13,2209
consent_grp[1]/section_d[1]/d_edu_level,18,2222
consent_grp[1]/section_d[1]/d_edu_train,10,2241
consent_grp[1]/section_d[1]/d_edu_level_train,26,2251
consent_grp[1]/section_d[1]/d_edu_level_fath,12,2277
consent_grp[1]/section_d[1]/d_edu_level_mom,8,2289
consent_grp[1]/section_d[1]/d_marital_status,11,2297
consent_grp[1]/section_d[1]/d_ethnic_group,21,2308
consent_grp[1]/section_d[1]/d_religion,8,2329
consent_grp[1]/section_d[1]/d_la_spk_grp[1]/d_la_spk_note,82,2337
consent_grp[1]/section_d[1]/d_la_spk_grp[1]/d_la_spk_eng,82,2337
consent_grp[1]/section_d[1]/d_la_spk_grp[1]/d_la_spk_dagb,82,2337
consent_grp[1]/section_d[1]/d_la_wrt_grp[1]/d_la_wrt_note,45,2419
consent_grp[1]/section_d[1]/d_la_wrt_grp[1]/d_la_wrt_eng,45,2419
consent_grp[1]/section_d[1]/d_la_wrt_grp[1]/d_la_wrt_dagb,45,2419
consent_grp[1]/section_d[1]/d_main_language,39,2464
consent_grp[1]/section_d[1]/d_loc_lang_kinderg,20,2494
consent_grp[1]/e_rel_grp[1]/e_hh_note,12,2523
consent_grp[1]/e_rel_grp[1]/e_hh_num,23,2531
consent_grp[1]/e_rel_grp[1]/e_hh_grp[1]/e_hh_head,64,2558
consent_grp[1]/e_rel_grp[1]/e_hh_grp[1]/e_chil_hh,64,2558
consent_grp[1]/e_rel_grp[1]/e_hh_grp[1]/e_adult_hh,64,2558
consent_grp[1]/e_rel_grp[1]/e_hh_school,29,2622
consent_grp[1]/e_rel_grp[1]/e_read_english,12,2651
consent_grp[1]/e_rel_grp[1]/e_rate_health,13,2663
consent_grp[1]/e_rel_grp[1]/e_live_note,7,2676
consent_grp[1]/e_rel_grp[1]/e_rooms_occu,27,2683
consent_grp[1]/e_rel_grp[1]/e_own_status,29,2711
consent_grp[1]/e_rel_grp[1]/e_electricity_inhouse,5,2739
consent_grp[1]/e_rel_grp[1]/e_floor_material,20,2744
consent_grp[1]/e_rel_grp[1]/e_interior_floor,19,2765
consent_grp[1]/e_rel_grp[1]/e_roof_mat,13,2784
consent_grp[1]/e_rel_grp[1]/e_cook_fuel,29,2797
consent_grp[1]/e_rel_grp[1]/e_lighting,40,2826
consent_grp[1]/e_rel_grp[1]/e_drink_source,31,2865
consent_grp[1]/e_rel_grp[1]/e_toilet_facility,44,2897
consent_grp[1]/e_rel_grp[1]/e_asset_note,17,2941
consent_grp[1]/e_rel_grp[1]/e_hh_own_phone,14,2959
consent_grp[1]/e_rel_grp[1]/e_hh_ass_grp[1]/tmp_e_hh_ass_lab,166,2973
consent_grp[1]/e_rel_grp[1]/e_hh_ass_grp[1]/e_hh_ass_radio,166,2973
consent_grp[1]/e_rel_grp[1]/e_hh_ass_grp[1]/e_hh_ass_refrig,166,2973
consent_grp[1]/e_rel_grp[1]/e_hh_ass_grp[1]/e_hh_ass_bike,166,2973
consent_grp[1]/e_rel_grp[1]/e_hh_ass_grp[1]/e_hh_ass_tv,166,2973
consent_grp[1]/e_rel_grp[1]/e_hh_ass_grp[1]/e_hh_ass_vcr,166,2973
consent_grp[1]/e_rel_grp[1]/e_hh_ass_grp[1]/e_hh_ass_motor,166,2973
consent_grp[1]/e_rel_grp[1]/e_hh_ass_grp[1]/e_hh_ass_car,166,2973
consent_grp[1]/e_rel_grp[1]/e_hh_ass_grp[1]/e_hh_ass_tractor,166,2973
consent_grp[1]/e_rel_grp[1]/e_hh_ass_grp[1]/e_hh_ass_farm_equip,166,2973
consent_grp[1]/e_rel_grp[1]/e_hh_ass_grp[1]/e_hh_ass_sew_mach,166,2973
consent_grp[1]/e_rel_grp[1]/e_hh_ass_grp[1]/e_hh_ass_bed,166,2973
consent_grp[1]/e_rel_grp[1]/e_hh_ass_grp[1]/e_hh_ass_mattress,166,2973
consent_grp[1]/e_rel_grp[1]/e_hh_ass_grp[1]/e_hh_ass_table_chair,166,2973
consent_grp[1]/e_rel_grp[1]/e_hh_ass_grp[1]/e_hh_ass_stool,166,2973
consent_grp[1]/e_rel_grp[1]/e_hh_ass_grp[1]/e_hh_ass_sofa,166,2973
consent_grp[1]/e_rel_grp[1]/e_hh_ass_grp[1]/e_hh_ass_fan,166,2973
consent_grp[1]/e_rel_grp[1]/e_hh_ass_grp[1]/e_hh_ass_lamp,166,2973
consent_grp[1]/e_rel_grp[1]/e_hh_ass_grp[1]/e_hh_ass_watch,166,2973
consent_grp[1]/e_rel_grp[1]/e_hh_ass_grp[1]/e_hh_ass_mat,166,2973
consent_grp[1]/e_rel_grp[1]/e_hh_ass_grp[1]/e_hh_ass_torch,166,2973
consent_grp[1]/e_rel_grp[1]/e_hh_ass_grp[1]/e_hh_ass_cabinet,166,2973
consent_grp[1]/e_rel_grp[1]/e_hh_ass_grp[1]/e_hh_ass_pot,166,2973
consent_grp[1]/e_rel_grp[1]/e_hh_ass_grp[1]/e_hh_ass_itn,166,2973
consent_grp[1]/e_rel_grp[1]/e_hh_ass_grp[1]/e_hh_ass_iron_elec,166,2973
consent_grp[1]/e_rel_grp[1]/e_hh_ass_grp[1]/e_hh_ass_iron_coal,166,2973
consent_grp[1]/e_rel_grp[1]/e_hh_ass_grp[1]/e_hh_ass_iron_gas,166,2973
consent_grp[1]/f_rel_grp[1]/f_comm_note,13,3139
consent_grp[1]/f_rel_grp[1]/section_f[1]/f_born_comm,10,3151
consent_grp[1]/f_rel_grp[1]/section_f[1]/f_school_loc,23,3162
consent_grp[1]/f_rel_grp[1]/section_f[1]/f_lived_bef_teach,12,3184
consent_grp[1]/f_rel_grp[1]/section_f[1]/f_lived_grp[1]/f_lived_comm,47,3196
consent_grp[1]/f_rel_grp[1]/section_f[1]/f_lived_grp[1]/f_lived_comm_year,47,3196
consent_grp[1]/f_rel_grp[1]/section_f[1]/f_lived_grp[1]/f_lived_comm_month,47,3196
consent_grp[1]/f_rel_grp[1]/section_f[1]/f_fam_lived,31,3243
consent_grp[1]/f_rel_grp[1]/section_f[1]/f_emot_support,33,3274
consent_grp[1]/f_rel_grp[1]/section_f[1]/f_emot_support_num,13,3307
consent_grp[1]/f_rel_grp[1]/section_f[1]/f_lend_money,32,3320
consent_grp[1]/f_rel_grp[1]/section_f[1]/f_borrow_money,28,3352
consent_grp[1]/f_rel_grp[1]/section_f[1]/f_rel_live_nearby,32,3379
consent_grp[1]/f_rel_grp[1]/section_f[1]/f_part_comm,8,3412
consent_grp[1]/f_rel_grp[1]/section_f[1]/f_main_trans,13,3419
consent_grp[1]/f_rel_grp[1]/section_f[1]/f_min_get_sch_grp[1]/f_min_get_note,38,3432
consent_grp[1]/f_rel_grp[1]/section_f[1]/f_min_get_sch_grp[1]/f_h_get_school,38,3432
consent_grp[1]/f_rel_grp[1]/section_f[1]/f_min_get_sch_grp[1]/f_m_get_school,38,3432
consent_grp[1]/g_nature_wrk_note,8,3470
consent_grp[1]/section_g[1]/g_teach_pos,32,3479
consent_grp[1]/section_g[1]/g_teach_school,8,3511
consent_grp[1]/section_g[1]/g_kg_grade,10,3519
consent_grp[1]/section_g[1]/g_class_grp[1]/g_children_note,18,3529
consent_grp[1]/section_g[1]/g_class_grp[1]/g_kg_2,18,3529
consent_grp[1]/section_g[1]/g_ah_grp[1]/g_ah_note,117,3547
consent_grp[1]/section_g[1]/g_ah_grp[1]/g_ah_working,117,3547
consent_grp[1]/section_g[1]/g_ah_grp[1]/g_ah_prepping,117,3547
consent_grp[1]/section_g[1]/g_eh_grp[1]/g_eh_note,79,3664
consent_grp[1]/section_g[1]/g_eh_grp[1]/g_eh_working,79,3664
consent_grp[1]/section_g[1]/g_eh_grp[1]/g_eh_prepping,79,3664
consent_grp[1]/section_g[1]/g_teach_salary,34,3743
consent_grp[1]/section_g[1]/g_salary_freq,23,3777
consent_grp[1]/section_g[1]/g_salary_intime,62,3800
consent_grp[1]/section_g[1]/g_money_cmp,16,3863
consent_grp[1]/section_g[1]/g_job_outside,31,3878
consent_grp[1]/section_g[1]/g_extra_money_spec,47,3909
consent_grp[1]/section_g[1]/g_sch_pro_grp[1]/tmp_g_sch_pro_lab,190,3956
consent_grp[1]/section_g[1]/g_sch_pro_grp[1]/g_class,190,3956
consent_grp[1]/section_g[1]/g_sch_pro_grp[1]/g_class_taught,190,3956
consent_grp[1]/section_g[1]/g_sch_pro_grp[1]/g_fin_resource,190,3956
consent_grp[1]/section_g[1]/g_sch_pro_grp[1]/g_high_expe,190,3956
consent_grp[1]/section_g[1]/g_sch_pro_grp[1]/g_change_curri,190,3956
consent_grp[1]/section_g[1]/g_sch_pro_grp[1]/g_diff_curri,190,3956
consent_grp[1]/section_g[1]/g_sch_pro_grp[1]/g_easy_curri,190,3956
consent_grp[1]/section_g[1]/g_sch_pro_grp[1]/g_par_dem_high,190,3956
consent_grp[1]/section_g[1]/g_sch_pro_grp[1]/g_par_suff_interest,190,3956
consent_grp[1]/section_g[1]/g_sch_pro_grp[1]/g_par_suff_active,190,3956
consent_grp[1]/section_g[1]/g_par_supp_grp[1]/g_par_supp_note,19,4146
consent_grp[1]/section_g[1]/g_par_supp_grp[1]/g_home_wrk,25,4161
consent_grp[1]/section_g[1]/g_par_supp_grp[1]/g_behave_val,45,4184
consent_grp[1]/section_g[1]/g_par_supp_grp[1]/g_get_schl,23,4235
consent_grp[1]/section_g[1]/g_par_supp_grp[1]/g_visit_schl,21,4258
consent_grp[1]/section_g[1]/g_par_supp_grp[1]/g_show_respect,14,4279
consent_grp[1]/section_g[1]/g_par_supp_grp[1]/g_best_schl,14,4293
consent_grp[1]/section_g[1]/g_par_supp_grp[1]/g_parti_pta,9,4306
consent_grp[1]/section_g[1]/g_par_supp_grp[1]/g_cont_kg_act,16,4316
consent_grp[1]/section_g[1]/g_lead_respect,15,4331
consent_grp[1]/section_g[1]/g_val_citizen,29,4347
consent_grp[1]/section_h[1]/sec_h_depre_note,49,4375
consent_grp[1]/section_h[1]/h_depression_grp[1]/h_da_note,165,4424
consent_grp[1]/section_h[1]/h_depression_grp[1]/tmp_h_da_lab,165,4424
consent_grp[1]/section_h[1]/h_depression_grp[1]/h_headache,165,4424
consent_grp[1]/section_h[1]/h_depression_grp[1]/h_appetite,165,4424
consent_grp[1]/section_h[1]/h_depression_grp[1]/h_sleep,165,4424
consent_grp[1]/section_h[1]/h_depression_grp[1]/h_frightened,165,4424
consent_grp[1]/section_h[1]/h_depression_grp[1]/h_hands_shake,165,4424
consent_grp[1]/section_h[1]/h_depression_grp[1]/h_nervous,165,4424
consent_grp[1]/section_h[1]/h_depression_grp[1]/h_digestion,165,4424
consent_grp[1]/section_h[1]/h_depression_grp[1]/h_thinking,165,4424
consent_grp[1]/section_h[1]/h_depression_grp[1]/h_unhappy,165,4424
consent_grp[1]/section_h[1]/h_depression_grp[1]/h_cry,165,4424
consent_grp[1]/section_h[1]/h_depression_grp[1]/h_activities,165,4424
consent_grp[1]/section_h[1]/h_depression_grp[1]/h_decisions,165,4424
consent_grp[1]/section_h[1]/h_depression_grp[1]/h_daily_work,165,4424
consent_grp[1]/section_h[1]/h_depression_grp[1]/h_life,165,4424
consent_grp[1]/section_h[1]/h_depression_grp[1]/h_interest,165,4424
consent_grp[1]/section_h[1]/h_depression_grp[1]/h_worthless,165,4424
consent_grp[1]/section_h[1]/h_depression_grp[1]/h_end_life,165,4424
consent_grp[1]/section_h[1]/h_depression_grp[1]/h_tired,165,4424
consent_grp[1]/section_h[1]/h_depression_grp[1]/h_uncomfortable,165,4424
consent_grp[1]/section_h[1]/h_depression_grp[1]/h_easily_tired,165,4424
consent_grp[1]/section_h[1]/sec_h_ext_contr_note,19,4589
consent_grp[1]/section_h[1]/h_ext_control_grp[1]/h_ext_cont_note,9,4608
consent_grp[1]/section_h[1]/h_ext_control_grp[1]/h_pup_learn,59,4612
consent_grp[1]/section_h[1]/h_ext_control_grp[1]/h_discipline,16,4676
consent_grp[1]/section_h[1]/h_ext_control_grp[1]/h_stu_achieve,21,4692
consent_grp[1]/section_h[1]/h_ext_control_grp[1]/h_teach_motiv,18,4713
consent_grp[1]/section_h[1]/h_ext_control_grp[1]/h_good_teach,33,4731
consent_grp[1]/section_h[1]/sec_h_motiv_note,4,4764
consent_grp[1]/section_h[1]/h_motiv_grp[1]/h_motiv_note,12,4768
consent_grp[1]/section_h[1]/h_motiv_grp[1]/h_motiv_help,13,4780
consent_grp[1]/section_h[1]/h_motiv_grp[1]/h_quest_school,8,4792
consent_grp[1]/section_h[1]/h_motiv_grp[1]/h_help_child,7,4800
consent_grp[1]/section_h[1]/h_motiv_grp[1]/h_sch_goal,10,4807
consent_grp[1]/section_h[1]/h_motiv_grp[1]/h_help_emot,7,4817
consent_grp[1]/section_h[1]/h_motiv_grp[1]/h_enjoy_teach,28,4824
consent_grp[1]/section_h[1]/h_motiv_grp[1]/h_develop_society,7,4852
consent_grp[1]/section_h[1]/h_motiv_grp[1]/h_develop_socially,7,4859
consent_grp[1]/section_h[1]/h_motiv_grp[1]/h_perso_clear,5,4866
consent_grp[1]/section_h[1]/h_impor_thing,53,4871
consent_grp[1]/section_h[1]/h_job_satisfaction_grp[1]/h_job_satis_note,19,4925
consent_grp[1]/section_h[1]/h_job_satisfaction_grp[1]/h_look_out,25,4944
consent_grp[1]/section_h[1]/h_job_satisfaction_grp[1]/h_perso_worries,21,4969
consent_grp[1]/section_h[1]/h_job_satisfaction_grp[1]/h_know_col,27,4990
consent_grp[1]/section_h[1]/h_job_satisfaction_grp[1]/h_col_coop,28,5017
consent_grp[1]/section_h[1]/h_job_satisfaction_grp[1]/h_trust_col,20,5045
consent_grp[1]/section_h[1]/h_job_satisfaction_grp[1]/h_enjoy_col,8,5065
consent_grp[1]/section_h[1]/h_job_satisfaction_grp[1]/h_sup_respect,8,5073
consent_grp[1]/section_h[1]/h_job_satisfaction_grp[1]/h_sup_busy,15,5082
consent_grp[1]/section_h[1]/h_job_satisfaction_grp[1]/h_sup_opinion,8,5097
consent_grp[1]/section_h[1]/h_job_satisfaction_grp[1]/h_count_sup,20,5105
consent_grp[1]/section_h[1]/h_job_satisfaction_grp[1]/h_motivated,9,5126
consent_grp[1]/section_h[1]/h_job_satisfaction_grp[1]/h_sup_unpredict,7,5135
consent_grp[1]/section_h[1]/h_job_satisfaction_grp[1]/h_wrk_challenge,8,5142
consent_grp[1]/section_h[1]/h_job_satisfaction_grp[1]/h_wrk_monotonous,11,5150
consent_grp[1]/section_h[1]/h_job_satisfaction_grp[1]/h_wrk_creative,24,5162
consent_grp[1]/section_h[1]/h_job_satisfaction_grp[1]/h_big_impact,9,5185
consent_grp[1]/section_h[1]/h_job_satisfaction_grp[1]/h_little_time,19,5195
consent_grp[1]/section_h[1]/h_job_satisfaction_grp[1]/h_control_satis,10,5214
consent_grp[1]/section_h[1]/h_job_satisfaction_grp[1]/h_look,8,5224
consent_grp[1]/section_h[1]/h_job_satisfaction_grp[1]/h_small_space,10,5232
consent_grp[1]/section_h[1]/h_job_satisfaction_grp[1]/h_new_mat,9,5242
consent_grp[1]/section_h[1]/h_job_satisfaction_grp[1]/h_clean_kinder,8,5251
consent_grp[1]/section_h[1]/h_job_satisfaction_grp[1]/h_loud_kinder,7,5259
consent_grp[1]/section_h[1]/h_job_satisfaction_grp[1]/h_kinder_rules,7,5266
consent_grp[1]/section_h[1]/h_job_satisfaction_grp[1]/h_satisfied_paid,8,5273
consent_grp[1]/section_h[1]/h_burnout_grp[1]/h_burnout_note,14,5281
consent_grp[1]/section_h[1]/h_burnout_grp[1]/h_emotion_drained,47,5295
consent_grp[1]/section_h[1]/h_burnout_grp[1]/h_used_up,22,5342
consent_grp[1]/section_h[1]/h_burnout_grp[1]/h_fatigued,17,5363
consent_grp[1]/section_h[1]/h_burnout_grp[1]/h_child_feel,11,5381
consent_grp[1]/section_h[1]/h_burnout_grp[1]/h_child_impersonal,65,5391
consent_grp[1]/section_h[1]/h_burnout_grp[1]/h_ppl_strain,15,5456
consent_grp[1]/section_h[1]/h_burnout_grp[1]/h_deal_effect,15,5471
consent_grp[1]/section_h[1]/h_burnout_grp[1]/h_burnout,16,5486
consent_grp[1]/section_h[1]/h_burnout_grp[1]/h_pos_influence,65,5502
consent_grp[1]/section_h[1]/h_burnout_grp[1]/h_cold,32,5567
consent_grp[1]/section_h[1]/h_burnout_grp[1]/h_hard,12,5599
consent_grp[1]/section_h[1]/h_burnout_grp[1]/h_energetic,28,5611
consent_grp[1]/section_h[1]/h_burnout_grp[1]/h_frustrated,9,5639
consent_grp[1]/section_h[1]/h_burnout_grp[1]/h_work_hard,15,5649
consent_grp[1]/section_h[1]/h_burnout_grp[1]/h_dont_care,10,5664
consent_grp[1]/section_h[1]/h_burnout_grp[1]/h_put_pressure,31,5673
consent_grp[1]/section_h[1]/h_burnout_grp[1]/h_relax,21,5704
consent_grp[1]/section_h[1]/h_burnout_grp[1]/h_excited,9,5725
consent_grp[1]/section_h[1]/h_burnout_grp[1]/h_accomplished,16,5733
consent_grp[1]/section_h[1]/h_burnout_grp[1]/h_end_of_rop,31,5750
consent_grp[1]/section_h[1]/h_burnout_grp[1]/h_emot_pro_calm,32,5781
consent_grp[1]/i_teacher_knowledge_grp[1]/I_teach_know_note,15,5813
consent_grp[1]/i_teacher_knowledge_grp[1]/i_consonance,57,5829
consent_grp[1]/i_teacher_knowledge_grp[1]/i_vowel,30,5885
consent_grp[1]/i_teacher_knowledge_grp[1]/i_unbelievable,27,5916
consent_grp[1]/i_teacher_knowledge_grp[1]/i_irregular,15,5942
consent_grp[1]/i_teacher_knowledge_grp[1]/i_cat,11,5957
consent_grp[1]/i_teacher_knowledge_grp[1]/i_cough,32,5968
consent_grp[1]/i_teacher_knowledge_grp[1]/i_check,10,6000
consent_grp[1]/i_teacher_knowledge_grp[1]/i_english,31,6010
consent_grp[1]/j_perception_grp[1]/j_perception_note,48,6041
consent_grp[1]/j_perception_grp[1]/j_dev_practice_grp[1]/j_dev_practice_note,8,6089
consent_grp[1]/j_perception_grp[1]/j_dev_practice_grp[1]/j_child_need,19,6097
consent_grp[1]/j_perception_grp[1]/j_dev_practice_grp[1]/j_recog_letter,9,6116
consent_grp[1]/j_perception_grp[1]/j_dev_practice_grp[1]/j_recog_number,8,6125
consent_grp[1]/j_perception_grp[1]/j_dev_practice_grp[1]/j_recog_colour,9,6133
consent_grp[1]/j_perception_grp[1]/j_dev_practice_grp[1]/j_indiv_goal,12,6142
consent_grp[1]/j_perception_grp[1]/j_dev_practice_grp[1]/j_play_materials,7,6154
consent_grp[1]/j_perception_grp[1]/j_dev_practice_grp[1]/j_child_measure,11,6161
consent_grp[1]/j_perception_grp[1]/j_supp_chil_grp[1]/j_supp_chil_note,8,6172
consent_grp[1]/j_perception_grp[1]/j_supp_chil_grp[1]/j_build_relation,15,6179
consent_grp[1]/j_perception_grp[1]/j_supp_chil_grp[1]/j_control_behaviour,6,6195
consent_grp[1]/j_perception_grp[1]/j_supp_chil_grp[1]/j_express_thought,6,6200
consent_grp[1]/j_perception_grp[1]/j_supp_chil_grp[1]/j_resolve_conflicts,7,6207
consent_grp[1]/j_perception_grp[1]/j_supp_chil_grp[1]/j_guidance_style,19,6214
consent_grp[1]/j_perception_grp[1]/j_fam_sensitive_grp[1]/j_fam_sensitive_note,70,6232
consent_grp[1]/j_perception_grp[1]/j_fam_sensitive_grp[1]/j_parent_goal,70,6232
consent_grp[1]/j_perception_grp[1]/j_fam_sensitive_grp[1]/j_work_schedule,70,6232
consent_grp[1]/j_perception_grp[1]/j_fam_sensitive_grp[1]/j_fam_decision,70,6232
consent_grp[1]/j_perception_grp[1]/j_fam_sensitive_grp[1]/j_family_care,70,6232
consent_grp[1]/j_perception_grp[1]/j_fam_sensitive_grp[1]/j_connect_family,70,6232
consent_grp[1]/k_grp[1]/k_instro_note,23,6303
consent_grp[1]/k_grp[1]/k_ts_grp[1]/tmp_k_labels,130,6326
consent_grp[1]/k_grp[1]/k_ts_grp[1]/k_take_priviledges,130,6326
consent_grp[1]/k_grp[1]/k_ts_grp[1]/k_explain_behavior,130,6326
consent_grp[1]/k_grp[1]/k_ts_grp[1]/k_shook,130,6326
consent_grp[1]/k_grp[1]/k_ts_grp[1]/k_shouted,130,6326
consent_grp[1]/k_grp[1]/k_ts_grp[1]/k_gave_something,130,6326
consent_grp[1]/k_grp[1]/k_ts_grp[1]/k_spanked,130,6326
consent_grp[1]/k_grp[1]/k_ts_grp[1]/k_hit_bottom,130,6326
consent_grp[1]/k_grp[1]/k_ts_grp[1]/k_call_dumb,130,6326
consent_grp[1]/k_grp[1]/k_ts_grp[1]/k_hit_face,130,6326
consent_grp[1]/k_grp[1]/k_ts_grp[1]/k_praised,130,6326
consent_grp[1]/k_grp[1]/k_ts_grp[1]/k_affection,130,6326
consent_grp[1]/k_grp[1]/k_ts_grp[1]/k_rewarded,130,6326
consent_grp[1]/l_teaching_prac_grp[1]/l_note,12,6456
consent_grp[1]/l_teaching_prac_grp[1]/l_previos_kinder_act[1]/tmp_l_prac_lab,120,6467
consent_grp[1]/l_teaching_prac_grp[1]/l_previos_kinder_act[1]/l_hygiene_routine,120,6467
consent_grp[1]/l_teaching_prac_grp[1]/l_previos_kinder_act[1]/l_supply,120,6467
consent_grp[1]/l_teaching_prac_grp[1]/l_previos_kinder_act[1]/l_pamper,120,6467
consent_grp[1]/l_teaching_prac_grp[1]/l_previos_kinder_act[1]/l_read,120,6467
consent_grp[1]/l_teaching_prac_grp[1]/l_previos_kinder_act[1]/l_tell,120,6467
consent_grp[1]/l_teaching_prac_grp[1]/l_previos_kinder_act[1]/l_conversatin,120,6467
consent_grp[1]/l_teaching_prac_grp[1]/l_previos_kinder_act[1]/l_sing,120,6467
consent_grp[1]/l_teaching_prac_grp[1]/l_previos_kinder_act[1]/l_dance,120,6467
consent_grp[1]/l_teaching_prac_grp[1]/l_previos_kinder_act[1]/l_visit,120,6467
consent_grp[1]/l_teaching_prac_grp[1]/l_previos_kinder_act[1]/l_play_kg,120,6467
consent_grp[1]/l_teaching_prac_grp[1]/l_previos_kinder_act[1]/l_play_recrea,120,6467
consent_grp[1]/l_teaching_prac_grp[1]/l_previos_kinder_act[1]/l_sleep,120,6467
consent_grp[1]/l_teaching_prac_grp[1]/l_previos_kinder_act[1]/l_run,120,6467
consent_grp[1]/l_teaching_prac_grp[1]/l_previos_kinder_act[1]/l_group_learn,120,6467
consent_grp[1]/l_teaching_prac_grp[1]/l_previos_kinder_act[1]/l_indiv_learn,120,6467
consent_grp[1]/l_teaching_prac_grp[1]/l_class_acti_grp[1]/l_act_grp[1]/tmp_l_class_lab,73,6587
consent_grp[1]/l_teaching_prac_grp[1]/l_class_acti_grp[1]/l_act_grp[1]/l_teach_colour,73,6587
consent_grp[1]/l_teaching_prac_grp[1]/l_class_acti_grp[1]/l_act_grp[1]/l_teach_number,73,6587
consent_grp[1]/l_teaching_prac_grp[1]/l_class_acti_grp[1]/l_act_grp[1]/l_teach_letter,73,6587
consent_grp[1]/l_teaching_prac_grp[1]/l_class_acti_grp[1]/l_act_grp[1]/l_teach_form,73,6587
consent_grp[1]/l_teaching_prac_grp[1]/l_class_acti_grp[1]/l_act_grp[1]/l_socialise,73,6587
consent_grp[1]/l_teaching_prac_grp[1]/l_class_acti_grp[1]/l_act_grp[1]/l_pro_solve,73,6587
consent_grp[1]/l_teaching_prac_grp[1]/l_class_acti_grp[1]/l_act_grp[1]/l_writing,73,6587
consent_grp[1]/l_teaching_prac_grp[1]/l_class_acti_grp[1]/l_act_grp[1]/l_teach_body,73,6587
consent_grp[1]/l_teaching_prac_grp[1]/l_class_acti_grp[1]/l_act_grp[1]/l_pers_hygiene,73,6587
consent_grp[1]/l_teaching_prac_grp[1]/l_class_acti_grp[1]/l_act_grp[1]/l_art_expre,73,6587
consent_grp[1]/l_teaching_prac_grp[1]/l_class_acti_grp[1]/l_act_grp[1]/l_body_lang,73,6587
consent_grp[1]/l_teaching_prac_grp[1]/l_class_acti_grp[1]/l_act_grp[1]/l_concentration,73,6587
consent_grp[1]/l_teaching_prac_grp[1]/l_class_acti_grp[1]/l_act_grp[1]/l_gross_motor,73,6587
consent_grp[1]/l_teaching_prac_grp[1]/l_class_acti_grp[1]/l_act_grp[1]/l_fine_motor,73,6587
consent_grp[1]/l_teaching_prac_grp[1]/l_class_acti_grp[1]/l_act_grp[1]/l_gender,73,6587
consent_grp[1]/l_teaching_prac_grp[1]/l_class_acti_grp[1]/l_act_grp[1]/l_responsibility,73,6587
consent_grp[1]/l_teaching_prac_grp[1]/l_class_acti_grp[1]/l_act_grp[1]/l_speech,73,6587
consent_grp[1]/l_teaching_prac_grp[1]/l_class_acti_grp[1]/l_act_grp[1]/l_explore_comm,73,6587
consent_grp[1]/l_teaching_prac_grp[1]/l_class_acti_grp[1]/l_act_grp[1]/l_explore_culture,73,6587
consent_grp[1]/l_teaching_prac_grp[1]/l_parent_interact_note,10,6661
consent_grp[1]/l_teaching_prac_grp[1]/l_actively_engaged,37,6671
consent_grp[1]/l_teaching_prac_grp[1]/l_proportion_child,30,6708
consent_grp[1]/l_teaching_prac_grp[1]/l_proportion_child_more,27,6738
consent_grp[1]/l_teaching_prac_grp[1]/l_visit_pupil_house,32,6765
consent_grp[1]/l_teaching_prac_grp[1]/l_visit_parent_house,17,6797
consent_grp[1]/l_teaching_prac_grp[1]/l_receive_parent_supp,24,6814
consent_grp[1]/l_teaching_prac_grp[1]/l_day_teaching_note,7,6839
consent_grp[1]/l_teaching_prac_grp[1]/l_day_grp[1]/tmp_l_labs,38,6846
consent_grp[1]/l_teaching_prac_grp[1]/l_day_grp[1]/l_daily_schedule,38,6846
consent_grp[1]/l_teaching_prac_grp[1]/l_day_grp[1]/l_play_period,38,6846
consent_grp[1]/l_teaching_prac_grp[1]/l_day_grp[1]/l_free_play,38,6846
consent_grp[1]/l_teaching_prac_grp[1]/l_day_grp[1]/l_activities,38,6846
consent_grp[1]/l_teaching_prac_grp[1]/l_per_daily_grp[1]/l_perc_note,258,6884
consent_grp[1]/l_teaching_prac_grp[1]/l_per_daily_grp[1]/l_admin_per,258,6884
consent_grp[1]/l_teaching_prac_grp[1]/l_per_daily_grp[1]/l_class_per,258,6884
consent_grp[1]/l_teaching_prac_grp[1]/l_per_daily_grp[1]/l_teach_per,258,6884
consent_grp[1]/l_teaching_prac_grp[1]/l_per_daily_grp[1]/l_super_per,258,6884
consent_grp[1]/l_teaching_prac_grp[1]/l_per_daily_grp[1]/l_super_oth_per,258,6884
consent_grp[1]/l_teaching_prac_grp[1]/l_per_daily_grp[1]/l_break_per,258,6884
consent_grp[1]/l_teaching_prac_grp[1]/l_discipline_note,6,7142
consent_grp[1]/l_teaching_prac_grp[1]/l_dont_like,63,7148
consent_grp[1]/l_teaching_prac_grp[1]/l_really_bad,53,7211
consent_grp[1]/l_teaching_prac_grp[1]/l_does_good,15,7264
consent_grp[1]/l_teaching_prac_grp[1]/l_praise,57,7279
consent_grp[1]/q_note,21,7336
consent_grp[1]/q_activ_yn,11,7357
s_int_accom_yn,6,7367
comments,108,7373
