Field name,Total duration (seconds),First appeared (seconds into survey)
instruction,395,148
a_district_id,5,150
a_circuit_id,56,153
a_kg_id,16,158
a_community_id,13,165
a_enum_id,12,168
consent_note,2,646
con_understand,2,648
con_questions,2,650
con_written,2,652
consent_grp[1]/audio_consent,21,654
consent_grp[1]/d_background_note,1,674
consent_grp[1]/section_d[1]/kgt_key,21,676
consent_grp[1]/section_d[1]/kgt_confirm_note,5,696
consent_grp[1]/section_d[1]/d_num_cnt,7,701
consent_grp[1]/section_d[1]/d_cnt_grp[1]/d_cnt_main,14,708
consent_grp[1]/section_d[1]/d_work_last,11,722
consent_grp[1]/section_d[1]/d_edu_level,7,733
consent_grp[1]/section_d[1]/d_edu_train,41,740
consent_grp[1]/section_d[1]/d_edu_level_train,13,781
consent_grp[1]/section_d[1]/d_marital_status,7,794
consent_grp[1]/section_d[1]/d_religion,4,801
consent_grp[1]/section_d[1]/d_la_spk_grp[1]/d_la_spk_note,20,805
consent_grp[1]/section_d[1]/d_la_spk_grp[1]/d_la_spk_eng,20,805
consent_grp[1]/section_d[1]/d_la_spk_grp[1]/d_la_spk_grun,20,805
consent_grp[1]/section_d[1]/d_la_wrt_grp[1]/d_la_wrt_note,22,825
consent_grp[1]/section_d[1]/d_la_wrt_grp[1]/d_la_wrt_eng,22,825
consent_grp[1]/section_d[1]/d_la_wrt_grp[1]/d_la_wrt_grun,22,825
consent_grp[1]/section_d[1]/d_main_language,21,847
consent_grp[1]/section_d[1]/d_loc_lang_kinderg,10,867
consent_grp[1]/f_moved_yn,33,877
consent_grp[1]/f_rel_grp[1]/f_comm_note,1,910
consent_grp[1]/f_rel_grp[1]/section_f[1]/f_born_comm,15,911
consent_grp[1]/f_rel_grp[1]/section_f[1]/f_school_loc,12,926
consent_grp[1]/f_rel_grp[1]/section_f[1]/f_lived_bef_teach,7,939
consent_grp[1]/f_rel_grp[1]/section_f[1]/f_lived_grp[1]/f_lived_comm,17,946
consent_grp[1]/f_rel_grp[1]/section_f[1]/f_lived_grp[1]/f_lived_comm_year,17,946
consent_grp[1]/f_rel_grp[1]/section_f[1]/f_lived_grp[1]/f_lived_comm_month,17,946
consent_grp[1]/f_rel_grp[1]/section_f[1]/f_fam_lived,15,963
consent_grp[1]/f_rel_grp[1]/section_f[1]/f_emot_support,27,978
consent_grp[1]/f_rel_grp[1]/section_f[1]/f_emot_support_num,11,1004
consent_grp[1]/f_rel_grp[1]/section_f[1]/f_lend_money,17,1015
consent_grp[1]/f_rel_grp[1]/section_f[1]/f_borrow_money,12,1033
consent_grp[1]/f_rel_grp[1]/section_f[1]/f_rel_live_nearby,47,1044
consent_grp[1]/f_rel_grp[1]/section_f[1]/f_part_comm,9,1091
consent_grp[1]/f_rel_grp[1]/section_f[1]/f_main_trans,28,1100
consent_grp[1]/f_rel_grp[1]/section_f[1]/f_min_get_sch_grp[1]/f_min_get_note,14,1128
consent_grp[1]/f_rel_grp[1]/section_f[1]/f_min_get_sch_grp[1]/f_h_get_school,14,1128
consent_grp[1]/f_rel_grp[1]/section_f[1]/f_min_get_sch_grp[1]/f_m_get_school,14,1128
consent_grp[1]/g_nature_wrk_note,3,1143
consent_grp[1]/section_g[1]/g_teach_pos,13,1146
consent_grp[1]/section_g[1]/g_teach_school,8,1159
consent_grp[1]/section_g[1]/g_kg_grade,8,1167
consent_grp[1]/section_g[1]/g_class_grp[1]/g_children_note,24,1175
consent_grp[1]/section_g[1]/g_class_grp[1]/g_kg_1,24,1175
consent_grp[1]/section_g[1]/g_ah_grp[1]/g_ah_note,80,1199
consent_grp[1]/section_g[1]/g_ah_grp[1]/g_ah_working,80,1199
consent_grp[1]/section_g[1]/g_ah_grp[1]/g_ah_prepping,80,1199
consent_grp[1]/section_g[1]/g_eh_grp[1]/g_eh_note,5,1279
consent_grp[1]/section_g[1]/g_eh_grp[1]/g_eh_working,5,1279
consent_grp[1]/section_g[1]/g_eh_grp[1]/g_eh_prepping,5,1279
consent_grp[1]/section_g[1]/g_teach_salary,22,1283
consent_grp[1]/section_g[1]/g_salary_freq,20,1305
consent_grp[1]/section_g[1]/g_salary_intime,46,1325
consent_grp[1]/section_g[1]/g_money_cmp,20,1371
consent_grp[1]/section_g[1]/g_job_outside,19,1391
consent_grp[1]/section_g[1]/g_extra_money_spec,18,1410
consent_grp[1]/section_g[1]/g_sch_pro_grp[1]/tmp_g_sch_pro_lab,225,1428
consent_grp[1]/section_g[1]/g_sch_pro_grp[1]/g_class,225,1428
consent_grp[1]/section_g[1]/g_sch_pro_grp[1]/g_class_taught,225,1428
consent_grp[1]/section_g[1]/g_sch_pro_grp[1]/g_fin_resource,225,1428
consent_grp[1]/section_g[1]/g_sch_pro_grp[1]/g_high_expe,225,1428
consent_grp[1]/section_g[1]/g_sch_pro_grp[1]/g_change_curri,225,1428
consent_grp[1]/section_g[1]/g_sch_pro_grp[1]/g_diff_curri,225,1428
consent_grp[1]/section_g[1]/g_sch_pro_grp[1]/g_easy_curri,225,1428
consent_grp[1]/section_g[1]/g_sch_pro_grp[1]/g_par_dem_high,225,1428
consent_grp[1]/section_g[1]/g_sch_pro_grp[1]/g_par_suff_interest,225,1428
consent_grp[1]/section_g[1]/g_sch_pro_grp[1]/g_par_suff_active,225,1428
consent_grp[1]/section_g[1]/g_par_supp_grp[1]/g_par_supp_note,16,1653
consent_grp[1]/section_g[1]/g_par_supp_grp[1]/g_home_wrk,17,1669
consent_grp[1]/section_g[1]/g_par_supp_grp[1]/g_behave_val,31,1686
consent_grp[1]/section_g[1]/g_par_supp_grp[1]/g_get_schl,16,1717
consent_grp[1]/section_g[1]/g_par_supp_grp[1]/g_visit_schl,13,1733
consent_grp[1]/section_g[1]/g_par_supp_grp[1]/g_show_respect,10,1746
consent_grp[1]/section_g[1]/g_par_supp_grp[1]/g_best_schl,9,1756
consent_grp[1]/section_g[1]/g_par_supp_grp[1]/g_parti_pta,7,1765
consent_grp[1]/section_g[1]/g_par_supp_grp[1]/g_cont_kg_act,8,1771
consent_grp[1]/section_g[1]/g_lead_respect,11,1779
consent_grp[1]/section_g[1]/g_val_citizen,23,1791
consent_grp[1]/section_h[1]/sec_h_depre_note,33,1813
consent_grp[1]/section_h[1]/h_depression_grp[1]/h_da_note,123,1846
consent_grp[1]/section_h[1]/h_depression_grp[1]/tmp_h_da_lab,123,1846
consent_grp[1]/section_h[1]/h_depression_grp[1]/h_headache,123,1846
consent_grp[1]/section_h[1]/h_depression_grp[1]/h_appetite,123,1846
consent_grp[1]/section_h[1]/h_depression_grp[1]/h_sleep,123,1846
consent_grp[1]/section_h[1]/h_depression_grp[1]/h_frightened,123,1846
consent_grp[1]/section_h[1]/h_depression_grp[1]/h_hands_shake,123,1846
consent_grp[1]/section_h[1]/h_depression_grp[1]/h_nervous,123,1846
consent_grp[1]/section_h[1]/h_depression_grp[1]/h_digestion,123,1846
consent_grp[1]/section_h[1]/h_depression_grp[1]/h_thinking,123,1846
consent_grp[1]/section_h[1]/h_depression_grp[1]/h_unhappy,123,1846
consent_grp[1]/section_h[1]/h_depression_grp[1]/h_cry,123,1846
consent_grp[1]/section_h[1]/h_depression_grp[1]/h_activities,123,1846
consent_grp[1]/section_h[1]/h_depression_grp[1]/h_decisions,123,1846
consent_grp[1]/section_h[1]/h_depression_grp[1]/h_daily_work,123,1846
consent_grp[1]/section_h[1]/h_depression_grp[1]/h_life,123,1846
consent_grp[1]/section_h[1]/h_depression_grp[1]/h_interest,123,1846
consent_grp[1]/section_h[1]/h_depression_grp[1]/h_worthless,123,1846
consent_grp[1]/section_h[1]/h_depression_grp[1]/h_end_life,123,1846
consent_grp[1]/section_h[1]/h_depression_grp[1]/h_tired,123,1846
consent_grp[1]/section_h[1]/h_depression_grp[1]/h_uncomfortable,123,1846
consent_grp[1]/section_h[1]/h_depression_grp[1]/h_easily_tired,123,1846
consent_grp[1]/section_h[1]/sec_h_ext_contr_note,12,1969
consent_grp[1]/section_h[1]/h_ext_control_grp[1]/h_ext_cont_note,21,1982
consent_grp[1]/section_h[1]/h_ext_control_grp[1]/h_pup_learn,66,1987
consent_grp[1]/section_h[1]/h_ext_control_grp[1]/h_discipline,13,2069
consent_grp[1]/section_h[1]/h_ext_control_grp[1]/h_stu_achieve,12,2081
consent_grp[1]/section_h[1]/h_ext_control_grp[1]/h_teach_motiv,13,2094
consent_grp[1]/section_h[1]/h_ext_control_grp[1]/h_good_teach,26,2106
consent_grp[1]/section_h[1]/sec_h_motiv_note,2,2133
consent_grp[1]/section_h[1]/h_motiv_grp[1]/h_motiv_note,11,2135
consent_grp[1]/section_h[1]/h_motiv_grp[1]/h_motiv_help,13,2146
consent_grp[1]/section_h[1]/h_motiv_grp[1]/h_quest_school,20,2158
consent_grp[1]/section_h[1]/h_motiv_grp[1]/h_help_child,11,2178
consent_grp[1]/section_h[1]/h_motiv_grp[1]/h_sch_goal,9,2189
consent_grp[1]/section_h[1]/h_motiv_grp[1]/h_help_emot,15,2198
consent_grp[1]/section_h[1]/h_motiv_grp[1]/h_enjoy_teach,6,2213
consent_grp[1]/section_h[1]/h_motiv_grp[1]/h_develop_society,10,2218
consent_grp[1]/section_h[1]/h_motiv_grp[1]/h_develop_socially,13,2228
consent_grp[1]/section_h[1]/h_motiv_grp[1]/h_perso_clear,30,2241
consent_grp[1]/section_h[1]/h_impor_thing,61,2271
consent_grp[1]/section_h[1]/h_job_satisfaction_grp[1]/h_job_satis_note,22,2332
consent_grp[1]/section_h[1]/h_job_satisfaction_grp[1]/h_look_out,20,2354
consent_grp[1]/section_h[1]/h_job_satisfaction_grp[1]/h_perso_worries,7,2374
consent_grp[1]/section_h[1]/h_job_satisfaction_grp[1]/h_know_col,10,2381
consent_grp[1]/section_h[1]/h_job_satisfaction_grp[1]/h_col_coop,7,2390
consent_grp[1]/section_h[1]/h_job_satisfaction_grp[1]/h_trust_col,12,2398
consent_grp[1]/section_h[1]/h_job_satisfaction_grp[1]/h_enjoy_col,9,2410
consent_grp[1]/section_h[1]/h_job_satisfaction_grp[1]/h_sup_respect,7,2419
consent_grp[1]/section_h[1]/h_job_satisfaction_grp[1]/h_sup_busy,10,2425
consent_grp[1]/section_h[1]/h_job_satisfaction_grp[1]/h_sup_opinion,6,2436
consent_grp[1]/section_h[1]/h_job_satisfaction_grp[1]/h_count_sup,6,2441
consent_grp[1]/section_h[1]/h_job_satisfaction_grp[1]/h_motivated,6,2447
consent_grp[1]/section_h[1]/h_job_satisfaction_grp[1]/h_sup_unpredict,7,2453
consent_grp[1]/section_h[1]/h_job_satisfaction_grp[1]/h_wrk_challenge,12,2460
consent_grp[1]/section_h[1]/h_job_satisfaction_grp[1]/h_wrk_monotonous,11,2472
consent_grp[1]/section_h[1]/h_job_satisfaction_grp[1]/h_wrk_creative,5,2483
consent_grp[1]/section_h[1]/h_job_satisfaction_grp[1]/h_big_impact,6,2488
consent_grp[1]/section_h[1]/h_job_satisfaction_grp[1]/h_little_time,21,2494
consent_grp[1]/section_h[1]/h_job_satisfaction_grp[1]/h_control_satis,9,2515
consent_grp[1]/section_h[1]/h_job_satisfaction_grp[1]/h_look,8,2524
consent_grp[1]/section_h[1]/h_job_satisfaction_grp[1]/h_small_space,14,2532
consent_grp[1]/section_h[1]/h_job_satisfaction_grp[1]/h_new_mat,7,2546
consent_grp[1]/section_h[1]/h_job_satisfaction_grp[1]/h_clean_kinder,21,2553
consent_grp[1]/section_h[1]/h_job_satisfaction_grp[1]/h_loud_kinder,8,2574
consent_grp[1]/section_h[1]/h_job_satisfaction_grp[1]/h_kinder_rules,8,2582
consent_grp[1]/section_h[1]/h_job_satisfaction_grp[1]/h_satisfied_paid,22,2590
consent_grp[1]/section_h[1]/h_burnout_grp[1]/h_burnout_note,23,2612
consent_grp[1]/section_h[1]/h_burnout_grp[1]/h_emotion_drained,17,2635
consent_grp[1]/section_h[1]/h_burnout_grp[1]/h_used_up,16,2652
consent_grp[1]/section_h[1]/h_burnout_grp[1]/h_fatigued,11,2668
consent_grp[1]/section_h[1]/h_burnout_grp[1]/h_child_feel,11,2679
consent_grp[1]/section_h[1]/h_burnout_grp[1]/h_child_impersonal,27,2690
consent_grp[1]/section_h[1]/h_burnout_grp[1]/h_ppl_strain,15,2717
consent_grp[1]/section_h[1]/h_burnout_grp[1]/h_deal_effect,12,2731
consent_grp[1]/section_h[1]/h_burnout_grp[1]/h_burnout,7,2743
consent_grp[1]/section_h[1]/h_burnout_grp[1]/h_pos_influence,8,2750
consent_grp[1]/section_h[1]/h_burnout_grp[1]/h_cold,9,2758
consent_grp[1]/section_h[1]/h_burnout_grp[1]/h_hard,22,2768
consent_grp[1]/section_h[1]/h_burnout_grp[1]/h_energetic,10,2790
consent_grp[1]/section_h[1]/h_burnout_grp[1]/h_frustrated,7,2800
consent_grp[1]/section_h[1]/h_burnout_grp[1]/h_work_hard,9,2807
consent_grp[1]/section_h[1]/h_burnout_grp[1]/h_dont_care,16,2817
consent_grp[1]/section_h[1]/h_burnout_grp[1]/h_put_pressure,19,2833
consent_grp[1]/section_h[1]/h_burnout_grp[1]/h_relax,9,2852
consent_grp[1]/section_h[1]/h_burnout_grp[1]/h_excited,8,2861
consent_grp[1]/section_h[1]/h_burnout_grp[1]/h_accomplished,26,2869
consent_grp[1]/section_h[1]/h_burnout_grp[1]/h_end_of_rop,7,2895
consent_grp[1]/section_h[1]/h_burnout_grp[1]/h_emot_pro_calm,17,2902
consent_grp[1]/i_teacher_knowledge_grp[1]/I_teach_know_note,33,2919
consent_grp[1]/i_teacher_knowledge_grp[1]/i_consonance,25,2952
consent_grp[1]/i_teacher_knowledge_grp[1]/i_vowel,29,2978
consent_grp[1]/i_teacher_knowledge_grp[1]/i_unbelievable,22,3006
consent_grp[1]/i_teacher_knowledge_grp[1]/i_irregular,17,3028
consent_grp[1]/i_teacher_knowledge_grp[1]/i_cat,10,3045
consent_grp[1]/i_teacher_knowledge_grp[1]/i_cough,17,3055
consent_grp[1]/i_teacher_knowledge_grp[1]/i_check,16,3072
consent_grp[1]/i_teacher_knowledge_grp[1]/i_english,32,3088
consent_grp[1]/j_perception_grp[1]/j_perception_note,35,3120
consent_grp[1]/j_perception_grp[1]/j_dev_practice_grp[1]/j_dev_practice_note,8,3154
consent_grp[1]/j_perception_grp[1]/j_dev_practice_grp[1]/j_child_need,12,3163
consent_grp[1]/j_perception_grp[1]/j_dev_practice_grp[1]/j_recog_letter,9,3175
consent_grp[1]/j_perception_grp[1]/j_dev_practice_grp[1]/j_recog_number,9,3184
consent_grp[1]/j_perception_grp[1]/j_dev_practice_grp[1]/j_recog_colour,16,3193
consent_grp[1]/j_perception_grp[1]/j_dev_practice_grp[1]/j_indiv_goal,16,3210
consent_grp[1]/j_perception_grp[1]/j_dev_practice_grp[1]/j_play_materials,9,3226
consent_grp[1]/j_perception_grp[1]/j_dev_practice_grp[1]/j_child_measure,8,3235
consent_grp[1]/j_perception_grp[1]/j_supp_chil_grp[1]/j_supp_chil_note,3,3243
consent_grp[1]/j_perception_grp[1]/j_supp_chil_grp[1]/j_build_relation,7,3246
consent_grp[1]/j_perception_grp[1]/j_supp_chil_grp[1]/j_control_behaviour,7,3253
consent_grp[1]/j_perception_grp[1]/j_supp_chil_grp[1]/j_express_thought,9,3261
consent_grp[1]/j_perception_grp[1]/j_supp_chil_grp[1]/j_resolve_conflicts,8,3269
consent_grp[1]/j_perception_grp[1]/j_supp_chil_grp[1]/j_guidance_style,25,3277
consent_grp[1]/j_perception_grp[1]/j_fam_sensitive_grp[1]/j_fam_sensitive_note,113,3301
consent_grp[1]/j_perception_grp[1]/j_fam_sensitive_grp[1]/j_parent_goal,113,3301
consent_grp[1]/j_perception_grp[1]/j_fam_sensitive_grp[1]/j_work_schedule,113,3301
consent_grp[1]/j_perception_grp[1]/j_fam_sensitive_grp[1]/j_fam_decision,113,3301
consent_grp[1]/j_perception_grp[1]/j_fam_sensitive_grp[1]/j_family_care,113,3301
consent_grp[1]/j_perception_grp[1]/j_fam_sensitive_grp[1]/j_connect_family,113,3301
consent_grp[1]/k_grp[1]/k_instro_note,62,3414
consent_grp[1]/k_grp[1]/k_ts_grp[1]/tmp_k_labels,112,3452
consent_grp[1]/k_grp[1]/k_ts_grp[1]/k_take_priviledges,112,3452
consent_grp[1]/k_grp[1]/k_ts_grp[1]/k_explain_behavior,112,3452
consent_grp[1]/k_grp[1]/k_ts_grp[1]/k_shook,112,3452
consent_grp[1]/k_grp[1]/k_ts_grp[1]/k_shouted,112,3452
consent_grp[1]/k_grp[1]/k_ts_grp[1]/k_gave_something,112,3452
consent_grp[1]/k_grp[1]/k_ts_grp[1]/k_spanked,112,3452
consent_grp[1]/k_grp[1]/k_ts_grp[1]/k_hit_bottom,112,3452
consent_grp[1]/k_grp[1]/k_ts_grp[1]/k_call_dumb,112,3452
consent_grp[1]/k_grp[1]/k_ts_grp[1]/k_hit_face,112,3452
consent_grp[1]/k_grp[1]/k_ts_grp[1]/k_praised,112,3452
consent_grp[1]/k_grp[1]/k_ts_grp[1]/k_affection,112,3452
consent_grp[1]/k_grp[1]/k_ts_grp[1]/k_rewarded,112,3452
consent_grp[1]/l_teaching_prac_grp[1]/l_note,7,3588
consent_grp[1]/l_teaching_prac_grp[1]/l_previos_kinder_act[1]/tmp_l_prac_lab,132,3595
consent_grp[1]/l_teaching_prac_grp[1]/l_previos_kinder_act[1]/l_hygiene_routine,132,3595
consent_grp[1]/l_teaching_prac_grp[1]/l_previos_kinder_act[1]/l_supply,132,3595
consent_grp[1]/l_teaching_prac_grp[1]/l_previos_kinder_act[1]/l_pamper,132,3595
consent_grp[1]/l_teaching_prac_grp[1]/l_previos_kinder_act[1]/l_read,132,3595
consent_grp[1]/l_teaching_prac_grp[1]/l_previos_kinder_act[1]/l_tell,132,3595
consent_grp[1]/l_teaching_prac_grp[1]/l_previos_kinder_act[1]/l_conversatin,132,3595
consent_grp[1]/l_teaching_prac_grp[1]/l_previos_kinder_act[1]/l_sing,132,3595
consent_grp[1]/l_teaching_prac_grp[1]/l_previos_kinder_act[1]/l_dance,132,3595
consent_grp[1]/l_teaching_prac_grp[1]/l_previos_kinder_act[1]/l_visit,132,3595
consent_grp[1]/l_teaching_prac_grp[1]/l_previos_kinder_act[1]/l_play_kg,132,3595
consent_grp[1]/l_teaching_prac_grp[1]/l_previos_kinder_act[1]/l_play_recrea,132,3595
consent_grp[1]/l_teaching_prac_grp[1]/l_previos_kinder_act[1]/l_sleep,132,3595
consent_grp[1]/l_teaching_prac_grp[1]/l_previos_kinder_act[1]/l_run,132,3595
consent_grp[1]/l_teaching_prac_grp[1]/l_previos_kinder_act[1]/l_group_learn,132,3595
consent_grp[1]/l_teaching_prac_grp[1]/l_previos_kinder_act[1]/l_indiv_learn,132,3595
consent_grp[1]/l_teaching_prac_grp[1]/l_class_acti_grp[1]/l_act_grp[1]/tmp_l_class_lab,77,3727
consent_grp[1]/l_teaching_prac_grp[1]/l_class_acti_grp[1]/l_act_grp[1]/l_teach_colour,77,3727
consent_grp[1]/l_teaching_prac_grp[1]/l_class_acti_grp[1]/l_act_grp[1]/l_teach_number,77,3727
consent_grp[1]/l_teaching_prac_grp[1]/l_class_acti_grp[1]/l_act_grp[1]/l_teach_letter,77,3727
consent_grp[1]/l_teaching_prac_grp[1]/l_class_acti_grp[1]/l_act_grp[1]/l_teach_form,77,3727
consent_grp[1]/l_teaching_prac_grp[1]/l_class_acti_grp[1]/l_act_grp[1]/l_socialise,77,3727
consent_grp[1]/l_teaching_prac_grp[1]/l_class_acti_grp[1]/l_act_grp[1]/l_pro_solve,77,3727
consent_grp[1]/l_teaching_prac_grp[1]/l_class_acti_grp[1]/l_act_grp[1]/l_writing,77,3727
consent_grp[1]/l_teaching_prac_grp[1]/l_class_acti_grp[1]/l_act_grp[1]/l_teach_body,77,3727
consent_grp[1]/l_teaching_prac_grp[1]/l_class_acti_grp[1]/l_act_grp[1]/l_pers_hygiene,77,3727
consent_grp[1]/l_teaching_prac_grp[1]/l_class_acti_grp[1]/l_act_grp[1]/l_art_expre,77,3727
consent_grp[1]/l_teaching_prac_grp[1]/l_class_acti_grp[1]/l_act_grp[1]/l_body_lang,77,3727
consent_grp[1]/l_teaching_prac_grp[1]/l_class_acti_grp[1]/l_act_grp[1]/l_concentration,77,3727
consent_grp[1]/l_teaching_prac_grp[1]/l_class_acti_grp[1]/l_act_grp[1]/l_gross_motor,77,3727
consent_grp[1]/l_teaching_prac_grp[1]/l_class_acti_grp[1]/l_act_grp[1]/l_fine_motor,77,3727
consent_grp[1]/l_teaching_prac_grp[1]/l_class_acti_grp[1]/l_act_grp[1]/l_gender,77,3727
consent_grp[1]/l_teaching_prac_grp[1]/l_class_acti_grp[1]/l_act_grp[1]/l_responsibility,77,3727
consent_grp[1]/l_teaching_prac_grp[1]/l_class_acti_grp[1]/l_act_grp[1]/l_speech,77,3727
consent_grp[1]/l_teaching_prac_grp[1]/l_class_acti_grp[1]/l_act_grp[1]/l_explore_comm,77,3727
consent_grp[1]/l_teaching_prac_grp[1]/l_class_acti_grp[1]/l_act_grp[1]/l_explore_culture,77,3727
consent_grp[1]/l_teaching_prac_grp[1]/l_parent_interact_note,15,3804
consent_grp[1]/l_teaching_prac_grp[1]/l_actively_engaged,25,3819
consent_grp[1]/l_teaching_prac_grp[1]/l_proportion_child,17,3844
consent_grp[1]/l_teaching_prac_grp[1]/l_proportion_child_more,34,3862
consent_grp[1]/l_teaching_prac_grp[1]/l_visit_pupil_house,25,3882
consent_grp[1]/l_teaching_prac_grp[1]/l_visit_parent_house,18,3921
consent_grp[1]/l_teaching_prac_grp[1]/l_receive_parent_supp,20,3939
consent_grp[1]/l_teaching_prac_grp[1]/l_day_teaching_note,7,3959
consent_grp[1]/l_teaching_prac_grp[1]/l_day_grp[1]/tmp_l_labs,49,3966
consent_grp[1]/l_teaching_prac_grp[1]/l_day_grp[1]/l_daily_schedule,49,3966
consent_grp[1]/l_teaching_prac_grp[1]/l_day_grp[1]/l_play_period,49,3966
consent_grp[1]/l_teaching_prac_grp[1]/l_day_grp[1]/l_free_play,49,3966
consent_grp[1]/l_teaching_prac_grp[1]/l_day_grp[1]/l_activities,49,3966
consent_grp[1]/l_teaching_prac_grp[1]/l_per_daily_grp[1]/l_perc_note,158,4015
consent_grp[1]/l_teaching_prac_grp[1]/l_per_daily_grp[1]/l_admin_per,158,4015
consent_grp[1]/l_teaching_prac_grp[1]/l_per_daily_grp[1]/l_class_per,158,4015
consent_grp[1]/l_teaching_prac_grp[1]/l_per_daily_grp[1]/l_teach_per,158,4015
consent_grp[1]/l_teaching_prac_grp[1]/l_per_daily_grp[1]/l_super_per,158,4015
consent_grp[1]/l_teaching_prac_grp[1]/l_per_daily_grp[1]/l_super_oth_per,158,4015
consent_grp[1]/l_teaching_prac_grp[1]/l_per_daily_grp[1]/l_break_per,158,4015
consent_grp[1]/l_teaching_prac_grp[1]/l_discipline_note,8,4173
consent_grp[1]/l_teaching_prac_grp[1]/l_dont_like,38,4176
consent_grp[1]/l_teaching_prac_grp[1]/l_really_bad,23,4219
consent_grp[1]/l_teaching_prac_grp[1]/l_does_good,19,4242
consent_grp[1]/l_teaching_prac_grp[1]/l_praise,24,4261
consent_grp[1]/q_note,10,4285
consent_grp[1]/q_activ_yn,10,4295
consent_grp[1]/q_rpt[1]/q_activ_r,26,4306
consent_grp[1]/q_rpt[1]/q_activ_org_r,10,4332
consent_grp[1]/q_rpt[1]/q_activ_add_r,14,4342
s_int_accom_yn,4,4356
s_int_accom,5,4360
comments,3,4361
