Field name,Total duration (seconds),First appeared (seconds into survey)
instruction,315,4
a_district_id,20,318
a_circuit_id,43,321
a_kg_id,38,324
a_community_id,23,419
a_enum_id,8,441
consent_note,4,449
con_understand,159,452
con_questions,7,457
con_written,25,461
consent_grp[1]/audio_consent,40,464
consent_grp[1]/d_background_note,3,685
consent_grp[1]/section_d[1]/kgt_key,14,688
consent_grp[1]/section_d[1]/kgt_confirm_note,10,698
consent_grp[1]/section_d[1]/d_num_cnt,15,712
consent_grp[1]/section_d[1]/d_cnt_grp[1]/d_cnt_main,87,727
consent_grp[1]/section_d[1]/d_cnt_grp[1]/d_cnt_sec,87,727
consent_grp[1]/section_d[1]/d_work_last,14,814
consent_grp[1]/section_d[1]/d_edu_level,23,829
consent_grp[1]/section_d[1]/d_edu_train,20,851
consent_grp[1]/section_d[1]/d_edu_level_train,60,871
consent_grp[1]/section_d[1]/d_marital_status,10,931
consent_grp[1]/section_d[1]/d_religion,5,941
consent_grp[1]/section_d[1]/d_la_spk_grp[1]/d_la_spk_note,53,946
consent_grp[1]/section_d[1]/d_la_spk_grp[1]/d_la_spk_eng,53,946
consent_grp[1]/section_d[1]/d_la_spk_grp[1]/d_la_spk_grun,53,946
consent_grp[1]/section_d[1]/d_la_wrt_grp[1]/d_la_wrt_note,55,999
consent_grp[1]/section_d[1]/d_la_wrt_grp[1]/d_la_wrt_eng,55,999
consent_grp[1]/section_d[1]/d_la_wrt_grp[1]/d_la_wrt_grun,55,999
consent_grp[1]/section_d[1]/d_main_language,16,1055
consent_grp[1]/section_d[1]/d_loc_lang_kinderg,19,1070
consent_grp[1]/f_moved_yn,41,1089
consent_grp[1]/g_nature_wrk_note,8,1130
consent_grp[1]/section_g[1]/g_teach_pos,25,1138
consent_grp[1]/section_g[1]/g_teach_school,7,1163
consent_grp[1]/section_g[1]/g_kg_grade,12,1171
consent_grp[1]/section_g[1]/g_class_grp[1]/g_children_note,40,1183
consent_grp[1]/section_g[1]/g_class_grp[1]/g_kg_2,40,1183
consent_grp[1]/section_g[1]/g_ah_grp[1]/g_ah_note,116,1223
consent_grp[1]/section_g[1]/g_ah_grp[1]/g_ah_working,116,1223
consent_grp[1]/section_g[1]/g_ah_grp[1]/g_ah_prepping,116,1223
consent_grp[1]/section_g[1]/g_eh_grp[1]/g_eh_note,55,1339
consent_grp[1]/section_g[1]/g_eh_grp[1]/g_eh_working,55,1339
consent_grp[1]/section_g[1]/g_eh_grp[1]/g_eh_prepping,55,1339
consent_grp[1]/section_g[1]/g_teach_salary,50,1394
consent_grp[1]/section_g[1]/g_salary_freq,20,1422
consent_grp[1]/section_g[1]/g_salary_intime,24,1464
consent_grp[1]/section_g[1]/g_money_cmp,8,1488
consent_grp[1]/section_g[1]/g_job_outside,10,1496
consent_grp[1]/section_g[1]/g_extra_money_spec,9,1507
consent_grp[1]/section_g[1]/g_sch_pro_grp[1]/tmp_g_sch_pro_lab,158,1515
consent_grp[1]/section_g[1]/g_sch_pro_grp[1]/g_class,158,1515
consent_grp[1]/section_g[1]/g_sch_pro_grp[1]/g_class_taught,158,1515
consent_grp[1]/section_g[1]/g_sch_pro_grp[1]/g_fin_resource,158,1515
consent_grp[1]/section_g[1]/g_sch_pro_grp[1]/g_high_expe,158,1515
consent_grp[1]/section_g[1]/g_sch_pro_grp[1]/g_change_curri,158,1515
consent_grp[1]/section_g[1]/g_sch_pro_grp[1]/g_diff_curri,158,1515
consent_grp[1]/section_g[1]/g_sch_pro_grp[1]/g_easy_curri,158,1515
consent_grp[1]/section_g[1]/g_sch_pro_grp[1]/g_par_dem_high,158,1515
consent_grp[1]/section_g[1]/g_sch_pro_grp[1]/g_par_suff_interest,158,1515
consent_grp[1]/section_g[1]/g_sch_pro_grp[1]/g_par_suff_active,158,1515
consent_grp[1]/section_g[1]/g_par_supp_grp[1]/g_par_supp_note,25,1673
consent_grp[1]/section_g[1]/g_par_supp_grp[1]/g_home_wrk,37,1688
consent_grp[1]/section_g[1]/g_par_supp_grp[1]/g_behave_val,10,1736
consent_grp[1]/section_g[1]/g_par_supp_grp[1]/g_get_schl,8,1745
consent_grp[1]/section_g[1]/g_par_supp_grp[1]/g_visit_schl,12,1753
consent_grp[1]/section_g[1]/g_par_supp_grp[1]/g_show_respect,11,1765
consent_grp[1]/section_g[1]/g_par_supp_grp[1]/g_best_schl,10,1776
consent_grp[1]/section_g[1]/g_par_supp_grp[1]/g_parti_pta,28,1786
consent_grp[1]/section_g[1]/g_par_supp_grp[1]/g_cont_kg_act,29,1804
consent_grp[1]/section_g[1]/g_lead_respect,15,1843
consent_grp[1]/section_g[1]/g_val_citizen,12,1859
consent_grp[1]/section_h[1]/sec_h_depre_note,108,1871
consent_grp[1]/section_h[1]/h_depression_grp[1]/h_da_note,136,1979
consent_grp[1]/section_h[1]/h_depression_grp[1]/tmp_h_da_lab,136,1979
consent_grp[1]/section_h[1]/h_depression_grp[1]/h_headache,136,1979
consent_grp[1]/section_h[1]/h_depression_grp[1]/h_appetite,136,1979
consent_grp[1]/section_h[1]/h_depression_grp[1]/h_sleep,136,1979
consent_grp[1]/section_h[1]/h_depression_grp[1]/h_frightened,136,1979
consent_grp[1]/section_h[1]/h_depression_grp[1]/h_hands_shake,136,1979
consent_grp[1]/section_h[1]/h_depression_grp[1]/h_nervous,136,1979
consent_grp[1]/section_h[1]/h_depression_grp[1]/h_digestion,136,1979
consent_grp[1]/section_h[1]/h_depression_grp[1]/h_thinking,136,1979
consent_grp[1]/section_h[1]/h_depression_grp[1]/h_unhappy,136,1979
consent_grp[1]/section_h[1]/h_depression_grp[1]/h_cry,136,1979
consent_grp[1]/section_h[1]/h_depression_grp[1]/h_activities,136,1979
consent_grp[1]/section_h[1]/h_depression_grp[1]/h_decisions,136,1979
consent_grp[1]/section_h[1]/h_depression_grp[1]/h_daily_work,136,1979
consent_grp[1]/section_h[1]/h_depression_grp[1]/h_life,136,1979
consent_grp[1]/section_h[1]/h_depression_grp[1]/h_interest,136,1979
consent_grp[1]/section_h[1]/h_depression_grp[1]/h_worthless,136,1979
consent_grp[1]/section_h[1]/h_depression_grp[1]/h_end_life,136,1979
consent_grp[1]/section_h[1]/h_depression_grp[1]/h_tired,136,1979
consent_grp[1]/section_h[1]/h_depression_grp[1]/h_uncomfortable,136,1979
consent_grp[1]/section_h[1]/h_depression_grp[1]/h_easily_tired,136,1979
consent_grp[1]/section_h[1]/sec_h_ext_contr_note,17,2115
consent_grp[1]/section_h[1]/h_ext_control_grp[1]/h_ext_cont_note,11,2131
consent_grp[1]/section_h[1]/h_ext_control_grp[1]/h_pup_learn,55,2139
consent_grp[1]/section_h[1]/h_ext_control_grp[1]/h_discipline,48,2197
consent_grp[1]/section_h[1]/h_ext_control_grp[1]/h_stu_achieve,36,2245
consent_grp[1]/section_h[1]/h_ext_control_grp[1]/h_teach_motiv,19,2258
consent_grp[1]/section_h[1]/h_ext_control_grp[1]/h_good_teach,20,2299
consent_grp[1]/section_h[1]/sec_h_motiv_note,2,2319
consent_grp[1]/section_h[1]/h_motiv_grp[1]/h_motiv_note,10,2322
consent_grp[1]/section_h[1]/h_motiv_grp[1]/h_motiv_help,13,2331
consent_grp[1]/section_h[1]/h_motiv_grp[1]/h_quest_school,18,2344
consent_grp[1]/section_h[1]/h_motiv_grp[1]/h_help_child,9,2362
consent_grp[1]/section_h[1]/h_motiv_grp[1]/h_sch_goal,18,2371
consent_grp[1]/section_h[1]/h_motiv_grp[1]/h_help_emot,14,2389
consent_grp[1]/section_h[1]/h_motiv_grp[1]/h_enjoy_teach,9,2403
consent_grp[1]/section_h[1]/h_motiv_grp[1]/h_develop_society,13,2412
consent_grp[1]/section_h[1]/h_motiv_grp[1]/h_develop_socially,20,2425
consent_grp[1]/section_h[1]/h_motiv_grp[1]/h_perso_clear,8,2445
consent_grp[1]/section_h[1]/h_impor_thing,48,2454
consent_grp[1]/section_h[1]/h_job_satisfaction_grp[1]/h_job_satis_note,24,2501
consent_grp[1]/section_h[1]/h_job_satisfaction_grp[1]/h_look_out,31,2525
consent_grp[1]/section_h[1]/h_job_satisfaction_grp[1]/h_perso_worries,14,2556
consent_grp[1]/section_h[1]/h_job_satisfaction_grp[1]/h_know_col,18,2570
consent_grp[1]/section_h[1]/h_job_satisfaction_grp[1]/h_col_coop,10,2588
consent_grp[1]/section_h[1]/h_job_satisfaction_grp[1]/h_trust_col,14,2598
consent_grp[1]/section_h[1]/h_job_satisfaction_grp[1]/h_enjoy_col,17,2612
consent_grp[1]/section_h[1]/h_job_satisfaction_grp[1]/h_sup_respect,39,2629
consent_grp[1]/section_h[1]/h_job_satisfaction_grp[1]/h_sup_busy,11,2668
consent_grp[1]/section_h[1]/h_job_satisfaction_grp[1]/h_sup_opinion,16,2679
consent_grp[1]/section_h[1]/h_job_satisfaction_grp[1]/h_count_sup,38,2694
consent_grp[1]/section_h[1]/h_job_satisfaction_grp[1]/h_motivated,15,2733
consent_grp[1]/section_h[1]/h_job_satisfaction_grp[1]/h_sup_unpredict,19,2748
consent_grp[1]/section_h[1]/h_job_satisfaction_grp[1]/h_wrk_challenge,17,2767
consent_grp[1]/section_h[1]/h_job_satisfaction_grp[1]/h_wrk_monotonous,18,2784
consent_grp[1]/section_h[1]/h_job_satisfaction_grp[1]/h_wrk_creative,15,2802
consent_grp[1]/section_h[1]/h_job_satisfaction_grp[1]/h_big_impact,8,2817
consent_grp[1]/section_h[1]/h_job_satisfaction_grp[1]/h_little_time,39,2825
consent_grp[1]/section_h[1]/h_job_satisfaction_grp[1]/h_control_satis,22,2864
consent_grp[1]/section_h[1]/h_job_satisfaction_grp[1]/h_look,12,2886
consent_grp[1]/section_h[1]/h_job_satisfaction_grp[1]/h_small_space,13,2899
consent_grp[1]/section_h[1]/h_job_satisfaction_grp[1]/h_new_mat,13,2911
consent_grp[1]/section_h[1]/h_job_satisfaction_grp[1]/h_clean_kinder,19,2924
consent_grp[1]/section_h[1]/h_job_satisfaction_grp[1]/h_loud_kinder,20,2943
consent_grp[1]/section_h[1]/h_job_satisfaction_grp[1]/h_kinder_rules,16,2963
consent_grp[1]/section_h[1]/h_job_satisfaction_grp[1]/h_satisfied_paid,34,2979
consent_grp[1]/section_h[1]/h_burnout_grp[1]/h_burnout_note,39,3013
consent_grp[1]/section_h[1]/h_burnout_grp[1]/h_emotion_drained,50,3052
consent_grp[1]/section_h[1]/h_burnout_grp[1]/h_used_up,16,3102
consent_grp[1]/section_h[1]/h_burnout_grp[1]/h_fatigued,40,3118
consent_grp[1]/section_h[1]/h_burnout_grp[1]/h_child_feel,19,3158
consent_grp[1]/section_h[1]/h_burnout_grp[1]/h_child_impersonal,22,3175
consent_grp[1]/section_h[1]/h_burnout_grp[1]/h_ppl_strain,12,3199
consent_grp[1]/section_h[1]/h_burnout_grp[1]/h_deal_effect,17,3211
consent_grp[1]/section_h[1]/h_burnout_grp[1]/h_burnout,13,3229
consent_grp[1]/section_h[1]/h_burnout_grp[1]/h_pos_influence,13,3242
consent_grp[1]/section_h[1]/h_burnout_grp[1]/h_cold,36,3255
consent_grp[1]/section_h[1]/h_burnout_grp[1]/h_hard,18,3291
consent_grp[1]/section_h[1]/h_burnout_grp[1]/h_energetic,20,3309
consent_grp[1]/section_h[1]/h_burnout_grp[1]/h_frustrated,8,3329
consent_grp[1]/section_h[1]/h_burnout_grp[1]/h_work_hard,9,3336
consent_grp[1]/section_h[1]/h_burnout_grp[1]/h_dont_care,18,3345
consent_grp[1]/section_h[1]/h_burnout_grp[1]/h_put_pressure,10,3363
consent_grp[1]/section_h[1]/h_burnout_grp[1]/h_relax,19,3374
consent_grp[1]/section_h[1]/h_burnout_grp[1]/h_excited,16,3392
consent_grp[1]/section_h[1]/h_burnout_grp[1]/h_accomplished,24,3409
consent_grp[1]/section_h[1]/h_burnout_grp[1]/h_end_of_rop,14,3432
consent_grp[1]/section_h[1]/h_burnout_grp[1]/h_emot_pro_calm,16,3447
consent_grp[1]/i_teacher_knowledge_grp[1]/I_teach_know_note,27,3463
consent_grp[1]/i_teacher_knowledge_grp[1]/i_consonance,38,3490
consent_grp[1]/i_teacher_knowledge_grp[1]/i_vowel,12,3528
consent_grp[1]/i_teacher_knowledge_grp[1]/i_unbelievable,30,3540
consent_grp[1]/i_teacher_knowledge_grp[1]/i_irregular,18,3570
consent_grp[1]/i_teacher_knowledge_grp[1]/i_cat,16,3588
consent_grp[1]/i_teacher_knowledge_grp[1]/i_cough,34,3604
consent_grp[1]/i_teacher_knowledge_grp[1]/i_check,15,3638
consent_grp[1]/i_teacher_knowledge_grp[1]/i_english,18,3653
consent_grp[1]/j_perception_grp[1]/j_perception_note,51,3671
consent_grp[1]/j_perception_grp[1]/j_dev_practice_grp[1]/j_dev_practice_note,12,3723
consent_grp[1]/j_perception_grp[1]/j_dev_practice_grp[1]/j_child_need,16,3735
consent_grp[1]/j_perception_grp[1]/j_dev_practice_grp[1]/j_recog_letter,9,3751
consent_grp[1]/j_perception_grp[1]/j_dev_practice_grp[1]/j_recog_number,7,3760
consent_grp[1]/j_perception_grp[1]/j_dev_practice_grp[1]/j_recog_colour,6,3766
consent_grp[1]/j_perception_grp[1]/j_dev_practice_grp[1]/j_indiv_goal,8,3773
consent_grp[1]/j_perception_grp[1]/j_dev_practice_grp[1]/j_play_materials,7,3781
consent_grp[1]/j_perception_grp[1]/j_dev_practice_grp[1]/j_child_measure,9,3788
consent_grp[1]/j_perception_grp[1]/j_supp_chil_grp[1]/j_supp_chil_note,9,3797
consent_grp[1]/j_perception_grp[1]/j_supp_chil_grp[1]/j_build_relation,7,3806
consent_grp[1]/j_perception_grp[1]/j_supp_chil_grp[1]/j_control_behaviour,10,3813
consent_grp[1]/j_perception_grp[1]/j_supp_chil_grp[1]/j_express_thought,8,3823
consent_grp[1]/j_perception_grp[1]/j_supp_chil_grp[1]/j_resolve_conflicts,7,3831
consent_grp[1]/j_perception_grp[1]/j_supp_chil_grp[1]/j_guidance_style,28,3838
consent_grp[1]/j_perception_grp[1]/j_fam_sensitive_grp[1]/j_fam_sensitive_note,61,3866
consent_grp[1]/j_perception_grp[1]/j_fam_sensitive_grp[1]/j_parent_goal,61,3866
consent_grp[1]/j_perception_grp[1]/j_fam_sensitive_grp[1]/j_work_schedule,61,3866
consent_grp[1]/j_perception_grp[1]/j_fam_sensitive_grp[1]/j_fam_decision,61,3866
consent_grp[1]/j_perception_grp[1]/j_fam_sensitive_grp[1]/j_family_care,61,3866
consent_grp[1]/j_perception_grp[1]/j_fam_sensitive_grp[1]/j_connect_family,61,3866
consent_grp[1]/k_grp[1]/k_instro_note,42,3926
consent_grp[1]/k_grp[1]/k_ts_grp[1]/tmp_k_labels,137,3968
consent_grp[1]/k_grp[1]/k_ts_grp[1]/k_take_priviledges,137,3968
consent_grp[1]/k_grp[1]/k_ts_grp[1]/k_explain_behavior,137,3968
consent_grp[1]/k_grp[1]/k_ts_grp[1]/k_shook,137,3968
consent_grp[1]/k_grp[1]/k_ts_grp[1]/k_shouted,137,3968
consent_grp[1]/k_grp[1]/k_ts_grp[1]/k_gave_something,137,3968
consent_grp[1]/k_grp[1]/k_ts_grp[1]/k_spanked,137,3968
consent_grp[1]/k_grp[1]/k_ts_grp[1]/k_hit_bottom,137,3968
consent_grp[1]/k_grp[1]/k_ts_grp[1]/k_call_dumb,137,3968
consent_grp[1]/k_grp[1]/k_ts_grp[1]/k_hit_face,137,3968
consent_grp[1]/k_grp[1]/k_ts_grp[1]/k_praised,137,3968
consent_grp[1]/k_grp[1]/k_ts_grp[1]/k_affection,137,3968
consent_grp[1]/k_grp[1]/k_ts_grp[1]/k_rewarded,137,3968
consent_grp[1]/l_teaching_prac_grp[1]/l_note,8,4105
consent_grp[1]/l_teaching_prac_grp[1]/l_previos_kinder_act[1]/tmp_l_prac_lab,186,4113
consent_grp[1]/l_teaching_prac_grp[1]/l_previos_kinder_act[1]/l_hygiene_routine,186,4113
consent_grp[1]/l_teaching_prac_grp[1]/l_previos_kinder_act[1]/l_supply,186,4113
consent_grp[1]/l_teaching_prac_grp[1]/l_previos_kinder_act[1]/l_pamper,186,4113
consent_grp[1]/l_teaching_prac_grp[1]/l_previos_kinder_act[1]/l_read,186,4113
consent_grp[1]/l_teaching_prac_grp[1]/l_previos_kinder_act[1]/l_tell,186,4113
consent_grp[1]/l_teaching_prac_grp[1]/l_previos_kinder_act[1]/l_conversatin,186,4113
consent_grp[1]/l_teaching_prac_grp[1]/l_previos_kinder_act[1]/l_sing,186,4113
consent_grp[1]/l_teaching_prac_grp[1]/l_previos_kinder_act[1]/l_dance,186,4113
consent_grp[1]/l_teaching_prac_grp[1]/l_previos_kinder_act[1]/l_visit,186,4113
consent_grp[1]/l_teaching_prac_grp[1]/l_previos_kinder_act[1]/l_play_kg,186,4113
consent_grp[1]/l_teaching_prac_grp[1]/l_previos_kinder_act[1]/l_play_recrea,186,4113
consent_grp[1]/l_teaching_prac_grp[1]/l_previos_kinder_act[1]/l_sleep,186,4113
consent_grp[1]/l_teaching_prac_grp[1]/l_previos_kinder_act[1]/l_run,186,4113
consent_grp[1]/l_teaching_prac_grp[1]/l_previos_kinder_act[1]/l_group_learn,186,4113
consent_grp[1]/l_teaching_prac_grp[1]/l_previos_kinder_act[1]/l_indiv_learn,186,4113
consent_grp[1]/l_teaching_prac_grp[1]/l_class_acti_grp[1]/l_act_grp[1]/tmp_l_class_lab,91,4300
consent_grp[1]/l_teaching_prac_grp[1]/l_class_acti_grp[1]/l_act_grp[1]/l_teach_colour,91,4300
consent_grp[1]/l_teaching_prac_grp[1]/l_class_acti_grp[1]/l_act_grp[1]/l_teach_number,91,4300
consent_grp[1]/l_teaching_prac_grp[1]/l_class_acti_grp[1]/l_act_grp[1]/l_teach_letter,91,4300
consent_grp[1]/l_teaching_prac_grp[1]/l_class_acti_grp[1]/l_act_grp[1]/l_teach_form,91,4300
consent_grp[1]/l_teaching_prac_grp[1]/l_class_acti_grp[1]/l_act_grp[1]/l_socialise,91,4300
consent_grp[1]/l_teaching_prac_grp[1]/l_class_acti_grp[1]/l_act_grp[1]/l_pro_solve,91,4300
consent_grp[1]/l_teaching_prac_grp[1]/l_class_acti_grp[1]/l_act_grp[1]/l_writing,91,4300
consent_grp[1]/l_teaching_prac_grp[1]/l_class_acti_grp[1]/l_act_grp[1]/l_teach_body,91,4300
consent_grp[1]/l_teaching_prac_grp[1]/l_class_acti_grp[1]/l_act_grp[1]/l_pers_hygiene,91,4300
consent_grp[1]/l_teaching_prac_grp[1]/l_class_acti_grp[1]/l_act_grp[1]/l_art_expre,91,4300
consent_grp[1]/l_teaching_prac_grp[1]/l_class_acti_grp[1]/l_act_grp[1]/l_body_lang,91,4300
consent_grp[1]/l_teaching_prac_grp[1]/l_class_acti_grp[1]/l_act_grp[1]/l_concentration,91,4300
consent_grp[1]/l_teaching_prac_grp[1]/l_class_acti_grp[1]/l_act_grp[1]/l_gross_motor,91,4300
consent_grp[1]/l_teaching_prac_grp[1]/l_class_acti_grp[1]/l_act_grp[1]/l_fine_motor,91,4300
consent_grp[1]/l_teaching_prac_grp[1]/l_class_acti_grp[1]/l_act_grp[1]/l_gender,91,4300
consent_grp[1]/l_teaching_prac_grp[1]/l_class_acti_grp[1]/l_act_grp[1]/l_responsibility,91,4300
consent_grp[1]/l_teaching_prac_grp[1]/l_class_acti_grp[1]/l_act_grp[1]/l_speech,91,4300
consent_grp[1]/l_teaching_prac_grp[1]/l_class_acti_grp[1]/l_act_grp[1]/l_explore_comm,91,4300
consent_grp[1]/l_teaching_prac_grp[1]/l_class_acti_grp[1]/l_act_grp[1]/l_explore_culture,91,4300
consent_grp[1]/l_teaching_prac_grp[1]/l_parent_interact_note,14,4391
consent_grp[1]/l_teaching_prac_grp[1]/l_actively_engaged,81,4404
consent_grp[1]/l_teaching_prac_grp[1]/l_proportion_child,18,4483
consent_grp[1]/l_teaching_prac_grp[1]/l_proportion_child_more,10,4503
consent_grp[1]/l_teaching_prac_grp[1]/l_visit_pupil_house,38,4513
consent_grp[1]/l_teaching_prac_grp[1]/l_visit_parent_house,36,4551
consent_grp[1]/l_teaching_prac_grp[1]/l_receive_parent_supp,20,4587
consent_grp[1]/l_teaching_prac_grp[1]/l_day_teaching_note,9,4606
consent_grp[1]/l_teaching_prac_grp[1]/l_day_grp[1]/tmp_l_labs,37,4616
consent_grp[1]/l_teaching_prac_grp[1]/l_day_grp[1]/l_daily_schedule,37,4616
consent_grp[1]/l_teaching_prac_grp[1]/l_day_grp[1]/l_play_period,37,4616
consent_grp[1]/l_teaching_prac_grp[1]/l_day_grp[1]/l_free_play,37,4616
consent_grp[1]/l_teaching_prac_grp[1]/l_day_grp[1]/l_activities,37,4616
consent_grp[1]/l_teaching_prac_grp[1]/l_per_daily_grp[1]/l_perc_note,267,4652
consent_grp[1]/l_teaching_prac_grp[1]/l_per_daily_grp[1]/l_admin_per,267,4652
consent_grp[1]/l_teaching_prac_grp[1]/l_per_daily_grp[1]/l_class_per,267,4652
consent_grp[1]/l_teaching_prac_grp[1]/l_per_daily_grp[1]/l_teach_per,267,4652
consent_grp[1]/l_teaching_prac_grp[1]/l_per_daily_grp[1]/l_super_per,267,4652
consent_grp[1]/l_teaching_prac_grp[1]/l_per_daily_grp[1]/l_super_oth_per,267,4652
consent_grp[1]/l_teaching_prac_grp[1]/l_per_daily_grp[1]/l_break_per,267,4652
consent_grp[1]/l_teaching_prac_grp[1]/l_discipline_note,4,4919
consent_grp[1]/l_teaching_prac_grp[1]/l_dont_like,41,4923
consent_grp[1]/l_teaching_prac_grp[1]/l_really_bad,25,4964
consent_grp[1]/l_teaching_prac_grp[1]/l_does_good,10,4989
consent_grp[1]/l_teaching_prac_grp[1]/l_praise,25,4999
consent_grp[1]/q_note,21,5024
consent_grp[1]/q_activ_yn,12,5045
consent_grp[1]/q_rpt[1]/q_activ_r,18,5057
consent_grp[1]/q_rpt[1]/q_activ_org_r,14,5075
consent_grp[1]/q_rpt[1]/q_activ_add_r,13,5087
s_int_accom_yn,6,5102
s_int_accom,1,5108
comments,2,5109
