Field name,Total duration (seconds),First appeared (seconds into survey)
instruction,1,2
a_district_id,2,3
a_circuit_id,11,6
a_kg_id,15,16
a_community_id,8,24
a_enum_id,20,27
consent_note,4,41
con_understand,4,43
con_questions,4,45
con_written,5,47
consent_grp[1]/audio_consent,4,49
consent_grp[1]/d_background_note,9,51
consent_grp[1]/section_d[1]/kgt_key,35,53
consent_grp[1]/section_d[1]/kgt_confirm_note,9,119
consent_grp[1]/section_d[1]/d_num_cnt,10,133
consent_grp[1]/section_d[1]/d_cnt_grp[1]/d_cnt_main,11,142
consent_grp[1]/section_d[1]/d_work_last,22,153
consent_grp[1]/section_d[1]/d_edu_level,13,175
consent_grp[1]/section_d[1]/d_edu_train,13,185
consent_grp[1]/section_d[1]/d_edu_level_train,13,201
consent_grp[1]/section_d[1]/d_marital_status,6,215
consent_grp[1]/section_d[1]/d_religion,4,220
consent_grp[1]/section_d[1]/d_la_spk_grp[1]/d_la_spk_note,56,224
consent_grp[1]/section_d[1]/d_la_spk_grp[1]/d_la_spk_eng,56,224
consent_grp[1]/section_d[1]/d_la_spk_grp[1]/d_la_spk_grun,56,224
consent_grp[1]/section_d[1]/d_la_wrt_grp[1]/d_la_wrt_note,21,281
consent_grp[1]/section_d[1]/d_la_wrt_grp[1]/d_la_wrt_eng,21,281
consent_grp[1]/section_d[1]/d_la_wrt_grp[1]/d_la_wrt_grun,21,281
consent_grp[1]/section_d[1]/d_main_language,18,302
consent_grp[1]/section_d[1]/d_loc_lang_kinderg,12,320
consent_grp[1]/f_moved_yn,23,332
consent_grp[1]/g_nature_wrk_note,6,355
consent_grp[1]/section_g[1]/g_teach_pos,7,361
consent_grp[1]/section_g[1]/g_teach_school,8,367
consent_grp[1]/section_g[1]/g_teach_sch_num,11,376
consent_grp[1]/section_g[1]/g_kg_grade,10,386
consent_grp[1]/section_g[1]/g_class_grp[1]/g_children_note,21,397
consent_grp[1]/section_g[1]/g_class_grp[1]/g_kg_2,21,397
consent_grp[1]/section_g[1]/g_ah_grp[1]/g_ah_note,57,418
consent_grp[1]/section_g[1]/g_ah_grp[1]/g_ah_working,57,418
consent_grp[1]/section_g[1]/g_ah_grp[1]/g_ah_prepping,57,418
consent_grp[1]/section_g[1]/g_eh_grp[1]/g_eh_note,49,475
consent_grp[1]/section_g[1]/g_eh_grp[1]/g_eh_working,49,475
consent_grp[1]/section_g[1]/g_eh_grp[1]/g_eh_prepping,49,475
consent_grp[1]/section_g[1]/g_teach_salary,14,524
consent_grp[1]/section_g[1]/g_salary_freq,13,538
consent_grp[1]/section_g[1]/g_salary_intime,42,550
consent_grp[1]/section_g[1]/g_money_cmp,9,592
consent_grp[1]/section_g[1]/g_job_outside,9,601
consent_grp[1]/section_g[1]/g_extra_money_spec,15,610
consent_grp[1]/section_g[1]/g_sch_pro_grp[1]/tmp_g_sch_pro_lab,231,625
consent_grp[1]/section_g[1]/g_sch_pro_grp[1]/g_class,231,625
consent_grp[1]/section_g[1]/g_sch_pro_grp[1]/g_class_taught,231,625
consent_grp[1]/section_g[1]/g_sch_pro_grp[1]/g_fin_resource,231,625
consent_grp[1]/section_g[1]/g_sch_pro_grp[1]/g_high_expe,231,625
consent_grp[1]/section_g[1]/g_sch_pro_grp[1]/g_change_curri,231,625
consent_grp[1]/section_g[1]/g_sch_pro_grp[1]/g_diff_curri,231,625
consent_grp[1]/section_g[1]/g_sch_pro_grp[1]/g_easy_curri,231,625
consent_grp[1]/section_g[1]/g_sch_pro_grp[1]/g_par_dem_high,231,625
consent_grp[1]/section_g[1]/g_sch_pro_grp[1]/g_par_suff_interest,231,625
consent_grp[1]/section_g[1]/g_sch_pro_grp[1]/g_par_suff_active,231,625
consent_grp[1]/section_g[1]/g_par_supp_grp[1]/g_par_supp_note,69,855
consent_grp[1]/section_g[1]/g_par_supp_grp[1]/g_home_wrk,49,872
consent_grp[1]/section_g[1]/g_par_supp_grp[1]/g_behave_val,17,973
consent_grp[1]/section_g[1]/g_par_supp_grp[1]/g_get_schl,12,990
consent_grp[1]/section_g[1]/g_par_supp_grp[1]/g_visit_schl,12,1002
consent_grp[1]/section_g[1]/g_par_supp_grp[1]/g_show_respect,13,1014
consent_grp[1]/section_g[1]/g_par_supp_grp[1]/g_best_schl,15,1027
consent_grp[1]/section_g[1]/g_par_supp_grp[1]/g_parti_pta,15,1042
consent_grp[1]/section_g[1]/g_par_supp_grp[1]/g_cont_kg_act,19,1056
consent_grp[1]/section_g[1]/g_lead_respect,29,1072
consent_grp[1]/section_g[1]/g_val_citizen,12,1105
consent_grp[1]/section_h[1]/sec_h_depre_note,49,1117
consent_grp[1]/section_h[1]/h_depression_grp[1]/h_da_note,106,1120
consent_grp[1]/section_h[1]/h_depression_grp[1]/tmp_h_da_lab,106,1120
consent_grp[1]/section_h[1]/h_depression_grp[1]/h_headache,106,1120
consent_grp[1]/section_h[1]/h_depression_grp[1]/h_appetite,106,1120
consent_grp[1]/section_h[1]/h_depression_grp[1]/h_sleep,106,1120
consent_grp[1]/section_h[1]/h_depression_grp[1]/h_frightened,106,1120
consent_grp[1]/section_h[1]/h_depression_grp[1]/h_hands_shake,106,1120
consent_grp[1]/section_h[1]/h_depression_grp[1]/h_nervous,106,1120
consent_grp[1]/section_h[1]/h_depression_grp[1]/h_digestion,106,1120
consent_grp[1]/section_h[1]/h_depression_grp[1]/h_thinking,106,1120
consent_grp[1]/section_h[1]/h_depression_grp[1]/h_unhappy,106,1120
consent_grp[1]/section_h[1]/h_depression_grp[1]/h_cry,106,1120
consent_grp[1]/section_h[1]/h_depression_grp[1]/h_activities,106,1120
consent_grp[1]/section_h[1]/h_depression_grp[1]/h_decisions,106,1120
consent_grp[1]/section_h[1]/h_depression_grp[1]/h_daily_work,106,1120
consent_grp[1]/section_h[1]/h_depression_grp[1]/h_life,106,1120
consent_grp[1]/section_h[1]/h_depression_grp[1]/h_interest,106,1120
consent_grp[1]/section_h[1]/h_depression_grp[1]/h_worthless,106,1120
consent_grp[1]/section_h[1]/h_depression_grp[1]/h_end_life,106,1120
consent_grp[1]/section_h[1]/h_depression_grp[1]/h_tired,106,1120
consent_grp[1]/section_h[1]/h_depression_grp[1]/h_uncomfortable,106,1120
consent_grp[1]/section_h[1]/h_depression_grp[1]/h_easily_tired,106,1120
consent_grp[1]/section_h[1]/sec_h_ext_contr_note,10,1272
consent_grp[1]/section_h[1]/h_ext_control_grp[1]/h_ext_cont_note,7,1282
consent_grp[1]/section_h[1]/h_ext_control_grp[1]/h_pup_learn,77,1289
consent_grp[1]/section_h[1]/h_ext_control_grp[1]/h_discipline,148,1366
consent_grp[1]/section_h[1]/h_ext_control_grp[1]/h_stu_achieve,42,1514
consent_grp[1]/section_h[1]/h_ext_control_grp[1]/h_teach_motiv,21,1556
consent_grp[1]/section_h[1]/h_ext_control_grp[1]/h_good_teach,11,1577
consent_grp[1]/section_h[1]/sec_h_motiv_note,3,1588
consent_grp[1]/section_h[1]/h_motiv_grp[1]/h_motiv_note,15,1591
consent_grp[1]/section_h[1]/h_motiv_grp[1]/h_motiv_help,33,1596
consent_grp[1]/section_h[1]/h_motiv_grp[1]/h_quest_school,31,1639
consent_grp[1]/section_h[1]/h_motiv_grp[1]/h_help_child,7,1671
consent_grp[1]/section_h[1]/h_motiv_grp[1]/h_sch_goal,14,1678
consent_grp[1]/section_h[1]/h_motiv_grp[1]/h_help_emot,8,1692
consent_grp[1]/section_h[1]/h_motiv_grp[1]/h_enjoy_teach,13,1700
consent_grp[1]/section_h[1]/h_motiv_grp[1]/h_develop_society,9,1713
consent_grp[1]/section_h[1]/h_motiv_grp[1]/h_develop_socially,9,1722
consent_grp[1]/section_h[1]/h_motiv_grp[1]/h_perso_clear,7,1731
consent_grp[1]/section_h[1]/h_impor_thing,80,1739
consent_grp[1]/section_h[1]/h_job_satisfaction_grp[1]/h_job_satis_note,20,1818
consent_grp[1]/section_h[1]/h_job_satisfaction_grp[1]/h_look_out,28,1838
consent_grp[1]/section_h[1]/h_job_satisfaction_grp[1]/h_perso_worries,9,1866
consent_grp[1]/section_h[1]/h_job_satisfaction_grp[1]/h_know_col,20,1875
consent_grp[1]/section_h[1]/h_job_satisfaction_grp[1]/h_col_coop,8,1895
consent_grp[1]/section_h[1]/h_job_satisfaction_grp[1]/h_trust_col,22,1902
consent_grp[1]/section_h[1]/h_job_satisfaction_grp[1]/h_enjoy_col,15,1924
consent_grp[1]/section_h[1]/h_job_satisfaction_grp[1]/h_sup_respect,9,1939
consent_grp[1]/section_h[1]/h_job_satisfaction_grp[1]/h_sup_busy,9,1948
consent_grp[1]/section_h[1]/h_job_satisfaction_grp[1]/h_sup_opinion,20,1957
consent_grp[1]/section_h[1]/h_job_satisfaction_grp[1]/h_count_sup,11,1977
consent_grp[1]/section_h[1]/h_job_satisfaction_grp[1]/h_motivated,10,1987
consent_grp[1]/section_h[1]/h_job_satisfaction_grp[1]/h_sup_unpredict,7,1996
consent_grp[1]/section_h[1]/h_job_satisfaction_grp[1]/h_wrk_challenge,10,2005
consent_grp[1]/section_h[1]/h_job_satisfaction_grp[1]/h_wrk_monotonous,11,2013
consent_grp[1]/section_h[1]/h_job_satisfaction_grp[1]/h_wrk_creative,7,2025
consent_grp[1]/section_h[1]/h_job_satisfaction_grp[1]/h_big_impact,7,2032
consent_grp[1]/section_h[1]/h_job_satisfaction_grp[1]/h_little_time,10,2039
consent_grp[1]/section_h[1]/h_job_satisfaction_grp[1]/h_control_satis,13,2048
consent_grp[1]/section_h[1]/h_job_satisfaction_grp[1]/h_look,11,2062
consent_grp[1]/section_h[1]/h_job_satisfaction_grp[1]/h_small_space,16,2072
consent_grp[1]/section_h[1]/h_job_satisfaction_grp[1]/h_new_mat,26,2089
consent_grp[1]/section_h[1]/h_job_satisfaction_grp[1]/h_clean_kinder,12,2115
consent_grp[1]/section_h[1]/h_job_satisfaction_grp[1]/h_loud_kinder,13,2126
consent_grp[1]/section_h[1]/h_job_satisfaction_grp[1]/h_kinder_rules,10,2139
consent_grp[1]/section_h[1]/h_job_satisfaction_grp[1]/h_satisfied_paid,9,2149
consent_grp[1]/section_h[1]/h_burnout_grp[1]/h_burnout_note,13,2158
consent_grp[1]/section_h[1]/h_burnout_grp[1]/h_emotion_drained,76,2171
consent_grp[1]/section_h[1]/h_burnout_grp[1]/h_used_up,10,2246
consent_grp[1]/section_h[1]/h_burnout_grp[1]/h_fatigued,9,2256
consent_grp[1]/section_h[1]/h_burnout_grp[1]/h_child_feel,17,2265
consent_grp[1]/section_h[1]/h_burnout_grp[1]/h_child_impersonal,13,2282
consent_grp[1]/section_h[1]/h_burnout_grp[1]/h_ppl_strain,16,2295
consent_grp[1]/section_h[1]/h_burnout_grp[1]/h_deal_effect,25,2311
consent_grp[1]/section_h[1]/h_burnout_grp[1]/h_burnout,17,2336
consent_grp[1]/section_h[1]/h_burnout_grp[1]/h_pos_influence,12,2353
consent_grp[1]/section_h[1]/h_burnout_grp[1]/h_cold,24,2365
consent_grp[1]/section_h[1]/h_burnout_grp[1]/h_hard,7,2389
consent_grp[1]/section_h[1]/h_burnout_grp[1]/h_energetic,11,2396
consent_grp[1]/section_h[1]/h_burnout_grp[1]/h_frustrated,6,2407
consent_grp[1]/section_h[1]/h_burnout_grp[1]/h_work_hard,9,2413
consent_grp[1]/section_h[1]/h_burnout_grp[1]/h_dont_care,8,2422
consent_grp[1]/section_h[1]/h_burnout_grp[1]/h_put_pressure,25,2430
consent_grp[1]/section_h[1]/h_burnout_grp[1]/h_relax,10,2455
consent_grp[1]/section_h[1]/h_burnout_grp[1]/h_excited,7,2465
consent_grp[1]/section_h[1]/h_burnout_grp[1]/h_accomplished,23,2472
consent_grp[1]/section_h[1]/h_burnout_grp[1]/h_end_of_rop,6,2495
consent_grp[1]/section_h[1]/h_burnout_grp[1]/h_emot_pro_calm,28,2501
consent_grp[1]/i_teacher_knowledge_grp[1]/I_teach_know_note,56,2529
consent_grp[1]/i_teacher_knowledge_grp[1]/i_consonance,33,2585
consent_grp[1]/i_teacher_knowledge_grp[1]/i_vowel,12,2618
consent_grp[1]/i_teacher_knowledge_grp[1]/i_unbelievable,38,2630
consent_grp[1]/i_teacher_knowledge_grp[1]/i_irregular,35,2668
consent_grp[1]/i_teacher_knowledge_grp[1]/i_cat,14,2703
consent_grp[1]/i_teacher_knowledge_grp[1]/i_cough,25,2718
consent_grp[1]/i_teacher_knowledge_grp[1]/i_check,13,2743
consent_grp[1]/i_teacher_knowledge_grp[1]/i_english,30,2756
consent_grp[1]/j_perception_grp[1]/j_perception_note,4,2786
consent_grp[1]/j_perception_grp[1]/j_dev_practice_grp[1]/j_dev_practice_note,73,2790
consent_grp[1]/j_perception_grp[1]/j_dev_practice_grp[1]/j_child_need,34,2792
consent_grp[1]/j_perception_grp[1]/j_dev_practice_grp[1]/j_recog_letter,16,2898
consent_grp[1]/j_perception_grp[1]/j_dev_practice_grp[1]/j_recog_number,9,2913
consent_grp[1]/j_perception_grp[1]/j_dev_practice_grp[1]/j_recog_colour,6,2922
consent_grp[1]/j_perception_grp[1]/j_dev_practice_grp[1]/j_indiv_goal,10,2928
consent_grp[1]/j_perception_grp[1]/j_dev_practice_grp[1]/j_play_materials,7,2938
consent_grp[1]/j_perception_grp[1]/j_dev_practice_grp[1]/j_child_measure,5,2944
consent_grp[1]/j_perception_grp[1]/j_supp_chil_grp[1]/j_supp_chil_note,3,2950
consent_grp[1]/j_perception_grp[1]/j_supp_chil_grp[1]/j_build_relation,9,2953
consent_grp[1]/j_perception_grp[1]/j_supp_chil_grp[1]/j_control_behaviour,7,2962
consent_grp[1]/j_perception_grp[1]/j_supp_chil_grp[1]/j_express_thought,7,2968
consent_grp[1]/j_perception_grp[1]/j_supp_chil_grp[1]/j_resolve_conflicts,8,2975
consent_grp[1]/j_perception_grp[1]/j_supp_chil_grp[1]/j_guidance_style,23,2984
consent_grp[1]/j_perception_grp[1]/j_fam_sensitive_grp[1]/j_fam_sensitive_note,58,3006
consent_grp[1]/j_perception_grp[1]/j_fam_sensitive_grp[1]/j_parent_goal,58,3006
consent_grp[1]/j_perception_grp[1]/j_fam_sensitive_grp[1]/j_work_schedule,58,3006
consent_grp[1]/j_perception_grp[1]/j_fam_sensitive_grp[1]/j_fam_decision,58,3006
consent_grp[1]/j_perception_grp[1]/j_fam_sensitive_grp[1]/j_family_care,58,3006
consent_grp[1]/j_perception_grp[1]/j_fam_sensitive_grp[1]/j_connect_family,58,3006
consent_grp[1]/k_grp[1]/k_instro_note,27,3065
consent_grp[1]/k_grp[1]/k_ts_grp[1]/tmp_k_labels,80,3067
consent_grp[1]/k_grp[1]/k_ts_grp[1]/k_take_priviledges,80,3067
consent_grp[1]/k_grp[1]/k_ts_grp[1]/k_explain_behavior,80,3067
consent_grp[1]/k_grp[1]/k_ts_grp[1]/k_shook,80,3067
consent_grp[1]/k_grp[1]/k_ts_grp[1]/k_shouted,80,3067
consent_grp[1]/k_grp[1]/k_ts_grp[1]/k_gave_something,80,3067
consent_grp[1]/k_grp[1]/k_ts_grp[1]/k_spanked,80,3067
consent_grp[1]/k_grp[1]/k_ts_grp[1]/k_hit_bottom,80,3067
consent_grp[1]/k_grp[1]/k_ts_grp[1]/k_call_dumb,80,3067
consent_grp[1]/k_grp[1]/k_ts_grp[1]/k_hit_face,80,3067
consent_grp[1]/k_grp[1]/k_ts_grp[1]/k_praised,80,3067
consent_grp[1]/k_grp[1]/k_ts_grp[1]/k_affection,80,3067
consent_grp[1]/k_grp[1]/k_ts_grp[1]/k_rewarded,80,3067
consent_grp[1]/l_teaching_prac_grp[1]/l_note,8,3172
consent_grp[1]/l_teaching_prac_grp[1]/l_previos_kinder_act[1]/tmp_l_prac_lab,61,3175
consent_grp[1]/l_teaching_prac_grp[1]/l_previos_kinder_act[1]/l_hygiene_routine,61,3175
consent_grp[1]/l_teaching_prac_grp[1]/l_previos_kinder_act[1]/l_supply,61,3175
consent_grp[1]/l_teaching_prac_grp[1]/l_previos_kinder_act[1]/l_pamper,61,3175
consent_grp[1]/l_teaching_prac_grp[1]/l_previos_kinder_act[1]/l_read,61,3175
consent_grp[1]/l_teaching_prac_grp[1]/l_previos_kinder_act[1]/l_tell,61,3175
consent_grp[1]/l_teaching_prac_grp[1]/l_previos_kinder_act[1]/l_conversatin,61,3175
consent_grp[1]/l_teaching_prac_grp[1]/l_previos_kinder_act[1]/l_sing,61,3175
consent_grp[1]/l_teaching_prac_grp[1]/l_previos_kinder_act[1]/l_dance,61,3175
consent_grp[1]/l_teaching_prac_grp[1]/l_previos_kinder_act[1]/l_visit,61,3175
consent_grp[1]/l_teaching_prac_grp[1]/l_previos_kinder_act[1]/l_play_kg,61,3175
consent_grp[1]/l_teaching_prac_grp[1]/l_previos_kinder_act[1]/l_play_recrea,61,3175
consent_grp[1]/l_teaching_prac_grp[1]/l_previos_kinder_act[1]/l_sleep,61,3175
consent_grp[1]/l_teaching_prac_grp[1]/l_previos_kinder_act[1]/l_run,61,3175
consent_grp[1]/l_teaching_prac_grp[1]/l_previos_kinder_act[1]/l_group_learn,61,3175
consent_grp[1]/l_teaching_prac_grp[1]/l_previos_kinder_act[1]/l_indiv_learn,61,3175
consent_grp[1]/l_teaching_prac_grp[1]/l_class_acti_grp[1]/l_act_grp[1]/tmp_l_class_lab,46,3241
consent_grp[1]/l_teaching_prac_grp[1]/l_class_acti_grp[1]/l_act_grp[1]/l_teach_colour,46,3241
consent_grp[1]/l_teaching_prac_grp[1]/l_class_acti_grp[1]/l_act_grp[1]/l_teach_number,46,3241
consent_grp[1]/l_teaching_prac_grp[1]/l_class_acti_grp[1]/l_act_grp[1]/l_teach_letter,46,3241
consent_grp[1]/l_teaching_prac_grp[1]/l_class_acti_grp[1]/l_act_grp[1]/l_teach_form,46,3241
consent_grp[1]/l_teaching_prac_grp[1]/l_class_acti_grp[1]/l_act_grp[1]/l_socialise,46,3241
consent_grp[1]/l_teaching_prac_grp[1]/l_class_acti_grp[1]/l_act_grp[1]/l_pro_solve,46,3241
consent_grp[1]/l_teaching_prac_grp[1]/l_class_acti_grp[1]/l_act_grp[1]/l_writing,46,3241
consent_grp[1]/l_teaching_prac_grp[1]/l_class_acti_grp[1]/l_act_grp[1]/l_teach_body,46,3241
consent_grp[1]/l_teaching_prac_grp[1]/l_class_acti_grp[1]/l_act_grp[1]/l_pers_hygiene,46,3241
consent_grp[1]/l_teaching_prac_grp[1]/l_class_acti_grp[1]/l_act_grp[1]/l_art_expre,46,3241
consent_grp[1]/l_teaching_prac_grp[1]/l_class_acti_grp[1]/l_act_grp[1]/l_body_lang,46,3241
consent_grp[1]/l_teaching_prac_grp[1]/l_class_acti_grp[1]/l_act_grp[1]/l_concentration,46,3241
consent_grp[1]/l_teaching_prac_grp[1]/l_class_acti_grp[1]/l_act_grp[1]/l_gross_motor,46,3241
consent_grp[1]/l_teaching_prac_grp[1]/l_class_acti_grp[1]/l_act_grp[1]/l_fine_motor,46,3241
consent_grp[1]/l_teaching_prac_grp[1]/l_class_acti_grp[1]/l_act_grp[1]/l_gender,46,3241
consent_grp[1]/l_teaching_prac_grp[1]/l_class_acti_grp[1]/l_act_grp[1]/l_responsibility,46,3241
consent_grp[1]/l_teaching_prac_grp[1]/l_class_acti_grp[1]/l_act_grp[1]/l_speech,46,3241
consent_grp[1]/l_teaching_prac_grp[1]/l_class_acti_grp[1]/l_act_grp[1]/l_explore_comm,46,3241
consent_grp[1]/l_teaching_prac_grp[1]/l_class_acti_grp[1]/l_act_grp[1]/l_explore_culture,46,3241
consent_grp[1]/l_teaching_prac_grp[1]/l_parent_interact_note,7,3287
consent_grp[1]/l_teaching_prac_grp[1]/l_actively_engaged,23,3294
consent_grp[1]/l_teaching_prac_grp[1]/l_proportion_child,6,3317
consent_grp[1]/l_teaching_prac_grp[1]/l_proportion_child_more,13,3323
consent_grp[1]/l_teaching_prac_grp[1]/l_visit_pupil_house,30,3336
consent_grp[1]/l_teaching_prac_grp[1]/l_visit_parent_house,4,3367
consent_grp[1]/l_teaching_prac_grp[1]/l_receive_parent_supp,3,3370
consent_grp[1]/l_teaching_prac_grp[1]/l_day_teaching_note,6,3374
consent_grp[1]/l_teaching_prac_grp[1]/l_day_grp[1]/tmp_l_labs,38,3380
consent_grp[1]/l_teaching_prac_grp[1]/l_day_grp[1]/l_daily_schedule,38,3380
consent_grp[1]/l_teaching_prac_grp[1]/l_day_grp[1]/l_play_period,38,3380
consent_grp[1]/l_teaching_prac_grp[1]/l_day_grp[1]/l_free_play,38,3380
consent_grp[1]/l_teaching_prac_grp[1]/l_day_grp[1]/l_activities,38,3380
consent_grp[1]/l_teaching_prac_grp[1]/l_per_daily_grp[1]/l_perc_note,302,3418
consent_grp[1]/l_teaching_prac_grp[1]/l_per_daily_grp[1]/l_admin_per,302,3418
consent_grp[1]/l_teaching_prac_grp[1]/l_per_daily_grp[1]/l_class_per,302,3418
consent_grp[1]/l_teaching_prac_grp[1]/l_per_daily_grp[1]/l_teach_per,302,3418
consent_grp[1]/l_teaching_prac_grp[1]/l_per_daily_grp[1]/l_super_per,302,3418
consent_grp[1]/l_teaching_prac_grp[1]/l_per_daily_grp[1]/l_super_oth_per,302,3418
consent_grp[1]/l_teaching_prac_grp[1]/l_per_daily_grp[1]/l_break_per,302,3418
consent_grp[1]/l_teaching_prac_grp[1]/l_discipline_note,28,3720
consent_grp[1]/l_teaching_prac_grp[1]/l_dont_like,29,3748
consent_grp[1]/l_teaching_prac_grp[1]/l_really_bad,21,3777
consent_grp[1]/l_teaching_prac_grp[1]/l_does_good,18,3798
consent_grp[1]/l_teaching_prac_grp[1]/l_praise,11,3816
consent_grp[1]/q_note,21,3828
consent_grp[1]/q_activ_yn,16,3831
s_int_accom_yn,4,3864
s_int_accom,5,3868
comments,3,3873
