Field name,Total duration (seconds),First appeared (seconds into survey)
instruction,5,6
a_district_id,3,10
a_circuit_id,25,13
a_kg_id,10,38
a_community_id,3,48
a_enum_id,191,51
consent_note,65,58
con_understand,10,307
con_questions,2,316
con_written,2,318
consent_grp[1]/audio_consent,1,320
consent_grp[1]/d_background_note,12,321
consent_grp[1]/section_d[1]/kgt_key,21,333
consent_grp[1]/section_d[1]/kgt_confirm_note,14,354
consent_grp[1]/section_d[1]/d_num_cnt,19,359
consent_grp[1]/section_d[1]/d_cnt_grp[1]/d_cnt_main,13,374
consent_grp[1]/section_d[1]/d_cnt_grp[1]/d_cnt_sec,2,388
consent_grp[1]/section_d[1]/d_work_last,9,400
consent_grp[1]/section_d[1]/d_edu_level,16,409
consent_grp[1]/section_d[1]/d_edu_train,12,425
consent_grp[1]/section_d[1]/d_edu_level_train,21,436
consent_grp[1]/section_d[1]/d_marital_status,9,458
consent_grp[1]/section_d[1]/d_religion,7,467
consent_grp[1]/section_d[1]/d_la_spk_grp[1]/d_la_spk_note,37,474
consent_grp[1]/section_d[1]/d_la_spk_grp[1]/d_la_spk_eng,37,474
consent_grp[1]/section_d[1]/d_la_spk_grp[1]/d_la_spk_grun,37,474
consent_grp[1]/section_d[1]/d_la_wrt_grp[1]/d_la_wrt_note,55,511
consent_grp[1]/section_d[1]/d_la_wrt_grp[1]/d_la_wrt_eng,55,511
consent_grp[1]/section_d[1]/d_la_wrt_grp[1]/d_la_wrt_grun,55,511
consent_grp[1]/section_d[1]/d_main_language,19,566
consent_grp[1]/section_d[1]/d_loc_lang_kinderg,7,585
consent_grp[1]/f_moved_yn,60,592
consent_grp[1]/g_nature_wrk_note,3,651
consent_grp[1]/section_g[1]/g_teach_pos,11,654
consent_grp[1]/section_g[1]/g_teach_school,13,665
consent_grp[1]/section_g[1]/g_kg_grade,29,678
consent_grp[1]/section_g[1]/g_class_grp[1]/g_children_note,35,696
consent_grp[1]/section_g[1]/g_class_grp[1]/g_kg_1,30,696
consent_grp[1]/section_g[1]/g_ah_grp[1]/g_ah_note,188,724
consent_grp[1]/section_g[1]/g_ah_grp[1]/g_ah_working,188,724
consent_grp[1]/section_g[1]/g_ah_grp[1]/g_ah_prepping,188,724
consent_grp[1]/section_g[1]/g_class_grp[1]/g_kg_combined,5,744
consent_grp[1]/section_g[1]/g_eh_grp[1]/g_eh_note,159,914
consent_grp[1]/section_g[1]/g_eh_grp[1]/g_eh_working,159,914
consent_grp[1]/section_g[1]/g_eh_grp[1]/g_eh_prepping,159,914
consent_grp[1]/section_g[1]/g_teach_salary,40,1035
consent_grp[1]/section_g[1]/g_salary_range,61,1118
consent_grp[1]/section_g[1]/g_salary_freq,13,1145
consent_grp[1]/section_g[1]/g_salary_intime,26,1154
consent_grp[1]/section_g[1]/g_money_cmp,25,1174
consent_grp[1]/section_g[1]/g_job_outside,10,1185
consent_grp[1]/section_g[1]/g_extra_money_spec,17,1193
consent_grp[1]/section_g[1]/g_sch_pro_grp[1]/tmp_g_sch_pro_lab,122,1219
consent_grp[1]/section_g[1]/g_sch_pro_grp[1]/g_class,122,1219
consent_grp[1]/section_g[1]/g_sch_pro_grp[1]/g_class_taught,122,1219
consent_grp[1]/section_g[1]/g_sch_pro_grp[1]/g_fin_resource,122,1219
consent_grp[1]/section_g[1]/g_sch_pro_grp[1]/g_high_expe,122,1219
consent_grp[1]/section_g[1]/g_sch_pro_grp[1]/g_change_curri,122,1219
consent_grp[1]/section_g[1]/g_sch_pro_grp[1]/g_diff_curri,122,1219
consent_grp[1]/section_g[1]/g_sch_pro_grp[1]/g_easy_curri,122,1219
consent_grp[1]/section_g[1]/g_sch_pro_grp[1]/g_par_dem_high,122,1219
consent_grp[1]/section_g[1]/g_sch_pro_grp[1]/g_par_suff_interest,122,1219
consent_grp[1]/section_g[1]/g_sch_pro_grp[1]/g_par_suff_active,122,1219
consent_grp[1]/section_g[1]/g_par_supp_grp[1]/g_par_supp_note,10,1341
consent_grp[1]/section_g[1]/g_par_supp_grp[1]/g_home_wrk,8,1352
consent_grp[1]/section_g[1]/g_par_supp_grp[1]/g_behave_val,27,1360
consent_grp[1]/section_g[1]/g_par_supp_grp[1]/g_get_schl,9,1387
consent_grp[1]/section_g[1]/g_par_supp_grp[1]/g_visit_schl,9,1396
consent_grp[1]/section_g[1]/g_par_supp_grp[1]/g_show_respect,7,1405
consent_grp[1]/section_g[1]/g_par_supp_grp[1]/g_best_schl,7,1412
consent_grp[1]/section_g[1]/g_par_supp_grp[1]/g_parti_pta,13,1419
consent_grp[1]/section_g[1]/g_par_supp_grp[1]/g_cont_kg_act,10,1431
consent_grp[1]/section_g[1]/g_lead_respect,19,1441
consent_grp[1]/section_g[1]/g_val_citizen,19,1460
consent_grp[1]/section_h[1]/sec_h_depre_note,15,1480
consent_grp[1]/section_h[1]/h_depression_grp[1]/h_da_note,117,1482
consent_grp[1]/section_h[1]/h_depression_grp[1]/tmp_h_da_lab,117,1482
consent_grp[1]/section_h[1]/h_depression_grp[1]/h_headache,117,1482
consent_grp[1]/section_h[1]/h_depression_grp[1]/h_appetite,117,1482
consent_grp[1]/section_h[1]/h_depression_grp[1]/h_sleep,117,1482
consent_grp[1]/section_h[1]/h_depression_grp[1]/h_frightened,117,1482
consent_grp[1]/section_h[1]/h_depression_grp[1]/h_hands_shake,117,1482
consent_grp[1]/section_h[1]/h_depression_grp[1]/h_nervous,117,1482
consent_grp[1]/section_h[1]/h_depression_grp[1]/h_digestion,117,1482
consent_grp[1]/section_h[1]/h_depression_grp[1]/h_thinking,117,1482
consent_grp[1]/section_h[1]/h_depression_grp[1]/h_unhappy,117,1482
consent_grp[1]/section_h[1]/h_depression_grp[1]/h_cry,117,1482
consent_grp[1]/section_h[1]/h_depression_grp[1]/h_activities,117,1482
consent_grp[1]/section_h[1]/h_depression_grp[1]/h_decisions,117,1482
consent_grp[1]/section_h[1]/h_depression_grp[1]/h_daily_work,117,1482
consent_grp[1]/section_h[1]/h_depression_grp[1]/h_life,117,1482
consent_grp[1]/section_h[1]/h_depression_grp[1]/h_interest,117,1482
consent_grp[1]/section_h[1]/h_depression_grp[1]/h_worthless,117,1482
consent_grp[1]/section_h[1]/h_depression_grp[1]/h_end_life,117,1482
consent_grp[1]/section_h[1]/h_depression_grp[1]/h_tired,117,1482
consent_grp[1]/section_h[1]/h_depression_grp[1]/h_uncomfortable,117,1482
consent_grp[1]/section_h[1]/h_depression_grp[1]/h_easily_tired,117,1482
consent_grp[1]/section_h[1]/sec_h_ext_contr_note,3,1612
consent_grp[1]/section_h[1]/h_ext_control_grp[1]/h_ext_cont_note,2,1615
consent_grp[1]/section_h[1]/h_ext_control_grp[1]/h_pup_learn,40,1617
consent_grp[1]/section_h[1]/h_ext_control_grp[1]/h_discipline,24,1657
consent_grp[1]/section_h[1]/h_ext_control_grp[1]/h_stu_achieve,20,1681
consent_grp[1]/section_h[1]/h_ext_control_grp[1]/h_teach_motiv,21,1701
consent_grp[1]/section_h[1]/h_ext_control_grp[1]/h_good_teach,14,1722
consent_grp[1]/section_h[1]/sec_h_motiv_note,2,1736
consent_grp[1]/section_h[1]/h_motiv_grp[1]/h_motiv_note,9,1738
consent_grp[1]/section_h[1]/h_motiv_grp[1]/h_motiv_help,44,1746
consent_grp[1]/section_h[1]/h_motiv_grp[1]/h_quest_school,21,1784
consent_grp[1]/section_h[1]/h_motiv_grp[1]/h_help_child,29,1804
consent_grp[1]/section_h[1]/h_motiv_grp[1]/h_sch_goal,33,1825
consent_grp[1]/section_h[1]/h_motiv_grp[1]/h_help_emot,6,1873
consent_grp[1]/section_h[1]/h_motiv_grp[1]/h_enjoy_teach,5,1879
consent_grp[1]/section_h[1]/h_motiv_grp[1]/h_develop_society,9,1885
consent_grp[1]/section_h[1]/h_motiv_grp[1]/h_develop_socially,8,1893
consent_grp[1]/section_h[1]/h_motiv_grp[1]/h_perso_clear,5,1901
consent_grp[1]/section_h[1]/h_impor_thing,46,1906
consent_grp[1]/section_h[1]/h_job_satisfaction_grp[1]/h_job_satis_note,17,1953
consent_grp[1]/section_h[1]/h_job_satisfaction_grp[1]/h_look_out,183,1968
consent_grp[1]/section_h[1]/h_job_satisfaction_grp[1]/h_perso_worries,9,2153
consent_grp[1]/section_h[1]/h_job_satisfaction_grp[1]/h_know_col,21,2160
consent_grp[1]/section_h[1]/h_job_satisfaction_grp[1]/h_col_coop,9,2183
consent_grp[1]/section_h[1]/h_job_satisfaction_grp[1]/h_trust_col,6,2191
consent_grp[1]/section_h[1]/h_job_satisfaction_grp[1]/h_enjoy_col,8,2197
consent_grp[1]/section_h[1]/h_job_satisfaction_grp[1]/h_sup_respect,16,2205
consent_grp[1]/section_h[1]/h_job_satisfaction_grp[1]/h_sup_busy,9,2221
consent_grp[1]/section_h[1]/h_job_satisfaction_grp[1]/h_sup_opinion,14,2230
consent_grp[1]/section_h[1]/h_job_satisfaction_grp[1]/h_count_sup,6,2245
consent_grp[1]/section_h[1]/h_job_satisfaction_grp[1]/h_motivated,10,2250
consent_grp[1]/section_h[1]/h_job_satisfaction_grp[1]/h_sup_unpredict,9,2261
consent_grp[1]/section_h[1]/h_job_satisfaction_grp[1]/h_wrk_challenge,11,2270
consent_grp[1]/section_h[1]/h_job_satisfaction_grp[1]/h_wrk_monotonous,21,2282
consent_grp[1]/section_h[1]/h_job_satisfaction_grp[1]/h_wrk_creative,5,2303
consent_grp[1]/section_h[1]/h_job_satisfaction_grp[1]/h_big_impact,17,2308
consent_grp[1]/section_h[1]/h_job_satisfaction_grp[1]/h_little_time,15,2325
consent_grp[1]/section_h[1]/h_job_satisfaction_grp[1]/h_control_satis,15,2340
consent_grp[1]/section_h[1]/h_job_satisfaction_grp[1]/h_look,23,2355
consent_grp[1]/section_h[1]/h_job_satisfaction_grp[1]/h_small_space,20,2378
consent_grp[1]/section_h[1]/h_job_satisfaction_grp[1]/h_new_mat,11,2398
consent_grp[1]/section_h[1]/h_job_satisfaction_grp[1]/h_clean_kinder,16,2409
consent_grp[1]/section_h[1]/h_job_satisfaction_grp[1]/h_loud_kinder,5,2425
consent_grp[1]/section_h[1]/h_job_satisfaction_grp[1]/h_kinder_rules,10,2431
consent_grp[1]/section_h[1]/h_job_satisfaction_grp[1]/h_satisfied_paid,7,2441
consent_grp[1]/section_h[1]/h_burnout_grp[1]/h_burnout_note,11,2449
consent_grp[1]/section_h[1]/h_burnout_grp[1]/h_emotion_drained,41,2459
consent_grp[1]/section_h[1]/h_burnout_grp[1]/h_used_up,14,2500
consent_grp[1]/section_h[1]/h_burnout_grp[1]/h_fatigued,16,2514
consent_grp[1]/section_h[1]/h_burnout_grp[1]/h_child_feel,25,2528
consent_grp[1]/section_h[1]/h_burnout_grp[1]/h_child_impersonal,18,2555
consent_grp[1]/section_h[1]/h_burnout_grp[1]/h_ppl_strain,22,2573
consent_grp[1]/section_h[1]/h_burnout_grp[1]/h_deal_effect,16,2596
consent_grp[1]/section_h[1]/h_burnout_grp[1]/h_burnout,20,2611
consent_grp[1]/section_h[1]/h_burnout_grp[1]/h_pos_influence,31,2631
consent_grp[1]/section_h[1]/h_burnout_grp[1]/h_cold,22,2662
consent_grp[1]/section_h[1]/h_burnout_grp[1]/h_hard,9,2684
consent_grp[1]/section_h[1]/h_burnout_grp[1]/h_energetic,10,2693
consent_grp[1]/section_h[1]/h_burnout_grp[1]/h_frustrated,5,2703
consent_grp[1]/section_h[1]/h_burnout_grp[1]/h_work_hard,6,2709
consent_grp[1]/section_h[1]/h_burnout_grp[1]/h_dont_care,6,2715
consent_grp[1]/section_h[1]/h_burnout_grp[1]/h_put_pressure,40,2720
consent_grp[1]/section_h[1]/h_burnout_grp[1]/h_relax,18,2760
consent_grp[1]/section_h[1]/h_burnout_grp[1]/h_excited,22,2779
consent_grp[1]/section_h[1]/h_burnout_grp[1]/h_accomplished,15,2801
consent_grp[1]/section_h[1]/h_burnout_grp[1]/h_end_of_rop,3,2816
consent_grp[1]/section_h[1]/h_burnout_grp[1]/h_emot_pro_calm,5,2819
consent_grp[1]/i_teacher_knowledge_grp[1]/I_teach_know_note,4,2824
consent_grp[1]/i_teacher_knowledge_grp[1]/i_consonance,54,2828
consent_grp[1]/i_teacher_knowledge_grp[1]/i_vowel,22,2882
consent_grp[1]/i_teacher_knowledge_grp[1]/i_unbelievable,49,2905
consent_grp[1]/i_teacher_knowledge_grp[1]/i_irregular,15,2953
consent_grp[1]/i_teacher_knowledge_grp[1]/i_cat,19,2968
consent_grp[1]/i_teacher_knowledge_grp[1]/i_cough,18,2988
consent_grp[1]/i_teacher_knowledge_grp[1]/i_check,22,3005
consent_grp[1]/i_teacher_knowledge_grp[1]/i_english,24,3027
consent_grp[1]/j_perception_grp[1]/j_perception_note,9,3051
consent_grp[1]/j_perception_grp[1]/j_dev_practice_grp[1]/j_dev_practice_note,7,3061
consent_grp[1]/j_perception_grp[1]/j_dev_practice_grp[1]/j_child_need,42,3068
consent_grp[1]/j_perception_grp[1]/j_dev_practice_grp[1]/j_recog_letter,11,3109
consent_grp[1]/j_perception_grp[1]/j_dev_practice_grp[1]/j_recog_number,2,3120
consent_grp[1]/j_perception_grp[1]/j_dev_practice_grp[1]/j_recog_colour,5,3123
consent_grp[1]/j_perception_grp[1]/j_dev_practice_grp[1]/j_indiv_goal,2,3128
consent_grp[1]/j_perception_grp[1]/j_dev_practice_grp[1]/j_play_materials,2,3129
consent_grp[1]/j_perception_grp[1]/j_dev_practice_grp[1]/j_child_measure,3,3131
consent_grp[1]/j_perception_grp[1]/j_supp_chil_grp[1]/j_supp_chil_note,3,3133
consent_grp[1]/j_perception_grp[1]/j_supp_chil_grp[1]/j_build_relation,3,3137
consent_grp[1]/j_perception_grp[1]/j_supp_chil_grp[1]/j_control_behaviour,1,3140
consent_grp[1]/j_perception_grp[1]/j_supp_chil_grp[1]/j_express_thought,2,3142
consent_grp[1]/j_perception_grp[1]/j_supp_chil_grp[1]/j_resolve_conflicts,5,3144
consent_grp[1]/j_perception_grp[1]/j_supp_chil_grp[1]/j_guidance_style,6,3149
consent_grp[1]/j_perception_grp[1]/j_fam_sensitive_grp[1]/j_fam_sensitive_note,30,3154
consent_grp[1]/j_perception_grp[1]/j_fam_sensitive_grp[1]/j_parent_goal,30,3154
consent_grp[1]/j_perception_grp[1]/j_fam_sensitive_grp[1]/j_work_schedule,30,3154
consent_grp[1]/j_perception_grp[1]/j_fam_sensitive_grp[1]/j_fam_decision,30,3154
consent_grp[1]/j_perception_grp[1]/j_fam_sensitive_grp[1]/j_family_care,30,3154
consent_grp[1]/j_perception_grp[1]/j_fam_sensitive_grp[1]/j_connect_family,30,3154
consent_grp[1]/k_grp[1]/k_instro_note,46,3184
consent_grp[1]/k_grp[1]/k_ts_grp[1]/tmp_k_labels,71,3186
consent_grp[1]/k_grp[1]/k_ts_grp[1]/k_take_priviledges,71,3186
consent_grp[1]/k_grp[1]/k_ts_grp[1]/k_explain_behavior,71,3186
consent_grp[1]/k_grp[1]/k_ts_grp[1]/k_shook,71,3186
consent_grp[1]/k_grp[1]/k_ts_grp[1]/k_shouted,71,3186
consent_grp[1]/k_grp[1]/k_ts_grp[1]/k_gave_something,71,3186
consent_grp[1]/k_grp[1]/k_ts_grp[1]/k_spanked,71,3186
consent_grp[1]/k_grp[1]/k_ts_grp[1]/k_hit_bottom,71,3186
consent_grp[1]/k_grp[1]/k_ts_grp[1]/k_call_dumb,71,3186
consent_grp[1]/k_grp[1]/k_ts_grp[1]/k_hit_face,71,3186
consent_grp[1]/k_grp[1]/k_ts_grp[1]/k_praised,71,3186
consent_grp[1]/k_grp[1]/k_ts_grp[1]/k_affection,71,3186
consent_grp[1]/k_grp[1]/k_ts_grp[1]/k_rewarded,71,3186
consent_grp[1]/l_teaching_prac_grp[1]/l_note,7,3301
consent_grp[1]/l_teaching_prac_grp[1]/l_previos_kinder_act[1]/tmp_l_prac_lab,74,3304
consent_grp[1]/l_teaching_prac_grp[1]/l_previos_kinder_act[1]/l_hygiene_routine,74,3304
consent_grp[1]/l_teaching_prac_grp[1]/l_previos_kinder_act[1]/l_supply,74,3304
consent_grp[1]/l_teaching_prac_grp[1]/l_previos_kinder_act[1]/l_pamper,74,3304
consent_grp[1]/l_teaching_prac_grp[1]/l_previos_kinder_act[1]/l_read,74,3304
consent_grp[1]/l_teaching_prac_grp[1]/l_previos_kinder_act[1]/l_tell,74,3304
consent_grp[1]/l_teaching_prac_grp[1]/l_previos_kinder_act[1]/l_conversatin,74,3304
consent_grp[1]/l_teaching_prac_grp[1]/l_previos_kinder_act[1]/l_sing,74,3304
consent_grp[1]/l_teaching_prac_grp[1]/l_previos_kinder_act[1]/l_dance,74,3304
consent_grp[1]/l_teaching_prac_grp[1]/l_previos_kinder_act[1]/l_visit,74,3304
consent_grp[1]/l_teaching_prac_grp[1]/l_previos_kinder_act[1]/l_play_kg,74,3304
consent_grp[1]/l_teaching_prac_grp[1]/l_previos_kinder_act[1]/l_play_recrea,74,3304
consent_grp[1]/l_teaching_prac_grp[1]/l_previos_kinder_act[1]/l_sleep,74,3304
consent_grp[1]/l_teaching_prac_grp[1]/l_previos_kinder_act[1]/l_run,74,3304
consent_grp[1]/l_teaching_prac_grp[1]/l_previos_kinder_act[1]/l_group_learn,74,3304
consent_grp[1]/l_teaching_prac_grp[1]/l_previos_kinder_act[1]/l_indiv_learn,74,3304
consent_grp[1]/l_teaching_prac_grp[1]/l_class_acti_grp[1]/l_act_grp[1]/tmp_l_class_lab,91,3371
consent_grp[1]/l_teaching_prac_grp[1]/l_class_acti_grp[1]/l_act_grp[1]/l_teach_colour,91,3371
consent_grp[1]/l_teaching_prac_grp[1]/l_class_acti_grp[1]/l_act_grp[1]/l_teach_number,91,3371
consent_grp[1]/l_teaching_prac_grp[1]/l_class_acti_grp[1]/l_act_grp[1]/l_teach_letter,91,3371
consent_grp[1]/l_teaching_prac_grp[1]/l_class_acti_grp[1]/l_act_grp[1]/l_teach_form,91,3371
consent_grp[1]/l_teaching_prac_grp[1]/l_class_acti_grp[1]/l_act_grp[1]/l_socialise,91,3371
consent_grp[1]/l_teaching_prac_grp[1]/l_class_acti_grp[1]/l_act_grp[1]/l_pro_solve,91,3371
consent_grp[1]/l_teaching_prac_grp[1]/l_class_acti_grp[1]/l_act_grp[1]/l_writing,91,3371
consent_grp[1]/l_teaching_prac_grp[1]/l_class_acti_grp[1]/l_act_grp[1]/l_teach_body,91,3371
consent_grp[1]/l_teaching_prac_grp[1]/l_class_acti_grp[1]/l_act_grp[1]/l_pers_hygiene,91,3371
consent_grp[1]/l_teaching_prac_grp[1]/l_class_acti_grp[1]/l_act_grp[1]/l_art_expre,91,3371
consent_grp[1]/l_teaching_prac_grp[1]/l_class_acti_grp[1]/l_act_grp[1]/l_body_lang,91,3371
consent_grp[1]/l_teaching_prac_grp[1]/l_class_acti_grp[1]/l_act_grp[1]/l_concentration,91,3371
consent_grp[1]/l_teaching_prac_grp[1]/l_class_acti_grp[1]/l_act_grp[1]/l_gross_motor,91,3371
consent_grp[1]/l_teaching_prac_grp[1]/l_class_acti_grp[1]/l_act_grp[1]/l_fine_motor,91,3371
consent_grp[1]/l_teaching_prac_grp[1]/l_class_acti_grp[1]/l_act_grp[1]/l_gender,91,3371
consent_grp[1]/l_teaching_prac_grp[1]/l_class_acti_grp[1]/l_act_grp[1]/l_responsibility,91,3371
consent_grp[1]/l_teaching_prac_grp[1]/l_class_acti_grp[1]/l_act_grp[1]/l_speech,91,3371
consent_grp[1]/l_teaching_prac_grp[1]/l_class_acti_grp[1]/l_act_grp[1]/l_explore_comm,91,3371
consent_grp[1]/l_teaching_prac_grp[1]/l_class_acti_grp[1]/l_act_grp[1]/l_explore_culture,91,3371
consent_grp[1]/l_teaching_prac_grp[1]/l_parent_interact_note,3,3431
consent_grp[1]/l_teaching_prac_grp[1]/l_actively_engaged,35,3434
consent_grp[1]/l_teaching_prac_grp[1]/l_proportion_child,15,3469
consent_grp[1]/l_teaching_prac_grp[1]/l_proportion_child_more,9,3484
consent_grp[1]/l_teaching_prac_grp[1]/l_visit_pupil_house,32,3493
consent_grp[1]/l_teaching_prac_grp[1]/l_visit_parent_house,10,3525
consent_grp[1]/l_teaching_prac_grp[1]/l_receive_parent_supp,16,3535
consent_grp[1]/l_teaching_prac_grp[1]/l_day_teaching_note,4,3550
consent_grp[1]/l_teaching_prac_grp[1]/l_day_grp[1]/tmp_l_labs,72,3555
consent_grp[1]/l_teaching_prac_grp[1]/l_day_grp[1]/l_daily_schedule,72,3555
consent_grp[1]/l_teaching_prac_grp[1]/l_day_grp[1]/l_play_period,72,3555
consent_grp[1]/l_teaching_prac_grp[1]/l_day_grp[1]/l_free_play,72,3555
consent_grp[1]/l_teaching_prac_grp[1]/l_day_grp[1]/l_activities,72,3555
consent_grp[1]/l_teaching_prac_grp[1]/l_per_daily_grp[1]/l_perc_note,282,3626
consent_grp[1]/l_teaching_prac_grp[1]/l_per_daily_grp[1]/l_admin_per,282,3626
consent_grp[1]/l_teaching_prac_grp[1]/l_per_daily_grp[1]/l_class_per,282,3626
consent_grp[1]/l_teaching_prac_grp[1]/l_per_daily_grp[1]/l_teach_per,282,3626
consent_grp[1]/l_teaching_prac_grp[1]/l_per_daily_grp[1]/l_super_per,282,3626
consent_grp[1]/l_teaching_prac_grp[1]/l_per_daily_grp[1]/l_super_oth_per,282,3626
consent_grp[1]/l_teaching_prac_grp[1]/l_per_daily_grp[1]/l_break_per,282,3626
consent_grp[1]/l_teaching_prac_grp[1]/l_discipline_note,5,3899
consent_grp[1]/l_teaching_prac_grp[1]/l_dont_like,35,3913
consent_grp[1]/l_teaching_prac_grp[1]/l_really_bad,24,3948
consent_grp[1]/l_teaching_prac_grp[1]/l_does_good,16,3972
consent_grp[1]/l_teaching_prac_grp[1]/l_praise,19,3988
consent_grp[1]/q_note,21,4007
consent_grp[1]/q_activ_yn,12,4028
consent_grp[1]/q_rpt[1]/q_activ_r,37,4038
consent_grp[1]/q_rpt[1]/q_activ_org_r,15,4077
consent_grp[1]/q_rpt[1]/q_activ_add_r,20,4093
s_int_accom_yn,2,4112
comments,2,4114
