Field name,Total duration (seconds),First appeared (seconds into survey)
instruction,2,3
a_district_id,4,4
a_circuit_id,28,8
a_kg_id,16,36
a_community_id,3,53
a_enum_id,4,55
consent_note,333,60
con_understand,2,392
con_questions,2,395
con_written,2,396
consent_grp[1]/audio_consent,1,398
consent_grp[1]/d_background_note,1,399
consent_grp[1]/section_d[1]/kgt_key,11,400
consent_grp[1]/section_d[1]/kgt_confirm_note,16,411
consent_grp[1]/section_d[1]/d_num_cnt,19,417
consent_grp[1]/section_d[1]/d_cnt_grp[1]/d_cnt_main,30,446
consent_grp[1]/section_d[1]/d_cnt_grp[1]/d_cnt_sec,30,446
consent_grp[1]/section_d[1]/d_work_last,10,476
consent_grp[1]/section_d[1]/d_edu_level,20,486
consent_grp[1]/section_d[1]/d_edu_train,25,506
consent_grp[1]/section_d[1]/d_edu_level_train,5,532
consent_grp[1]/section_d[1]/d_marital_status,9,537
consent_grp[1]/section_d[1]/d_religion,5,546
consent_grp[1]/section_d[1]/d_la_spk_grp[1]/d_la_spk_note,48,551
consent_grp[1]/section_d[1]/d_la_spk_grp[1]/d_la_spk_eng,48,551
consent_grp[1]/section_d[1]/d_la_spk_grp[1]/d_la_spk_grun,48,551
consent_grp[1]/section_d[1]/d_la_wrt_grp[1]/d_la_wrt_note,53,599
consent_grp[1]/section_d[1]/d_la_wrt_grp[1]/d_la_wrt_eng,53,599
consent_grp[1]/section_d[1]/d_la_wrt_grp[1]/d_la_wrt_grun,53,599
consent_grp[1]/section_d[1]/d_main_language,28,651
consent_grp[1]/section_d[1]/d_loc_lang_kinderg,22,679
consent_grp[1]/f_moved_yn,26,701
consent_grp[1]/g_nature_wrk_note,6,727
consent_grp[1]/section_g[1]/g_teach_pos,12,733
consent_grp[1]/section_g[1]/g_teach_school,6,746
consent_grp[1]/section_g[1]/g_kg_grade,6,752
consent_grp[1]/section_g[1]/g_class_grp[1]/g_children_note,20,758
consent_grp[1]/section_g[1]/g_class_grp[1]/g_kg_2,20,758
consent_grp[1]/section_g[1]/g_ah_grp[1]/g_ah_note,136,778
consent_grp[1]/section_g[1]/g_ah_grp[1]/g_ah_working,136,778
consent_grp[1]/section_g[1]/g_ah_grp[1]/g_ah_prepping,136,778
consent_grp[1]/section_g[1]/g_eh_grp[1]/g_eh_note,128,914
consent_grp[1]/section_g[1]/g_eh_grp[1]/g_eh_working,128,914
consent_grp[1]/section_g[1]/g_eh_grp[1]/g_eh_prepping,128,914
consent_grp[1]/section_g[1]/g_teach_salary,92,1042
consent_grp[1]/section_g[1]/g_salary_freq,14,1134
consent_grp[1]/section_g[1]/g_salary_intime,54,1148
consent_grp[1]/section_g[1]/g_money_cmp,15,1202
consent_grp[1]/section_g[1]/g_money_cmp_hrs,75,1214
consent_grp[1]/section_g[1]/g_money_cmp_amt,53,1281
consent_grp[1]/section_g[1]/g_job_outside,26,1331
consent_grp[1]/section_g[1]/g_job_outside_income,7,1371
consent_grp[1]/section_g[1]/g_earn_grp[1]/g_earn_amt,23,1377
consent_grp[1]/section_g[1]/g_earn_grp[1]/g_earn_freq,23,1377
consent_grp[1]/section_g[1]/g_extra_money_spec,9,1401
consent_grp[1]/section_g[1]/g_sch_pro_grp[1]/tmp_g_sch_pro_lab,143,1410
consent_grp[1]/section_g[1]/g_sch_pro_grp[1]/g_class,143,1410
consent_grp[1]/section_g[1]/g_sch_pro_grp[1]/g_class_taught,143,1410
consent_grp[1]/section_g[1]/g_sch_pro_grp[1]/g_fin_resource,143,1410
consent_grp[1]/section_g[1]/g_sch_pro_grp[1]/g_high_expe,143,1410
consent_grp[1]/section_g[1]/g_sch_pro_grp[1]/g_change_curri,143,1410
consent_grp[1]/section_g[1]/g_sch_pro_grp[1]/g_diff_curri,143,1410
consent_grp[1]/section_g[1]/g_sch_pro_grp[1]/g_easy_curri,143,1410
consent_grp[1]/section_g[1]/g_sch_pro_grp[1]/g_par_dem_high,143,1410
consent_grp[1]/section_g[1]/g_sch_pro_grp[1]/g_par_suff_interest,143,1410
consent_grp[1]/section_g[1]/g_sch_pro_grp[1]/g_par_suff_active,143,1410
consent_grp[1]/section_g[1]/g_par_supp_grp[1]/g_par_supp_note,12,1553
consent_grp[1]/section_g[1]/g_par_supp_grp[1]/g_home_wrk,26,1562
consent_grp[1]/section_g[1]/g_par_supp_grp[1]/g_behave_val,25,1592
consent_grp[1]/section_g[1]/g_par_supp_grp[1]/g_get_schl,9,1617
consent_grp[1]/section_g[1]/g_par_supp_grp[1]/g_visit_schl,18,1626
consent_grp[1]/section_g[1]/g_par_supp_grp[1]/g_show_respect,13,1644
consent_grp[1]/section_g[1]/g_par_supp_grp[1]/g_best_schl,15,1657
consent_grp[1]/section_g[1]/g_par_supp_grp[1]/g_parti_pta,31,1672
consent_grp[1]/section_g[1]/g_par_supp_grp[1]/g_cont_kg_act,22,1703
consent_grp[1]/section_g[1]/g_lead_respect,20,1724
consent_grp[1]/section_g[1]/g_val_citizen,30,1744
consent_grp[1]/section_h[1]/sec_h_depre_note,66,1775
consent_grp[1]/section_h[1]/h_depression_grp[1]/h_da_note,298,1841
consent_grp[1]/section_h[1]/h_depression_grp[1]/tmp_h_da_lab,298,1841
consent_grp[1]/section_h[1]/h_depression_grp[1]/h_headache,298,1841
consent_grp[1]/section_h[1]/h_depression_grp[1]/h_appetite,298,1841
consent_grp[1]/section_h[1]/h_depression_grp[1]/h_sleep,298,1841
consent_grp[1]/section_h[1]/h_depression_grp[1]/h_frightened,298,1841
consent_grp[1]/section_h[1]/h_depression_grp[1]/h_hands_shake,298,1841
consent_grp[1]/section_h[1]/h_depression_grp[1]/h_nervous,298,1841
consent_grp[1]/section_h[1]/h_depression_grp[1]/h_digestion,298,1841
consent_grp[1]/section_h[1]/h_depression_grp[1]/h_thinking,298,1841
consent_grp[1]/section_h[1]/h_depression_grp[1]/h_unhappy,298,1841
consent_grp[1]/section_h[1]/h_depression_grp[1]/h_cry,298,1841
consent_grp[1]/section_h[1]/h_depression_grp[1]/h_activities,298,1841
consent_grp[1]/section_h[1]/h_depression_grp[1]/h_decisions,298,1841
consent_grp[1]/section_h[1]/h_depression_grp[1]/h_daily_work,298,1841
consent_grp[1]/section_h[1]/h_depression_grp[1]/h_life,298,1841
consent_grp[1]/section_h[1]/h_depression_grp[1]/h_interest,298,1841
consent_grp[1]/section_h[1]/h_depression_grp[1]/h_worthless,298,1841
consent_grp[1]/section_h[1]/h_depression_grp[1]/h_end_life,298,1841
consent_grp[1]/section_h[1]/h_depression_grp[1]/h_tired,298,1841
consent_grp[1]/section_h[1]/h_depression_grp[1]/h_uncomfortable,298,1841
consent_grp[1]/section_h[1]/h_depression_grp[1]/h_easily_tired,298,1841
consent_grp[1]/section_h[1]/sec_h_ext_contr_note,10,2139
consent_grp[1]/section_h[1]/h_ext_control_grp[1]/h_ext_cont_note,3,2149
consent_grp[1]/section_h[1]/h_ext_control_grp[1]/h_pup_learn,44,2152
consent_grp[1]/section_h[1]/h_ext_control_grp[1]/h_discipline,25,2197
consent_grp[1]/section_h[1]/h_ext_control_grp[1]/h_stu_achieve,36,2222
consent_grp[1]/section_h[1]/h_ext_control_grp[1]/h_teach_motiv,92,2258
consent_grp[1]/section_h[1]/h_ext_control_grp[1]/h_good_teach,24,2349
consent_grp[1]/section_h[1]/sec_h_motiv_note,2,2373
consent_grp[1]/section_h[1]/h_motiv_grp[1]/h_motiv_note,14,2375
consent_grp[1]/section_h[1]/h_motiv_grp[1]/h_motiv_help,22,2389
consent_grp[1]/section_h[1]/h_motiv_grp[1]/h_quest_school,49,2411
consent_grp[1]/section_h[1]/h_motiv_grp[1]/h_help_child,21,2459
consent_grp[1]/section_h[1]/h_motiv_grp[1]/h_sch_goal,13,2481
consent_grp[1]/section_h[1]/h_motiv_grp[1]/h_help_emot,16,2494
consent_grp[1]/section_h[1]/h_motiv_grp[1]/h_enjoy_teach,9,2510
consent_grp[1]/section_h[1]/h_motiv_grp[1]/h_develop_society,11,2518
consent_grp[1]/section_h[1]/h_motiv_grp[1]/h_develop_socially,16,2529
consent_grp[1]/section_h[1]/h_motiv_grp[1]/h_perso_clear,14,2546
consent_grp[1]/section_h[1]/h_impor_thing,49,2560
consent_grp[1]/section_h[1]/h_job_satisfaction_grp[1]/h_job_satis_note,23,2609
consent_grp[1]/section_h[1]/h_job_satisfaction_grp[1]/h_look_out,35,2632
consent_grp[1]/section_h[1]/h_job_satisfaction_grp[1]/h_perso_worries,31,2667
consent_grp[1]/section_h[1]/h_job_satisfaction_grp[1]/h_know_col,52,2698
consent_grp[1]/section_h[1]/h_job_satisfaction_grp[1]/h_col_coop,10,2750
consent_grp[1]/section_h[1]/h_job_satisfaction_grp[1]/h_trust_col,8,2760
consent_grp[1]/section_h[1]/h_job_satisfaction_grp[1]/h_enjoy_col,8,2768
consent_grp[1]/section_h[1]/h_job_satisfaction_grp[1]/h_sup_respect,8,2775
consent_grp[1]/section_h[1]/h_job_satisfaction_grp[1]/h_sup_busy,7,2783
consent_grp[1]/section_h[1]/h_job_satisfaction_grp[1]/h_sup_opinion,9,2790
consent_grp[1]/section_h[1]/h_job_satisfaction_grp[1]/h_count_sup,26,2799
consent_grp[1]/section_h[1]/h_job_satisfaction_grp[1]/h_motivated,10,2824
consent_grp[1]/section_h[1]/h_job_satisfaction_grp[1]/h_sup_unpredict,12,2834
consent_grp[1]/section_h[1]/h_job_satisfaction_grp[1]/h_wrk_challenge,12,2846
consent_grp[1]/section_h[1]/h_job_satisfaction_grp[1]/h_wrk_monotonous,26,2859
consent_grp[1]/section_h[1]/h_job_satisfaction_grp[1]/h_wrk_creative,6,2885
consent_grp[1]/section_h[1]/h_job_satisfaction_grp[1]/h_big_impact,6,2890
consent_grp[1]/section_h[1]/h_job_satisfaction_grp[1]/h_little_time,13,2896
consent_grp[1]/section_h[1]/h_job_satisfaction_grp[1]/h_control_satis,15,2909
consent_grp[1]/section_h[1]/h_job_satisfaction_grp[1]/h_look,22,2924
consent_grp[1]/section_h[1]/h_job_satisfaction_grp[1]/h_small_space,31,2943
consent_grp[1]/section_h[1]/h_job_satisfaction_grp[1]/h_new_mat,7,2976
consent_grp[1]/section_h[1]/h_job_satisfaction_grp[1]/h_clean_kinder,19,2984
consent_grp[1]/section_h[1]/h_job_satisfaction_grp[1]/h_loud_kinder,19,3003
consent_grp[1]/section_h[1]/h_job_satisfaction_grp[1]/h_kinder_rules,30,3022
consent_grp[1]/section_h[1]/h_job_satisfaction_grp[1]/h_satisfied_paid,15,3053
consent_grp[1]/section_h[1]/h_burnout_grp[1]/h_burnout_note,14,3067
consent_grp[1]/section_h[1]/h_burnout_grp[1]/h_emotion_drained,56,3082
consent_grp[1]/section_h[1]/h_burnout_grp[1]/h_used_up,21,3138
consent_grp[1]/section_h[1]/h_burnout_grp[1]/h_fatigued,18,3159
consent_grp[1]/section_h[1]/h_burnout_grp[1]/h_child_feel,11,3177
consent_grp[1]/section_h[1]/h_burnout_grp[1]/h_child_impersonal,24,3188
consent_grp[1]/section_h[1]/h_burnout_grp[1]/h_ppl_strain,7,3212
consent_grp[1]/section_h[1]/h_burnout_grp[1]/h_deal_effect,24,3219
consent_grp[1]/section_h[1]/h_burnout_grp[1]/h_burnout,15,3243
consent_grp[1]/section_h[1]/h_burnout_grp[1]/h_pos_influence,23,3258
consent_grp[1]/section_h[1]/h_burnout_grp[1]/h_cold,71,3281
consent_grp[1]/section_h[1]/h_burnout_grp[1]/h_hard,30,3352
consent_grp[1]/section_h[1]/h_burnout_grp[1]/h_energetic,10,3383
consent_grp[1]/section_h[1]/h_burnout_grp[1]/h_frustrated,5,3393
consent_grp[1]/section_h[1]/h_burnout_grp[1]/h_work_hard,10,3398
consent_grp[1]/section_h[1]/h_burnout_grp[1]/h_dont_care,8,3408
consent_grp[1]/section_h[1]/h_burnout_grp[1]/h_put_pressure,13,3416
consent_grp[1]/section_h[1]/h_burnout_grp[1]/h_relax,8,3429
consent_grp[1]/section_h[1]/h_burnout_grp[1]/h_excited,6,3436
consent_grp[1]/section_h[1]/h_burnout_grp[1]/h_accomplished,23,3443
consent_grp[1]/section_h[1]/h_burnout_grp[1]/h_end_of_rop,20,3465
consent_grp[1]/section_h[1]/h_burnout_grp[1]/h_emot_pro_calm,8,3486
consent_grp[1]/i_teacher_knowledge_grp[1]/I_teach_know_note,140,3494
consent_grp[1]/i_teacher_knowledge_grp[1]/i_consonance,49,3506
consent_grp[1]/i_teacher_knowledge_grp[1]/i_vowel,9,3683
consent_grp[1]/i_teacher_knowledge_grp[1]/i_unbelievable,64,3692
consent_grp[1]/i_teacher_knowledge_grp[1]/i_irregular,23,3756
consent_grp[1]/i_teacher_knowledge_grp[1]/i_cat,17,3780
consent_grp[1]/i_teacher_knowledge_grp[1]/i_cough,27,3797
consent_grp[1]/i_teacher_knowledge_grp[1]/i_check,14,3824
consent_grp[1]/i_teacher_knowledge_grp[1]/i_english,84,3838
consent_grp[1]/j_perception_grp[1]/j_perception_note,41,3922
consent_grp[1]/j_perception_grp[1]/j_dev_practice_grp[1]/j_dev_practice_note,6,3963
consent_grp[1]/j_perception_grp[1]/j_dev_practice_grp[1]/j_child_need,19,3969
consent_grp[1]/j_perception_grp[1]/j_dev_practice_grp[1]/j_recog_letter,15,3988
consent_grp[1]/j_perception_grp[1]/j_dev_practice_grp[1]/j_recog_number,7,4003
consent_grp[1]/j_perception_grp[1]/j_dev_practice_grp[1]/j_recog_colour,5,4009
consent_grp[1]/j_perception_grp[1]/j_dev_practice_grp[1]/j_indiv_goal,37,4014
consent_grp[1]/j_perception_grp[1]/j_dev_practice_grp[1]/j_play_materials,6,4051
consent_grp[1]/j_perception_grp[1]/j_dev_practice_grp[1]/j_child_measure,19,4058
consent_grp[1]/j_perception_grp[1]/j_supp_chil_grp[1]/j_supp_chil_note,5,4076
consent_grp[1]/j_perception_grp[1]/j_supp_chil_grp[1]/j_build_relation,21,4081
consent_grp[1]/j_perception_grp[1]/j_supp_chil_grp[1]/j_control_behaviour,15,4102
consent_grp[1]/j_perception_grp[1]/j_supp_chil_grp[1]/j_express_thought,8,4117
consent_grp[1]/j_perception_grp[1]/j_supp_chil_grp[1]/j_resolve_conflicts,22,4125
consent_grp[1]/j_perception_grp[1]/j_supp_chil_grp[1]/j_guidance_style,34,4147
consent_grp[1]/j_perception_grp[1]/j_fam_sensitive_grp[1]/j_fam_sensitive_note,136,4181
consent_grp[1]/j_perception_grp[1]/j_fam_sensitive_grp[1]/j_parent_goal,136,4181
consent_grp[1]/j_perception_grp[1]/j_fam_sensitive_grp[1]/j_work_schedule,136,4181
consent_grp[1]/j_perception_grp[1]/j_fam_sensitive_grp[1]/j_fam_decision,136,4181
consent_grp[1]/j_perception_grp[1]/j_fam_sensitive_grp[1]/j_family_care,136,4181
consent_grp[1]/j_perception_grp[1]/j_fam_sensitive_grp[1]/j_connect_family,136,4181
consent_grp[1]/k_grp[1]/k_instro_note,27,4317
consent_grp[1]/k_grp[1]/k_ts_grp[1]/tmp_k_labels,182,4343
consent_grp[1]/k_grp[1]/k_ts_grp[1]/k_take_priviledges,182,4343
consent_grp[1]/k_grp[1]/k_ts_grp[1]/k_explain_behavior,182,4343
consent_grp[1]/k_grp[1]/k_ts_grp[1]/k_shook,182,4343
consent_grp[1]/k_grp[1]/k_ts_grp[1]/k_shouted,182,4343
consent_grp[1]/k_grp[1]/k_ts_grp[1]/k_gave_something,182,4343
consent_grp[1]/k_grp[1]/k_ts_grp[1]/k_spanked,182,4343
consent_grp[1]/k_grp[1]/k_ts_grp[1]/k_hit_bottom,182,4343
consent_grp[1]/k_grp[1]/k_ts_grp[1]/k_call_dumb,182,4343
consent_grp[1]/k_grp[1]/k_ts_grp[1]/k_hit_face,182,4343
consent_grp[1]/k_grp[1]/k_ts_grp[1]/k_praised,182,4343
consent_grp[1]/k_grp[1]/k_ts_grp[1]/k_affection,182,4343
consent_grp[1]/k_grp[1]/k_ts_grp[1]/k_rewarded,182,4343
consent_grp[1]/l_teaching_prac_grp[1]/l_note,8,4526
consent_grp[1]/l_teaching_prac_grp[1]/l_previos_kinder_act[1]/tmp_l_prac_lab,67,4534
consent_grp[1]/l_teaching_prac_grp[1]/l_previos_kinder_act[1]/l_hygiene_routine,67,4534
consent_grp[1]/l_teaching_prac_grp[1]/l_previos_kinder_act[1]/l_supply,67,4534
consent_grp[1]/l_teaching_prac_grp[1]/l_previos_kinder_act[1]/l_pamper,67,4534
consent_grp[1]/l_teaching_prac_grp[1]/l_previos_kinder_act[1]/l_read,67,4534
consent_grp[1]/l_teaching_prac_grp[1]/l_previos_kinder_act[1]/l_tell,67,4534
consent_grp[1]/l_teaching_prac_grp[1]/l_previos_kinder_act[1]/l_conversatin,67,4534
consent_grp[1]/l_teaching_prac_grp[1]/l_previos_kinder_act[1]/l_sing,67,4534
consent_grp[1]/l_teaching_prac_grp[1]/l_previos_kinder_act[1]/l_dance,67,4534
consent_grp[1]/l_teaching_prac_grp[1]/l_previos_kinder_act[1]/l_visit,67,4534
consent_grp[1]/l_teaching_prac_grp[1]/l_previos_kinder_act[1]/l_play_kg,67,4534
consent_grp[1]/l_teaching_prac_grp[1]/l_previos_kinder_act[1]/l_play_recrea,67,4534
consent_grp[1]/l_teaching_prac_grp[1]/l_previos_kinder_act[1]/l_sleep,67,4534
consent_grp[1]/l_teaching_prac_grp[1]/l_previos_kinder_act[1]/l_run,67,4534
consent_grp[1]/l_teaching_prac_grp[1]/l_previos_kinder_act[1]/l_group_learn,67,4534
consent_grp[1]/l_teaching_prac_grp[1]/l_previos_kinder_act[1]/l_indiv_learn,67,4534
consent_grp[1]/l_teaching_prac_grp[1]/l_class_acti_grp[1]/l_act_grp[1]/tmp_l_class_lab,49,4602
consent_grp[1]/l_teaching_prac_grp[1]/l_class_acti_grp[1]/l_act_grp[1]/l_teach_colour,49,4602
consent_grp[1]/l_teaching_prac_grp[1]/l_class_acti_grp[1]/l_act_grp[1]/l_teach_number,49,4602
consent_grp[1]/l_teaching_prac_grp[1]/l_class_acti_grp[1]/l_act_grp[1]/l_teach_letter,49,4602
consent_grp[1]/l_teaching_prac_grp[1]/l_class_acti_grp[1]/l_act_grp[1]/l_teach_form,49,4602
consent_grp[1]/l_teaching_prac_grp[1]/l_class_acti_grp[1]/l_act_grp[1]/l_socialise,49,4602
consent_grp[1]/l_teaching_prac_grp[1]/l_class_acti_grp[1]/l_act_grp[1]/l_pro_solve,49,4602
consent_grp[1]/l_teaching_prac_grp[1]/l_class_acti_grp[1]/l_act_grp[1]/l_writing,49,4602
consent_grp[1]/l_teaching_prac_grp[1]/l_class_acti_grp[1]/l_act_grp[1]/l_teach_body,49,4602
consent_grp[1]/l_teaching_prac_grp[1]/l_class_acti_grp[1]/l_act_grp[1]/l_pers_hygiene,49,4602
consent_grp[1]/l_teaching_prac_grp[1]/l_class_acti_grp[1]/l_act_grp[1]/l_art_expre,49,4602
consent_grp[1]/l_teaching_prac_grp[1]/l_class_acti_grp[1]/l_act_grp[1]/l_body_lang,49,4602
consent_grp[1]/l_teaching_prac_grp[1]/l_class_acti_grp[1]/l_act_grp[1]/l_concentration,49,4602
consent_grp[1]/l_teaching_prac_grp[1]/l_class_acti_grp[1]/l_act_grp[1]/l_gross_motor,49,4602
consent_grp[1]/l_teaching_prac_grp[1]/l_class_acti_grp[1]/l_act_grp[1]/l_fine_motor,49,4602
consent_grp[1]/l_teaching_prac_grp[1]/l_class_acti_grp[1]/l_act_grp[1]/l_gender,49,4602
consent_grp[1]/l_teaching_prac_grp[1]/l_class_acti_grp[1]/l_act_grp[1]/l_responsibility,49,4602
consent_grp[1]/l_teaching_prac_grp[1]/l_class_acti_grp[1]/l_act_grp[1]/l_speech,49,4602
consent_grp[1]/l_teaching_prac_grp[1]/l_class_acti_grp[1]/l_act_grp[1]/l_explore_comm,49,4602
consent_grp[1]/l_teaching_prac_grp[1]/l_class_acti_grp[1]/l_act_grp[1]/l_explore_culture,49,4602
consent_grp[1]/l_teaching_prac_grp[1]/l_parent_interact_note,6,4651
consent_grp[1]/l_teaching_prac_grp[1]/l_actively_engaged,73,4657
consent_grp[1]/l_teaching_prac_grp[1]/l_proportion_child,22,4729
consent_grp[1]/l_teaching_prac_grp[1]/l_proportion_child_more,9,4752
consent_grp[1]/l_teaching_prac_grp[1]/l_visit_pupil_house,25,4761
consent_grp[1]/l_teaching_prac_grp[1]/l_visit_parent_house,30,4786
consent_grp[1]/l_teaching_prac_grp[1]/l_receive_parent_supp,25,4816
consent_grp[1]/l_teaching_prac_grp[1]/l_day_teaching_note,12,4840
consent_grp[1]/l_teaching_prac_grp[1]/l_day_grp[1]/tmp_l_labs,33,4843
consent_grp[1]/l_teaching_prac_grp[1]/l_day_grp[1]/l_daily_schedule,33,4843
consent_grp[1]/l_teaching_prac_grp[1]/l_day_grp[1]/l_play_period,33,4843
consent_grp[1]/l_teaching_prac_grp[1]/l_day_grp[1]/l_free_play,33,4843
consent_grp[1]/l_teaching_prac_grp[1]/l_day_grp[1]/l_activities,33,4843
consent_grp[1]/l_teaching_prac_grp[1]/l_per_daily_grp[1]/l_perc_note,264,4886
consent_grp[1]/l_teaching_prac_grp[1]/l_per_daily_grp[1]/l_admin_per,264,4886
consent_grp[1]/l_teaching_prac_grp[1]/l_per_daily_grp[1]/l_class_per,264,4886
consent_grp[1]/l_teaching_prac_grp[1]/l_per_daily_grp[1]/l_teach_per,264,4886
consent_grp[1]/l_teaching_prac_grp[1]/l_per_daily_grp[1]/l_super_per,264,4886
consent_grp[1]/l_teaching_prac_grp[1]/l_per_daily_grp[1]/l_super_oth_per,264,4886
consent_grp[1]/l_teaching_prac_grp[1]/l_per_daily_grp[1]/l_break_per,264,4886
consent_grp[1]/l_teaching_prac_grp[1]/l_discipline_note,2,5150
consent_grp[1]/l_teaching_prac_grp[1]/l_dont_like,38,5152
consent_grp[1]/l_teaching_prac_grp[1]/l_really_bad,48,5189
consent_grp[1]/l_teaching_prac_grp[1]/l_does_good,18,5237
consent_grp[1]/l_teaching_prac_grp[1]/l_praise,26,5255
consent_grp[1]/q_note,19,5281
consent_grp[1]/q_activ_yn,11,5284
s_int_accom_yn,3,5311
s_int_accom,5,5314
comments,1,5319
