Field name,Total duration (seconds),First appeared (seconds into survey)
instruction,1,2
a_district_id,4,3
a_circuit_id,120,7
a_kg_id,34,127
a_community_id,4,161
a_enum_id,8,165
consent_note,3,173
con_understand,2,176
con_questions,2,178
con_written,2,180
consent_grp[1]/audio_consent,2,182
consent_grp[1]/d_background_note,1,184
consent_grp[1]/section_d[1]/kgt_key,45,185
consent_grp[1]/section_d[1]/kgt_name_gp[1]/kgt_fsn,279,196
consent_grp[1]/section_d[1]/kgt_name_gp[1]/kgt_msn,279,196
consent_grp[1]/section_d[1]/kgt_name_gp[1]/kgt_lsn,279,196
consent_grp[1]/section_d[1]/kgt_name_gp[1]/kgt_ppn,279,196
consent_grp[1]/section_d[1]/kgt_name_gp[1]/d_sex,279,196
consent_grp[1]/section_d[1]/kgt_confirm_note,28,448
consent_grp[1]/section_d[1]/d_num_cnt,17,469
consent_grp[1]/section_d[1]/d_cnt_grp[1]/d_cnt_main,21,485
consent_grp[1]/section_d[1]/d_age,12,504
consent_grp[1]/section_d[1]/d_teacher_grp[1]/d_been_teacher,101,515
consent_grp[1]/section_d[1]/d_teacher_grp[1]/d_teacher_year,101,515
consent_grp[1]/section_d[1]/d_teacher_grp[1]/d_teacher_month,101,515
consent_grp[1]/section_d[1]/d_been_kinder_grp[1]/d_been_kinder,91,569
consent_grp[1]/section_d[1]/d_been_kinder_grp[1]/d_kinder_year,91,569
consent_grp[1]/section_d[1]/d_been_kinder_grp[1]/d_kinder_month,91,569
consent_grp[1]/section_d[1]/d_work_last,26,745
consent_grp[1]/section_d[1]/d_os_yn,14,767
consent_grp[1]/section_d[1]/d_os_grp[1]/d_os_name,2,777
consent_grp[1]/section_d[1]/d_os_grp[1]/d_os_region,2,777
consent_grp[1]/section_d[1]/d_edu_level,30,781
consent_grp[1]/section_d[1]/d_edu_train,50,804
consent_grp[1]/section_d[1]/d_edu_level_train,4,852
consent_grp[1]/section_d[1]/d_edu_level_fath,35,854
consent_grp[1]/section_d[1]/d_edu_level_mom,7,929
consent_grp[1]/section_d[1]/d_marital_status,12,946
consent_grp[1]/section_d[1]/d_ethnic_group,14,958
consent_grp[1]/section_d[1]/d_religion,5,972
consent_grp[1]/section_d[1]/d_la_spk_grp[1]/d_la_spk_note,45,976
consent_grp[1]/section_d[1]/d_la_spk_grp[1]/d_la_spk_eng,45,976
consent_grp[1]/section_d[1]/d_la_spk_grp[1]/d_la_spk_grun,45,976
consent_grp[1]/section_d[1]/d_la_wrt_grp[1]/d_la_wrt_note,31,1020
consent_grp[1]/section_d[1]/d_la_wrt_grp[1]/d_la_wrt_eng,31,1020
consent_grp[1]/section_d[1]/d_la_wrt_grp[1]/d_la_wrt_grun,31,1020
consent_grp[1]/section_d[1]/d_main_language,43,1048
consent_grp[1]/section_d[1]/d_loc_lang_kinderg,46,1089
consent_grp[1]/e_rel_grp[1]/e_hh_note,11,1131
consent_grp[1]/e_rel_grp[1]/e_hh_num,106,1139
consent_grp[1]/e_rel_grp[1]/e_hh_grp[1]/e_hh_head,75,1170
consent_grp[1]/e_rel_grp[1]/e_hh_grp[1]/e_chil_hh,75,1170
consent_grp[1]/e_rel_grp[1]/e_hh_grp[1]/e_adult_hh,75,1170
consent_grp[1]/e_rel_grp[1]/e_hh_school,20,1205
consent_grp[1]/e_rel_grp[1]/e_read_english,22,1215
consent_grp[1]/e_rel_grp[1]/e_rate_health,16,1224
consent_grp[1]/e_rel_grp[1]/e_live_note,12,1236
consent_grp[1]/e_rel_grp[1]/e_rooms_occu,25,1241
consent_grp[1]/e_rel_grp[1]/e_own_status,20,1427
consent_grp[1]/e_rel_grp[1]/e_electricity_inhouse,5,1447
consent_grp[1]/e_rel_grp[1]/e_floor_material,29,1452
consent_grp[1]/e_rel_grp[1]/e_interior_floor,13,1469
consent_grp[1]/e_rel_grp[1]/e_roof_mat,18,1494
consent_grp[1]/e_rel_grp[1]/e_cook_fuel,8,1512
consent_grp[1]/e_rel_grp[1]/e_lighting,21,1520
consent_grp[1]/e_rel_grp[1]/e_drink_source,13,1541
consent_grp[1]/e_rel_grp[1]/e_toilet_facility,7,1554
consent_grp[1]/e_rel_grp[1]/e_asset_note,11,1561
consent_grp[1]/e_rel_grp[1]/e_hh_own_phone,15,1572
consent_grp[1]/e_rel_grp[1]/e_hh_ass_grp[1]/tmp_e_hh_ass_lab,150,1587
consent_grp[1]/e_rel_grp[1]/e_hh_ass_grp[1]/e_hh_ass_radio,150,1587
consent_grp[1]/e_rel_grp[1]/e_hh_ass_grp[1]/e_hh_ass_refrig,150,1587
consent_grp[1]/e_rel_grp[1]/e_hh_ass_grp[1]/e_hh_ass_bike,150,1587
consent_grp[1]/e_rel_grp[1]/e_hh_ass_grp[1]/e_hh_ass_tv,150,1587
consent_grp[1]/e_rel_grp[1]/e_hh_ass_grp[1]/e_hh_ass_vcr,150,1587
consent_grp[1]/e_rel_grp[1]/e_hh_ass_grp[1]/e_hh_ass_motor,150,1587
consent_grp[1]/e_rel_grp[1]/e_hh_ass_grp[1]/e_hh_ass_car,150,1587
consent_grp[1]/e_rel_grp[1]/e_hh_ass_grp[1]/e_hh_ass_tractor,150,1587
consent_grp[1]/e_rel_grp[1]/e_hh_ass_grp[1]/e_hh_ass_farm_equip,150,1587
consent_grp[1]/e_rel_grp[1]/e_hh_ass_grp[1]/e_hh_ass_sew_mach,150,1587
consent_grp[1]/e_rel_grp[1]/e_hh_ass_grp[1]/e_hh_ass_bed,150,1587
consent_grp[1]/e_rel_grp[1]/e_hh_ass_grp[1]/e_hh_ass_mattress,150,1587
consent_grp[1]/e_rel_grp[1]/e_hh_ass_grp[1]/e_hh_ass_table_chair,150,1587
consent_grp[1]/e_rel_grp[1]/e_hh_ass_grp[1]/e_hh_ass_stool,150,1587
consent_grp[1]/e_rel_grp[1]/e_hh_ass_grp[1]/e_hh_ass_sofa,150,1587
consent_grp[1]/e_rel_grp[1]/e_hh_ass_grp[1]/e_hh_ass_fan,150,1587
consent_grp[1]/e_rel_grp[1]/e_hh_ass_grp[1]/e_hh_ass_lamp,150,1587
consent_grp[1]/e_rel_grp[1]/e_hh_ass_grp[1]/e_hh_ass_watch,150,1587
consent_grp[1]/e_rel_grp[1]/e_hh_ass_grp[1]/e_hh_ass_mat,150,1587
consent_grp[1]/e_rel_grp[1]/e_hh_ass_grp[1]/e_hh_ass_torch,150,1587
consent_grp[1]/e_rel_grp[1]/e_hh_ass_grp[1]/e_hh_ass_cabinet,150,1587
consent_grp[1]/e_rel_grp[1]/e_hh_ass_grp[1]/e_hh_ass_pot,150,1587
consent_grp[1]/e_rel_grp[1]/e_hh_ass_grp[1]/e_hh_ass_itn,150,1587
consent_grp[1]/e_rel_grp[1]/e_hh_ass_grp[1]/e_hh_ass_iron_elec,150,1587
consent_grp[1]/e_rel_grp[1]/e_hh_ass_grp[1]/e_hh_ass_iron_coal,150,1587
consent_grp[1]/e_rel_grp[1]/e_hh_ass_grp[1]/e_hh_ass_iron_gas,150,1587
consent_grp[1]/f_rel_grp[1]/f_comm_note,5,1737
consent_grp[1]/f_rel_grp[1]/section_f[1]/f_born_comm,15,1742
consent_grp[1]/f_rel_grp[1]/section_f[1]/f_school_loc,27,1757
consent_grp[1]/f_rel_grp[1]/section_f[1]/f_lived_bef_teach,11,1784
consent_grp[1]/f_rel_grp[1]/section_f[1]/f_lived_grp[1]/f_lived_comm,45,1792
consent_grp[1]/f_rel_grp[1]/section_f[1]/f_lived_grp[1]/f_lived_comm_year,45,1792
consent_grp[1]/f_rel_grp[1]/section_f[1]/f_lived_grp[1]/f_lived_comm_month,45,1792
consent_grp[1]/f_rel_grp[1]/section_f[1]/f_fam_lived,13,1833
consent_grp[1]/f_rel_grp[1]/section_f[1]/f_emot_support,24,1844
consent_grp[1]/f_rel_grp[1]/section_f[1]/f_emot_support_num,9,1867
consent_grp[1]/f_rel_grp[1]/section_f[1]/f_lend_money,17,1875
consent_grp[1]/f_rel_grp[1]/section_f[1]/f_borrow_money,21,1890
consent_grp[1]/f_rel_grp[1]/section_f[1]/f_rel_live_nearby,12,1909
consent_grp[1]/f_rel_grp[1]/section_f[1]/f_part_comm,10,1920
consent_grp[1]/f_rel_grp[1]/section_f[1]/f_main_trans,17,1928
consent_grp[1]/f_rel_grp[1]/section_f[1]/f_min_get_sch_grp[1]/f_min_get_note,17,1943
consent_grp[1]/f_rel_grp[1]/section_f[1]/f_min_get_sch_grp[1]/f_h_get_school,17,1943
consent_grp[1]/f_rel_grp[1]/section_f[1]/f_min_get_sch_grp[1]/f_m_get_school,17,1943
consent_grp[1]/g_nature_wrk_note,9,1957
consent_grp[1]/section_g[1]/g_teach_pos,14,1963
consent_grp[1]/section_g[1]/g_teach_school,10,1975
consent_grp[1]/section_g[1]/g_kg_grade,8,1985
consent_grp[1]/section_g[1]/g_class_grp[1]/g_children_note,98,1992
consent_grp[1]/section_g[1]/g_class_grp[1]/g_kg_1,98,1992
consent_grp[1]/section_g[1]/g_ah_grp[1]/g_ah_note,207,2089
consent_grp[1]/section_g[1]/g_ah_grp[1]/g_ah_working,207,2089
consent_grp[1]/section_g[1]/g_ah_grp[1]/g_ah_prepping,207,2089
consent_grp[1]/section_g[1]/g_eh_grp[1]/g_eh_note,211,2264
consent_grp[1]/section_g[1]/g_eh_grp[1]/g_eh_working,211,2264
consent_grp[1]/section_g[1]/g_eh_grp[1]/g_eh_prepping,211,2264
consent_grp[1]/section_g[1]/g_teach_salary,167,2456
consent_grp[1]/section_g[1]/g_salary_freq,79,2604
consent_grp[1]/section_g[1]/g_salary_intime,24,2618
consent_grp[1]/section_g[1]/g_money_cmp,28,2636
consent_grp[1]/section_g[1]/g_job_outside,10,2658
consent_grp[1]/section_g[1]/g_extra_money_spec,87,2667
consent_grp[1]/section_g[1]/g_sch_pro_grp[1]/tmp_g_sch_pro_lab,184,2729
consent_grp[1]/section_g[1]/g_sch_pro_grp[1]/g_class,184,2729
consent_grp[1]/section_g[1]/g_sch_pro_grp[1]/g_class_taught,184,2729
consent_grp[1]/section_g[1]/g_sch_pro_grp[1]/g_fin_resource,184,2729
consent_grp[1]/section_g[1]/g_sch_pro_grp[1]/g_high_expe,184,2729
consent_grp[1]/section_g[1]/g_sch_pro_grp[1]/g_change_curri,184,2729
consent_grp[1]/section_g[1]/g_sch_pro_grp[1]/g_diff_curri,184,2729
consent_grp[1]/section_g[1]/g_sch_pro_grp[1]/g_easy_curri,184,2729
consent_grp[1]/section_g[1]/g_sch_pro_grp[1]/g_par_dem_high,184,2729
consent_grp[1]/section_g[1]/g_sch_pro_grp[1]/g_par_suff_interest,184,2729
consent_grp[1]/section_g[1]/g_sch_pro_grp[1]/g_par_suff_active,184,2729
consent_grp[1]/section_g[1]/g_par_supp_grp[1]/g_par_supp_note,19,2910
consent_grp[1]/section_g[1]/g_par_supp_grp[1]/g_home_wrk,10,2917
consent_grp[1]/section_g[1]/g_par_supp_grp[1]/g_behave_val,8,2934
consent_grp[1]/section_g[1]/g_par_supp_grp[1]/g_get_schl,9,2940
consent_grp[1]/section_g[1]/g_par_supp_grp[1]/g_visit_schl,14,2948
consent_grp[1]/section_g[1]/g_par_supp_grp[1]/g_show_respect,11,2960
consent_grp[1]/section_g[1]/g_par_supp_grp[1]/g_best_schl,22,2970
consent_grp[1]/section_g[1]/g_par_supp_grp[1]/g_parti_pta,12,2990
consent_grp[1]/section_g[1]/g_par_supp_grp[1]/g_cont_kg_act,11,3000
consent_grp[1]/section_g[1]/g_lead_respect,25,3010
consent_grp[1]/section_g[1]/g_val_citizen,30,3033
consent_grp[1]/section_h[1]/sec_h_depre_note,48,3061
consent_grp[1]/section_h[1]/h_depression_grp[1]/h_da_note,503,3108
consent_grp[1]/section_h[1]/h_depression_grp[1]/tmp_h_da_lab,503,3108
consent_grp[1]/section_h[1]/h_depression_grp[1]/h_headache,503,3108
consent_grp[1]/section_h[1]/h_depression_grp[1]/h_appetite,503,3108
consent_grp[1]/section_h[1]/h_depression_grp[1]/h_sleep,503,3108
consent_grp[1]/section_h[1]/h_depression_grp[1]/h_frightened,503,3108
consent_grp[1]/section_h[1]/h_depression_grp[1]/h_hands_shake,503,3108
consent_grp[1]/section_h[1]/h_depression_grp[1]/h_nervous,503,3108
consent_grp[1]/section_h[1]/h_depression_grp[1]/h_digestion,503,3108
consent_grp[1]/section_h[1]/h_depression_grp[1]/h_thinking,503,3108
consent_grp[1]/section_h[1]/h_depression_grp[1]/h_unhappy,503,3108
consent_grp[1]/section_h[1]/h_depression_grp[1]/h_cry,503,3108
consent_grp[1]/section_h[1]/h_depression_grp[1]/h_activities,503,3108
consent_grp[1]/section_h[1]/h_depression_grp[1]/h_decisions,503,3108
consent_grp[1]/section_h[1]/h_depression_grp[1]/h_daily_work,503,3108
consent_grp[1]/section_h[1]/h_depression_grp[1]/h_life,503,3108
consent_grp[1]/section_h[1]/h_depression_grp[1]/h_interest,503,3108
consent_grp[1]/section_h[1]/h_depression_grp[1]/h_worthless,503,3108
consent_grp[1]/section_h[1]/h_depression_grp[1]/h_end_life,503,3108
consent_grp[1]/section_h[1]/h_depression_grp[1]/h_tired,503,3108
consent_grp[1]/section_h[1]/h_depression_grp[1]/h_uncomfortable,503,3108
consent_grp[1]/section_h[1]/h_depression_grp[1]/h_easily_tired,503,3108
consent_grp[1]/section_h[1]/sec_h_ext_contr_note,13,3838
consent_grp[1]/section_h[1]/h_ext_control_grp[1]/h_ext_cont_note,8,3840
consent_grp[1]/section_h[1]/h_ext_control_grp[1]/h_pup_learn,35,3845
consent_grp[1]/section_h[1]/h_ext_control_grp[1]/h_discipline,34,3893
consent_grp[1]/section_h[1]/h_ext_control_grp[1]/h_stu_achieve,16,3927
consent_grp[1]/section_h[1]/h_ext_control_grp[1]/h_teach_motiv,17,3943
consent_grp[1]/section_h[1]/h_ext_control_grp[1]/h_good_teach,12,3959
consent_grp[1]/section_h[1]/sec_h_motiv_note,3,3972
consent_grp[1]/section_h[1]/h_motiv_grp[1]/h_motiv_note,2,3974
consent_grp[1]/section_h[1]/h_motiv_grp[1]/h_motiv_help,24,3976
consent_grp[1]/section_h[1]/h_motiv_grp[1]/h_quest_school,27,4000
consent_grp[1]/section_h[1]/h_motiv_grp[1]/h_help_child,8,4027
consent_grp[1]/section_h[1]/h_motiv_grp[1]/h_sch_goal,22,4035
consent_grp[1]/section_h[1]/h_motiv_grp[1]/h_help_emot,21,4057
consent_grp[1]/section_h[1]/h_motiv_grp[1]/h_enjoy_teach,6,4078
consent_grp[1]/section_h[1]/h_motiv_grp[1]/h_develop_society,9,4083
consent_grp[1]/section_h[1]/h_motiv_grp[1]/h_develop_socially,72,4092
consent_grp[1]/section_h[1]/h_motiv_grp[1]/h_perso_clear,9,4164
consent_grp[1]/section_h[1]/h_impor_thing,46,4174
consent_grp[1]/section_h[1]/h_job_satisfaction_grp[1]/h_job_satis_note,20,4219
consent_grp[1]/section_h[1]/h_job_satisfaction_grp[1]/h_look_out,10,4240
consent_grp[1]/section_h[1]/h_job_satisfaction_grp[1]/h_perso_worries,7,4249
consent_grp[1]/section_h[1]/h_job_satisfaction_grp[1]/h_know_col,11,4256
consent_grp[1]/section_h[1]/h_job_satisfaction_grp[1]/h_col_coop,9,4267
consent_grp[1]/section_h[1]/h_job_satisfaction_grp[1]/h_trust_col,10,4276
consent_grp[1]/section_h[1]/h_job_satisfaction_grp[1]/h_enjoy_col,9,4286
consent_grp[1]/section_h[1]/h_job_satisfaction_grp[1]/h_sup_respect,14,4295
consent_grp[1]/section_h[1]/h_job_satisfaction_grp[1]/h_sup_busy,12,4309
consent_grp[1]/section_h[1]/h_job_satisfaction_grp[1]/h_sup_opinion,35,4321
consent_grp[1]/section_h[1]/h_job_satisfaction_grp[1]/h_count_sup,11,4356
consent_grp[1]/section_h[1]/h_job_satisfaction_grp[1]/h_motivated,11,4367
consent_grp[1]/section_h[1]/h_job_satisfaction_grp[1]/h_sup_unpredict,15,4378
consent_grp[1]/section_h[1]/h_job_satisfaction_grp[1]/h_wrk_challenge,42,4392
consent_grp[1]/section_h[1]/h_job_satisfaction_grp[1]/h_wrk_monotonous,16,4428
consent_grp[1]/section_h[1]/h_job_satisfaction_grp[1]/h_wrk_creative,7,4451
consent_grp[1]/section_h[1]/h_job_satisfaction_grp[1]/h_big_impact,6,4458
consent_grp[1]/section_h[1]/h_job_satisfaction_grp[1]/h_little_time,9,4463
consent_grp[1]/section_h[1]/h_job_satisfaction_grp[1]/h_control_satis,8,4472
consent_grp[1]/section_h[1]/h_job_satisfaction_grp[1]/h_look,13,4480
consent_grp[1]/section_h[1]/h_job_satisfaction_grp[1]/h_small_space,34,4493
consent_grp[1]/section_h[1]/h_job_satisfaction_grp[1]/h_new_mat,17,4527
consent_grp[1]/section_h[1]/h_job_satisfaction_grp[1]/h_clean_kinder,12,4544
consent_grp[1]/section_h[1]/h_job_satisfaction_grp[1]/h_loud_kinder,11,4556
consent_grp[1]/section_h[1]/h_job_satisfaction_grp[1]/h_kinder_rules,7,4567
consent_grp[1]/section_h[1]/h_job_satisfaction_grp[1]/h_satisfied_paid,9,4573
consent_grp[1]/section_h[1]/h_burnout_grp[1]/h_burnout_note,12,4583
consent_grp[1]/section_h[1]/h_burnout_grp[1]/h_emotion_drained,54,4595
consent_grp[1]/section_h[1]/h_burnout_grp[1]/h_used_up,23,4649
consent_grp[1]/section_h[1]/h_burnout_grp[1]/h_fatigued,20,4672
consent_grp[1]/section_h[1]/h_burnout_grp[1]/h_child_feel,40,4692
consent_grp[1]/section_h[1]/h_burnout_grp[1]/h_child_impersonal,13,4733
consent_grp[1]/section_h[1]/h_burnout_grp[1]/h_ppl_strain,8,4745
consent_grp[1]/section_h[1]/h_burnout_grp[1]/h_deal_effect,16,4754
consent_grp[1]/section_h[1]/h_burnout_grp[1]/h_burnout,20,4770
consent_grp[1]/section_h[1]/h_burnout_grp[1]/h_pos_influence,15,4790
consent_grp[1]/section_h[1]/h_burnout_grp[1]/h_cold,55,4804
consent_grp[1]/section_h[1]/h_burnout_grp[1]/h_hard,11,4853
consent_grp[1]/section_h[1]/h_burnout_grp[1]/h_energetic,14,4861
consent_grp[1]/section_h[1]/h_burnout_grp[1]/h_frustrated,7,4868
consent_grp[1]/section_h[1]/h_burnout_grp[1]/h_work_hard,7,4873
consent_grp[1]/section_h[1]/h_burnout_grp[1]/h_dont_care,27,4878
consent_grp[1]/section_h[1]/h_burnout_grp[1]/h_put_pressure,16,4916
consent_grp[1]/section_h[1]/h_burnout_grp[1]/h_relax,27,4930
consent_grp[1]/section_h[1]/h_burnout_grp[1]/h_excited,8,4968
consent_grp[1]/section_h[1]/h_burnout_grp[1]/h_accomplished,43,4975
consent_grp[1]/section_h[1]/h_burnout_grp[1]/h_end_of_rop,20,5018
consent_grp[1]/section_h[1]/h_burnout_grp[1]/h_emot_pro_calm,29,5038
consent_grp[1]/i_teacher_knowledge_grp[1]/I_teach_know_note,17,5068
consent_grp[1]/i_teacher_knowledge_grp[1]/i_consonance,30,5085
consent_grp[1]/i_teacher_knowledge_grp[1]/i_vowel,29,5115
consent_grp[1]/i_teacher_knowledge_grp[1]/i_unbelievable,121,5143
consent_grp[1]/i_teacher_knowledge_grp[1]/i_irregular,17,5205
consent_grp[1]/i_teacher_knowledge_grp[1]/i_cat,10,5282
consent_grp[1]/i_teacher_knowledge_grp[1]/i_cough,26,5292
consent_grp[1]/i_teacher_knowledge_grp[1]/i_check,7,5318
consent_grp[1]/i_teacher_knowledge_grp[1]/i_english,19,5325
consent_grp[1]/j_perception_grp[1]/j_perception_note,44,5344
consent_grp[1]/j_perception_grp[1]/j_dev_practice_grp[1]/j_dev_practice_note,12,5388
consent_grp[1]/j_perception_grp[1]/j_dev_practice_grp[1]/j_child_need,9,5392
consent_grp[1]/j_perception_grp[1]/j_dev_practice_grp[1]/j_recog_letter,7,5410
consent_grp[1]/j_perception_grp[1]/j_dev_practice_grp[1]/j_recog_number,5,5416
consent_grp[1]/j_perception_grp[1]/j_dev_practice_grp[1]/j_recog_colour,5,5422
consent_grp[1]/j_perception_grp[1]/j_dev_practice_grp[1]/j_indiv_goal,11,5426
consent_grp[1]/j_perception_grp[1]/j_dev_practice_grp[1]/j_play_materials,7,5437
consent_grp[1]/j_perception_grp[1]/j_dev_practice_grp[1]/j_child_measure,7,5444
consent_grp[1]/j_perception_grp[1]/j_supp_chil_grp[1]/j_supp_chil_note,7,5451
consent_grp[1]/j_perception_grp[1]/j_supp_chil_grp[1]/j_build_relation,5,5458
consent_grp[1]/j_perception_grp[1]/j_supp_chil_grp[1]/j_control_behaviour,6,5463
consent_grp[1]/j_perception_grp[1]/j_supp_chil_grp[1]/j_express_thought,6,5469
consent_grp[1]/j_perception_grp[1]/j_supp_chil_grp[1]/j_resolve_conflicts,7,5475
consent_grp[1]/j_perception_grp[1]/j_supp_chil_grp[1]/j_guidance_style,17,5481
consent_grp[1]/j_perception_grp[1]/j_fam_sensitive_grp[1]/j_fam_sensitive_note,60,5499
consent_grp[1]/j_perception_grp[1]/j_fam_sensitive_grp[1]/j_parent_goal,60,5499
consent_grp[1]/j_perception_grp[1]/j_fam_sensitive_grp[1]/j_work_schedule,60,5499
consent_grp[1]/j_perception_grp[1]/j_fam_sensitive_grp[1]/j_fam_decision,60,5499
consent_grp[1]/j_perception_grp[1]/j_fam_sensitive_grp[1]/j_family_care,60,5499
consent_grp[1]/j_perception_grp[1]/j_fam_sensitive_grp[1]/j_connect_family,60,5499
consent_grp[1]/k_grp[1]/k_instro_note,24,5559
consent_grp[1]/k_grp[1]/k_ts_grp[1]/tmp_k_labels,82,5580
consent_grp[1]/k_grp[1]/k_ts_grp[1]/k_take_priviledges,82,5580
consent_grp[1]/k_grp[1]/k_ts_grp[1]/k_explain_behavior,82,5580
consent_grp[1]/k_grp[1]/k_ts_grp[1]/k_shook,82,5580
consent_grp[1]/k_grp[1]/k_ts_grp[1]/k_shouted,82,5580
consent_grp[1]/k_grp[1]/k_ts_grp[1]/k_gave_something,82,5580
consent_grp[1]/k_grp[1]/k_ts_grp[1]/k_spanked,82,5580
consent_grp[1]/k_grp[1]/k_ts_grp[1]/k_hit_bottom,82,5580
consent_grp[1]/k_grp[1]/k_ts_grp[1]/k_call_dumb,82,5580
consent_grp[1]/k_grp[1]/k_ts_grp[1]/k_hit_face,82,5580
consent_grp[1]/k_grp[1]/k_ts_grp[1]/k_praised,82,5580
consent_grp[1]/k_grp[1]/k_ts_grp[1]/k_affection,82,5580
consent_grp[1]/k_grp[1]/k_ts_grp[1]/k_rewarded,82,5580
consent_grp[1]/l_teaching_prac_grp[1]/l_note,7,5665
consent_grp[1]/l_teaching_prac_grp[1]/l_previos_kinder_act[1]/tmp_l_prac_lab,598,5672
consent_grp[1]/l_teaching_prac_grp[1]/l_previos_kinder_act[1]/l_hygiene_routine,598,5672
consent_grp[1]/l_teaching_prac_grp[1]/l_previos_kinder_act[1]/l_supply,598,5672
consent_grp[1]/l_teaching_prac_grp[1]/l_previos_kinder_act[1]/l_pamper,598,5672
consent_grp[1]/l_teaching_prac_grp[1]/l_previos_kinder_act[1]/l_read,598,5672
consent_grp[1]/l_teaching_prac_grp[1]/l_previos_kinder_act[1]/l_tell,598,5672
consent_grp[1]/l_teaching_prac_grp[1]/l_previos_kinder_act[1]/l_conversatin,598,5672
consent_grp[1]/l_teaching_prac_grp[1]/l_previos_kinder_act[1]/l_sing,598,5672
consent_grp[1]/l_teaching_prac_grp[1]/l_previos_kinder_act[1]/l_dance,598,5672
consent_grp[1]/l_teaching_prac_grp[1]/l_previos_kinder_act[1]/l_visit,598,5672
consent_grp[1]/l_teaching_prac_grp[1]/l_previos_kinder_act[1]/l_play_kg,598,5672
consent_grp[1]/l_teaching_prac_grp[1]/l_previos_kinder_act[1]/l_play_recrea,598,5672
consent_grp[1]/l_teaching_prac_grp[1]/l_previos_kinder_act[1]/l_sleep,598,5672
consent_grp[1]/l_teaching_prac_grp[1]/l_previos_kinder_act[1]/l_run,598,5672
consent_grp[1]/l_teaching_prac_grp[1]/l_previos_kinder_act[1]/l_group_learn,598,5672
consent_grp[1]/l_teaching_prac_grp[1]/l_previos_kinder_act[1]/l_indiv_learn,598,5672
consent_grp[1]/l_teaching_prac_grp[1]/l_class_acti_grp[1]/l_act_grp[1]/tmp_l_class_lab,143,6270
consent_grp[1]/l_teaching_prac_grp[1]/l_class_acti_grp[1]/l_act_grp[1]/l_teach_colour,143,6270
consent_grp[1]/l_teaching_prac_grp[1]/l_class_acti_grp[1]/l_act_grp[1]/l_teach_number,143,6270
consent_grp[1]/l_teaching_prac_grp[1]/l_class_acti_grp[1]/l_act_grp[1]/l_teach_letter,143,6270
consent_grp[1]/l_teaching_prac_grp[1]/l_class_acti_grp[1]/l_act_grp[1]/l_teach_form,143,6270
consent_grp[1]/l_teaching_prac_grp[1]/l_class_acti_grp[1]/l_act_grp[1]/l_socialise,143,6270
consent_grp[1]/l_teaching_prac_grp[1]/l_class_acti_grp[1]/l_act_grp[1]/l_pro_solve,143,6270
consent_grp[1]/l_teaching_prac_grp[1]/l_class_acti_grp[1]/l_act_grp[1]/l_writing,143,6270
consent_grp[1]/l_teaching_prac_grp[1]/l_class_acti_grp[1]/l_act_grp[1]/l_teach_body,143,6270
consent_grp[1]/l_teaching_prac_grp[1]/l_class_acti_grp[1]/l_act_grp[1]/l_pers_hygiene,143,6270
consent_grp[1]/l_teaching_prac_grp[1]/l_class_acti_grp[1]/l_act_grp[1]/l_art_expre,143,6270
consent_grp[1]/l_teaching_prac_grp[1]/l_class_acti_grp[1]/l_act_grp[1]/l_body_lang,143,6270
consent_grp[1]/l_teaching_prac_grp[1]/l_class_acti_grp[1]/l_act_grp[1]/l_concentration,143,6270
consent_grp[1]/l_teaching_prac_grp[1]/l_class_acti_grp[1]/l_act_grp[1]/l_gross_motor,143,6270
consent_grp[1]/l_teaching_prac_grp[1]/l_class_acti_grp[1]/l_act_grp[1]/l_fine_motor,143,6270
consent_grp[1]/l_teaching_prac_grp[1]/l_class_acti_grp[1]/l_act_grp[1]/l_gender,143,6270
consent_grp[1]/l_teaching_prac_grp[1]/l_class_acti_grp[1]/l_act_grp[1]/l_responsibility,143,6270
consent_grp[1]/l_teaching_prac_grp[1]/l_class_acti_grp[1]/l_act_grp[1]/l_speech,143,6270
consent_grp[1]/l_teaching_prac_grp[1]/l_class_acti_grp[1]/l_act_grp[1]/l_explore_comm,143,6270
consent_grp[1]/l_teaching_prac_grp[1]/l_class_acti_grp[1]/l_act_grp[1]/l_explore_culture,143,6270
consent_grp[1]/l_teaching_prac_grp[1]/l_parent_interact_note,6,6413
consent_grp[1]/l_teaching_prac_grp[1]/l_actively_engaged,23,6419
consent_grp[1]/l_teaching_prac_grp[1]/l_proportion_child,18,6442
consent_grp[1]/l_teaching_prac_grp[1]/l_proportion_child_more,19,6459
consent_grp[1]/l_teaching_prac_grp[1]/l_visit_pupil_house,19,6478
consent_grp[1]/l_teaching_prac_grp[1]/l_visit_parent_house,54,6497
consent_grp[1]/l_teaching_prac_grp[1]/l_receive_parent_supp,20,6550
consent_grp[1]/l_teaching_prac_grp[1]/l_day_teaching_note,6,6571
consent_grp[1]/l_teaching_prac_grp[1]/l_day_grp[1]/tmp_l_labs,52,6577
consent_grp[1]/l_teaching_prac_grp[1]/l_day_grp[1]/l_daily_schedule,52,6577
consent_grp[1]/l_teaching_prac_grp[1]/l_day_grp[1]/l_play_period,52,6577
consent_grp[1]/l_teaching_prac_grp[1]/l_day_grp[1]/l_free_play,52,6577
consent_grp[1]/l_teaching_prac_grp[1]/l_day_grp[1]/l_activities,52,6577
consent_grp[1]/l_teaching_prac_grp[1]/l_per_daily_grp[1]/l_perc_note,183,6628
consent_grp[1]/l_teaching_prac_grp[1]/l_per_daily_grp[1]/l_admin_per,183,6628
consent_grp[1]/l_teaching_prac_grp[1]/l_per_daily_grp[1]/l_class_per,183,6628
consent_grp[1]/l_teaching_prac_grp[1]/l_per_daily_grp[1]/l_teach_per,183,6628
consent_grp[1]/l_teaching_prac_grp[1]/l_per_daily_grp[1]/l_super_per,183,6628
consent_grp[1]/l_teaching_prac_grp[1]/l_per_daily_grp[1]/l_super_oth_per,183,6628
consent_grp[1]/l_teaching_prac_grp[1]/l_per_daily_grp[1]/l_break_per,183,6628
consent_grp[1]/l_teaching_prac_grp[1]/l_discipline_note,3,6811
consent_grp[1]/l_teaching_prac_grp[1]/l_dont_like,39,6814
consent_grp[1]/l_teaching_prac_grp[1]/l_really_bad,29,6853
consent_grp[1]/l_teaching_prac_grp[1]/l_does_good,15,6882
consent_grp[1]/l_teaching_prac_grp[1]/l_praise,21,6897
consent_grp[1]/q_note,13,6918
consent_grp[1]/q_activ_yn,14,6930
s_int_accom_yn,9,6945
s_int_accom,32,6949
comments,2,6986
