Field name,Total duration (seconds),First appeared (seconds into survey)
instruction,1,2
a_district_id,3,3
a_circuit_id,5,6
a_kg_id,49,11
a_community_id,7,23
a_enum_id,5,67
consent_note,25,72
con_understand,234,97
con_questions,14,331
con_written,2,345
consent_grp[1]/audio_consent,35,346
consent_grp[1]/d_background_note,2,381
consent_grp[1]/section_d[1]/kgt_key,9,383
consent_grp[1]/section_d[1]/kgt_name_gp[1]/kgt_fsn,111,390
consent_grp[1]/section_d[1]/kgt_name_gp[1]/kgt_msn,111,390
consent_grp[1]/section_d[1]/kgt_name_gp[1]/kgt_lsn,111,390
consent_grp[1]/section_d[1]/kgt_name_gp[1]/kgt_ppn,111,390
consent_grp[1]/section_d[1]/kgt_name_gp[1]/d_sex,111,390
consent_grp[1]/section_d[1]/kgt_confirm_note,4,503
consent_grp[1]/section_d[1]/d_num_cnt,3,506
consent_grp[1]/section_d[1]/d_cnt_grp[1]/d_cnt_main,8,509
consent_grp[1]/section_d[1]/d_age,6,517
consent_grp[1]/section_d[1]/d_teacher_grp[1]/d_been_teacher,45,523
consent_grp[1]/section_d[1]/d_teacher_grp[1]/d_teacher_year,45,523
consent_grp[1]/section_d[1]/d_teacher_grp[1]/d_teacher_month,45,523
consent_grp[1]/section_d[1]/d_been_kinder_grp[1]/d_been_kinder,17,568
consent_grp[1]/section_d[1]/d_been_kinder_grp[1]/d_kinder_year,17,568
consent_grp[1]/section_d[1]/d_been_kinder_grp[1]/d_kinder_month,17,568
consent_grp[1]/section_d[1]/d_work_last,16,586
consent_grp[1]/section_d[1]/d_os_yn,9,602
consent_grp[1]/section_d[1]/d_edu_level,8,611
consent_grp[1]/section_d[1]/d_edu_train,19,619
consent_grp[1]/section_d[1]/d_edu_level_fath,10,638
consent_grp[1]/section_d[1]/d_edu_level_mom,6,648
consent_grp[1]/section_d[1]/d_marital_status,11,654
consent_grp[1]/section_d[1]/d_ethnic_group,6,665
consent_grp[1]/section_d[1]/d_religion,5,671
consent_grp[1]/section_d[1]/d_la_spk_grp[1]/d_la_spk_note,53,676
consent_grp[1]/section_d[1]/d_la_spk_grp[1]/d_la_spk_eng,53,676
consent_grp[1]/section_d[1]/d_la_spk_grp[1]/d_la_spk_dagb,53,676
consent_grp[1]/section_d[1]/d_la_wrt_grp[1]/d_la_wrt_note,24,729
consent_grp[1]/section_d[1]/d_la_wrt_grp[1]/d_la_wrt_eng,24,729
consent_grp[1]/section_d[1]/d_la_wrt_grp[1]/d_la_wrt_dagb,24,729
consent_grp[1]/section_d[1]/d_main_language,17,753
consent_grp[1]/section_d[1]/d_loc_lang_kinderg,11,771
consent_grp[1]/e_rel_grp[1]/e_hh_note,6,782
consent_grp[1]/e_rel_grp[1]/e_hh_num,19,788
consent_grp[1]/e_rel_grp[1]/e_hh_grp[1]/e_hh_head,67,806
consent_grp[1]/e_rel_grp[1]/e_hh_grp[1]/e_chil_hh,67,806
consent_grp[1]/e_rel_grp[1]/e_hh_grp[1]/e_adult_hh,67,806
consent_grp[1]/e_rel_grp[1]/e_hh_school,19,874
consent_grp[1]/e_rel_grp[1]/e_read_english,22,893
consent_grp[1]/e_rel_grp[1]/e_rate_health,21,915
consent_grp[1]/e_rel_grp[1]/e_live_note,7,936
consent_grp[1]/e_rel_grp[1]/e_rooms_occu,20,943
consent_grp[1]/e_rel_grp[1]/e_own_status,13,963
consent_grp[1]/e_rel_grp[1]/e_electricity_inhouse,5,976
consent_grp[1]/e_rel_grp[1]/e_floor_material,18,981
consent_grp[1]/e_rel_grp[1]/e_interior_floor,13,999
consent_grp[1]/e_rel_grp[1]/e_roof_mat,10,1011
consent_grp[1]/e_rel_grp[1]/e_cook_fuel,12,1022
consent_grp[1]/e_rel_grp[1]/e_lighting,10,1033
consent_grp[1]/e_rel_grp[1]/e_drink_source,22,1044
consent_grp[1]/e_rel_grp[1]/e_toilet_facility,15,1066
consent_grp[1]/e_rel_grp[1]/e_asset_note,13,1081
consent_grp[1]/e_rel_grp[1]/e_hh_own_phone,15,1094
consent_grp[1]/e_rel_grp[1]/e_hh_ass_grp[1]/tmp_e_hh_ass_lab,158,1109
consent_grp[1]/e_rel_grp[1]/e_hh_ass_grp[1]/e_hh_ass_radio,158,1109
consent_grp[1]/e_rel_grp[1]/e_hh_ass_grp[1]/e_hh_ass_refrig,158,1109
consent_grp[1]/e_rel_grp[1]/e_hh_ass_grp[1]/e_hh_ass_bike,158,1109
consent_grp[1]/e_rel_grp[1]/e_hh_ass_grp[1]/e_hh_ass_tv,158,1109
consent_grp[1]/e_rel_grp[1]/e_hh_ass_grp[1]/e_hh_ass_vcr,158,1109
consent_grp[1]/e_rel_grp[1]/e_hh_ass_grp[1]/e_hh_ass_motor,158,1109
consent_grp[1]/e_rel_grp[1]/e_hh_ass_grp[1]/e_hh_ass_car,158,1109
consent_grp[1]/e_rel_grp[1]/e_hh_ass_grp[1]/e_hh_ass_tractor,158,1109
consent_grp[1]/e_rel_grp[1]/e_hh_ass_grp[1]/e_hh_ass_farm_equip,158,1109
consent_grp[1]/e_rel_grp[1]/e_hh_ass_grp[1]/e_hh_ass_sew_mach,158,1109
consent_grp[1]/e_rel_grp[1]/e_hh_ass_grp[1]/e_hh_ass_bed,158,1109
consent_grp[1]/e_rel_grp[1]/e_hh_ass_grp[1]/e_hh_ass_mattress,158,1109
consent_grp[1]/e_rel_grp[1]/e_hh_ass_grp[1]/e_hh_ass_table_chair,158,1109
consent_grp[1]/e_rel_grp[1]/e_hh_ass_grp[1]/e_hh_ass_stool,158,1109
consent_grp[1]/e_rel_grp[1]/e_hh_ass_grp[1]/e_hh_ass_sofa,158,1109
consent_grp[1]/e_rel_grp[1]/e_hh_ass_grp[1]/e_hh_ass_fan,158,1109
consent_grp[1]/e_rel_grp[1]/e_hh_ass_grp[1]/e_hh_ass_lamp,158,1109
consent_grp[1]/e_rel_grp[1]/e_hh_ass_grp[1]/e_hh_ass_watch,158,1109
consent_grp[1]/e_rel_grp[1]/e_hh_ass_grp[1]/e_hh_ass_mat,158,1109
consent_grp[1]/e_rel_grp[1]/e_hh_ass_grp[1]/e_hh_ass_torch,158,1109
consent_grp[1]/e_rel_grp[1]/e_hh_ass_grp[1]/e_hh_ass_cabinet,158,1109
consent_grp[1]/e_rel_grp[1]/e_hh_ass_grp[1]/e_hh_ass_pot,158,1109
consent_grp[1]/e_rel_grp[1]/e_hh_ass_grp[1]/e_hh_ass_itn,158,1109
consent_grp[1]/e_rel_grp[1]/e_hh_ass_grp[1]/e_hh_ass_iron_elec,158,1109
consent_grp[1]/e_rel_grp[1]/e_hh_ass_grp[1]/e_hh_ass_iron_coal,158,1109
consent_grp[1]/e_rel_grp[1]/e_hh_ass_grp[1]/e_hh_ass_iron_gas,158,1109
consent_grp[1]/f_rel_grp[1]/f_comm_note,7,1267
consent_grp[1]/f_rel_grp[1]/section_f[1]/f_born_comm,10,1275
consent_grp[1]/f_rel_grp[1]/section_f[1]/f_school_loc,10,1284
consent_grp[1]/f_rel_grp[1]/section_f[1]/f_lived_bef_teach,11,1294
consent_grp[1]/f_rel_grp[1]/section_f[1]/f_lived_grp[1]/f_lived_comm,83,1305
consent_grp[1]/f_rel_grp[1]/section_f[1]/f_lived_grp[1]/f_lived_comm_year,83,1305
consent_grp[1]/f_rel_grp[1]/section_f[1]/f_lived_grp[1]/f_lived_comm_month,83,1305
consent_grp[1]/f_rel_grp[1]/section_f[1]/f_fam_lived,42,1389
consent_grp[1]/f_rel_grp[1]/section_f[1]/f_emot_support,23,1431
consent_grp[1]/f_rel_grp[1]/section_f[1]/f_emot_support_num,9,1454
consent_grp[1]/f_rel_grp[1]/section_f[1]/f_lend_money,29,1462
consent_grp[1]/f_rel_grp[1]/section_f[1]/f_borrow_money,24,1491
consent_grp[1]/f_rel_grp[1]/section_f[1]/f_rel_live_nearby,21,1515
consent_grp[1]/f_rel_grp[1]/section_f[1]/f_part_comm,12,1536
consent_grp[1]/f_rel_grp[1]/section_f[1]/f_main_trans,11,1548
consent_grp[1]/f_rel_grp[1]/section_f[1]/f_min_get_sch_grp[1]/f_min_get_note,18,1558
consent_grp[1]/f_rel_grp[1]/section_f[1]/f_min_get_sch_grp[1]/f_h_get_school,18,1558
consent_grp[1]/f_rel_grp[1]/section_f[1]/f_min_get_sch_grp[1]/f_m_get_school,18,1558
consent_grp[1]/g_nature_wrk_note,9,1577
consent_grp[1]/section_g[1]/g_teach_pos,7,1586
consent_grp[1]/section_g[1]/g_teach_school,9,1592
consent_grp[1]/section_g[1]/g_kg_grade,10,1602
consent_grp[1]/section_g[1]/g_class_grp[1]/g_children_note,16,1612
consent_grp[1]/section_g[1]/g_class_grp[1]/g_kg_2,16,1612
consent_grp[1]/section_g[1]/g_ah_grp[1]/g_ah_note,81,1628
consent_grp[1]/section_g[1]/g_ah_grp[1]/g_ah_working,81,1628
consent_grp[1]/section_g[1]/g_ah_grp[1]/g_ah_prepping,81,1628
consent_grp[1]/section_g[1]/g_eh_grp[1]/g_eh_note,56,1709
consent_grp[1]/section_g[1]/g_eh_grp[1]/g_eh_working,56,1709
consent_grp[1]/section_g[1]/g_eh_grp[1]/g_eh_prepping,56,1709
consent_grp[1]/section_g[1]/g_teach_salary,30,1765
consent_grp[1]/section_g[1]/g_salary_freq,17,1795
consent_grp[1]/section_g[1]/g_salary_intime,39,1812
consent_grp[1]/section_g[1]/g_money_cmp,12,1851
consent_grp[1]/section_g[1]/g_job_outside,13,1863
consent_grp[1]/section_g[1]/g_extra_money_spec,19,1875
consent_grp[1]/section_g[1]/g_sch_pro_grp[1]/tmp_g_sch_pro_lab,198,1894
consent_grp[1]/section_g[1]/g_sch_pro_grp[1]/g_class,198,1894
consent_grp[1]/section_g[1]/g_sch_pro_grp[1]/g_class_taught,198,1894
consent_grp[1]/section_g[1]/g_sch_pro_grp[1]/g_fin_resource,198,1894
consent_grp[1]/section_g[1]/g_sch_pro_grp[1]/g_high_expe,198,1894
consent_grp[1]/section_g[1]/g_sch_pro_grp[1]/g_change_curri,198,1894
consent_grp[1]/section_g[1]/g_sch_pro_grp[1]/g_diff_curri,198,1894
consent_grp[1]/section_g[1]/g_sch_pro_grp[1]/g_easy_curri,198,1894
consent_grp[1]/section_g[1]/g_sch_pro_grp[1]/g_par_dem_high,198,1894
consent_grp[1]/section_g[1]/g_sch_pro_grp[1]/g_par_suff_interest,198,1894
consent_grp[1]/section_g[1]/g_sch_pro_grp[1]/g_par_suff_active,198,1894
consent_grp[1]/section_g[1]/g_par_supp_grp[1]/g_par_supp_note,12,2092
consent_grp[1]/section_g[1]/g_par_supp_grp[1]/g_home_wrk,25,2104
consent_grp[1]/section_g[1]/g_par_supp_grp[1]/g_behave_val,21,2129
consent_grp[1]/section_g[1]/g_par_supp_grp[1]/g_get_schl,10,2150
consent_grp[1]/section_g[1]/g_par_supp_grp[1]/g_visit_schl,8,2160
consent_grp[1]/section_g[1]/g_par_supp_grp[1]/g_show_respect,9,2168
consent_grp[1]/section_g[1]/g_par_supp_grp[1]/g_best_schl,7,2176
consent_grp[1]/section_g[1]/g_par_supp_grp[1]/g_parti_pta,8,2183
consent_grp[1]/section_g[1]/g_par_supp_grp[1]/g_cont_kg_act,11,2191
consent_grp[1]/section_g[1]/g_lead_respect,15,2202
consent_grp[1]/section_g[1]/g_val_citizen,16,2218
consent_grp[1]/section_h[1]/sec_h_depre_note,53,2233
consent_grp[1]/section_h[1]/h_depression_grp[1]/h_da_note,167,2286
consent_grp[1]/section_h[1]/h_depression_grp[1]/tmp_h_da_lab,167,2286
consent_grp[1]/section_h[1]/h_depression_grp[1]/h_headache,167,2286
consent_grp[1]/section_h[1]/h_depression_grp[1]/h_appetite,167,2286
consent_grp[1]/section_h[1]/h_depression_grp[1]/h_sleep,167,2286
consent_grp[1]/section_h[1]/h_depression_grp[1]/h_frightened,167,2286
consent_grp[1]/section_h[1]/h_depression_grp[1]/h_hands_shake,167,2286
consent_grp[1]/section_h[1]/h_depression_grp[1]/h_nervous,167,2286
consent_grp[1]/section_h[1]/h_depression_grp[1]/h_digestion,167,2286
consent_grp[1]/section_h[1]/h_depression_grp[1]/h_thinking,167,2286
consent_grp[1]/section_h[1]/h_depression_grp[1]/h_unhappy,167,2286
consent_grp[1]/section_h[1]/h_depression_grp[1]/h_cry,167,2286
consent_grp[1]/section_h[1]/h_depression_grp[1]/h_activities,167,2286
consent_grp[1]/section_h[1]/h_depression_grp[1]/h_decisions,167,2286
consent_grp[1]/section_h[1]/h_depression_grp[1]/h_daily_work,167,2286
consent_grp[1]/section_h[1]/h_depression_grp[1]/h_life,167,2286
consent_grp[1]/section_h[1]/h_depression_grp[1]/h_interest,167,2286
consent_grp[1]/section_h[1]/h_depression_grp[1]/h_worthless,167,2286
consent_grp[1]/section_h[1]/h_depression_grp[1]/h_end_life,167,2286
consent_grp[1]/section_h[1]/h_depression_grp[1]/h_tired,167,2286
consent_grp[1]/section_h[1]/h_depression_grp[1]/h_uncomfortable,167,2286
consent_grp[1]/section_h[1]/h_depression_grp[1]/h_easily_tired,167,2286
consent_grp[1]/section_h[1]/sec_h_ext_contr_note,14,2453
consent_grp[1]/section_h[1]/h_ext_control_grp[1]/h_ext_cont_note,2,2467
consent_grp[1]/section_h[1]/h_ext_control_grp[1]/h_pup_learn,43,2469
consent_grp[1]/section_h[1]/h_ext_control_grp[1]/h_discipline,21,2511
consent_grp[1]/section_h[1]/h_ext_control_grp[1]/h_stu_achieve,46,2532
consent_grp[1]/section_h[1]/h_ext_control_grp[1]/h_teach_motiv,33,2578
consent_grp[1]/section_h[1]/h_ext_control_grp[1]/h_good_teach,25,2611
consent_grp[1]/section_h[1]/sec_h_motiv_note,2,2635
consent_grp[1]/section_h[1]/h_motiv_grp[1]/h_motiv_note,11,2637
consent_grp[1]/section_h[1]/h_motiv_grp[1]/h_motiv_help,18,2648
consent_grp[1]/section_h[1]/h_motiv_grp[1]/h_quest_school,36,2666
consent_grp[1]/section_h[1]/h_motiv_grp[1]/h_help_child,10,2702
consent_grp[1]/section_h[1]/h_motiv_grp[1]/h_sch_goal,8,2712
consent_grp[1]/section_h[1]/h_motiv_grp[1]/h_help_emot,16,2720
consent_grp[1]/section_h[1]/h_motiv_grp[1]/h_enjoy_teach,9,2736
consent_grp[1]/section_h[1]/h_motiv_grp[1]/h_develop_society,14,2745
consent_grp[1]/section_h[1]/h_motiv_grp[1]/h_develop_socially,21,2759
consent_grp[1]/section_h[1]/h_motiv_grp[1]/h_perso_clear,13,2779
consent_grp[1]/section_h[1]/h_impor_thing,55,2792
consent_grp[1]/section_h[1]/h_job_satisfaction_grp[1]/h_job_satis_note,77,2847
consent_grp[1]/section_h[1]/h_job_satisfaction_grp[1]/h_look_out,46,2924
consent_grp[1]/section_h[1]/h_job_satisfaction_grp[1]/h_perso_worries,15,2970
consent_grp[1]/section_h[1]/h_job_satisfaction_grp[1]/h_know_col,42,2985
consent_grp[1]/section_h[1]/h_job_satisfaction_grp[1]/h_col_coop,12,3027
consent_grp[1]/section_h[1]/h_job_satisfaction_grp[1]/h_trust_col,13,3038
consent_grp[1]/section_h[1]/h_job_satisfaction_grp[1]/h_enjoy_col,6,3053
consent_grp[1]/section_h[1]/h_job_satisfaction_grp[1]/h_sup_respect,6,3059
consent_grp[1]/section_h[1]/h_job_satisfaction_grp[1]/h_sup_busy,10,3065
consent_grp[1]/section_h[1]/h_job_satisfaction_grp[1]/h_sup_opinion,7,3075
consent_grp[1]/section_h[1]/h_job_satisfaction_grp[1]/h_count_sup,8,3082
consent_grp[1]/section_h[1]/h_job_satisfaction_grp[1]/h_motivated,10,3090
consent_grp[1]/section_h[1]/h_job_satisfaction_grp[1]/h_sup_unpredict,14,3099
consent_grp[1]/section_h[1]/h_job_satisfaction_grp[1]/h_wrk_challenge,15,3113
consent_grp[1]/section_h[1]/h_job_satisfaction_grp[1]/h_wrk_monotonous,16,3128
consent_grp[1]/section_h[1]/h_job_satisfaction_grp[1]/h_wrk_creative,6,3144
consent_grp[1]/section_h[1]/h_job_satisfaction_grp[1]/h_big_impact,8,3151
consent_grp[1]/section_h[1]/h_job_satisfaction_grp[1]/h_little_time,19,3158
consent_grp[1]/section_h[1]/h_job_satisfaction_grp[1]/h_control_satis,26,3178
consent_grp[1]/section_h[1]/h_job_satisfaction_grp[1]/h_look,10,3204
consent_grp[1]/section_h[1]/h_job_satisfaction_grp[1]/h_small_space,18,3213
consent_grp[1]/section_h[1]/h_job_satisfaction_grp[1]/h_new_mat,9,3231
consent_grp[1]/section_h[1]/h_job_satisfaction_grp[1]/h_clean_kinder,21,3240
consent_grp[1]/section_h[1]/h_job_satisfaction_grp[1]/h_loud_kinder,28,3261
consent_grp[1]/section_h[1]/h_job_satisfaction_grp[1]/h_kinder_rules,13,3289
consent_grp[1]/section_h[1]/h_job_satisfaction_grp[1]/h_satisfied_paid,20,3302
consent_grp[1]/section_h[1]/h_burnout_grp[1]/h_burnout_note,16,3322
consent_grp[1]/section_h[1]/h_burnout_grp[1]/h_emotion_drained,53,3338
consent_grp[1]/section_h[1]/h_burnout_grp[1]/h_used_up,14,3391
consent_grp[1]/section_h[1]/h_burnout_grp[1]/h_fatigued,13,3404
consent_grp[1]/section_h[1]/h_burnout_grp[1]/h_child_feel,31,3418
consent_grp[1]/section_h[1]/h_burnout_grp[1]/h_child_impersonal,14,3449
consent_grp[1]/section_h[1]/h_burnout_grp[1]/h_ppl_strain,15,3463
consent_grp[1]/section_h[1]/h_burnout_grp[1]/h_deal_effect,31,3478
consent_grp[1]/section_h[1]/h_burnout_grp[1]/h_burnout,12,3509
consent_grp[1]/section_h[1]/h_burnout_grp[1]/h_pos_influence,35,3521
consent_grp[1]/section_h[1]/h_burnout_grp[1]/h_cold,19,3556
consent_grp[1]/section_h[1]/h_burnout_grp[1]/h_hard,9,3575
consent_grp[1]/section_h[1]/h_burnout_grp[1]/h_energetic,12,3584
consent_grp[1]/section_h[1]/h_burnout_grp[1]/h_frustrated,5,3596
consent_grp[1]/section_h[1]/h_burnout_grp[1]/h_work_hard,10,3601
consent_grp[1]/section_h[1]/h_burnout_grp[1]/h_dont_care,8,3611
consent_grp[1]/section_h[1]/h_burnout_grp[1]/h_put_pressure,15,3619
consent_grp[1]/section_h[1]/h_burnout_grp[1]/h_relax,13,3634
consent_grp[1]/section_h[1]/h_burnout_grp[1]/h_excited,15,3646
consent_grp[1]/section_h[1]/h_burnout_grp[1]/h_accomplished,24,3661
consent_grp[1]/section_h[1]/h_burnout_grp[1]/h_end_of_rop,11,3685
consent_grp[1]/section_h[1]/h_burnout_grp[1]/h_emot_pro_calm,18,3696
consent_grp[1]/i_teacher_knowledge_grp[1]/I_teach_know_note,22,3713
consent_grp[1]/i_teacher_knowledge_grp[1]/i_consonance,46,3735
consent_grp[1]/i_teacher_knowledge_grp[1]/i_vowel,26,3781
consent_grp[1]/i_teacher_knowledge_grp[1]/i_unbelievable,30,3803
consent_grp[1]/i_teacher_knowledge_grp[1]/i_irregular,26,3837
consent_grp[1]/i_teacher_knowledge_grp[1]/i_cat,29,3862
consent_grp[1]/i_teacher_knowledge_grp[1]/i_cough,12,3891
consent_grp[1]/i_teacher_knowledge_grp[1]/i_check,15,3904
consent_grp[1]/i_teacher_knowledge_grp[1]/i_english,24,3919
consent_grp[1]/j_perception_grp[1]/j_perception_note,42,3943
consent_grp[1]/j_perception_grp[1]/j_dev_practice_grp[1]/j_dev_practice_note,17,3986
consent_grp[1]/j_perception_grp[1]/j_dev_practice_grp[1]/j_child_need,19,4002
consent_grp[1]/j_perception_grp[1]/j_dev_practice_grp[1]/j_recog_letter,8,4022
consent_grp[1]/j_perception_grp[1]/j_dev_practice_grp[1]/j_recog_number,7,4030
consent_grp[1]/j_perception_grp[1]/j_dev_practice_grp[1]/j_recog_colour,8,4037
consent_grp[1]/j_perception_grp[1]/j_dev_practice_grp[1]/j_indiv_goal,24,4045
consent_grp[1]/j_perception_grp[1]/j_dev_practice_grp[1]/j_play_materials,5,4069
consent_grp[1]/j_perception_grp[1]/j_dev_practice_grp[1]/j_child_measure,10,4074
consent_grp[1]/j_perception_grp[1]/j_supp_chil_grp[1]/j_supp_chil_note,9,4083
consent_grp[1]/j_perception_grp[1]/j_supp_chil_grp[1]/j_build_relation,13,4092
consent_grp[1]/j_perception_grp[1]/j_supp_chil_grp[1]/j_control_behaviour,5,4105
consent_grp[1]/j_perception_grp[1]/j_supp_chil_grp[1]/j_express_thought,6,4111
consent_grp[1]/j_perception_grp[1]/j_supp_chil_grp[1]/j_resolve_conflicts,8,4117
consent_grp[1]/j_perception_grp[1]/j_supp_chil_grp[1]/j_guidance_style,11,4124
consent_grp[1]/j_perception_grp[1]/j_fam_sensitive_grp[1]/j_fam_sensitive_note,88,4135
consent_grp[1]/j_perception_grp[1]/j_fam_sensitive_grp[1]/j_parent_goal,88,4135
consent_grp[1]/j_perception_grp[1]/j_fam_sensitive_grp[1]/j_work_schedule,88,4135
consent_grp[1]/j_perception_grp[1]/j_fam_sensitive_grp[1]/j_fam_decision,88,4135
consent_grp[1]/j_perception_grp[1]/j_fam_sensitive_grp[1]/j_family_care,88,4135
consent_grp[1]/j_perception_grp[1]/j_fam_sensitive_grp[1]/j_connect_family,88,4135
consent_grp[1]/k_grp[1]/k_instro_note,42,4223
consent_grp[1]/k_grp[1]/k_ts_grp[1]/tmp_k_labels,112,4265
consent_grp[1]/k_grp[1]/k_ts_grp[1]/k_take_priviledges,112,4265
consent_grp[1]/k_grp[1]/k_ts_grp[1]/k_explain_behavior,112,4265
consent_grp[1]/k_grp[1]/k_ts_grp[1]/k_shook,112,4265
consent_grp[1]/k_grp[1]/k_ts_grp[1]/k_shouted,112,4265
consent_grp[1]/k_grp[1]/k_ts_grp[1]/k_gave_something,112,4265
consent_grp[1]/k_grp[1]/k_ts_grp[1]/k_spanked,112,4265
consent_grp[1]/k_grp[1]/k_ts_grp[1]/k_hit_bottom,112,4265
consent_grp[1]/k_grp[1]/k_ts_grp[1]/k_call_dumb,112,4265
consent_grp[1]/k_grp[1]/k_ts_grp[1]/k_hit_face,112,4265
consent_grp[1]/k_grp[1]/k_ts_grp[1]/k_praised,112,4265
consent_grp[1]/k_grp[1]/k_ts_grp[1]/k_affection,112,4265
consent_grp[1]/k_grp[1]/k_ts_grp[1]/k_rewarded,112,4265
consent_grp[1]/l_teaching_prac_grp[1]/l_note,9,4377
consent_grp[1]/l_teaching_prac_grp[1]/l_previos_kinder_act[1]/tmp_l_prac_lab,73,4387
consent_grp[1]/l_teaching_prac_grp[1]/l_previos_kinder_act[1]/l_hygiene_routine,73,4387
consent_grp[1]/l_teaching_prac_grp[1]/l_previos_kinder_act[1]/l_supply,73,4387
consent_grp[1]/l_teaching_prac_grp[1]/l_previos_kinder_act[1]/l_pamper,73,4387
consent_grp[1]/l_teaching_prac_grp[1]/l_previos_kinder_act[1]/l_read,73,4387
consent_grp[1]/l_teaching_prac_grp[1]/l_previos_kinder_act[1]/l_tell,73,4387
consent_grp[1]/l_teaching_prac_grp[1]/l_previos_kinder_act[1]/l_conversatin,73,4387
consent_grp[1]/l_teaching_prac_grp[1]/l_previos_kinder_act[1]/l_sing,73,4387
consent_grp[1]/l_teaching_prac_grp[1]/l_previos_kinder_act[1]/l_dance,73,4387
consent_grp[1]/l_teaching_prac_grp[1]/l_previos_kinder_act[1]/l_visit,73,4387
consent_grp[1]/l_teaching_prac_grp[1]/l_previos_kinder_act[1]/l_play_kg,73,4387
consent_grp[1]/l_teaching_prac_grp[1]/l_previos_kinder_act[1]/l_play_recrea,73,4387
consent_grp[1]/l_teaching_prac_grp[1]/l_previos_kinder_act[1]/l_sleep,73,4387
consent_grp[1]/l_teaching_prac_grp[1]/l_previos_kinder_act[1]/l_run,73,4387
consent_grp[1]/l_teaching_prac_grp[1]/l_previos_kinder_act[1]/l_group_learn,73,4387
consent_grp[1]/l_teaching_prac_grp[1]/l_previos_kinder_act[1]/l_indiv_learn,73,4387
consent_grp[1]/l_teaching_prac_grp[1]/l_class_acti_grp[1]/l_act_grp[1]/tmp_l_class_lab,60,4460
consent_grp[1]/l_teaching_prac_grp[1]/l_class_acti_grp[1]/l_act_grp[1]/l_teach_colour,60,4460
consent_grp[1]/l_teaching_prac_grp[1]/l_class_acti_grp[1]/l_act_grp[1]/l_teach_number,60,4460
consent_grp[1]/l_teaching_prac_grp[1]/l_class_acti_grp[1]/l_act_grp[1]/l_teach_letter,60,4460
consent_grp[1]/l_teaching_prac_grp[1]/l_class_acti_grp[1]/l_act_grp[1]/l_teach_form,60,4460
consent_grp[1]/l_teaching_prac_grp[1]/l_class_acti_grp[1]/l_act_grp[1]/l_socialise,60,4460
consent_grp[1]/l_teaching_prac_grp[1]/l_class_acti_grp[1]/l_act_grp[1]/l_pro_solve,60,4460
consent_grp[1]/l_teaching_prac_grp[1]/l_class_acti_grp[1]/l_act_grp[1]/l_writing,60,4460
consent_grp[1]/l_teaching_prac_grp[1]/l_class_acti_grp[1]/l_act_grp[1]/l_teach_body,60,4460
consent_grp[1]/l_teaching_prac_grp[1]/l_class_acti_grp[1]/l_act_grp[1]/l_pers_hygiene,60,4460
consent_grp[1]/l_teaching_prac_grp[1]/l_class_acti_grp[1]/l_act_grp[1]/l_art_expre,60,4460
consent_grp[1]/l_teaching_prac_grp[1]/l_class_acti_grp[1]/l_act_grp[1]/l_body_lang,60,4460
consent_grp[1]/l_teaching_prac_grp[1]/l_class_acti_grp[1]/l_act_grp[1]/l_concentration,60,4460
consent_grp[1]/l_teaching_prac_grp[1]/l_class_acti_grp[1]/l_act_grp[1]/l_gross_motor,60,4460
consent_grp[1]/l_teaching_prac_grp[1]/l_class_acti_grp[1]/l_act_grp[1]/l_fine_motor,60,4460
consent_grp[1]/l_teaching_prac_grp[1]/l_class_acti_grp[1]/l_act_grp[1]/l_gender,60,4460
consent_grp[1]/l_teaching_prac_grp[1]/l_class_acti_grp[1]/l_act_grp[1]/l_responsibility,60,4460
consent_grp[1]/l_teaching_prac_grp[1]/l_class_acti_grp[1]/l_act_grp[1]/l_speech,60,4460
consent_grp[1]/l_teaching_prac_grp[1]/l_class_acti_grp[1]/l_act_grp[1]/l_explore_comm,60,4460
consent_grp[1]/l_teaching_prac_grp[1]/l_class_acti_grp[1]/l_act_grp[1]/l_explore_culture,60,4460
consent_grp[1]/l_teaching_prac_grp[1]/l_parent_interact_note,7,4520
consent_grp[1]/l_teaching_prac_grp[1]/l_actively_engaged,22,4527
consent_grp[1]/l_teaching_prac_grp[1]/l_proportion_child,19,4549
consent_grp[1]/l_teaching_prac_grp[1]/l_proportion_child_more,15,4568
consent_grp[1]/l_teaching_prac_grp[1]/l_visit_pupil_house,41,4583
consent_grp[1]/l_teaching_prac_grp[1]/l_visit_parent_house,16,4624
consent_grp[1]/l_teaching_prac_grp[1]/l_receive_parent_supp,18,4640
consent_grp[1]/l_teaching_prac_grp[1]/l_day_teaching_note,7,4658
consent_grp[1]/l_teaching_prac_grp[1]/l_day_grp[1]/tmp_l_labs,53,4664
consent_grp[1]/l_teaching_prac_grp[1]/l_day_grp[1]/l_daily_schedule,53,4664
consent_grp[1]/l_teaching_prac_grp[1]/l_day_grp[1]/l_play_period,53,4664
consent_grp[1]/l_teaching_prac_grp[1]/l_day_grp[1]/l_free_play,53,4664
consent_grp[1]/l_teaching_prac_grp[1]/l_day_grp[1]/l_activities,53,4664
consent_grp[1]/l_teaching_prac_grp[1]/l_per_daily_grp[1]/l_perc_note,196,4716
consent_grp[1]/l_teaching_prac_grp[1]/l_per_daily_grp[1]/l_admin_per,196,4716
consent_grp[1]/l_teaching_prac_grp[1]/l_per_daily_grp[1]/l_class_per,196,4716
consent_grp[1]/l_teaching_prac_grp[1]/l_per_daily_grp[1]/l_teach_per,196,4716
consent_grp[1]/l_teaching_prac_grp[1]/l_per_daily_grp[1]/l_super_per,196,4716
consent_grp[1]/l_teaching_prac_grp[1]/l_per_daily_grp[1]/l_super_oth_per,196,4716
consent_grp[1]/l_teaching_prac_grp[1]/l_per_daily_grp[1]/l_break_per,196,4716
consent_grp[1]/l_teaching_prac_grp[1]/l_discipline_note,7,4913
consent_grp[1]/l_teaching_prac_grp[1]/l_dont_like,42,4921
consent_grp[1]/l_teaching_prac_grp[1]/l_really_bad,22,4963
consent_grp[1]/l_teaching_prac_grp[1]/l_does_good,25,4984
consent_grp[1]/l_teaching_prac_grp[1]/l_praise,28,5009
consent_grp[1]/q_note,33,5037
consent_grp[1]/q_activ_yn,18,5070
consent_grp[1]/q_rpt[1]/q_activ_r,29,5089
consent_grp[1]/q_rpt[1]/q_activ_org_r,17,5117
consent_grp[1]/q_rpt[1]/q_activ_add_r,21,5134
s_int_accom_yn,8,5155
comments,1,5163
