Field name,Total duration (seconds),First appeared (seconds into survey)
instruction,130,16
a_district_id,12,147
a_circuit_id,6,159
a_kg_id,7,165
a_community_id,4,172
a_enum_id,14,176
consent_note,6,181
con_understand,4,193
con_questions,2,200
con_written,3,202
consent_grp[1]/audio_consent,2,205
consent_grp[1]/d_background_note,1,207
consent_grp[1]/section_d[1]/kgt_key,62,208
consent_grp[1]/section_d[1]/kgt_confirm_note,7,270
consent_grp[1]/section_d[1]/d_num_cnt,7,278
consent_grp[1]/section_d[1]/d_cnt_grp[1]/d_cnt_main,2,283
consent_grp[1]/section_d[1]/d_cnt_grp[1]/d_cnt_sec,2,283
consent_grp[1]/section_d[1]/d_teacher_grp[1]/d_been_teacher,9,286
consent_grp[1]/section_d[1]/d_teacher_grp[1]/d_teacher_year,9,286
consent_grp[1]/section_d[1]/d_teacher_grp[1]/d_teacher_month,9,286
consent_grp[1]/section_d[1]/d_been_kinder_grp[1]/d_been_kinder,20,296
consent_grp[1]/section_d[1]/d_been_kinder_grp[1]/d_kinder_year,20,296
consent_grp[1]/section_d[1]/d_been_kinder_grp[1]/d_kinder_month,20,296
consent_grp[1]/section_d[1]/d_work_last,7,316
consent_grp[1]/section_d[1]/d_os_yn,6,323
consent_grp[1]/section_d[1]/d_os_grp[1]/d_os_name,5,327
consent_grp[1]/section_d[1]/d_os_grp[1]/d_os_region,5,327
consent_grp[1]/section_d[1]/d_edu_level,7,334
consent_grp[1]/section_d[1]/d_edu_train,4,341
consent_grp[1]/section_d[1]/d_edu_level_train,6,345
consent_grp[1]/section_d[1]/d_edu_level_fath,6,351
consent_grp[1]/section_d[1]/d_edu_level_mom,3,357
consent_grp[1]/section_d[1]/d_marital_status,6,361
consent_grp[1]/section_d[1]/d_religion,8,365
consent_grp[1]/section_d[1]/d_la_spk_grp[1]/d_la_spk_note,10,373
consent_grp[1]/section_d[1]/d_la_spk_grp[1]/d_la_spk_eng,10,373
consent_grp[1]/section_d[1]/d_la_spk_grp[1]/d_la_spk_grun,10,373
consent_grp[1]/section_d[1]/d_la_wrt_grp[1]/d_la_wrt_note,17,384
consent_grp[1]/section_d[1]/d_la_wrt_grp[1]/d_la_wrt_eng,17,384
consent_grp[1]/section_d[1]/d_la_wrt_grp[1]/d_la_wrt_grun,17,384
consent_grp[1]/section_d[1]/d_main_language,28,401
consent_grp[1]/section_d[1]/d_loc_lang_kinderg,19,426
consent_grp[1]/f_moved_yn,14,444
consent_grp[1]/f_rel_grp[1]/f_comm_note,6,457
consent_grp[1]/f_rel_grp[1]/section_f[1]/f_born_comm,19,459
consent_grp[1]/g_nature_wrk_note,15,463
consent_grp[1]/f_rel_grp[1]/section_f[1]/f_school_loc,32,477
consent_grp[1]/f_rel_grp[1]/section_f[1]/f_lived_bef_teach,6,518
consent_grp[1]/f_rel_grp[1]/section_f[1]/f_lived_grp[1]/f_lived_comm,235,524
consent_grp[1]/f_rel_grp[1]/section_f[1]/f_lived_grp[1]/f_lived_comm_year,249,524
consent_grp[1]/f_rel_grp[1]/section_f[1]/f_lived_grp[1]/f_lived_comm_month,235,524
consent_grp[1]/f_rel_grp[1]/section_f[1]/f_fam_lived,9,759
consent_grp[1]/f_rel_grp[1]/section_f[1]/f_emot_support,7,765
consent_grp[1]/f_rel_grp[1]/section_f[1]/f_emot_support_num,6,775
consent_grp[1]/f_rel_grp[1]/section_f[1]/f_lend_money,9,782
consent_grp[1]/f_rel_grp[1]/section_f[1]/f_borrow_money,23,789
consent_grp[1]/f_rel_grp[1]/section_f[1]/f_rel_live_nearby,6,814
consent_grp[1]/f_rel_grp[1]/section_f[1]/f_part_comm,2,820
consent_grp[1]/f_rel_grp[1]/section_f[1]/f_main_trans,4,821
consent_grp[1]/f_rel_grp[1]/section_f[1]/f_min_get_sch_grp[1]/f_min_get_note,6,826
consent_grp[1]/f_rel_grp[1]/section_f[1]/f_min_get_sch_grp[1]/f_h_get_school,6,826
consent_grp[1]/f_rel_grp[1]/section_f[1]/f_min_get_sch_grp[1]/f_m_get_school,6,826
consent_grp[1]/section_g[1]/g_teach_pos,9,833
consent_grp[1]/section_g[1]/g_teach_school,4,841
consent_grp[1]/section_g[1]/g_teach_sch_num,3,847
consent_grp[1]/section_g[1]/g_kg_grade,22,850
consent_grp[1]/section_g[1]/g_class_grp[1]/g_children_note,10,868
consent_grp[1]/section_g[1]/g_class_grp[1]/g_kg_1,2,868
consent_grp[1]/section_g[1]/g_class_grp[1]/g_kg_2,2,868
consent_grp[1]/section_g[1]/g_class_grp[1]/g_kg_combined,9,874
consent_grp[1]/section_g[1]/g_ah_grp[1]/g_ah_note,16,883
consent_grp[1]/section_g[1]/g_ah_grp[1]/g_ah_working,16,883
consent_grp[1]/section_g[1]/g_ah_grp[1]/g_ah_prepping,16,883
consent_grp[1]/section_g[1]/g_eh_grp[1]/g_eh_note,9,898
consent_grp[1]/section_g[1]/g_eh_grp[1]/g_eh_working,9,898
consent_grp[1]/section_g[1]/g_eh_grp[1]/g_eh_prepping,9,898
consent_grp[1]/section_g[1]/g_teach_salary,17,908
consent_grp[1]/section_g[1]/g_salary_freq,6,925
consent_grp[1]/section_g[1]/g_salary_intime,4,931
consent_grp[1]/section_g[1]/g_money_cmp,9,936
consent_grp[1]/section_g[1]/g_money_cmp_hrs,6,940
consent_grp[1]/section_g[1]/g_job_outside,24,944
consent_grp[1]/section_g[1]/g_money_cmp_amt,9,949
consent_grp[1]/section_g[1]/g_job_outside_income,4,976
consent_grp[1]/section_g[1]/g_earn_grp[1]/g_earn_amt,5,989
consent_grp[1]/section_g[1]/g_earn_grp[1]/g_earn_freq,5,989
consent_grp[1]/section_g[1]/g_extra_money_spec,5,994
consent_grp[1]/section_g[1]/g_sch_pro_grp[1]/tmp_g_sch_pro_lab,42,998
consent_grp[1]/section_g[1]/g_sch_pro_grp[1]/g_class,42,998
consent_grp[1]/section_g[1]/g_sch_pro_grp[1]/g_class_taught,42,998
consent_grp[1]/section_g[1]/g_sch_pro_grp[1]/g_fin_resource,42,998
consent_grp[1]/section_g[1]/g_sch_pro_grp[1]/g_high_expe,42,998
consent_grp[1]/section_g[1]/g_sch_pro_grp[1]/g_change_curri,42,998
consent_grp[1]/section_g[1]/g_sch_pro_grp[1]/g_diff_curri,42,998
consent_grp[1]/section_g[1]/g_sch_pro_grp[1]/g_easy_curri,42,998
consent_grp[1]/section_g[1]/g_sch_pro_grp[1]/g_par_dem_high,42,998
consent_grp[1]/section_g[1]/g_sch_pro_grp[1]/g_par_suff_interest,42,998
consent_grp[1]/section_g[1]/g_sch_pro_grp[1]/g_par_suff_active,42,998
consent_grp[1]/section_g[1]/g_par_supp_grp[1]/g_par_supp_note,13,1040
consent_grp[1]/section_g[1]/g_par_supp_grp[1]/g_home_wrk,13,1050
consent_grp[1]/section_g[1]/g_par_supp_grp[1]/g_behave_val,2,1066
consent_grp[1]/section_g[1]/g_par_supp_grp[1]/g_get_schl,2,1068
consent_grp[1]/section_g[1]/g_par_supp_grp[1]/g_visit_schl,3,1070
consent_grp[1]/section_g[1]/g_par_supp_grp[1]/g_show_respect,2,1073
consent_grp[1]/section_g[1]/g_par_supp_grp[1]/g_best_schl,2,1075
consent_grp[1]/section_g[1]/g_par_supp_grp[1]/g_parti_pta,2,1077
consent_grp[1]/section_g[1]/g_par_supp_grp[1]/g_cont_kg_act,3,1079
consent_grp[1]/section_g[1]/g_lead_respect,2,1082
consent_grp[1]/section_g[1]/g_val_citizen,3,1084
consent_grp[1]/section_h[1]/sec_h_depre_note,3,1087
consent_grp[1]/section_h[1]/h_depression_grp[1]/h_da_note,21,1090
consent_grp[1]/section_h[1]/h_depression_grp[1]/tmp_h_da_lab,21,1090
consent_grp[1]/section_h[1]/h_depression_grp[1]/h_headache,21,1090
consent_grp[1]/section_h[1]/h_depression_grp[1]/h_appetite,21,1090
consent_grp[1]/section_h[1]/h_depression_grp[1]/h_sleep,21,1090
consent_grp[1]/section_h[1]/h_depression_grp[1]/h_frightened,21,1090
consent_grp[1]/section_h[1]/h_depression_grp[1]/h_hands_shake,21,1090
consent_grp[1]/section_h[1]/h_depression_grp[1]/h_nervous,21,1090
consent_grp[1]/section_h[1]/h_depression_grp[1]/h_digestion,21,1090
consent_grp[1]/section_h[1]/h_depression_grp[1]/h_thinking,21,1090
consent_grp[1]/section_h[1]/h_depression_grp[1]/h_unhappy,21,1090
consent_grp[1]/section_h[1]/h_depression_grp[1]/h_cry,21,1090
consent_grp[1]/section_h[1]/h_depression_grp[1]/h_activities,21,1090
consent_grp[1]/section_h[1]/h_depression_grp[1]/h_decisions,21,1090
consent_grp[1]/section_h[1]/h_depression_grp[1]/h_daily_work,21,1090
consent_grp[1]/section_h[1]/h_depression_grp[1]/h_life,21,1090
consent_grp[1]/section_h[1]/h_depression_grp[1]/h_interest,21,1090
consent_grp[1]/section_h[1]/h_depression_grp[1]/h_worthless,21,1090
consent_grp[1]/section_h[1]/h_depression_grp[1]/h_end_life,21,1090
consent_grp[1]/section_h[1]/h_depression_grp[1]/h_tired,21,1090
consent_grp[1]/section_h[1]/h_depression_grp[1]/h_uncomfortable,21,1090
consent_grp[1]/section_h[1]/h_depression_grp[1]/h_easily_tired,21,1090
consent_grp[1]/section_h[1]/sec_h_ext_contr_note,63,1108
consent_grp[1]/section_h[1]/h_ext_control_grp[1]/h_ext_cont_note,15,1158
consent_grp[1]/section_h[1]/h_ext_control_grp[1]/h_pup_learn,6,1182
consent_grp[1]/section_h[1]/h_ext_control_grp[1]/h_discipline,6,1195
consent_grp[1]/section_h[1]/h_ext_control_grp[1]/h_stu_achieve,4,1201
consent_grp[1]/section_h[1]/h_ext_control_grp[1]/h_teach_motiv,7,1205
consent_grp[1]/section_h[1]/h_ext_control_grp[1]/h_good_teach,7,1212
consent_grp[1]/section_h[1]/sec_h_motiv_note,1,1219
consent_grp[1]/section_h[1]/h_motiv_grp[1]/h_motiv_note,1,1220
consent_grp[1]/section_h[1]/h_motiv_grp[1]/h_motiv_help,3,1221
consent_grp[1]/section_h[1]/h_motiv_grp[1]/h_quest_school,5,1224
consent_grp[1]/section_h[1]/h_motiv_grp[1]/h_help_child,2,1229
consent_grp[1]/section_h[1]/h_motiv_grp[1]/h_sch_goal,3,1231
consent_grp[1]/section_h[1]/h_motiv_grp[1]/h_help_emot,4,1234
consent_grp[1]/section_h[1]/h_motiv_grp[1]/h_enjoy_teach,2,1238
consent_grp[1]/section_h[1]/h_motiv_grp[1]/h_develop_society,2,1240
consent_grp[1]/section_h[1]/h_motiv_grp[1]/h_develop_socially,3,1242
consent_grp[1]/section_h[1]/h_motiv_grp[1]/h_perso_clear,2,1246
consent_grp[1]/section_h[1]/h_impor_thing,7,1247
consent_grp[1]/section_h[1]/h_job_satisfaction_grp[1]/h_job_satis_note,7,1254
consent_grp[1]/section_h[1]/h_job_satisfaction_grp[1]/h_look_out,4,1261
consent_grp[1]/section_h[1]/h_job_satisfaction_grp[1]/h_perso_worries,3,1265
consent_grp[1]/section_h[1]/h_job_satisfaction_grp[1]/h_know_col,3,1268
consent_grp[1]/section_h[1]/h_job_satisfaction_grp[1]/h_col_coop,5,1271
consent_grp[1]/section_h[1]/h_job_satisfaction_grp[1]/h_trust_col,4,1276
consent_grp[1]/section_h[1]/h_job_satisfaction_grp[1]/h_enjoy_col,4,1280
consent_grp[1]/section_h[1]/h_job_satisfaction_grp[1]/h_sup_respect,3,1283
consent_grp[1]/section_h[1]/h_job_satisfaction_grp[1]/h_sup_busy,4,1286
consent_grp[1]/section_h[1]/h_job_satisfaction_grp[1]/h_sup_opinion,5,1290
consent_grp[1]/section_h[1]/h_job_satisfaction_grp[1]/h_count_sup,3,1296
consent_grp[1]/section_h[1]/h_job_satisfaction_grp[1]/h_motivated,3,1299
consent_grp[1]/section_h[1]/h_job_satisfaction_grp[1]/h_sup_unpredict,3,1302
consent_grp[1]/section_h[1]/h_job_satisfaction_grp[1]/h_wrk_challenge,4,1305
consent_grp[1]/section_h[1]/h_job_satisfaction_grp[1]/h_wrk_monotonous,3,1308
consent_grp[1]/section_h[1]/h_job_satisfaction_grp[1]/h_wrk_creative,3,1311
consent_grp[1]/section_h[1]/h_job_satisfaction_grp[1]/h_big_impact,4,1314
consent_grp[1]/section_h[1]/h_job_satisfaction_grp[1]/h_little_time,3,1318
consent_grp[1]/section_h[1]/h_job_satisfaction_grp[1]/h_control_satis,3,1321
consent_grp[1]/section_h[1]/h_job_satisfaction_grp[1]/h_look,2,1324
consent_grp[1]/section_h[1]/h_job_satisfaction_grp[1]/h_small_space,2,1326
consent_grp[1]/section_h[1]/h_job_satisfaction_grp[1]/h_new_mat,2,1328
consent_grp[1]/section_h[1]/h_job_satisfaction_grp[1]/h_clean_kinder,2,1330
consent_grp[1]/section_h[1]/h_job_satisfaction_grp[1]/h_loud_kinder,1,1332
consent_grp[1]/section_h[1]/h_job_satisfaction_grp[1]/h_kinder_rules,1,1333
consent_grp[1]/section_h[1]/h_job_satisfaction_grp[1]/h_satisfied_paid,1,1335
consent_grp[1]/section_h[1]/h_burnout_grp[1]/h_burnout_note,2,1336
consent_grp[1]/section_h[1]/h_burnout_grp[1]/h_emotion_drained,2,1338
consent_grp[1]/section_h[1]/h_burnout_grp[1]/h_used_up,1,1340
consent_grp[1]/section_h[1]/h_burnout_grp[1]/h_fatigued,1,1342
consent_grp[1]/section_h[1]/h_burnout_grp[1]/h_child_feel,1,1343
consent_grp[1]/section_h[1]/h_burnout_grp[1]/h_child_impersonal,2,1345
consent_grp[1]/section_h[1]/h_burnout_grp[1]/h_ppl_strain,4,1346
consent_grp[1]/section_h[1]/h_burnout_grp[1]/h_deal_effect,3,1350
consent_grp[1]/section_h[1]/h_burnout_grp[1]/h_burnout,1,1353
consent_grp[1]/section_h[1]/h_burnout_grp[1]/h_pos_influence,1,1354
consent_grp[1]/section_h[1]/h_burnout_grp[1]/h_cold,1,1355
consent_grp[1]/section_h[1]/h_burnout_grp[1]/h_hard,1,1357
consent_grp[1]/section_h[1]/h_burnout_grp[1]/h_energetic,1,1358
consent_grp[1]/section_h[1]/h_burnout_grp[1]/h_frustrated,1,1359
consent_grp[1]/section_h[1]/h_burnout_grp[1]/h_work_hard,1,1360
consent_grp[1]/section_h[1]/h_burnout_grp[1]/h_dont_care,1,1362
consent_grp[1]/section_h[1]/h_burnout_grp[1]/h_put_pressure,1,1363
consent_grp[1]/section_h[1]/h_burnout_grp[1]/h_relax,1,1364
consent_grp[1]/section_h[1]/h_burnout_grp[1]/h_excited,1,1365
consent_grp[1]/section_h[1]/h_burnout_grp[1]/h_accomplished,1,1366
consent_grp[1]/section_h[1]/h_burnout_grp[1]/h_end_of_rop,2,1368
consent_grp[1]/section_h[1]/h_burnout_grp[1]/h_emot_pro_calm,1,1369
consent_grp[1]/i_teacher_knowledge_grp[1]/I_teach_know_note,4,1371
consent_grp[1]/i_teacher_knowledge_grp[1]/i_consonance,7,1375
consent_grp[1]/i_teacher_knowledge_grp[1]/i_vowel,3,1382
consent_grp[1]/i_teacher_knowledge_grp[1]/i_unbelievable,15,1385
consent_grp[1]/i_teacher_knowledge_grp[1]/i_irregular,28,1400
consent_grp[1]/i_teacher_knowledge_grp[1]/i_cat,27,1426
consent_grp[1]/i_teacher_knowledge_grp[1]/i_cough,41,1455
consent_grp[1]/i_teacher_knowledge_grp[1]/i_check,8,1460
consent_grp[1]/i_teacher_knowledge_grp[1]/i_english,11,1504
consent_grp[1]/j_perception_grp[1]/j_perception_note,3,1515
consent_grp[1]/j_perception_grp[1]/j_dev_practice_grp[1]/j_dev_practice_note,3,1518
consent_grp[1]/j_perception_grp[1]/j_dev_practice_grp[1]/j_child_need,3,1522
consent_grp[1]/j_perception_grp[1]/j_dev_practice_grp[1]/j_recog_letter,2,1525
consent_grp[1]/j_perception_grp[1]/j_dev_practice_grp[1]/j_recog_number,2,1527
consent_grp[1]/j_perception_grp[1]/j_dev_practice_grp[1]/j_recog_colour,2,1529
consent_grp[1]/j_perception_grp[1]/j_dev_practice_grp[1]/j_indiv_goal,2,1531
consent_grp[1]/j_perception_grp[1]/j_dev_practice_grp[1]/j_play_materials,1,1533
consent_grp[1]/j_perception_grp[1]/j_dev_practice_grp[1]/j_child_measure,1,1534
consent_grp[1]/j_perception_grp[1]/j_supp_chil_grp[1]/j_supp_chil_note,4,1535
consent_grp[1]/j_perception_grp[1]/j_supp_chil_grp[1]/j_build_relation,4,1537
consent_grp[1]/j_perception_grp[1]/j_supp_chil_grp[1]/j_control_behaviour,4,1540
consent_grp[1]/j_perception_grp[1]/j_supp_chil_grp[1]/j_express_thought,4,1542
consent_grp[1]/j_perception_grp[1]/j_supp_chil_grp[1]/j_resolve_conflicts,6,1543
consent_grp[1]/j_perception_grp[1]/j_supp_chil_grp[1]/j_guidance_style,12,1545
consent_grp[1]/j_perception_grp[1]/j_fam_sensitive_grp[1]/j_fam_sensitive_note,9,1570
consent_grp[1]/j_perception_grp[1]/j_fam_sensitive_grp[1]/j_parent_goal,9,1570
consent_grp[1]/j_perception_grp[1]/j_fam_sensitive_grp[1]/j_work_schedule,9,1570
consent_grp[1]/j_perception_grp[1]/j_fam_sensitive_grp[1]/j_fam_decision,9,1570
consent_grp[1]/j_perception_grp[1]/j_fam_sensitive_grp[1]/j_family_care,9,1570
consent_grp[1]/j_perception_grp[1]/j_fam_sensitive_grp[1]/j_connect_family,9,1570
consent_grp[1]/k_grp[1]/k_instro_note,6,1579
consent_grp[1]/k_grp[1]/k_ts_grp[1]/tmp_k_labels,18,1581
consent_grp[1]/k_grp[1]/k_ts_grp[1]/k_take_priviledges,18,1581
consent_grp[1]/k_grp[1]/k_ts_grp[1]/k_explain_behavior,18,1581
consent_grp[1]/k_grp[1]/k_ts_grp[1]/k_shook,18,1581
consent_grp[1]/k_grp[1]/k_ts_grp[1]/k_shouted,18,1581
consent_grp[1]/k_grp[1]/k_ts_grp[1]/k_gave_something,18,1581
consent_grp[1]/k_grp[1]/k_ts_grp[1]/k_spanked,18,1581
consent_grp[1]/k_grp[1]/k_ts_grp[1]/k_hit_bottom,18,1581
consent_grp[1]/k_grp[1]/k_ts_grp[1]/k_call_dumb,18,1581
consent_grp[1]/k_grp[1]/k_ts_grp[1]/k_hit_face,18,1581
consent_grp[1]/k_grp[1]/k_ts_grp[1]/k_praised,18,1581
consent_grp[1]/k_grp[1]/k_ts_grp[1]/k_affection,18,1581
consent_grp[1]/k_grp[1]/k_ts_grp[1]/k_rewarded,18,1581
consent_grp[1]/l_teaching_prac_grp[1]/l_note,3,1604
consent_grp[1]/l_teaching_prac_grp[1]/l_previos_kinder_act[1]/tmp_l_prac_lab,60,1607
consent_grp[1]/l_teaching_prac_grp[1]/l_previos_kinder_act[1]/l_hygiene_routine,60,1607
consent_grp[1]/l_teaching_prac_grp[1]/l_previos_kinder_act[1]/l_supply,60,1607
consent_grp[1]/l_teaching_prac_grp[1]/l_previos_kinder_act[1]/l_pamper,60,1607
consent_grp[1]/l_teaching_prac_grp[1]/l_previos_kinder_act[1]/l_read,60,1607
consent_grp[1]/l_teaching_prac_grp[1]/l_previos_kinder_act[1]/l_tell,60,1607
consent_grp[1]/l_teaching_prac_grp[1]/l_previos_kinder_act[1]/l_conversatin,60,1607
consent_grp[1]/l_teaching_prac_grp[1]/l_previos_kinder_act[1]/l_sing,60,1607
consent_grp[1]/l_teaching_prac_grp[1]/l_previos_kinder_act[1]/l_dance,60,1607
consent_grp[1]/l_teaching_prac_grp[1]/l_previos_kinder_act[1]/l_visit,60,1607
consent_grp[1]/l_teaching_prac_grp[1]/l_previos_kinder_act[1]/l_play_kg,60,1607
consent_grp[1]/l_teaching_prac_grp[1]/l_previos_kinder_act[1]/l_play_recrea,60,1607
consent_grp[1]/l_teaching_prac_grp[1]/l_previos_kinder_act[1]/l_sleep,60,1607
consent_grp[1]/l_teaching_prac_grp[1]/l_previos_kinder_act[1]/l_run,60,1607
consent_grp[1]/l_teaching_prac_grp[1]/l_previos_kinder_act[1]/l_group_learn,60,1607
consent_grp[1]/l_teaching_prac_grp[1]/l_previos_kinder_act[1]/l_indiv_learn,60,1607
consent_grp[1]/l_teaching_prac_grp[1]/l_class_acti_grp[1]/l_act_grp[1]/tmp_l_class_lab,20,1667
consent_grp[1]/l_teaching_prac_grp[1]/l_class_acti_grp[1]/l_act_grp[1]/l_teach_colour,20,1667
consent_grp[1]/l_teaching_prac_grp[1]/l_class_acti_grp[1]/l_act_grp[1]/l_teach_number,20,1667
consent_grp[1]/l_teaching_prac_grp[1]/l_class_acti_grp[1]/l_act_grp[1]/l_teach_letter,20,1667
consent_grp[1]/l_teaching_prac_grp[1]/l_class_acti_grp[1]/l_act_grp[1]/l_teach_form,20,1667
consent_grp[1]/l_teaching_prac_grp[1]/l_class_acti_grp[1]/l_act_grp[1]/l_socialise,20,1667
consent_grp[1]/l_teaching_prac_grp[1]/l_class_acti_grp[1]/l_act_grp[1]/l_pro_solve,20,1667
consent_grp[1]/l_teaching_prac_grp[1]/l_class_acti_grp[1]/l_act_grp[1]/l_writing,20,1667
consent_grp[1]/l_teaching_prac_grp[1]/l_class_acti_grp[1]/l_act_grp[1]/l_teach_body,20,1667
consent_grp[1]/l_teaching_prac_grp[1]/l_class_acti_grp[1]/l_act_grp[1]/l_pers_hygiene,20,1667
consent_grp[1]/l_teaching_prac_grp[1]/l_class_acti_grp[1]/l_act_grp[1]/l_art_expre,20,1667
consent_grp[1]/l_teaching_prac_grp[1]/l_class_acti_grp[1]/l_act_grp[1]/l_body_lang,20,1667
consent_grp[1]/l_teaching_prac_grp[1]/l_class_acti_grp[1]/l_act_grp[1]/l_concentration,20,1667
consent_grp[1]/l_teaching_prac_grp[1]/l_class_acti_grp[1]/l_act_grp[1]/l_gross_motor,20,1667
consent_grp[1]/l_teaching_prac_grp[1]/l_class_acti_grp[1]/l_act_grp[1]/l_fine_motor,20,1667
consent_grp[1]/l_teaching_prac_grp[1]/l_class_acti_grp[1]/l_act_grp[1]/l_gender,20,1667
consent_grp[1]/l_teaching_prac_grp[1]/l_class_acti_grp[1]/l_act_grp[1]/l_responsibility,20,1667
consent_grp[1]/l_teaching_prac_grp[1]/l_class_acti_grp[1]/l_act_grp[1]/l_speech,20,1667
consent_grp[1]/l_teaching_prac_grp[1]/l_class_acti_grp[1]/l_act_grp[1]/l_explore_comm,20,1667
consent_grp[1]/l_teaching_prac_grp[1]/l_class_acti_grp[1]/l_act_grp[1]/l_explore_culture,20,1667
consent_grp[1]/l_teaching_prac_grp[1]/l_parent_interact_note,2,1687
consent_grp[1]/l_teaching_prac_grp[1]/l_actively_engaged,6,1689
consent_grp[1]/l_teaching_prac_grp[1]/l_proportion_child,3,1695
consent_grp[1]/l_teaching_prac_grp[1]/l_proportion_child_more,6,1699
consent_grp[1]/l_teaching_prac_grp[1]/l_visit_pupil_house,8,1705
consent_grp[1]/l_teaching_prac_grp[1]/l_visit_parent_house,5,1713
consent_grp[1]/l_teaching_prac_grp[1]/l_receive_parent_supp,5,1718
consent_grp[1]/l_teaching_prac_grp[1]/l_day_teaching_note,2,1724
consent_grp[1]/l_teaching_prac_grp[1]/l_day_grp[1]/tmp_l_labs,9,1725
consent_grp[1]/l_teaching_prac_grp[1]/l_day_grp[1]/l_daily_schedule,9,1725
consent_grp[1]/l_teaching_prac_grp[1]/l_day_grp[1]/l_play_period,9,1725
consent_grp[1]/l_teaching_prac_grp[1]/l_day_grp[1]/l_free_play,9,1725
consent_grp[1]/l_teaching_prac_grp[1]/l_day_grp[1]/l_activities,9,1725
consent_grp[1]/l_teaching_prac_grp[1]/l_per_daily_grp[1]/l_perc_note,43,1734
consent_grp[1]/l_teaching_prac_grp[1]/l_per_daily_grp[1]/l_admin_per,43,1734
consent_grp[1]/l_teaching_prac_grp[1]/l_per_daily_grp[1]/l_class_per,43,1734
consent_grp[1]/l_teaching_prac_grp[1]/l_per_daily_grp[1]/l_teach_per,43,1734
consent_grp[1]/l_teaching_prac_grp[1]/l_per_daily_grp[1]/l_super_per,43,1734
consent_grp[1]/l_teaching_prac_grp[1]/l_per_daily_grp[1]/l_super_oth_per,43,1734
consent_grp[1]/l_teaching_prac_grp[1]/l_per_daily_grp[1]/l_break_per,43,1734
consent_grp[1]/l_teaching_prac_grp[1]/tmp_force_note,4,1770
consent_grp[1]/l_teaching_prac_grp[1]/l_discipline_note,1,1781
consent_grp[1]/l_teaching_prac_grp[1]/l_dont_like,7,1782
consent_grp[1]/l_teaching_prac_grp[1]/l_really_bad,33,1788
consent_grp[1]/l_teaching_prac_grp[1]/l_does_good,94,1822
consent_grp[1]/l_teaching_prac_grp[1]/l_praise,10,1859
consent_grp[1]/q_note,9,1926
consent_grp[1]/q_activ_yn,17,1935
consent_grp[1]/q_rpt[1]/q_activ_r,15,1952
consent_grp[1]/q_rpt[1]/q_activ_org_r,6,1967
consent_grp[1]/q_rpt[1]/q_activ_add_r,7,1973
comments,46,1980
