Field name,Total duration (seconds),First appeared (seconds into survey)
instruction,1,24
a_district_id,4,25
a_circuit_id,4,29
a_kg_id,9,32
a_community_id,4,41
a_enum_id,7,45
consent_note,2,52
con_understand,2,54
con_questions,7,56
con_written,2,62
consent_grp[1]/audio_consent,1,64
consent_grp[1]/d_background_note,1,66
consent_grp[1]/section_d[1]/kgt_key,7,67
consent_grp[1]/section_d[1]/kgt_name_gp[1]/kgt_fsn,49,75
consent_grp[1]/section_d[1]/kgt_name_gp[1]/kgt_msn,49,75
consent_grp[1]/section_d[1]/kgt_name_gp[1]/kgt_lsn,49,75
consent_grp[1]/section_d[1]/kgt_name_gp[1]/kgt_ppn,49,75
consent_grp[1]/section_d[1]/kgt_name_gp[1]/d_sex,49,75
consent_grp[1]/section_d[1]/kgt_confirm_note,4,124
consent_grp[1]/section_d[1]/d_num_cnt,3,128
consent_grp[1]/section_d[1]/d_cnt_grp[1]/d_cnt_main,28,131
consent_grp[1]/section_d[1]/d_cnt_grp[1]/d_cnt_sec,28,131
consent_grp[1]/section_d[1]/d_age,4,159
consent_grp[1]/section_d[1]/d_teacher_grp[1]/d_been_teacher,5,163
consent_grp[1]/section_d[1]/d_teacher_grp[1]/d_teacher_year,5,163
consent_grp[1]/section_d[1]/d_teacher_grp[1]/d_teacher_month,5,163
consent_grp[1]/section_d[1]/d_been_kinder_grp[1]/d_been_kinder,5,167
consent_grp[1]/section_d[1]/d_been_kinder_grp[1]/d_kinder_year,5,167
consent_grp[1]/section_d[1]/d_been_kinder_grp[1]/d_kinder_month,5,167
consent_grp[1]/section_d[1]/d_work_last,1,172
consent_grp[1]/section_d[1]/d_os_yn,3,174
consent_grp[1]/section_d[1]/d_os_grp[1]/d_os_name,28,177
consent_grp[1]/section_d[1]/d_os_grp[1]/d_os_region,28,177
consent_grp[1]/section_d[1]/d_os_district,4,205
consent_grp[1]/section_d[1]/d_os_comm_sel,23,209
consent_grp[1]/section_d[1]/d_edu_level,6,232
consent_grp[1]/section_d[1]/d_edu_train,3,238
consent_grp[1]/section_d[1]/d_edu_level_train,2,242
consent_grp[1]/section_d[1]/d_edu_level_fath,2,243
consent_grp[1]/section_d[1]/d_edu_level_mom,2,246
consent_grp[1]/section_d[1]/d_marital_status,4,248
consent_grp[1]/section_d[1]/d_ethnic_group,3,251
consent_grp[1]/section_d[1]/d_religion,3,253
consent_grp[1]/section_d[1]/d_la_spk_grp[1]/d_la_spk_note,11,257
consent_grp[1]/section_d[1]/d_la_spk_grp[1]/d_la_spk_eng,11,257
consent_grp[1]/section_d[1]/d_la_spk_grp[1]/d_la_spk_dagb,11,257
consent_grp[1]/section_d[1]/d_la_wrt_grp[1]/d_la_wrt_note,8,268
consent_grp[1]/section_d[1]/d_la_wrt_grp[1]/d_la_wrt_eng,8,268
consent_grp[1]/section_d[1]/d_la_wrt_grp[1]/d_la_wrt_dagb,8,268
consent_grp[1]/section_d[1]/d_main_language,2,276
consent_grp[1]/section_d[1]/d_loc_lang_kinderg,2,279
consent_grp[1]/e_rel_grp[1]/e_hh_note,4,281
consent_grp[1]/e_rel_grp[1]/e_hh_num,2,285
consent_grp[1]/e_rel_grp[1]/e_hh_grp[1]/e_hh_head,37,287
consent_grp[1]/e_rel_grp[1]/e_hh_grp[1]/e_chil_hh,37,287
consent_grp[1]/e_rel_grp[1]/e_hh_grp[1]/e_adult_hh,37,287
consent_grp[1]/e_rel_grp[1]/e_hh_school,2,324
consent_grp[1]/e_rel_grp[1]/e_read_english,5,326
consent_grp[1]/e_rel_grp[1]/e_rate_health,6,331
consent_grp[1]/e_rel_grp[1]/e_live_note,4,335
consent_grp[1]/e_rel_grp[1]/e_rooms_occu,7,337
consent_grp[1]/e_rel_grp[1]/e_own_status,5,348
consent_grp[1]/e_rel_grp[1]/e_electricity_inhouse,2,353
consent_grp[1]/e_rel_grp[1]/e_floor_material,3,355
consent_grp[1]/e_rel_grp[1]/e_interior_floor,4,358
consent_grp[1]/e_rel_grp[1]/e_roof_mat,3,362
consent_grp[1]/e_rel_grp[1]/e_cook_fuel,2,365
consent_grp[1]/e_rel_grp[1]/e_lighting,2,367
consent_grp[1]/e_rel_grp[1]/e_drink_source,8,368
consent_grp[1]/e_rel_grp[1]/e_toilet_facility,49,377
consent_grp[1]/e_rel_grp[1]/e_asset_note,1,426
consent_grp[1]/e_rel_grp[1]/e_hh_own_phone,3,428
consent_grp[1]/e_rel_grp[1]/e_hh_ass_grp[1]/tmp_e_hh_ass_lab,47,430
consent_grp[1]/e_rel_grp[1]/e_hh_ass_grp[1]/e_hh_ass_radio,47,430
consent_grp[1]/e_rel_grp[1]/e_hh_ass_grp[1]/e_hh_ass_refrig,47,430
consent_grp[1]/e_rel_grp[1]/e_hh_ass_grp[1]/e_hh_ass_bike,47,430
consent_grp[1]/e_rel_grp[1]/e_hh_ass_grp[1]/e_hh_ass_tv,47,430
consent_grp[1]/e_rel_grp[1]/e_hh_ass_grp[1]/e_hh_ass_vcr,47,430
consent_grp[1]/e_rel_grp[1]/e_hh_ass_grp[1]/e_hh_ass_motor,47,430
consent_grp[1]/e_rel_grp[1]/e_hh_ass_grp[1]/e_hh_ass_car,47,430
consent_grp[1]/e_rel_grp[1]/e_hh_ass_grp[1]/e_hh_ass_tractor,47,430
consent_grp[1]/e_rel_grp[1]/e_hh_ass_grp[1]/e_hh_ass_farm_equip,47,430
consent_grp[1]/e_rel_grp[1]/e_hh_ass_grp[1]/e_hh_ass_sew_mach,47,430
consent_grp[1]/e_rel_grp[1]/e_hh_ass_grp[1]/e_hh_ass_bed,47,430
consent_grp[1]/e_rel_grp[1]/e_hh_ass_grp[1]/e_hh_ass_mattress,47,430
consent_grp[1]/e_rel_grp[1]/e_hh_ass_grp[1]/e_hh_ass_table_chair,47,430
consent_grp[1]/e_rel_grp[1]/e_hh_ass_grp[1]/e_hh_ass_stool,47,430
consent_grp[1]/e_rel_grp[1]/e_hh_ass_grp[1]/e_hh_ass_sofa,47,430
consent_grp[1]/e_rel_grp[1]/e_hh_ass_grp[1]/e_hh_ass_fan,47,430
consent_grp[1]/e_rel_grp[1]/e_hh_ass_grp[1]/e_hh_ass_lamp,47,430
consent_grp[1]/e_rel_grp[1]/e_hh_ass_grp[1]/e_hh_ass_watch,47,430
consent_grp[1]/e_rel_grp[1]/e_hh_ass_grp[1]/e_hh_ass_mat,47,430
consent_grp[1]/e_rel_grp[1]/e_hh_ass_grp[1]/e_hh_ass_torch,47,430
consent_grp[1]/e_rel_grp[1]/e_hh_ass_grp[1]/e_hh_ass_cabinet,47,430
consent_grp[1]/e_rel_grp[1]/e_hh_ass_grp[1]/e_hh_ass_pot,47,430
consent_grp[1]/e_rel_grp[1]/e_hh_ass_grp[1]/e_hh_ass_itn,47,430
consent_grp[1]/e_rel_grp[1]/e_hh_ass_grp[1]/e_hh_ass_iron_elec,47,430
consent_grp[1]/e_rel_grp[1]/e_hh_ass_grp[1]/e_hh_ass_iron_coal,47,430
consent_grp[1]/e_rel_grp[1]/e_hh_ass_grp[1]/e_hh_ass_iron_gas,47,430
consent_grp[1]/f_rel_grp[1]/f_comm_note,1,478
consent_grp[1]/f_rel_grp[1]/section_f[1]/f_born_comm,2,479
consent_grp[1]/f_rel_grp[1]/section_f[1]/f_school_loc,11,481
consent_grp[1]/f_rel_grp[1]/section_f[1]/f_lived_bef_teach,13,485
consent_grp[1]/f_rel_grp[1]/section_f[1]/f_lived_grp[1]/f_lived_comm,6,505
consent_grp[1]/f_rel_grp[1]/section_f[1]/f_lived_grp[1]/f_lived_comm_year,6,505
consent_grp[1]/f_rel_grp[1]/section_f[1]/f_lived_grp[1]/f_lived_comm_month,6,505
consent_grp[1]/f_rel_grp[1]/section_f[1]/f_fam_lived,9,511
consent_grp[1]/f_rel_grp[1]/section_f[1]/f_emot_support,3,520
consent_grp[1]/f_rel_grp[1]/section_f[1]/f_emot_support_num,2,523
consent_grp[1]/f_rel_grp[1]/section_f[1]/f_lend_money,3,525
consent_grp[1]/f_rel_grp[1]/section_f[1]/f_borrow_money,3,528
consent_grp[1]/f_rel_grp[1]/section_f[1]/f_rel_live_nearby,3,530
consent_grp[1]/f_rel_grp[1]/section_f[1]/f_part_comm,3,533
consent_grp[1]/f_rel_grp[1]/section_f[1]/f_main_trans,4,536
consent_grp[1]/f_rel_grp[1]/section_f[1]/f_min_get_sch_grp[1]/f_min_get_note,5,539
consent_grp[1]/f_rel_grp[1]/section_f[1]/f_min_get_sch_grp[1]/f_h_get_school,5,539
consent_grp[1]/f_rel_grp[1]/section_f[1]/f_min_get_sch_grp[1]/f_m_get_school,5,539
consent_grp[1]/g_nature_wrk_note,2,544
consent_grp[1]/section_g[1]/g_teach_pos,2,546
consent_grp[1]/section_g[1]/g_teach_school,3,548
consent_grp[1]/section_g[1]/g_kg_grade,5,550
consent_grp[1]/section_g[1]/g_class_grp[1]/g_children_note,3,555
consent_grp[1]/section_g[1]/g_class_grp[1]/g_kg_combined,3,555
consent_grp[1]/section_g[1]/g_ah_grp[1]/g_ah_note,5,558
consent_grp[1]/section_g[1]/g_ah_grp[1]/g_ah_working,5,558
consent_grp[1]/section_g[1]/g_ah_grp[1]/g_ah_prepping,5,558
consent_grp[1]/section_g[1]/g_eh_grp[1]/g_eh_note,9,563
consent_grp[1]/section_g[1]/g_eh_grp[1]/g_eh_working,9,563
consent_grp[1]/section_g[1]/g_eh_grp[1]/g_eh_prepping,9,563
consent_grp[1]/section_g[1]/g_teach_salary,4,572
consent_grp[1]/section_g[1]/g_salary_freq,2,575
consent_grp[1]/section_g[1]/g_salary_intime,2,578
consent_grp[1]/section_g[1]/g_money_cmp,3,580
consent_grp[1]/section_g[1]/g_job_outside,2,582
consent_grp[1]/section_g[1]/g_extra_money_spec,3,585
consent_grp[1]/section_g[1]/g_sch_pro_grp[1]/tmp_g_sch_pro_lab,20,587
consent_grp[1]/section_g[1]/g_sch_pro_grp[1]/g_class,20,587
consent_grp[1]/section_g[1]/g_sch_pro_grp[1]/g_class_taught,20,587
consent_grp[1]/section_g[1]/g_sch_pro_grp[1]/g_fin_resource,20,587
consent_grp[1]/section_g[1]/g_sch_pro_grp[1]/g_high_expe,20,587
consent_grp[1]/section_g[1]/g_sch_pro_grp[1]/g_change_curri,20,587
consent_grp[1]/section_g[1]/g_sch_pro_grp[1]/g_diff_curri,20,587
consent_grp[1]/section_g[1]/g_sch_pro_grp[1]/g_easy_curri,20,587
consent_grp[1]/section_g[1]/g_sch_pro_grp[1]/g_par_dem_high,20,587
consent_grp[1]/section_g[1]/g_sch_pro_grp[1]/g_par_suff_interest,20,587
consent_grp[1]/section_g[1]/g_sch_pro_grp[1]/g_par_suff_active,20,587
consent_grp[1]/section_g[1]/g_par_supp_grp[1]/g_par_supp_note,1,607
consent_grp[1]/section_g[1]/g_par_supp_grp[1]/g_home_wrk,3,609
consent_grp[1]/section_g[1]/g_par_supp_grp[1]/g_behave_val,3,611
consent_grp[1]/section_g[1]/g_par_supp_grp[1]/g_get_schl,1,615
consent_grp[1]/section_g[1]/g_par_supp_grp[1]/g_visit_schl,1,616
consent_grp[1]/section_g[1]/g_par_supp_grp[1]/g_show_respect,3,618
consent_grp[1]/section_g[1]/g_par_supp_grp[1]/g_best_schl,2,620
consent_grp[1]/section_g[1]/g_par_supp_grp[1]/g_parti_pta,3,622
consent_grp[1]/section_g[1]/g_par_supp_grp[1]/g_cont_kg_act,2,625
consent_grp[1]/section_g[1]/g_lead_respect,4,627
consent_grp[1]/section_g[1]/g_val_citizen,2,630
consent_grp[1]/section_h[1]/sec_h_depre_note,2,632
consent_grp[1]/section_h[1]/h_depression_grp[1]/h_da_note,15,634
consent_grp[1]/section_h[1]/h_depression_grp[1]/tmp_h_da_lab,15,634
consent_grp[1]/section_h[1]/h_depression_grp[1]/h_headache,15,634
consent_grp[1]/section_h[1]/h_depression_grp[1]/h_appetite,15,634
consent_grp[1]/section_h[1]/h_depression_grp[1]/h_sleep,15,634
consent_grp[1]/section_h[1]/h_depression_grp[1]/h_frightened,15,634
consent_grp[1]/section_h[1]/h_depression_grp[1]/h_hands_shake,15,634
consent_grp[1]/section_h[1]/h_depression_grp[1]/h_nervous,15,634
consent_grp[1]/section_h[1]/h_depression_grp[1]/h_digestion,15,634
consent_grp[1]/section_h[1]/h_depression_grp[1]/h_thinking,15,634
consent_grp[1]/section_h[1]/h_depression_grp[1]/h_unhappy,15,634
consent_grp[1]/section_h[1]/h_depression_grp[1]/h_cry,15,634
consent_grp[1]/section_h[1]/h_depression_grp[1]/h_activities,15,634
consent_grp[1]/section_h[1]/h_depression_grp[1]/h_decisions,15,634
consent_grp[1]/section_h[1]/h_depression_grp[1]/h_daily_work,15,634
consent_grp[1]/section_h[1]/h_depression_grp[1]/h_life,15,634
consent_grp[1]/section_h[1]/h_depression_grp[1]/h_interest,15,634
consent_grp[1]/section_h[1]/h_depression_grp[1]/h_worthless,15,634
consent_grp[1]/section_h[1]/h_depression_grp[1]/h_end_life,15,634
consent_grp[1]/section_h[1]/h_depression_grp[1]/h_tired,15,634
consent_grp[1]/section_h[1]/h_depression_grp[1]/h_uncomfortable,15,634
consent_grp[1]/section_h[1]/h_depression_grp[1]/h_easily_tired,15,634
consent_grp[1]/section_h[1]/sec_h_ext_contr_note,2,649
consent_grp[1]/section_h[1]/h_ext_control_grp[1]/h_ext_cont_note,5,650
consent_grp[1]/section_h[1]/h_ext_control_grp[1]/h_pup_learn,5,652
consent_grp[1]/section_h[1]/h_ext_control_grp[1]/h_discipline,12,654
consent_grp[1]/section_h[1]/h_ext_control_grp[1]/h_stu_achieve,7,673
consent_grp[1]/section_h[1]/h_ext_control_grp[1]/h_teach_motiv,2,680
consent_grp[1]/section_h[1]/h_ext_control_grp[1]/h_good_teach,3,682
consent_grp[1]/section_h[1]/sec_h_motiv_note,2,685
consent_grp[1]/section_h[1]/h_motiv_grp[1]/h_motiv_note,1,688
consent_grp[1]/section_h[1]/h_motiv_grp[1]/h_motiv_help,2,689
consent_grp[1]/section_h[1]/h_motiv_grp[1]/h_quest_school,3,691
consent_grp[1]/section_h[1]/h_motiv_grp[1]/h_help_child,2,694
consent_grp[1]/section_h[1]/h_motiv_grp[1]/h_sch_goal,2,696
consent_grp[1]/section_h[1]/h_motiv_grp[1]/h_help_emot,2,698
consent_grp[1]/section_h[1]/h_motiv_grp[1]/h_enjoy_teach,2,699
consent_grp[1]/section_h[1]/h_motiv_grp[1]/h_develop_society,2,701
consent_grp[1]/section_h[1]/h_motiv_grp[1]/h_develop_socially,2,703
consent_grp[1]/section_h[1]/h_motiv_grp[1]/h_perso_clear,3,705
consent_grp[1]/section_h[1]/h_impor_thing,3,708
consent_grp[1]/section_h[1]/h_job_satisfaction_grp[1]/h_job_satis_note,2,711
consent_grp[1]/section_h[1]/h_job_satisfaction_grp[1]/h_look_out,7,712
consent_grp[1]/section_h[1]/h_job_satisfaction_grp[1]/h_perso_worries,4,719
consent_grp[1]/section_h[1]/h_job_satisfaction_grp[1]/h_know_col,2,724
consent_grp[1]/section_h[1]/h_job_satisfaction_grp[1]/h_col_coop,2,726
consent_grp[1]/section_h[1]/h_job_satisfaction_grp[1]/h_trust_col,2,727
consent_grp[1]/section_h[1]/h_job_satisfaction_grp[1]/h_enjoy_col,1,729
consent_grp[1]/section_h[1]/h_job_satisfaction_grp[1]/h_sup_respect,1,730
consent_grp[1]/section_h[1]/h_job_satisfaction_grp[1]/h_sup_busy,2,732
consent_grp[1]/section_h[1]/h_job_satisfaction_grp[1]/h_sup_opinion,2,733
consent_grp[1]/section_h[1]/h_job_satisfaction_grp[1]/h_count_sup,1,736
consent_grp[1]/section_h[1]/h_job_satisfaction_grp[1]/h_motivated,2,737
consent_grp[1]/section_h[1]/h_job_satisfaction_grp[1]/h_sup_unpredict,1,739
consent_grp[1]/section_h[1]/h_job_satisfaction_grp[1]/h_wrk_challenge,1,740
consent_grp[1]/section_h[1]/h_job_satisfaction_grp[1]/h_wrk_monotonous,1,742
consent_grp[1]/section_h[1]/h_job_satisfaction_grp[1]/h_wrk_creative,3,743
consent_grp[1]/section_h[1]/h_job_satisfaction_grp[1]/h_big_impact,2,746
consent_grp[1]/section_h[1]/h_job_satisfaction_grp[1]/h_little_time,2,748
consent_grp[1]/section_h[1]/h_job_satisfaction_grp[1]/h_control_satis,2,749
consent_grp[1]/section_h[1]/h_job_satisfaction_grp[1]/h_look,1,751
consent_grp[1]/section_h[1]/h_job_satisfaction_grp[1]/h_small_space,1,753
consent_grp[1]/section_h[1]/h_job_satisfaction_grp[1]/h_new_mat,2,754
consent_grp[1]/section_h[1]/h_job_satisfaction_grp[1]/h_clean_kinder,2,756
consent_grp[1]/section_h[1]/h_job_satisfaction_grp[1]/h_loud_kinder,1,758
consent_grp[1]/section_h[1]/h_job_satisfaction_grp[1]/h_kinder_rules,2,759
consent_grp[1]/section_h[1]/h_job_satisfaction_grp[1]/h_satisfied_paid,2,761
consent_grp[1]/section_h[1]/h_burnout_grp[1]/h_burnout_note,6,762
consent_grp[1]/section_h[1]/h_burnout_grp[1]/h_emotion_drained,10,765
consent_grp[1]/section_h[1]/h_burnout_grp[1]/h_used_up,3,779
consent_grp[1]/section_h[1]/h_burnout_grp[1]/h_fatigued,1,781
consent_grp[1]/section_h[1]/h_burnout_grp[1]/h_child_feel,2,783
consent_grp[1]/section_h[1]/h_burnout_grp[1]/h_child_impersonal,2,785
consent_grp[1]/section_h[1]/h_burnout_grp[1]/h_ppl_strain,13,787
consent_grp[1]/section_h[1]/h_burnout_grp[1]/h_deal_effect,2,800
consent_grp[1]/section_h[1]/h_burnout_grp[1]/h_burnout,2,802
consent_grp[1]/section_h[1]/h_burnout_grp[1]/h_pos_influence,2,804
consent_grp[1]/section_h[1]/h_burnout_grp[1]/h_cold,2,806
consent_grp[1]/section_h[1]/h_burnout_grp[1]/h_hard,2,808
consent_grp[1]/section_h[1]/h_burnout_grp[1]/h_energetic,3,809
consent_grp[1]/section_h[1]/h_burnout_grp[1]/h_frustrated,1,812
consent_grp[1]/section_h[1]/h_burnout_grp[1]/h_work_hard,3,814
consent_grp[1]/section_h[1]/h_burnout_grp[1]/h_dont_care,1,816
consent_grp[1]/section_h[1]/h_burnout_grp[1]/h_put_pressure,1,818
consent_grp[1]/section_h[1]/h_burnout_grp[1]/h_relax,1,819
consent_grp[1]/section_h[1]/h_burnout_grp[1]/h_excited,2,820
consent_grp[1]/section_h[1]/h_burnout_grp[1]/h_accomplished,1,822
consent_grp[1]/section_h[1]/h_burnout_grp[1]/h_end_of_rop,2,824
consent_grp[1]/section_h[1]/h_burnout_grp[1]/h_emot_pro_calm,2,825
consent_grp[1]/i_teacher_knowledge_grp[1]/I_teach_know_note,1,827
consent_grp[1]/i_teacher_knowledge_grp[1]/i_consonance,3,828
consent_grp[1]/i_teacher_knowledge_grp[1]/i_vowel,8,831
consent_grp[1]/i_teacher_knowledge_grp[1]/i_unbelievable,17,839
consent_grp[1]/i_teacher_knowledge_grp[1]/i_irregular,3,856
consent_grp[1]/i_teacher_knowledge_grp[1]/i_cat,2,859
consent_grp[1]/i_teacher_knowledge_grp[1]/i_cough,3,861
consent_grp[1]/i_teacher_knowledge_grp[1]/i_check,3,864
consent_grp[1]/i_teacher_knowledge_grp[1]/i_english,1,867
consent_grp[1]/j_perception_grp[1]/j_perception_note,1,868
consent_grp[1]/j_perception_grp[1]/j_dev_practice_grp[1]/j_dev_practice_note,1,869
consent_grp[1]/j_perception_grp[1]/j_dev_practice_grp[1]/j_child_need,3,871
consent_grp[1]/j_perception_grp[1]/j_dev_practice_grp[1]/j_recog_letter,3,873
consent_grp[1]/j_perception_grp[1]/j_dev_practice_grp[1]/j_recog_number,1,876
consent_grp[1]/j_perception_grp[1]/j_dev_practice_grp[1]/j_recog_colour,2,878
consent_grp[1]/j_perception_grp[1]/j_dev_practice_grp[1]/j_indiv_goal,2,879
consent_grp[1]/j_perception_grp[1]/j_dev_practice_grp[1]/j_play_materials,1,881
consent_grp[1]/j_perception_grp[1]/j_dev_practice_grp[1]/j_child_measure,1,883
consent_grp[1]/j_perception_grp[1]/j_supp_chil_grp[1]/j_supp_chil_note,1,884
consent_grp[1]/j_perception_grp[1]/j_supp_chil_grp[1]/j_build_relation,2,885
consent_grp[1]/j_perception_grp[1]/j_supp_chil_grp[1]/j_control_behaviour,1,887
consent_grp[1]/j_perception_grp[1]/j_supp_chil_grp[1]/j_express_thought,1,888
consent_grp[1]/j_perception_grp[1]/j_supp_chil_grp[1]/j_resolve_conflicts,1,890
consent_grp[1]/j_perception_grp[1]/j_supp_chil_grp[1]/j_guidance_style,4,891
consent_grp[1]/j_perception_grp[1]/j_fam_sensitive_grp[1]/j_fam_sensitive_note,45,895
consent_grp[1]/j_perception_grp[1]/j_fam_sensitive_grp[1]/j_parent_goal,45,895
consent_grp[1]/j_perception_grp[1]/j_fam_sensitive_grp[1]/j_work_schedule,45,895
consent_grp[1]/j_perception_grp[1]/j_fam_sensitive_grp[1]/j_fam_decision,45,895
consent_grp[1]/j_perception_grp[1]/j_fam_sensitive_grp[1]/j_family_care,45,895
consent_grp[1]/j_perception_grp[1]/j_fam_sensitive_grp[1]/j_connect_family,45,895
consent_grp[1]/k_grp[1]/k_instro_note,2,939
consent_grp[1]/k_grp[1]/k_ts_grp[1]/tmp_k_labels,26,941
consent_grp[1]/k_grp[1]/k_ts_grp[1]/k_take_priviledges,26,941
consent_grp[1]/k_grp[1]/k_ts_grp[1]/k_explain_behavior,26,941
consent_grp[1]/k_grp[1]/k_ts_grp[1]/k_shook,26,941
consent_grp[1]/k_grp[1]/k_ts_grp[1]/k_shouted,26,941
consent_grp[1]/k_grp[1]/k_ts_grp[1]/k_gave_something,26,941
consent_grp[1]/k_grp[1]/k_ts_grp[1]/k_spanked,26,941
consent_grp[1]/k_grp[1]/k_ts_grp[1]/k_hit_bottom,26,941
consent_grp[1]/k_grp[1]/k_ts_grp[1]/k_call_dumb,26,941
consent_grp[1]/k_grp[1]/k_ts_grp[1]/k_hit_face,26,941
consent_grp[1]/k_grp[1]/k_ts_grp[1]/k_praised,26,941
consent_grp[1]/k_grp[1]/k_ts_grp[1]/k_affection,26,941
consent_grp[1]/k_grp[1]/k_ts_grp[1]/k_rewarded,26,941
consent_grp[1]/l_teaching_prac_grp[1]/l_note,1,967
consent_grp[1]/l_teaching_prac_grp[1]/l_previos_kinder_act[1]/tmp_l_prac_lab,24,968
consent_grp[1]/l_teaching_prac_grp[1]/l_previos_kinder_act[1]/l_hygiene_routine,24,968
consent_grp[1]/l_teaching_prac_grp[1]/l_previos_kinder_act[1]/l_supply,24,968
consent_grp[1]/l_teaching_prac_grp[1]/l_previos_kinder_act[1]/l_pamper,24,968
consent_grp[1]/l_teaching_prac_grp[1]/l_previos_kinder_act[1]/l_read,24,968
consent_grp[1]/l_teaching_prac_grp[1]/l_previos_kinder_act[1]/l_tell,24,968
consent_grp[1]/l_teaching_prac_grp[1]/l_previos_kinder_act[1]/l_conversatin,24,968
consent_grp[1]/l_teaching_prac_grp[1]/l_previos_kinder_act[1]/l_sing,24,968
consent_grp[1]/l_teaching_prac_grp[1]/l_previos_kinder_act[1]/l_dance,24,968
consent_grp[1]/l_teaching_prac_grp[1]/l_previos_kinder_act[1]/l_visit,24,968
consent_grp[1]/l_teaching_prac_grp[1]/l_previos_kinder_act[1]/l_play_kg,24,968
consent_grp[1]/l_teaching_prac_grp[1]/l_previos_kinder_act[1]/l_play_recrea,24,968
consent_grp[1]/l_teaching_prac_grp[1]/l_previos_kinder_act[1]/l_sleep,24,968
consent_grp[1]/l_teaching_prac_grp[1]/l_previos_kinder_act[1]/l_run,24,968
consent_grp[1]/l_teaching_prac_grp[1]/l_previos_kinder_act[1]/l_group_learn,24,968
consent_grp[1]/l_teaching_prac_grp[1]/l_previos_kinder_act[1]/l_indiv_learn,24,968
consent_grp[1]/l_teaching_prac_grp[1]/l_class_acti_grp[1]/l_act_grp[1]/tmp_l_class_lab,20,993
consent_grp[1]/l_teaching_prac_grp[1]/l_class_acti_grp[1]/l_act_grp[1]/l_teach_colour,20,993
consent_grp[1]/l_teaching_prac_grp[1]/l_class_acti_grp[1]/l_act_grp[1]/l_teach_number,20,993
consent_grp[1]/l_teaching_prac_grp[1]/l_class_acti_grp[1]/l_act_grp[1]/l_teach_letter,20,993
consent_grp[1]/l_teaching_prac_grp[1]/l_class_acti_grp[1]/l_act_grp[1]/l_teach_form,20,993
consent_grp[1]/l_teaching_prac_grp[1]/l_class_acti_grp[1]/l_act_grp[1]/l_socialise,20,993
consent_grp[1]/l_teaching_prac_grp[1]/l_class_acti_grp[1]/l_act_grp[1]/l_pro_solve,20,993
consent_grp[1]/l_teaching_prac_grp[1]/l_class_acti_grp[1]/l_act_grp[1]/l_writing,20,993
consent_grp[1]/l_teaching_prac_grp[1]/l_class_acti_grp[1]/l_act_grp[1]/l_teach_body,20,993
consent_grp[1]/l_teaching_prac_grp[1]/l_class_acti_grp[1]/l_act_grp[1]/l_pers_hygiene,20,993
consent_grp[1]/l_teaching_prac_grp[1]/l_class_acti_grp[1]/l_act_grp[1]/l_art_expre,20,993
consent_grp[1]/l_teaching_prac_grp[1]/l_class_acti_grp[1]/l_act_grp[1]/l_body_lang,20,993
consent_grp[1]/l_teaching_prac_grp[1]/l_class_acti_grp[1]/l_act_grp[1]/l_concentration,20,993
consent_grp[1]/l_teaching_prac_grp[1]/l_class_acti_grp[1]/l_act_grp[1]/l_gross_motor,20,993
consent_grp[1]/l_teaching_prac_grp[1]/l_class_acti_grp[1]/l_act_grp[1]/l_fine_motor,20,993
consent_grp[1]/l_teaching_prac_grp[1]/l_class_acti_grp[1]/l_act_grp[1]/l_gender,20,993
consent_grp[1]/l_teaching_prac_grp[1]/l_class_acti_grp[1]/l_act_grp[1]/l_responsibility,20,993
consent_grp[1]/l_teaching_prac_grp[1]/l_class_acti_grp[1]/l_act_grp[1]/l_speech,20,993
consent_grp[1]/l_teaching_prac_grp[1]/l_class_acti_grp[1]/l_act_grp[1]/l_explore_comm,20,993
consent_grp[1]/l_teaching_prac_grp[1]/l_class_acti_grp[1]/l_act_grp[1]/l_explore_culture,20,993
consent_grp[1]/l_teaching_prac_grp[1]/l_parent_interact_note,1,1012
consent_grp[1]/l_teaching_prac_grp[1]/l_actively_engaged,3,1013
consent_grp[1]/l_teaching_prac_grp[1]/l_proportion_child,2,1016
consent_grp[1]/l_teaching_prac_grp[1]/l_proportion_child_more,3,1018
consent_grp[1]/l_teaching_prac_grp[1]/l_visit_pupil_house,3,1021
consent_grp[1]/l_teaching_prac_grp[1]/l_visit_parent_house,2,1024
consent_grp[1]/l_teaching_prac_grp[1]/l_receive_parent_supp,3,1026
consent_grp[1]/l_teaching_prac_grp[1]/l_day_teaching_note,1,1029
consent_grp[1]/l_teaching_prac_grp[1]/l_day_grp[1]/tmp_l_labs,6,1030
consent_grp[1]/l_teaching_prac_grp[1]/l_day_grp[1]/l_daily_schedule,6,1030
consent_grp[1]/l_teaching_prac_grp[1]/l_day_grp[1]/l_play_period,6,1030
consent_grp[1]/l_teaching_prac_grp[1]/l_day_grp[1]/l_free_play,6,1030
consent_grp[1]/l_teaching_prac_grp[1]/l_day_grp[1]/l_activities,6,1030
consent_grp[1]/l_teaching_prac_grp[1]/l_per_daily_grp[1]/l_perc_note,16,1036
consent_grp[1]/l_teaching_prac_grp[1]/l_per_daily_grp[1]/l_admin_per,16,1036
consent_grp[1]/l_teaching_prac_grp[1]/l_per_daily_grp[1]/l_class_per,16,1036
consent_grp[1]/l_teaching_prac_grp[1]/l_per_daily_grp[1]/l_teach_per,16,1036
consent_grp[1]/l_teaching_prac_grp[1]/l_per_daily_grp[1]/l_super_per,16,1036
consent_grp[1]/l_teaching_prac_grp[1]/l_per_daily_grp[1]/l_super_oth_per,16,1036
consent_grp[1]/l_teaching_prac_grp[1]/l_per_daily_grp[1]/l_break_per,16,1036
consent_grp[1]/l_teaching_prac_grp[1]/l_discipline_note,1,1052
consent_grp[1]/l_teaching_prac_grp[1]/l_dont_like,8,1053
consent_grp[1]/l_teaching_prac_grp[1]/l_really_bad,3,1061
consent_grp[1]/l_teaching_prac_grp[1]/l_does_good,4,1065
consent_grp[1]/l_teaching_prac_grp[1]/l_praise,2,1068
consent_grp[1]/q_note,1,1070
consent_grp[1]/q_activ_yn,2,1071
consent_grp[1]/q_rpt[1]/q_activ_r,9,1073
consent_grp[1]/q_rpt[1]/q_activ_org_r,3,1082
consent_grp[1]/q_rpt[1]/q_activ_org_osp_r,17,1085
consent_grp[1]/q_rpt[1]/q_activ_add_r,9,1100
s_int_accom_yn,12,1105
comments,49,1124
