Field name,Total duration (seconds),First appeared (seconds into survey)
instruction,1,4
a_district_id,3,5
a_circuit_id,250,8
a_kg_id,37,231
a_community_id,4,292
a_enum_id,58,295
consent_note,385,351
con_understand,3,539
con_questions,2,745
con_written,4,747
consent_grp[1]/audio_consent,2,751
consent_grp[1]/d_background_note,1,753
consent_grp[1]/section_d[1]/kgt_key,13,754
consent_grp[1]/section_d[1]/kgt_confirm_note,8,767
consent_grp[1]/section_d[1]/d_num_cnt,14,775
consent_grp[1]/section_d[1]/d_cnt_grp[1]/d_cnt_main,28,789
consent_grp[1]/section_d[1]/d_cnt_grp[1]/d_cnt_sec,28,789
consent_grp[1]/section_d[1]/d_work_last,8,817
consent_grp[1]/section_d[1]/d_edu_level,9,825
consent_grp[1]/section_d[1]/d_edu_train,21,834
consent_grp[1]/section_d[1]/d_edu_level_train,47,856
consent_grp[1]/section_d[1]/d_marital_status,6,900
consent_grp[1]/section_d[1]/d_religion,5,909
consent_grp[1]/section_d[1]/d_la_spk_grp[1]/d_la_spk_note,82,914
consent_grp[1]/section_d[1]/d_la_spk_grp[1]/d_la_spk_eng,82,914
consent_grp[1]/section_d[1]/d_la_spk_grp[1]/d_la_spk_dagb,82,914
consent_grp[1]/section_d[1]/d_la_wrt_grp[1]/d_la_wrt_note,30,983
consent_grp[1]/section_d[1]/d_la_wrt_grp[1]/d_la_wrt_eng,30,983
consent_grp[1]/section_d[1]/d_la_wrt_grp[1]/d_la_wrt_dagb,30,983
consent_grp[1]/section_d[1]/d_main_language,25,1026
consent_grp[1]/section_d[1]/d_loc_lang_kinderg,13,1047
consent_grp[1]/f_moved_yn,20,1064
consent_grp[1]/f_rel_grp[1]/f_comm_note,8,1084
consent_grp[1]/f_rel_grp[1]/section_f[1]/f_born_comm,19,1092
consent_grp[1]/f_rel_grp[1]/section_f[1]/f_school_loc,20,1111
consent_grp[1]/f_rel_grp[1]/section_f[1]/f_lived_bef_teach,12,1131
consent_grp[1]/f_rel_grp[1]/section_f[1]/f_lived_grp[1]/f_lived_comm,24,1143
consent_grp[1]/f_rel_grp[1]/section_f[1]/f_lived_grp[1]/f_lived_comm_year,24,1143
consent_grp[1]/f_rel_grp[1]/section_f[1]/f_lived_grp[1]/f_lived_comm_month,24,1143
consent_grp[1]/f_rel_grp[1]/section_f[1]/f_fam_lived,15,1168
consent_grp[1]/f_rel_grp[1]/section_f[1]/f_emot_support,13,1183
consent_grp[1]/f_rel_grp[1]/section_f[1]/f_emot_support_num,14,1196
consent_grp[1]/f_rel_grp[1]/section_f[1]/f_lend_money,12,1210
consent_grp[1]/f_rel_grp[1]/section_f[1]/f_borrow_money,11,1222
consent_grp[1]/f_rel_grp[1]/section_f[1]/f_rel_live_nearby,15,1233
consent_grp[1]/f_rel_grp[1]/section_f[1]/f_part_comm,9,1242
consent_grp[1]/f_rel_grp[1]/section_f[1]/f_main_trans,12,1257
consent_grp[1]/f_rel_grp[1]/section_f[1]/f_min_get_sch_grp[1]/f_min_get_note,25,1269
consent_grp[1]/f_rel_grp[1]/section_f[1]/f_min_get_sch_grp[1]/f_h_get_school,25,1269
consent_grp[1]/f_rel_grp[1]/section_f[1]/f_min_get_sch_grp[1]/f_m_get_school,25,1269
consent_grp[1]/g_nature_wrk_note,9,1295
consent_grp[1]/section_g[1]/g_teach_pos,11,1304
consent_grp[1]/section_g[1]/g_teach_school,20,1315
consent_grp[1]/section_g[1]/g_kg_grade,10,1335
consent_grp[1]/section_g[1]/g_class_grp[1]/g_children_note,22,1344
consent_grp[1]/section_g[1]/g_class_grp[1]/g_kg_1,22,1344
consent_grp[1]/section_g[1]/g_ah_grp[1]/g_ah_note,361,1367
consent_grp[1]/section_g[1]/g_ah_grp[1]/g_ah_working,361,1367
consent_grp[1]/section_g[1]/g_ah_grp[1]/g_ah_prepping,361,1367
consent_grp[1]/section_g[1]/g_eh_grp[1]/g_eh_note,315,1728
consent_grp[1]/section_g[1]/g_eh_grp[1]/g_eh_working,315,1728
consent_grp[1]/section_g[1]/g_eh_grp[1]/g_eh_prepping,322,1728
consent_grp[1]/section_g[1]/g_teach_salary,66,2039
consent_grp[1]/section_g[1]/g_salary_freq,19,2093
consent_grp[1]/section_g[1]/g_salary_intime,17,2112
consent_grp[1]/section_g[1]/g_money_cmp,34,2129
consent_grp[1]/section_g[1]/g_job_outside,12,2163
consent_grp[1]/section_g[1]/g_extra_money_spec,28,2175
consent_grp[1]/section_g[1]/g_sch_pro_grp[1]/tmp_g_sch_pro_lab,325,2204
consent_grp[1]/section_g[1]/g_sch_pro_grp[1]/g_class,325,2204
consent_grp[1]/section_g[1]/g_sch_pro_grp[1]/g_class_taught,325,2204
consent_grp[1]/section_g[1]/g_sch_pro_grp[1]/g_fin_resource,325,2204
consent_grp[1]/section_g[1]/g_sch_pro_grp[1]/g_high_expe,325,2204
consent_grp[1]/section_g[1]/g_sch_pro_grp[1]/g_change_curri,325,2204
consent_grp[1]/section_g[1]/g_sch_pro_grp[1]/g_diff_curri,325,2204
consent_grp[1]/section_g[1]/g_sch_pro_grp[1]/g_easy_curri,325,2204
consent_grp[1]/section_g[1]/g_sch_pro_grp[1]/g_par_dem_high,325,2204
consent_grp[1]/section_g[1]/g_sch_pro_grp[1]/g_par_suff_interest,325,2204
consent_grp[1]/section_g[1]/g_sch_pro_grp[1]/g_par_suff_active,325,2204
consent_grp[1]/section_g[1]/g_par_supp_grp[1]/g_par_supp_note,53,2526
consent_grp[1]/section_g[1]/g_par_supp_grp[1]/g_home_wrk,29,2545
consent_grp[1]/section_g[1]/g_par_supp_grp[1]/g_behave_val,23,2610
consent_grp[1]/section_g[1]/g_par_supp_grp[1]/g_get_schl,13,2633
consent_grp[1]/section_g[1]/g_par_supp_grp[1]/g_visit_schl,9,2646
consent_grp[1]/section_g[1]/g_par_supp_grp[1]/g_show_respect,7,2655
consent_grp[1]/section_g[1]/g_par_supp_grp[1]/g_best_schl,26,2662
consent_grp[1]/section_g[1]/g_par_supp_grp[1]/g_parti_pta,23,2689
consent_grp[1]/section_g[1]/g_par_supp_grp[1]/g_cont_kg_act,16,2712
consent_grp[1]/section_g[1]/g_lead_respect,18,2728
consent_grp[1]/section_g[1]/g_val_citizen,24,2746
consent_grp[1]/section_h[1]/sec_h_depre_note,51,2770
consent_grp[1]/section_h[1]/h_depression_grp[1]/h_da_note,171,2821
consent_grp[1]/section_h[1]/h_depression_grp[1]/tmp_h_da_lab,171,2821
consent_grp[1]/section_h[1]/h_depression_grp[1]/h_headache,171,2821
consent_grp[1]/section_h[1]/h_depression_grp[1]/h_appetite,171,2821
consent_grp[1]/section_h[1]/h_depression_grp[1]/h_sleep,171,2821
consent_grp[1]/section_h[1]/h_depression_grp[1]/h_frightened,171,2821
consent_grp[1]/section_h[1]/h_depression_grp[1]/h_hands_shake,171,2821
consent_grp[1]/section_h[1]/h_depression_grp[1]/h_nervous,171,2821
consent_grp[1]/section_h[1]/h_depression_grp[1]/h_digestion,171,2821
consent_grp[1]/section_h[1]/h_depression_grp[1]/h_thinking,171,2821
consent_grp[1]/section_h[1]/h_depression_grp[1]/h_unhappy,171,2821
consent_grp[1]/section_h[1]/h_depression_grp[1]/h_cry,171,2821
consent_grp[1]/section_h[1]/h_depression_grp[1]/h_activities,171,2821
consent_grp[1]/section_h[1]/h_depression_grp[1]/h_decisions,171,2821
consent_grp[1]/section_h[1]/h_depression_grp[1]/h_daily_work,171,2821
consent_grp[1]/section_h[1]/h_depression_grp[1]/h_life,171,2821
consent_grp[1]/section_h[1]/h_depression_grp[1]/h_interest,171,2821
consent_grp[1]/section_h[1]/h_depression_grp[1]/h_worthless,171,2821
consent_grp[1]/section_h[1]/h_depression_grp[1]/h_end_life,171,2821
consent_grp[1]/section_h[1]/h_depression_grp[1]/h_tired,171,2821
consent_grp[1]/section_h[1]/h_depression_grp[1]/h_uncomfortable,171,2821
consent_grp[1]/section_h[1]/h_depression_grp[1]/h_easily_tired,171,2821
consent_grp[1]/section_h[1]/sec_h_ext_contr_note,11,2992
consent_grp[1]/section_h[1]/h_ext_control_grp[1]/h_ext_cont_note,14,3003
consent_grp[1]/section_h[1]/h_ext_control_grp[1]/h_pup_learn,88,3017
consent_grp[1]/section_h[1]/h_ext_control_grp[1]/h_discipline,25,3105
consent_grp[1]/section_h[1]/h_ext_control_grp[1]/h_stu_achieve,28,3130
consent_grp[1]/section_h[1]/h_ext_control_grp[1]/h_teach_motiv,72,3158
consent_grp[1]/section_h[1]/h_ext_control_grp[1]/h_good_teach,35,3225
consent_grp[1]/section_h[1]/sec_h_motiv_note,2,3265
consent_grp[1]/section_h[1]/h_motiv_grp[1]/h_motiv_note,4,3266
consent_grp[1]/section_h[1]/h_motiv_grp[1]/h_motiv_help,26,3270
consent_grp[1]/section_h[1]/h_motiv_grp[1]/h_quest_school,22,3296
consent_grp[1]/section_h[1]/h_motiv_grp[1]/h_help_child,6,3318
consent_grp[1]/section_h[1]/h_motiv_grp[1]/h_sch_goal,7,3325
consent_grp[1]/section_h[1]/h_motiv_grp[1]/h_help_emot,13,3331
consent_grp[1]/section_h[1]/h_motiv_grp[1]/h_enjoy_teach,7,3344
consent_grp[1]/section_h[1]/h_motiv_grp[1]/h_develop_society,12,3351
consent_grp[1]/section_h[1]/h_motiv_grp[1]/h_develop_socially,10,3363
consent_grp[1]/section_h[1]/h_motiv_grp[1]/h_perso_clear,12,3373
consent_grp[1]/section_h[1]/h_impor_thing,138,3385
consent_grp[1]/section_h[1]/h_job_satisfaction_grp[1]/h_job_satis_note,36,3524
consent_grp[1]/section_h[1]/h_job_satisfaction_grp[1]/h_look_out,23,3559
consent_grp[1]/section_h[1]/h_job_satisfaction_grp[1]/h_perso_worries,8,3582
consent_grp[1]/section_h[1]/h_job_satisfaction_grp[1]/h_know_col,16,3590
consent_grp[1]/section_h[1]/h_job_satisfaction_grp[1]/h_col_coop,8,3606
consent_grp[1]/section_h[1]/h_job_satisfaction_grp[1]/h_trust_col,18,3615
consent_grp[1]/section_h[1]/h_job_satisfaction_grp[1]/h_enjoy_col,7,3633
consent_grp[1]/section_h[1]/h_job_satisfaction_grp[1]/h_sup_respect,6,3640
consent_grp[1]/section_h[1]/h_job_satisfaction_grp[1]/h_sup_busy,6,3646
consent_grp[1]/section_h[1]/h_job_satisfaction_grp[1]/h_sup_opinion,51,3652
consent_grp[1]/section_h[1]/h_job_satisfaction_grp[1]/h_count_sup,10,3703
consent_grp[1]/section_h[1]/h_job_satisfaction_grp[1]/h_motivated,7,3714
consent_grp[1]/section_h[1]/h_job_satisfaction_grp[1]/h_sup_unpredict,11,3721
consent_grp[1]/section_h[1]/h_job_satisfaction_grp[1]/h_wrk_challenge,32,3731
consent_grp[1]/section_h[1]/h_job_satisfaction_grp[1]/h_wrk_monotonous,11,3763
consent_grp[1]/section_h[1]/h_job_satisfaction_grp[1]/h_wrk_creative,7,3773
consent_grp[1]/section_h[1]/h_job_satisfaction_grp[1]/h_big_impact,8,3780
consent_grp[1]/section_h[1]/h_job_satisfaction_grp[1]/h_little_time,14,3788
consent_grp[1]/section_h[1]/h_job_satisfaction_grp[1]/h_control_satis,7,3802
consent_grp[1]/section_h[1]/h_job_satisfaction_grp[1]/h_look,12,3809
consent_grp[1]/section_h[1]/h_job_satisfaction_grp[1]/h_small_space,22,3821
consent_grp[1]/section_h[1]/h_job_satisfaction_grp[1]/h_new_mat,6,3844
consent_grp[1]/section_h[1]/h_job_satisfaction_grp[1]/h_clean_kinder,7,3849
consent_grp[1]/section_h[1]/h_job_satisfaction_grp[1]/h_loud_kinder,13,3856
consent_grp[1]/section_h[1]/h_job_satisfaction_grp[1]/h_kinder_rules,34,3869
consent_grp[1]/section_h[1]/h_job_satisfaction_grp[1]/h_satisfied_paid,10,3903
consent_grp[1]/section_h[1]/h_burnout_grp[1]/h_burnout_note,15,3913
consent_grp[1]/section_h[1]/h_burnout_grp[1]/h_emotion_drained,61,3928
consent_grp[1]/section_h[1]/h_burnout_grp[1]/h_used_up,15,3989
consent_grp[1]/section_h[1]/h_burnout_grp[1]/h_fatigued,46,4003
consent_grp[1]/section_h[1]/h_burnout_grp[1]/h_child_feel,16,4050
consent_grp[1]/section_h[1]/h_burnout_grp[1]/h_child_impersonal,35,4066
consent_grp[1]/section_h[1]/h_burnout_grp[1]/h_ppl_strain,37,4102
consent_grp[1]/section_h[1]/h_burnout_grp[1]/h_deal_effect,14,4138
consent_grp[1]/section_h[1]/h_burnout_grp[1]/h_burnout,23,4152
consent_grp[1]/section_h[1]/h_burnout_grp[1]/h_pos_influence,47,4175
consent_grp[1]/section_h[1]/h_burnout_grp[1]/h_cold,31,4222
consent_grp[1]/section_h[1]/h_burnout_grp[1]/h_hard,9,4252
consent_grp[1]/section_h[1]/h_burnout_grp[1]/h_energetic,7,4261
consent_grp[1]/section_h[1]/h_burnout_grp[1]/h_frustrated,5,4269
consent_grp[1]/section_h[1]/h_burnout_grp[1]/h_work_hard,6,4274
consent_grp[1]/section_h[1]/h_burnout_grp[1]/h_dont_care,15,4280
consent_grp[1]/section_h[1]/h_burnout_grp[1]/h_put_pressure,35,4295
consent_grp[1]/section_h[1]/h_burnout_grp[1]/h_relax,9,4330
consent_grp[1]/section_h[1]/h_burnout_grp[1]/h_excited,37,4339
consent_grp[1]/section_h[1]/h_burnout_grp[1]/h_accomplished,10,4376
consent_grp[1]/section_h[1]/h_burnout_grp[1]/h_end_of_rop,12,4386
consent_grp[1]/section_h[1]/h_burnout_grp[1]/h_emot_pro_calm,28,4398
consent_grp[1]/i_teacher_knowledge_grp[1]/I_teach_know_note,15,4426
consent_grp[1]/i_teacher_knowledge_grp[1]/i_consonance,70,4441
consent_grp[1]/i_teacher_knowledge_grp[1]/i_vowel,9,4511
consent_grp[1]/i_teacher_knowledge_grp[1]/i_unbelievable,25,4520
consent_grp[1]/i_teacher_knowledge_grp[1]/i_irregular,21,4542
consent_grp[1]/i_teacher_knowledge_grp[1]/i_cat,24,4565
consent_grp[1]/i_teacher_knowledge_grp[1]/i_cough,30,4589
consent_grp[1]/i_teacher_knowledge_grp[1]/i_check,18,4619
consent_grp[1]/i_teacher_knowledge_grp[1]/i_english,20,4637
consent_grp[1]/j_perception_grp[1]/j_perception_note,42,4657
consent_grp[1]/j_perception_grp[1]/j_dev_practice_grp[1]/j_dev_practice_note,28,4699
consent_grp[1]/j_perception_grp[1]/j_dev_practice_grp[1]/j_child_need,37,4701
consent_grp[1]/j_perception_grp[1]/j_dev_practice_grp[1]/j_recog_letter,9,4763
consent_grp[1]/j_perception_grp[1]/j_dev_practice_grp[1]/j_recog_number,8,4772
consent_grp[1]/j_perception_grp[1]/j_dev_practice_grp[1]/j_recog_colour,5,4780
consent_grp[1]/j_perception_grp[1]/j_dev_practice_grp[1]/j_indiv_goal,7,4786
consent_grp[1]/j_perception_grp[1]/j_dev_practice_grp[1]/j_play_materials,5,4793
consent_grp[1]/j_perception_grp[1]/j_dev_practice_grp[1]/j_child_measure,10,4798
consent_grp[1]/j_perception_grp[1]/j_supp_chil_grp[1]/j_supp_chil_note,17,4808
consent_grp[1]/j_perception_grp[1]/j_supp_chil_grp[1]/j_build_relation,48,4814
consent_grp[1]/j_perception_grp[1]/j_supp_chil_grp[1]/j_control_behaviour,8,4872
consent_grp[1]/j_perception_grp[1]/j_supp_chil_grp[1]/j_express_thought,6,4880
consent_grp[1]/j_perception_grp[1]/j_supp_chil_grp[1]/j_resolve_conflicts,14,4886
consent_grp[1]/j_perception_grp[1]/j_supp_chil_grp[1]/j_guidance_style,16,4898
consent_grp[1]/j_perception_grp[1]/j_fam_sensitive_grp[1]/j_fam_sensitive_note,124,4916
consent_grp[1]/j_perception_grp[1]/j_fam_sensitive_grp[1]/j_parent_goal,124,4916
consent_grp[1]/j_perception_grp[1]/j_fam_sensitive_grp[1]/j_work_schedule,124,4916
consent_grp[1]/j_perception_grp[1]/j_fam_sensitive_grp[1]/j_fam_decision,124,4916
consent_grp[1]/j_perception_grp[1]/j_fam_sensitive_grp[1]/j_family_care,124,4916
consent_grp[1]/j_perception_grp[1]/j_fam_sensitive_grp[1]/j_connect_family,124,4916
consent_grp[1]/k_grp[1]/k_instro_note,16,5040
consent_grp[1]/k_grp[1]/k_ts_grp[1]/tmp_k_labels,122,5056
consent_grp[1]/k_grp[1]/k_ts_grp[1]/k_take_priviledges,122,5056
consent_grp[1]/k_grp[1]/k_ts_grp[1]/k_explain_behavior,122,5056
consent_grp[1]/k_grp[1]/k_ts_grp[1]/k_shook,122,5056
consent_grp[1]/k_grp[1]/k_ts_grp[1]/k_shouted,122,5056
consent_grp[1]/k_grp[1]/k_ts_grp[1]/k_gave_something,122,5056
consent_grp[1]/k_grp[1]/k_ts_grp[1]/k_spanked,122,5056
consent_grp[1]/k_grp[1]/k_ts_grp[1]/k_hit_bottom,122,5056
consent_grp[1]/k_grp[1]/k_ts_grp[1]/k_call_dumb,122,5056
consent_grp[1]/k_grp[1]/k_ts_grp[1]/k_hit_face,122,5056
consent_grp[1]/k_grp[1]/k_ts_grp[1]/k_praised,122,5056
consent_grp[1]/k_grp[1]/k_ts_grp[1]/k_affection,122,5056
consent_grp[1]/k_grp[1]/k_ts_grp[1]/k_rewarded,122,5056
consent_grp[1]/l_teaching_prac_grp[1]/l_note,9,5178
consent_grp[1]/l_teaching_prac_grp[1]/l_previos_kinder_act[1]/tmp_l_prac_lab,274,5184
consent_grp[1]/l_teaching_prac_grp[1]/l_previos_kinder_act[1]/l_hygiene_routine,274,5184
consent_grp[1]/l_teaching_prac_grp[1]/l_previos_kinder_act[1]/l_supply,274,5184
consent_grp[1]/l_teaching_prac_grp[1]/l_previos_kinder_act[1]/l_pamper,274,5184
consent_grp[1]/l_teaching_prac_grp[1]/l_previos_kinder_act[1]/l_read,274,5184
consent_grp[1]/l_teaching_prac_grp[1]/l_previos_kinder_act[1]/l_tell,274,5184
consent_grp[1]/l_teaching_prac_grp[1]/l_previos_kinder_act[1]/l_conversatin,274,5184
consent_grp[1]/l_teaching_prac_grp[1]/l_previos_kinder_act[1]/l_sing,274,5184
consent_grp[1]/l_teaching_prac_grp[1]/l_previos_kinder_act[1]/l_dance,274,5184
consent_grp[1]/l_teaching_prac_grp[1]/l_previos_kinder_act[1]/l_visit,274,5184
consent_grp[1]/l_teaching_prac_grp[1]/l_previos_kinder_act[1]/l_play_kg,274,5184
consent_grp[1]/l_teaching_prac_grp[1]/l_previos_kinder_act[1]/l_play_recrea,274,5184
consent_grp[1]/l_teaching_prac_grp[1]/l_previos_kinder_act[1]/l_sleep,274,5184
consent_grp[1]/l_teaching_prac_grp[1]/l_previos_kinder_act[1]/l_run,274,5184
consent_grp[1]/l_teaching_prac_grp[1]/l_previos_kinder_act[1]/l_group_learn,274,5184
consent_grp[1]/l_teaching_prac_grp[1]/l_previos_kinder_act[1]/l_indiv_learn,274,5184
consent_grp[1]/l_teaching_prac_grp[1]/l_class_acti_grp[1]/l_act_grp[1]/tmp_l_class_lab,96,5294
consent_grp[1]/l_teaching_prac_grp[1]/l_class_acti_grp[1]/l_act_grp[1]/l_teach_colour,96,5294
consent_grp[1]/l_teaching_prac_grp[1]/l_class_acti_grp[1]/l_act_grp[1]/l_teach_number,96,5294
consent_grp[1]/l_teaching_prac_grp[1]/l_class_acti_grp[1]/l_act_grp[1]/l_teach_letter,96,5294
consent_grp[1]/l_teaching_prac_grp[1]/l_class_acti_grp[1]/l_act_grp[1]/l_teach_form,96,5294
consent_grp[1]/l_teaching_prac_grp[1]/l_class_acti_grp[1]/l_act_grp[1]/l_socialise,96,5294
consent_grp[1]/l_teaching_prac_grp[1]/l_class_acti_grp[1]/l_act_grp[1]/l_pro_solve,96,5294
consent_grp[1]/l_teaching_prac_grp[1]/l_class_acti_grp[1]/l_act_grp[1]/l_writing,96,5294
consent_grp[1]/l_teaching_prac_grp[1]/l_class_acti_grp[1]/l_act_grp[1]/l_teach_body,96,5294
consent_grp[1]/l_teaching_prac_grp[1]/l_class_acti_grp[1]/l_act_grp[1]/l_pers_hygiene,96,5294
consent_grp[1]/l_teaching_prac_grp[1]/l_class_acti_grp[1]/l_act_grp[1]/l_art_expre,96,5294
consent_grp[1]/l_teaching_prac_grp[1]/l_class_acti_grp[1]/l_act_grp[1]/l_body_lang,96,5294
consent_grp[1]/l_teaching_prac_grp[1]/l_class_acti_grp[1]/l_act_grp[1]/l_concentration,96,5294
consent_grp[1]/l_teaching_prac_grp[1]/l_class_acti_grp[1]/l_act_grp[1]/l_gross_motor,96,5294
consent_grp[1]/l_teaching_prac_grp[1]/l_class_acti_grp[1]/l_act_grp[1]/l_fine_motor,96,5294
consent_grp[1]/l_teaching_prac_grp[1]/l_class_acti_grp[1]/l_act_grp[1]/l_gender,96,5294
consent_grp[1]/l_teaching_prac_grp[1]/l_class_acti_grp[1]/l_act_grp[1]/l_responsibility,96,5294
consent_grp[1]/l_teaching_prac_grp[1]/l_class_acti_grp[1]/l_act_grp[1]/l_speech,96,5294
consent_grp[1]/l_teaching_prac_grp[1]/l_class_acti_grp[1]/l_act_grp[1]/l_explore_comm,96,5294
consent_grp[1]/l_teaching_prac_grp[1]/l_class_acti_grp[1]/l_act_grp[1]/l_explore_culture,96,5294
consent_grp[1]/l_teaching_prac_grp[1]/l_parent_interact_note,15,5310
consent_grp[1]/l_teaching_prac_grp[1]/l_actively_engaged,61,5318
consent_grp[1]/l_teaching_prac_grp[1]/l_proportion_child,72,5377
consent_grp[1]/l_teaching_prac_grp[1]/l_proportion_child_more,9,5448
consent_grp[1]/l_teaching_prac_grp[1]/l_visit_pupil_house,37,5456
consent_grp[1]/l_teaching_prac_grp[1]/l_visit_parent_house,45,5488
consent_grp[1]/l_teaching_prac_grp[1]/l_receive_parent_supp,51,5535
consent_grp[1]/l_teaching_prac_grp[1]/l_day_teaching_note,10,5584
consent_grp[1]/l_teaching_prac_grp[1]/l_day_grp[1]/tmp_l_labs,116,5593
consent_grp[1]/l_teaching_prac_grp[1]/l_day_grp[1]/l_daily_schedule,116,5593
consent_grp[1]/l_teaching_prac_grp[1]/l_day_grp[1]/l_play_period,116,5593
consent_grp[1]/l_teaching_prac_grp[1]/l_day_grp[1]/l_free_play,116,5593
consent_grp[1]/l_teaching_prac_grp[1]/l_day_grp[1]/l_activities,116,5593
consent_grp[1]/l_teaching_prac_grp[1]/l_per_daily_grp[1]/l_perc_note,429,5708
consent_grp[1]/l_teaching_prac_grp[1]/l_per_daily_grp[1]/l_admin_per,429,5708
consent_grp[1]/l_teaching_prac_grp[1]/l_per_daily_grp[1]/l_class_per,429,5708
consent_grp[1]/l_teaching_prac_grp[1]/l_per_daily_grp[1]/l_teach_per,429,5708
consent_grp[1]/l_teaching_prac_grp[1]/l_per_daily_grp[1]/l_super_per,429,5708
consent_grp[1]/l_teaching_prac_grp[1]/l_per_daily_grp[1]/l_super_oth_per,429,5708
consent_grp[1]/l_teaching_prac_grp[1]/l_per_daily_grp[1]/l_break_per,429,5708
consent_grp[1]/l_teaching_prac_grp[1]/tmp_force_note,5,5889
consent_grp[1]/l_teaching_prac_grp[1]/l_discipline_note,10,5893
consent_grp[1]/l_teaching_prac_grp[1]/l_dont_like,61,5895
consent_grp[1]/l_teaching_prac_grp[1]/l_really_bad,27,6200
consent_grp[1]/l_teaching_prac_grp[1]/l_does_good,25,6227
consent_grp[1]/l_teaching_prac_grp[1]/l_praise,52,6240
consent_grp[1]/q_note,22,6302
consent_grp[1]/q_activ_yn,21,6323
consent_grp[1]/q_rpt[1]/q_activ_r,53,6340
consent_grp[1]/q_rpt[1]/q_activ_org_r,21,6392
consent_grp[1]/q_rpt[1]/q_activ_add_r,53,6401
consent_grp[1]/q_rpt[2]/q_activ_r,39,6427
consent_grp[1]/q_rpt[2]/q_activ_osp_r,6,6479
consent_grp[1]/q_rpt[2]/q_activ_org_r,6,6513
consent_grp[1]/q_rpt[2]/q_activ_add_r,24,6518
s_int_accom_yn,4,6524
comments,173,6546
