Field name,Total duration (seconds),First appeared (seconds into survey)
instruction,1,10
a_district_id,4,12
a_circuit_id,32,15
a_kg_id,27,24
a_community_id,23,75
a_enum_id,12,97
consent_note,2,110
con_understand,2,112
con_questions,2,113
con_written,2,116
consent_grp[1]/audio_consent,2,117
consent_grp[1]/d_background_note,1,120
consent_grp[1]/section_d[1]/kgt_key,9,121
consent_grp[1]/section_d[1]/kgt_confirm_note,4,130
consent_grp[1]/section_d[1]/d_num_cnt,20,134
consent_grp[1]/section_d[1]/d_cnt_grp[1]/d_cnt_main,32,155
consent_grp[1]/section_d[1]/d_cnt_grp[1]/d_cnt_sec,32,155
consent_grp[1]/section_d[1]/d_work_last,10,187
consent_grp[1]/section_d[1]/d_edu_level,13,197
consent_grp[1]/section_d[1]/d_edu_train,16,209
consent_grp[1]/section_d[1]/d_edu_level_train,10,225
consent_grp[1]/section_d[1]/d_marital_status,7,235
consent_grp[1]/section_d[1]/d_religion,5,242
consent_grp[1]/section_d[1]/d_la_spk_grp[1]/d_la_spk_note,69,247
consent_grp[1]/section_d[1]/d_la_spk_grp[1]/d_la_spk_eng,69,247
consent_grp[1]/section_d[1]/d_la_spk_grp[1]/d_la_spk_grun,69,247
consent_grp[1]/section_d[1]/d_la_wrt_grp[1]/d_la_wrt_note,18,316
consent_grp[1]/section_d[1]/d_la_wrt_grp[1]/d_la_wrt_eng,18,316
consent_grp[1]/section_d[1]/d_la_wrt_grp[1]/d_la_wrt_grun,18,316
consent_grp[1]/section_d[1]/d_main_language,17,334
consent_grp[1]/section_d[1]/d_loc_lang_kinderg,9,350
consent_grp[1]/f_moved_yn,11,360
consent_grp[1]/g_nature_wrk_note,13,368
consent_grp[1]/section_g[1]/g_teach_pos,8,384
consent_grp[1]/section_g[1]/g_teach_school,7,391
consent_grp[1]/section_g[1]/g_kg_grade,11,398
consent_grp[1]/section_g[1]/g_class_grp[1]/g_children_note,21,410
consent_grp[1]/section_g[1]/g_class_grp[1]/g_kg_2,21,410
consent_grp[1]/section_g[1]/g_ah_grp[1]/g_ah_note,65,431
consent_grp[1]/section_g[1]/g_ah_grp[1]/g_ah_working,65,431
consent_grp[1]/section_g[1]/g_ah_grp[1]/g_ah_prepping,65,431
consent_grp[1]/section_g[1]/g_eh_grp[1]/g_eh_note,92,496
consent_grp[1]/section_g[1]/g_eh_grp[1]/g_eh_working,92,496
consent_grp[1]/section_g[1]/g_eh_grp[1]/g_eh_prepping,92,496
consent_grp[1]/section_g[1]/g_teach_salary,81,588
consent_grp[1]/section_g[1]/g_salary_freq,10,669
consent_grp[1]/section_g[1]/g_salary_intime,24,679
consent_grp[1]/section_g[1]/g_money_cmp,8,703
consent_grp[1]/section_g[1]/g_job_outside,15,712
consent_grp[1]/section_g[1]/g_extra_money_spec,17,727
consent_grp[1]/section_g[1]/g_sch_pro_grp[1]/tmp_g_sch_pro_lab,119,744
consent_grp[1]/section_g[1]/g_sch_pro_grp[1]/g_class,119,744
consent_grp[1]/section_g[1]/g_sch_pro_grp[1]/g_class_taught,119,744
consent_grp[1]/section_g[1]/g_sch_pro_grp[1]/g_fin_resource,119,744
consent_grp[1]/section_g[1]/g_sch_pro_grp[1]/g_high_expe,119,744
consent_grp[1]/section_g[1]/g_sch_pro_grp[1]/g_change_curri,119,744
consent_grp[1]/section_g[1]/g_sch_pro_grp[1]/g_diff_curri,119,744
consent_grp[1]/section_g[1]/g_sch_pro_grp[1]/g_easy_curri,119,744
consent_grp[1]/section_g[1]/g_sch_pro_grp[1]/g_par_dem_high,119,744
consent_grp[1]/section_g[1]/g_sch_pro_grp[1]/g_par_suff_interest,119,744
consent_grp[1]/section_g[1]/g_sch_pro_grp[1]/g_par_suff_active,119,744
consent_grp[1]/section_g[1]/g_par_supp_grp[1]/g_par_supp_note,15,863
consent_grp[1]/section_g[1]/g_par_supp_grp[1]/g_home_wrk,41,873
consent_grp[1]/section_g[1]/g_par_supp_grp[1]/g_behave_val,19,919
consent_grp[1]/section_g[1]/g_par_supp_grp[1]/g_get_schl,11,938
consent_grp[1]/section_g[1]/g_par_supp_grp[1]/g_visit_schl,14,949
consent_grp[1]/section_g[1]/g_par_supp_grp[1]/g_show_respect,12,963
consent_grp[1]/section_g[1]/g_par_supp_grp[1]/g_best_schl,31,975
consent_grp[1]/section_g[1]/g_par_supp_grp[1]/g_parti_pta,15,1007
consent_grp[1]/section_g[1]/g_par_supp_grp[1]/g_cont_kg_act,16,1021
consent_grp[1]/section_g[1]/g_lead_respect,24,1035
consent_grp[1]/section_g[1]/g_val_citizen,11,1061
consent_grp[1]/section_h[1]/sec_h_depre_note,27,1072
consent_grp[1]/section_h[1]/h_depression_grp[1]/h_da_note,108,1099
consent_grp[1]/section_h[1]/h_depression_grp[1]/tmp_h_da_lab,108,1099
consent_grp[1]/section_h[1]/h_depression_grp[1]/h_headache,108,1099
consent_grp[1]/section_h[1]/h_depression_grp[1]/h_appetite,108,1099
consent_grp[1]/section_h[1]/h_depression_grp[1]/h_sleep,108,1099
consent_grp[1]/section_h[1]/h_depression_grp[1]/h_frightened,108,1099
consent_grp[1]/section_h[1]/h_depression_grp[1]/h_hands_shake,108,1099
consent_grp[1]/section_h[1]/h_depression_grp[1]/h_nervous,108,1099
consent_grp[1]/section_h[1]/h_depression_grp[1]/h_digestion,108,1099
consent_grp[1]/section_h[1]/h_depression_grp[1]/h_thinking,108,1099
consent_grp[1]/section_h[1]/h_depression_grp[1]/h_unhappy,108,1099
consent_grp[1]/section_h[1]/h_depression_grp[1]/h_cry,108,1099
consent_grp[1]/section_h[1]/h_depression_grp[1]/h_activities,108,1099
consent_grp[1]/section_h[1]/h_depression_grp[1]/h_decisions,108,1099
consent_grp[1]/section_h[1]/h_depression_grp[1]/h_daily_work,108,1099
consent_grp[1]/section_h[1]/h_depression_grp[1]/h_life,108,1099
consent_grp[1]/section_h[1]/h_depression_grp[1]/h_interest,108,1099
consent_grp[1]/section_h[1]/h_depression_grp[1]/h_worthless,108,1099
consent_grp[1]/section_h[1]/h_depression_grp[1]/h_end_life,108,1099
consent_grp[1]/section_h[1]/h_depression_grp[1]/h_tired,108,1099
consent_grp[1]/section_h[1]/h_depression_grp[1]/h_uncomfortable,108,1099
consent_grp[1]/section_h[1]/h_depression_grp[1]/h_easily_tired,108,1099
consent_grp[1]/section_h[1]/sec_h_ext_contr_note,21,1207
consent_grp[1]/section_h[1]/h_ext_control_grp[1]/h_ext_cont_note,3,1208
consent_grp[1]/section_h[1]/h_ext_control_grp[1]/h_pup_learn,42,1230
consent_grp[1]/section_h[1]/h_ext_control_grp[1]/h_discipline,41,1272
consent_grp[1]/section_h[1]/h_ext_control_grp[1]/h_stu_achieve,24,1313
consent_grp[1]/section_h[1]/h_ext_control_grp[1]/h_teach_motiv,16,1338
consent_grp[1]/section_h[1]/h_ext_control_grp[1]/h_good_teach,17,1353
consent_grp[1]/section_h[1]/sec_h_motiv_note,13,1370
consent_grp[1]/section_h[1]/h_motiv_grp[1]/h_motiv_note,2,1384
consent_grp[1]/section_h[1]/h_motiv_grp[1]/h_motiv_help,32,1386
consent_grp[1]/section_h[1]/h_motiv_grp[1]/h_quest_school,14,1417
consent_grp[1]/section_h[1]/h_motiv_grp[1]/h_help_child,6,1431
consent_grp[1]/section_h[1]/h_motiv_grp[1]/h_sch_goal,13,1437
consent_grp[1]/section_h[1]/h_motiv_grp[1]/h_help_emot,10,1451
consent_grp[1]/section_h[1]/h_motiv_grp[1]/h_enjoy_teach,21,1460
consent_grp[1]/section_h[1]/h_motiv_grp[1]/h_develop_society,10,1482
consent_grp[1]/section_h[1]/h_motiv_grp[1]/h_develop_socially,31,1492
consent_grp[1]/section_h[1]/h_motiv_grp[1]/h_perso_clear,7,1523
consent_grp[1]/section_h[1]/h_impor_thing,46,1531
consent_grp[1]/section_h[1]/h_job_satisfaction_grp[1]/h_job_satis_note,22,1575
consent_grp[1]/section_h[1]/h_job_satisfaction_grp[1]/h_look_out,49,1590
consent_grp[1]/section_h[1]/h_job_satisfaction_grp[1]/h_perso_worries,22,1647
consent_grp[1]/section_h[1]/h_job_satisfaction_grp[1]/h_know_col,19,1669
consent_grp[1]/section_h[1]/h_job_satisfaction_grp[1]/h_col_coop,10,1688
consent_grp[1]/section_h[1]/h_job_satisfaction_grp[1]/h_trust_col,9,1698
consent_grp[1]/section_h[1]/h_job_satisfaction_grp[1]/h_enjoy_col,18,1707
consent_grp[1]/section_h[1]/h_job_satisfaction_grp[1]/h_sup_respect,6,1725
consent_grp[1]/section_h[1]/h_job_satisfaction_grp[1]/h_sup_busy,9,1731
consent_grp[1]/section_h[1]/h_job_satisfaction_grp[1]/h_sup_opinion,6,1739
consent_grp[1]/section_h[1]/h_job_satisfaction_grp[1]/h_count_sup,8,1746
consent_grp[1]/section_h[1]/h_job_satisfaction_grp[1]/h_motivated,9,1754
consent_grp[1]/section_h[1]/h_job_satisfaction_grp[1]/h_sup_unpredict,9,1763
consent_grp[1]/section_h[1]/h_job_satisfaction_grp[1]/h_wrk_challenge,8,1772
consent_grp[1]/section_h[1]/h_job_satisfaction_grp[1]/h_wrk_monotonous,37,1779
consent_grp[1]/section_h[1]/h_job_satisfaction_grp[1]/h_wrk_creative,6,1816
consent_grp[1]/section_h[1]/h_job_satisfaction_grp[1]/h_big_impact,8,1822
consent_grp[1]/section_h[1]/h_job_satisfaction_grp[1]/h_little_time,11,1830
consent_grp[1]/section_h[1]/h_job_satisfaction_grp[1]/h_control_satis,12,1841
consent_grp[1]/section_h[1]/h_job_satisfaction_grp[1]/h_look,12,1853
consent_grp[1]/section_h[1]/h_job_satisfaction_grp[1]/h_small_space,14,1865
consent_grp[1]/section_h[1]/h_job_satisfaction_grp[1]/h_new_mat,50,1879
consent_grp[1]/section_h[1]/h_job_satisfaction_grp[1]/h_clean_kinder,9,1930
consent_grp[1]/section_h[1]/h_job_satisfaction_grp[1]/h_loud_kinder,72,1938
consent_grp[1]/section_h[1]/h_job_satisfaction_grp[1]/h_kinder_rules,9,2010
consent_grp[1]/section_h[1]/h_job_satisfaction_grp[1]/h_satisfied_paid,11,2019
consent_grp[1]/section_h[1]/h_burnout_grp[1]/h_burnout_note,12,2031
consent_grp[1]/section_h[1]/h_burnout_grp[1]/h_emotion_drained,47,2043
consent_grp[1]/section_h[1]/h_burnout_grp[1]/h_used_up,12,2090
consent_grp[1]/section_h[1]/h_burnout_grp[1]/h_fatigued,20,2102
consent_grp[1]/section_h[1]/h_burnout_grp[1]/h_child_feel,13,2122
consent_grp[1]/section_h[1]/h_burnout_grp[1]/h_child_impersonal,17,2135
consent_grp[1]/section_h[1]/h_burnout_grp[1]/h_ppl_strain,9,2152
consent_grp[1]/section_h[1]/h_burnout_grp[1]/h_deal_effect,11,2161
consent_grp[1]/section_h[1]/h_burnout_grp[1]/h_burnout,11,2172
consent_grp[1]/section_h[1]/h_burnout_grp[1]/h_pos_influence,20,2182
consent_grp[1]/section_h[1]/h_burnout_grp[1]/h_cold,9,2202
consent_grp[1]/section_h[1]/h_burnout_grp[1]/h_hard,12,2211
consent_grp[1]/section_h[1]/h_burnout_grp[1]/h_energetic,9,2223
consent_grp[1]/section_h[1]/h_burnout_grp[1]/h_frustrated,7,2233
consent_grp[1]/section_h[1]/h_burnout_grp[1]/h_work_hard,11,2240
consent_grp[1]/section_h[1]/h_burnout_grp[1]/h_dont_care,7,2251
consent_grp[1]/section_h[1]/h_burnout_grp[1]/h_put_pressure,25,2257
consent_grp[1]/section_h[1]/h_burnout_grp[1]/h_relax,14,2282
consent_grp[1]/section_h[1]/h_burnout_grp[1]/h_excited,11,2296
consent_grp[1]/section_h[1]/h_burnout_grp[1]/h_accomplished,11,2307
consent_grp[1]/section_h[1]/h_burnout_grp[1]/h_end_of_rop,24,2319
consent_grp[1]/section_h[1]/h_burnout_grp[1]/h_emot_pro_calm,12,2343
consent_grp[1]/i_teacher_knowledge_grp[1]/I_teach_know_note,11,2355
consent_grp[1]/i_teacher_knowledge_grp[1]/i_consonance,41,2367
consent_grp[1]/i_teacher_knowledge_grp[1]/i_vowel,10,2408
consent_grp[1]/i_teacher_knowledge_grp[1]/i_unbelievable,70,2418
consent_grp[1]/i_teacher_knowledge_grp[1]/i_irregular,11,2488
consent_grp[1]/i_teacher_knowledge_grp[1]/i_cat,15,2499
consent_grp[1]/i_teacher_knowledge_grp[1]/i_cough,18,2514
consent_grp[1]/i_teacher_knowledge_grp[1]/i_check,19,2532
consent_grp[1]/i_teacher_knowledge_grp[1]/i_english,21,2551
consent_grp[1]/j_perception_grp[1]/j_perception_note,23,2571
consent_grp[1]/j_perception_grp[1]/j_dev_practice_grp[1]/j_dev_practice_note,9,2594
consent_grp[1]/j_perception_grp[1]/j_dev_practice_grp[1]/j_child_need,39,2595
consent_grp[1]/j_perception_grp[1]/j_dev_practice_grp[1]/j_recog_letter,13,2642
consent_grp[1]/j_perception_grp[1]/j_dev_practice_grp[1]/j_recog_number,8,2655
consent_grp[1]/j_perception_grp[1]/j_dev_practice_grp[1]/j_recog_colour,6,2663
consent_grp[1]/j_perception_grp[1]/j_dev_practice_grp[1]/j_indiv_goal,16,2669
consent_grp[1]/j_perception_grp[1]/j_dev_practice_grp[1]/j_play_materials,12,2685
consent_grp[1]/j_perception_grp[1]/j_dev_practice_grp[1]/j_child_measure,10,2697
consent_grp[1]/j_perception_grp[1]/j_supp_chil_grp[1]/j_supp_chil_note,4,2707
consent_grp[1]/j_perception_grp[1]/j_supp_chil_grp[1]/j_build_relation,9,2710
consent_grp[1]/j_perception_grp[1]/j_supp_chil_grp[1]/j_control_behaviour,8,2720
consent_grp[1]/j_perception_grp[1]/j_supp_chil_grp[1]/j_express_thought,10,2728
consent_grp[1]/j_perception_grp[1]/j_supp_chil_grp[1]/j_resolve_conflicts,10,2738
consent_grp[1]/j_perception_grp[1]/j_supp_chil_grp[1]/j_guidance_style,14,2748
consent_grp[1]/j_perception_grp[1]/j_fam_sensitive_grp[1]/j_fam_sensitive_note,69,2761
consent_grp[1]/j_perception_grp[1]/j_fam_sensitive_grp[1]/j_parent_goal,69,2761
consent_grp[1]/j_perception_grp[1]/j_fam_sensitive_grp[1]/j_work_schedule,69,2761
consent_grp[1]/j_perception_grp[1]/j_fam_sensitive_grp[1]/j_fam_decision,69,2761
consent_grp[1]/j_perception_grp[1]/j_fam_sensitive_grp[1]/j_family_care,69,2761
consent_grp[1]/j_perception_grp[1]/j_fam_sensitive_grp[1]/j_connect_family,69,2761
consent_grp[1]/k_grp[1]/k_instro_note,66,2831
consent_grp[1]/k_grp[1]/k_ts_grp[1]/tmp_k_labels,137,2871
consent_grp[1]/k_grp[1]/k_ts_grp[1]/k_take_priviledges,137,2871
consent_grp[1]/k_grp[1]/k_ts_grp[1]/k_explain_behavior,137,2871
consent_grp[1]/k_grp[1]/k_ts_grp[1]/k_shook,137,2871
consent_grp[1]/k_grp[1]/k_ts_grp[1]/k_shouted,137,2871
consent_grp[1]/k_grp[1]/k_ts_grp[1]/k_gave_something,137,2871
consent_grp[1]/k_grp[1]/k_ts_grp[1]/k_spanked,137,2871
consent_grp[1]/k_grp[1]/k_ts_grp[1]/k_hit_bottom,137,2871
consent_grp[1]/k_grp[1]/k_ts_grp[1]/k_call_dumb,137,2871
consent_grp[1]/k_grp[1]/k_ts_grp[1]/k_hit_face,137,2871
consent_grp[1]/k_grp[1]/k_ts_grp[1]/k_praised,137,2871
consent_grp[1]/k_grp[1]/k_ts_grp[1]/k_affection,137,2871
consent_grp[1]/k_grp[1]/k_ts_grp[1]/k_rewarded,137,2871
consent_grp[1]/l_teaching_prac_grp[1]/l_note,11,3034
consent_grp[1]/l_teaching_prac_grp[1]/l_previos_kinder_act[1]/tmp_l_prac_lab,100,3045
consent_grp[1]/l_teaching_prac_grp[1]/l_previos_kinder_act[1]/l_hygiene_routine,100,3045
consent_grp[1]/l_teaching_prac_grp[1]/l_previos_kinder_act[1]/l_supply,100,3045
consent_grp[1]/l_teaching_prac_grp[1]/l_previos_kinder_act[1]/l_pamper,100,3045
consent_grp[1]/l_teaching_prac_grp[1]/l_previos_kinder_act[1]/l_read,100,3045
consent_grp[1]/l_teaching_prac_grp[1]/l_previos_kinder_act[1]/l_tell,100,3045
consent_grp[1]/l_teaching_prac_grp[1]/l_previos_kinder_act[1]/l_conversatin,100,3045
consent_grp[1]/l_teaching_prac_grp[1]/l_previos_kinder_act[1]/l_sing,100,3045
consent_grp[1]/l_teaching_prac_grp[1]/l_previos_kinder_act[1]/l_dance,100,3045
consent_grp[1]/l_teaching_prac_grp[1]/l_previos_kinder_act[1]/l_visit,100,3045
consent_grp[1]/l_teaching_prac_grp[1]/l_previos_kinder_act[1]/l_play_kg,100,3045
consent_grp[1]/l_teaching_prac_grp[1]/l_previos_kinder_act[1]/l_play_recrea,100,3045
consent_grp[1]/l_teaching_prac_grp[1]/l_previos_kinder_act[1]/l_sleep,100,3045
consent_grp[1]/l_teaching_prac_grp[1]/l_previos_kinder_act[1]/l_run,100,3045
consent_grp[1]/l_teaching_prac_grp[1]/l_previos_kinder_act[1]/l_group_learn,100,3045
consent_grp[1]/l_teaching_prac_grp[1]/l_previos_kinder_act[1]/l_indiv_learn,100,3045
consent_grp[1]/l_teaching_prac_grp[1]/l_class_acti_grp[1]/l_act_grp[1]/tmp_l_class_lab,72,3144
consent_grp[1]/l_teaching_prac_grp[1]/l_class_acti_grp[1]/l_act_grp[1]/l_teach_colour,72,3144
consent_grp[1]/l_teaching_prac_grp[1]/l_class_acti_grp[1]/l_act_grp[1]/l_teach_number,72,3144
consent_grp[1]/l_teaching_prac_grp[1]/l_class_acti_grp[1]/l_act_grp[1]/l_teach_letter,72,3144
consent_grp[1]/l_teaching_prac_grp[1]/l_class_acti_grp[1]/l_act_grp[1]/l_teach_form,72,3144
consent_grp[1]/l_teaching_prac_grp[1]/l_class_acti_grp[1]/l_act_grp[1]/l_socialise,72,3144
consent_grp[1]/l_teaching_prac_grp[1]/l_class_acti_grp[1]/l_act_grp[1]/l_pro_solve,72,3144
consent_grp[1]/l_teaching_prac_grp[1]/l_class_acti_grp[1]/l_act_grp[1]/l_writing,72,3144
consent_grp[1]/l_teaching_prac_grp[1]/l_class_acti_grp[1]/l_act_grp[1]/l_teach_body,72,3144
consent_grp[1]/l_teaching_prac_grp[1]/l_class_acti_grp[1]/l_act_grp[1]/l_pers_hygiene,72,3144
consent_grp[1]/l_teaching_prac_grp[1]/l_class_acti_grp[1]/l_act_grp[1]/l_art_expre,72,3144
consent_grp[1]/l_teaching_prac_grp[1]/l_class_acti_grp[1]/l_act_grp[1]/l_body_lang,72,3144
consent_grp[1]/l_teaching_prac_grp[1]/l_class_acti_grp[1]/l_act_grp[1]/l_concentration,72,3144
consent_grp[1]/l_teaching_prac_grp[1]/l_class_acti_grp[1]/l_act_grp[1]/l_gross_motor,72,3144
consent_grp[1]/l_teaching_prac_grp[1]/l_class_acti_grp[1]/l_act_grp[1]/l_fine_motor,72,3144
consent_grp[1]/l_teaching_prac_grp[1]/l_class_acti_grp[1]/l_act_grp[1]/l_gender,72,3144
consent_grp[1]/l_teaching_prac_grp[1]/l_class_acti_grp[1]/l_act_grp[1]/l_responsibility,72,3144
consent_grp[1]/l_teaching_prac_grp[1]/l_class_acti_grp[1]/l_act_grp[1]/l_speech,72,3144
consent_grp[1]/l_teaching_prac_grp[1]/l_class_acti_grp[1]/l_act_grp[1]/l_explore_comm,72,3144
consent_grp[1]/l_teaching_prac_grp[1]/l_class_acti_grp[1]/l_act_grp[1]/l_explore_culture,72,3144
consent_grp[1]/l_teaching_prac_grp[1]/l_parent_interact_note,12,3216
consent_grp[1]/l_teaching_prac_grp[1]/l_actively_engaged,101,3219
consent_grp[1]/l_teaching_prac_grp[1]/l_proportion_child,22,3329
consent_grp[1]/l_teaching_prac_grp[1]/l_proportion_child_more,12,3351
consent_grp[1]/l_teaching_prac_grp[1]/l_visit_pupil_house,44,3363
consent_grp[1]/l_teaching_prac_grp[1]/l_visit_parent_house,27,3407
consent_grp[1]/l_teaching_prac_grp[1]/l_receive_parent_supp,16,3434
consent_grp[1]/l_teaching_prac_grp[1]/l_day_teaching_note,20,3450
consent_grp[1]/l_teaching_prac_grp[1]/l_day_grp[1]/tmp_l_labs,47,3457
consent_grp[1]/l_teaching_prac_grp[1]/l_day_grp[1]/l_daily_schedule,47,3457
consent_grp[1]/l_teaching_prac_grp[1]/l_day_grp[1]/l_play_period,47,3457
consent_grp[1]/l_teaching_prac_grp[1]/l_day_grp[1]/l_free_play,47,3457
consent_grp[1]/l_teaching_prac_grp[1]/l_day_grp[1]/l_activities,47,3457
consent_grp[1]/l_teaching_prac_grp[1]/l_per_daily_grp[1]/l_perc_note,208,3516
consent_grp[1]/l_teaching_prac_grp[1]/l_per_daily_grp[1]/l_admin_per,208,3516
consent_grp[1]/l_teaching_prac_grp[1]/l_per_daily_grp[1]/l_class_per,208,3516
consent_grp[1]/l_teaching_prac_grp[1]/l_per_daily_grp[1]/l_teach_per,208,3516
consent_grp[1]/l_teaching_prac_grp[1]/l_per_daily_grp[1]/l_super_per,208,3516
consent_grp[1]/l_teaching_prac_grp[1]/l_per_daily_grp[1]/l_super_oth_per,208,3516
consent_grp[1]/l_teaching_prac_grp[1]/l_per_daily_grp[1]/l_break_per,208,3516
consent_grp[1]/l_teaching_prac_grp[1]/tmp_force_note,6,3636
consent_grp[1]/l_teaching_prac_grp[1]/l_discipline_note,27,3642
consent_grp[1]/l_teaching_prac_grp[1]/l_dont_like,34,3646
consent_grp[1]/l_teaching_prac_grp[1]/l_really_bad,34,3790
consent_grp[1]/l_teaching_prac_grp[1]/l_does_good,26,3822
consent_grp[1]/l_teaching_prac_grp[1]/l_praise,15,3846
consent_grp[1]/q_note,16,3865
consent_grp[1]/q_activ_yn,14,3882
consent_grp[1]/q_rpt[1]/q_activ_r,36,3896
consent_grp[1]/q_rpt[1]/q_activ_org_r,8,3931
consent_grp[1]/q_rpt[1]/q_activ_add_r,10,3940
s_int_accom_yn,3,3950
comments,2,3953
