Field name,Total duration (seconds),First appeared (seconds into survey)
instruction,1,3
a_district_id,2,4
a_circuit_id,10,7
a_kg_id,3,17
a_community_id,3,19
a_enum_id,3,22
consent_note,1,25
con_understand,1,26
con_questions,2,28
con_written,1,29
consent_grp[1]/audio_consent,1,31
consent_grp[1]/d_background_note,2,32
consent_grp[1]/section_d[1]/kgt_key,9,33
consent_grp[1]/section_d[1]/kgt_confirm_note,8,40
consent_grp[1]/section_d[1]/d_num_cnt,15,46
consent_grp[1]/section_d[1]/d_cnt_grp[1]/d_cnt_main,16,66
consent_grp[1]/section_d[1]/d_cnt_grp[1]/d_cnt_sec,16,66
consent_grp[1]/section_d[1]/d_work_last,8,81
consent_grp[1]/section_d[1]/d_edu_level,12,89
consent_grp[1]/section_d[1]/d_edu_train,12,101
consent_grp[1]/section_d[1]/d_edu_level_train,5,113
consent_grp[1]/section_d[1]/d_marital_status,5,119
consent_grp[1]/section_d[1]/d_religion,5,124
consent_grp[1]/section_d[1]/d_la_spk_grp[1]/d_la_spk_note,17,129
consent_grp[1]/section_d[1]/d_la_spk_grp[1]/d_la_spk_eng,17,129
consent_grp[1]/section_d[1]/d_la_spk_grp[1]/d_la_spk_dagb,17,129
consent_grp[1]/section_d[1]/d_la_wrt_grp[1]/d_la_wrt_note,18,146
consent_grp[1]/section_d[1]/d_la_wrt_grp[1]/d_la_wrt_eng,18,146
consent_grp[1]/section_d[1]/d_la_wrt_grp[1]/d_la_wrt_dagb,18,146
consent_grp[1]/section_d[1]/d_main_language,15,164
consent_grp[1]/section_d[1]/d_loc_lang_kinderg,8,177
consent_grp[1]/f_moved_yn,14,187
consent_grp[1]/g_nature_wrk_note,4,201
consent_grp[1]/section_g[1]/g_teach_pos,12,202
consent_grp[1]/section_g[1]/g_teach_school,5,216
consent_grp[1]/section_g[1]/g_kg_grade,7,221
consent_grp[1]/section_g[1]/g_class_grp[1]/g_children_note,14,229
consent_grp[1]/section_g[1]/g_class_grp[1]/g_kg_2,14,229
consent_grp[1]/section_g[1]/g_ah_grp[1]/g_ah_note,66,243
consent_grp[1]/section_g[1]/g_ah_grp[1]/g_ah_working,66,243
consent_grp[1]/section_g[1]/g_ah_grp[1]/g_ah_prepping,66,243
consent_grp[1]/section_g[1]/g_eh_grp[1]/g_eh_note,56,309
consent_grp[1]/section_g[1]/g_eh_grp[1]/g_eh_working,56,309
consent_grp[1]/section_g[1]/g_eh_grp[1]/g_eh_prepping,56,309
consent_grp[1]/section_g[1]/g_teach_salary,27,365
consent_grp[1]/section_g[1]/g_salary_range,3,374
consent_grp[1]/section_g[1]/g_salary_freq,29,394
consent_grp[1]/section_g[1]/g_salary_intime,33,423
consent_grp[1]/section_g[1]/g_money_cmp,7,456
consent_grp[1]/section_g[1]/g_job_outside,9,463
consent_grp[1]/section_g[1]/g_extra_money_spec,8,472
consent_grp[1]/section_g[1]/g_sch_pro_grp[1]/tmp_g_sch_pro_lab,105,479
consent_grp[1]/section_g[1]/g_sch_pro_grp[1]/g_class,105,479
consent_grp[1]/section_g[1]/g_sch_pro_grp[1]/g_class_taught,105,479
consent_grp[1]/section_g[1]/g_sch_pro_grp[1]/g_fin_resource,105,479
consent_grp[1]/section_g[1]/g_sch_pro_grp[1]/g_high_expe,105,479
consent_grp[1]/section_g[1]/g_sch_pro_grp[1]/g_change_curri,105,479
consent_grp[1]/section_g[1]/g_sch_pro_grp[1]/g_diff_curri,105,479
consent_grp[1]/section_g[1]/g_sch_pro_grp[1]/g_easy_curri,105,479
consent_grp[1]/section_g[1]/g_sch_pro_grp[1]/g_par_dem_high,105,479
consent_grp[1]/section_g[1]/g_sch_pro_grp[1]/g_par_suff_interest,105,479
consent_grp[1]/section_g[1]/g_sch_pro_grp[1]/g_par_suff_active,105,479
consent_grp[1]/section_g[1]/g_par_supp_grp[1]/g_par_supp_note,7,585
consent_grp[1]/section_g[1]/g_par_supp_grp[1]/g_home_wrk,17,592
consent_grp[1]/section_g[1]/g_par_supp_grp[1]/g_behave_val,10,608
consent_grp[1]/section_g[1]/g_par_supp_grp[1]/g_get_schl,7,619
consent_grp[1]/section_g[1]/g_par_supp_grp[1]/g_visit_schl,7,625
consent_grp[1]/section_g[1]/g_par_supp_grp[1]/g_show_respect,7,633
consent_grp[1]/section_g[1]/g_par_supp_grp[1]/g_best_schl,7,639
consent_grp[1]/section_g[1]/g_par_supp_grp[1]/g_parti_pta,9,646
consent_grp[1]/section_g[1]/g_par_supp_grp[1]/g_cont_kg_act,9,655
consent_grp[1]/section_g[1]/g_lead_respect,5,664
consent_grp[1]/section_g[1]/g_val_citizen,8,669
consent_grp[1]/section_h[1]/sec_h_depre_note,30,677
consent_grp[1]/section_h[1]/h_depression_grp[1]/h_da_note,114,707
consent_grp[1]/section_h[1]/h_depression_grp[1]/tmp_h_da_lab,114,707
consent_grp[1]/section_h[1]/h_depression_grp[1]/h_headache,114,707
consent_grp[1]/section_h[1]/h_depression_grp[1]/h_appetite,114,707
consent_grp[1]/section_h[1]/h_depression_grp[1]/h_sleep,114,707
consent_grp[1]/section_h[1]/h_depression_grp[1]/h_frightened,114,707
consent_grp[1]/section_h[1]/h_depression_grp[1]/h_hands_shake,114,707
consent_grp[1]/section_h[1]/h_depression_grp[1]/h_nervous,114,707
consent_grp[1]/section_h[1]/h_depression_grp[1]/h_digestion,114,707
consent_grp[1]/section_h[1]/h_depression_grp[1]/h_thinking,114,707
consent_grp[1]/section_h[1]/h_depression_grp[1]/h_unhappy,114,707
consent_grp[1]/section_h[1]/h_depression_grp[1]/h_cry,114,707
consent_grp[1]/section_h[1]/h_depression_grp[1]/h_activities,114,707
consent_grp[1]/section_h[1]/h_depression_grp[1]/h_decisions,114,707
consent_grp[1]/section_h[1]/h_depression_grp[1]/h_daily_work,114,707
consent_grp[1]/section_h[1]/h_depression_grp[1]/h_life,114,707
consent_grp[1]/section_h[1]/h_depression_grp[1]/h_interest,114,707
consent_grp[1]/section_h[1]/h_depression_grp[1]/h_worthless,114,707
consent_grp[1]/section_h[1]/h_depression_grp[1]/h_end_life,114,707
consent_grp[1]/section_h[1]/h_depression_grp[1]/h_tired,114,707
consent_grp[1]/section_h[1]/h_depression_grp[1]/h_uncomfortable,114,707
consent_grp[1]/section_h[1]/h_depression_grp[1]/h_easily_tired,114,707
consent_grp[1]/section_h[1]/sec_h_ext_contr_note,5,821
consent_grp[1]/section_h[1]/h_ext_control_grp[1]/h_ext_cont_note,2,826
consent_grp[1]/section_h[1]/h_ext_control_grp[1]/h_pup_learn,34,828
consent_grp[1]/section_h[1]/h_ext_control_grp[1]/h_discipline,8,862
consent_grp[1]/section_h[1]/h_ext_control_grp[1]/h_stu_achieve,10,870
consent_grp[1]/section_h[1]/h_ext_control_grp[1]/h_teach_motiv,10,880
consent_grp[1]/section_h[1]/h_ext_control_grp[1]/h_good_teach,16,890
consent_grp[1]/section_h[1]/sec_h_motiv_note,1,906
consent_grp[1]/section_h[1]/h_motiv_grp[1]/h_motiv_note,3,908
consent_grp[1]/section_h[1]/h_motiv_grp[1]/h_motiv_help,16,910
consent_grp[1]/section_h[1]/h_motiv_grp[1]/h_quest_school,15,927
consent_grp[1]/section_h[1]/h_motiv_grp[1]/h_help_child,10,941
consent_grp[1]/section_h[1]/h_motiv_grp[1]/h_sch_goal,12,951
consent_grp[1]/section_h[1]/h_motiv_grp[1]/h_help_emot,7,963
consent_grp[1]/section_h[1]/h_motiv_grp[1]/h_enjoy_teach,5,970
consent_grp[1]/section_h[1]/h_motiv_grp[1]/h_develop_society,7,975
consent_grp[1]/section_h[1]/h_motiv_grp[1]/h_develop_socially,7,982
consent_grp[1]/section_h[1]/h_motiv_grp[1]/h_perso_clear,6,989
consent_grp[1]/section_h[1]/h_impor_thing,51,994
consent_grp[1]/section_h[1]/h_job_satisfaction_grp[1]/h_job_satis_note,14,1046
consent_grp[1]/section_h[1]/h_job_satisfaction_grp[1]/h_look_out,31,1059
consent_grp[1]/section_h[1]/h_job_satisfaction_grp[1]/h_perso_worries,8,1090
consent_grp[1]/section_h[1]/h_job_satisfaction_grp[1]/h_know_col,8,1099
consent_grp[1]/section_h[1]/h_job_satisfaction_grp[1]/h_col_coop,6,1107
consent_grp[1]/section_h[1]/h_job_satisfaction_grp[1]/h_trust_col,5,1113
consent_grp[1]/section_h[1]/h_job_satisfaction_grp[1]/h_enjoy_col,5,1118
consent_grp[1]/section_h[1]/h_job_satisfaction_grp[1]/h_sup_respect,5,1123
consent_grp[1]/section_h[1]/h_job_satisfaction_grp[1]/h_sup_busy,6,1128
consent_grp[1]/section_h[1]/h_job_satisfaction_grp[1]/h_sup_opinion,5,1134
consent_grp[1]/section_h[1]/h_job_satisfaction_grp[1]/h_count_sup,7,1139
consent_grp[1]/section_h[1]/h_job_satisfaction_grp[1]/h_motivated,7,1146
consent_grp[1]/section_h[1]/h_job_satisfaction_grp[1]/h_sup_unpredict,6,1154
consent_grp[1]/section_h[1]/h_job_satisfaction_grp[1]/h_wrk_challenge,11,1160
consent_grp[1]/section_h[1]/h_job_satisfaction_grp[1]/h_wrk_monotonous,7,1171
consent_grp[1]/section_h[1]/h_job_satisfaction_grp[1]/h_wrk_creative,4,1178
consent_grp[1]/section_h[1]/h_job_satisfaction_grp[1]/h_big_impact,5,1182
consent_grp[1]/section_h[1]/h_job_satisfaction_grp[1]/h_little_time,6,1186
consent_grp[1]/section_h[1]/h_job_satisfaction_grp[1]/h_control_satis,8,1192
consent_grp[1]/section_h[1]/h_job_satisfaction_grp[1]/h_look,7,1201
consent_grp[1]/section_h[1]/h_job_satisfaction_grp[1]/h_small_space,6,1208
consent_grp[1]/section_h[1]/h_job_satisfaction_grp[1]/h_new_mat,5,1214
consent_grp[1]/section_h[1]/h_job_satisfaction_grp[1]/h_clean_kinder,7,1219
consent_grp[1]/section_h[1]/h_job_satisfaction_grp[1]/h_loud_kinder,8,1226
consent_grp[1]/section_h[1]/h_job_satisfaction_grp[1]/h_kinder_rules,8,1234
consent_grp[1]/section_h[1]/h_job_satisfaction_grp[1]/h_satisfied_paid,6,1242
consent_grp[1]/section_h[1]/h_burnout_grp[1]/h_burnout_note,10,1248
consent_grp[1]/section_h[1]/h_burnout_grp[1]/h_emotion_drained,45,1258
consent_grp[1]/section_h[1]/h_burnout_grp[1]/h_used_up,16,1303
consent_grp[1]/section_h[1]/h_burnout_grp[1]/h_fatigued,9,1320
consent_grp[1]/section_h[1]/h_burnout_grp[1]/h_child_feel,10,1329
consent_grp[1]/section_h[1]/h_burnout_grp[1]/h_child_impersonal,8,1339
consent_grp[1]/section_h[1]/h_burnout_grp[1]/h_ppl_strain,11,1347
consent_grp[1]/section_h[1]/h_burnout_grp[1]/h_deal_effect,14,1355
consent_grp[1]/section_h[1]/h_burnout_grp[1]/h_burnout,5,1373
consent_grp[1]/section_h[1]/h_burnout_grp[1]/h_pos_influence,7,1378
consent_grp[1]/section_h[1]/h_burnout_grp[1]/h_cold,9,1385
consent_grp[1]/section_h[1]/h_burnout_grp[1]/h_hard,7,1394
consent_grp[1]/section_h[1]/h_burnout_grp[1]/h_energetic,6,1401
consent_grp[1]/section_h[1]/h_burnout_grp[1]/h_frustrated,7,1407
consent_grp[1]/section_h[1]/h_burnout_grp[1]/h_work_hard,7,1413
consent_grp[1]/section_h[1]/h_burnout_grp[1]/h_dont_care,6,1420
consent_grp[1]/section_h[1]/h_burnout_grp[1]/h_put_pressure,11,1426
consent_grp[1]/section_h[1]/h_burnout_grp[1]/h_relax,7,1437
consent_grp[1]/section_h[1]/h_burnout_grp[1]/h_excited,6,1444
consent_grp[1]/section_h[1]/h_burnout_grp[1]/h_accomplished,12,1450
consent_grp[1]/section_h[1]/h_burnout_grp[1]/h_end_of_rop,6,1462
consent_grp[1]/section_h[1]/h_burnout_grp[1]/h_emot_pro_calm,8,1468
consent_grp[1]/i_teacher_knowledge_grp[1]/I_teach_know_note,17,1476
consent_grp[1]/i_teacher_knowledge_grp[1]/i_consonance,25,1492
consent_grp[1]/i_teacher_knowledge_grp[1]/i_vowel,13,1517
consent_grp[1]/i_teacher_knowledge_grp[1]/i_unbelievable,20,1530
consent_grp[1]/i_teacher_knowledge_grp[1]/i_irregular,10,1550
consent_grp[1]/i_teacher_knowledge_grp[1]/i_cat,14,1560
consent_grp[1]/i_teacher_knowledge_grp[1]/i_cough,15,1574
consent_grp[1]/i_teacher_knowledge_grp[1]/i_check,13,1589
consent_grp[1]/i_teacher_knowledge_grp[1]/i_english,18,1602
consent_grp[1]/j_perception_grp[1]/j_perception_note,38,1620
consent_grp[1]/j_perception_grp[1]/j_dev_practice_grp[1]/j_dev_practice_note,8,1659
consent_grp[1]/j_perception_grp[1]/j_dev_practice_grp[1]/j_child_need,11,1666
consent_grp[1]/j_perception_grp[1]/j_dev_practice_grp[1]/j_recog_letter,6,1677
consent_grp[1]/j_perception_grp[1]/j_dev_practice_grp[1]/j_recog_number,7,1684
consent_grp[1]/j_perception_grp[1]/j_dev_practice_grp[1]/j_recog_colour,6,1690
consent_grp[1]/j_perception_grp[1]/j_dev_practice_grp[1]/j_indiv_goal,8,1697
consent_grp[1]/j_perception_grp[1]/j_dev_practice_grp[1]/j_play_materials,5,1704
consent_grp[1]/j_perception_grp[1]/j_dev_practice_grp[1]/j_child_measure,7,1709
consent_grp[1]/j_perception_grp[1]/j_supp_chil_grp[1]/j_supp_chil_note,2,1716
consent_grp[1]/j_perception_grp[1]/j_supp_chil_grp[1]/j_build_relation,7,1718
consent_grp[1]/j_perception_grp[1]/j_supp_chil_grp[1]/j_control_behaviour,5,1725
consent_grp[1]/j_perception_grp[1]/j_supp_chil_grp[1]/j_express_thought,6,1730
consent_grp[1]/j_perception_grp[1]/j_supp_chil_grp[1]/j_resolve_conflicts,7,1736
consent_grp[1]/j_perception_grp[1]/j_supp_chil_grp[1]/j_guidance_style,15,1743
consent_grp[1]/j_perception_grp[1]/j_fam_sensitive_grp[1]/j_fam_sensitive_note,43,1758
consent_grp[1]/j_perception_grp[1]/j_fam_sensitive_grp[1]/j_parent_goal,43,1758
consent_grp[1]/j_perception_grp[1]/j_fam_sensitive_grp[1]/j_work_schedule,43,1758
consent_grp[1]/j_perception_grp[1]/j_fam_sensitive_grp[1]/j_fam_decision,43,1758
consent_grp[1]/j_perception_grp[1]/j_fam_sensitive_grp[1]/j_family_care,43,1758
consent_grp[1]/j_perception_grp[1]/j_fam_sensitive_grp[1]/j_connect_family,43,1758
consent_grp[1]/k_grp[1]/k_instro_note,21,1801
consent_grp[1]/k_grp[1]/k_ts_grp[1]/tmp_k_labels,78,1817
consent_grp[1]/k_grp[1]/k_ts_grp[1]/k_take_priviledges,78,1817
consent_grp[1]/k_grp[1]/k_ts_grp[1]/k_explain_behavior,78,1817
consent_grp[1]/k_grp[1]/k_ts_grp[1]/k_shook,78,1817
consent_grp[1]/k_grp[1]/k_ts_grp[1]/k_shouted,78,1817
consent_grp[1]/k_grp[1]/k_ts_grp[1]/k_gave_something,78,1817
consent_grp[1]/k_grp[1]/k_ts_grp[1]/k_spanked,78,1817
consent_grp[1]/k_grp[1]/k_ts_grp[1]/k_hit_bottom,78,1817
consent_grp[1]/k_grp[1]/k_ts_grp[1]/k_call_dumb,78,1817
consent_grp[1]/k_grp[1]/k_ts_grp[1]/k_hit_face,78,1817
consent_grp[1]/k_grp[1]/k_ts_grp[1]/k_praised,78,1817
consent_grp[1]/k_grp[1]/k_ts_grp[1]/k_affection,78,1817
consent_grp[1]/k_grp[1]/k_ts_grp[1]/k_rewarded,78,1817
consent_grp[1]/l_teaching_prac_grp[1]/l_note,5,1900
consent_grp[1]/l_teaching_prac_grp[1]/l_previos_kinder_act[1]/tmp_l_prac_lab,63,1904
consent_grp[1]/l_teaching_prac_grp[1]/l_previos_kinder_act[1]/l_hygiene_routine,63,1904
consent_grp[1]/l_teaching_prac_grp[1]/l_previos_kinder_act[1]/l_supply,63,1904
consent_grp[1]/l_teaching_prac_grp[1]/l_previos_kinder_act[1]/l_pamper,63,1904
consent_grp[1]/l_teaching_prac_grp[1]/l_previos_kinder_act[1]/l_read,63,1904
consent_grp[1]/l_teaching_prac_grp[1]/l_previos_kinder_act[1]/l_tell,63,1904
consent_grp[1]/l_teaching_prac_grp[1]/l_previos_kinder_act[1]/l_conversatin,63,1904
consent_grp[1]/l_teaching_prac_grp[1]/l_previos_kinder_act[1]/l_sing,63,1904
consent_grp[1]/l_teaching_prac_grp[1]/l_previos_kinder_act[1]/l_dance,63,1904
consent_grp[1]/l_teaching_prac_grp[1]/l_previos_kinder_act[1]/l_visit,63,1904
consent_grp[1]/l_teaching_prac_grp[1]/l_previos_kinder_act[1]/l_play_kg,63,1904
consent_grp[1]/l_teaching_prac_grp[1]/l_previos_kinder_act[1]/l_play_recrea,63,1904
consent_grp[1]/l_teaching_prac_grp[1]/l_previos_kinder_act[1]/l_sleep,63,1904
consent_grp[1]/l_teaching_prac_grp[1]/l_previos_kinder_act[1]/l_run,63,1904
consent_grp[1]/l_teaching_prac_grp[1]/l_previos_kinder_act[1]/l_group_learn,63,1904
consent_grp[1]/l_teaching_prac_grp[1]/l_previos_kinder_act[1]/l_indiv_learn,63,1904
consent_grp[1]/l_teaching_prac_grp[1]/l_class_acti_grp[1]/l_act_grp[1]/tmp_l_class_lab,55,1968
consent_grp[1]/l_teaching_prac_grp[1]/l_class_acti_grp[1]/l_act_grp[1]/l_teach_colour,55,1968
consent_grp[1]/l_teaching_prac_grp[1]/l_class_acti_grp[1]/l_act_grp[1]/l_teach_number,55,1968
consent_grp[1]/l_teaching_prac_grp[1]/l_class_acti_grp[1]/l_act_grp[1]/l_teach_letter,55,1968
consent_grp[1]/l_teaching_prac_grp[1]/l_class_acti_grp[1]/l_act_grp[1]/l_teach_form,55,1968
consent_grp[1]/l_teaching_prac_grp[1]/l_class_acti_grp[1]/l_act_grp[1]/l_socialise,55,1968
consent_grp[1]/l_teaching_prac_grp[1]/l_class_acti_grp[1]/l_act_grp[1]/l_pro_solve,55,1968
consent_grp[1]/l_teaching_prac_grp[1]/l_class_acti_grp[1]/l_act_grp[1]/l_writing,55,1968
consent_grp[1]/l_teaching_prac_grp[1]/l_class_acti_grp[1]/l_act_grp[1]/l_teach_body,55,1968
consent_grp[1]/l_teaching_prac_grp[1]/l_class_acti_grp[1]/l_act_grp[1]/l_pers_hygiene,55,1968
consent_grp[1]/l_teaching_prac_grp[1]/l_class_acti_grp[1]/l_act_grp[1]/l_art_expre,55,1968
consent_grp[1]/l_teaching_prac_grp[1]/l_class_acti_grp[1]/l_act_grp[1]/l_body_lang,55,1968
consent_grp[1]/l_teaching_prac_grp[1]/l_class_acti_grp[1]/l_act_grp[1]/l_concentration,55,1968
consent_grp[1]/l_teaching_prac_grp[1]/l_class_acti_grp[1]/l_act_grp[1]/l_gross_motor,55,1968
consent_grp[1]/l_teaching_prac_grp[1]/l_class_acti_grp[1]/l_act_grp[1]/l_fine_motor,55,1968
consent_grp[1]/l_teaching_prac_grp[1]/l_class_acti_grp[1]/l_act_grp[1]/l_gender,55,1968
consent_grp[1]/l_teaching_prac_grp[1]/l_class_acti_grp[1]/l_act_grp[1]/l_responsibility,55,1968
consent_grp[1]/l_teaching_prac_grp[1]/l_class_acti_grp[1]/l_act_grp[1]/l_speech,55,1968
consent_grp[1]/l_teaching_prac_grp[1]/l_class_acti_grp[1]/l_act_grp[1]/l_explore_comm,55,1968
consent_grp[1]/l_teaching_prac_grp[1]/l_class_acti_grp[1]/l_act_grp[1]/l_explore_culture,55,1968
consent_grp[1]/l_teaching_prac_grp[1]/l_parent_interact_note,4,2023
consent_grp[1]/l_teaching_prac_grp[1]/l_actively_engaged,18,2027
consent_grp[1]/l_teaching_prac_grp[1]/l_proportion_child,11,2044
consent_grp[1]/l_teaching_prac_grp[1]/l_proportion_child_more,11,2056
consent_grp[1]/l_teaching_prac_grp[1]/l_visit_pupil_house,21,2066
consent_grp[1]/l_teaching_prac_grp[1]/l_visit_parent_house,10,2088
consent_grp[1]/l_teaching_prac_grp[1]/l_receive_parent_supp,11,2097
consent_grp[1]/l_teaching_prac_grp[1]/l_day_teaching_note,4,2109
consent_grp[1]/l_teaching_prac_grp[1]/l_day_grp[1]/tmp_l_labs,36,2113
consent_grp[1]/l_teaching_prac_grp[1]/l_day_grp[1]/l_daily_schedule,36,2113
consent_grp[1]/l_teaching_prac_grp[1]/l_day_grp[1]/l_play_period,36,2113
consent_grp[1]/l_teaching_prac_grp[1]/l_day_grp[1]/l_free_play,36,2113
consent_grp[1]/l_teaching_prac_grp[1]/l_day_grp[1]/l_activities,36,2113
consent_grp[1]/l_teaching_prac_grp[1]/l_per_daily_grp[1]/l_perc_note,152,2149
consent_grp[1]/l_teaching_prac_grp[1]/l_per_daily_grp[1]/l_admin_per,152,2149
consent_grp[1]/l_teaching_prac_grp[1]/l_per_daily_grp[1]/l_class_per,152,2149
consent_grp[1]/l_teaching_prac_grp[1]/l_per_daily_grp[1]/l_teach_per,152,2149
consent_grp[1]/l_teaching_prac_grp[1]/l_per_daily_grp[1]/l_super_per,152,2149
consent_grp[1]/l_teaching_prac_grp[1]/l_per_daily_grp[1]/l_super_oth_per,152,2149
consent_grp[1]/l_teaching_prac_grp[1]/l_per_daily_grp[1]/l_break_per,152,2149
consent_grp[1]/l_teaching_prac_grp[1]/tmp_force_note,3,2217
consent_grp[1]/l_teaching_prac_grp[1]/l_discipline_note,6,2219
consent_grp[1]/l_teaching_prac_grp[1]/l_dont_like,50,2308
consent_grp[1]/l_teaching_prac_grp[1]/l_really_bad,55,2360
consent_grp[1]/l_teaching_prac_grp[1]/l_does_good,18,2412
consent_grp[1]/l_teaching_prac_grp[1]/l_praise,16,2433
consent_grp[1]/q_note,9,2450
consent_grp[1]/q_activ_yn,18,2459
consent_grp[1]/q_rpt[1]/q_activ_r,23,2477
consent_grp[1]/q_rpt[1]/q_activ_org_r,5,2500
consent_grp[1]/q_rpt[1]/q_activ_add_r,8,2505
s_int_accom_yn,3,2513
comments,1,2516
