Field name,Total duration (seconds),First appeared (seconds into survey)
instruction,1,2
a_district_id,3,3
a_circuit_id,26,5
a_kg_id,54,14
a_community_id,2,85
a_enum_id,4,88
consent_note,19,92
con_understand,11,111
con_questions,6,115
con_written,2,128
consent_grp[1]/audio_consent,2,130
consent_grp[1]/d_background_note,1,132
consent_grp[1]/section_d[1]/kgt_key,7,133
consent_grp[1]/section_d[1]/kgt_confirm_note,3,141
consent_grp[1]/section_d[1]/d_num_cnt,10,143
consent_grp[1]/section_d[1]/d_cnt_grp[1]/d_cnt_main,28,146
consent_grp[1]/section_d[1]/d_work_last,13,181
consent_grp[1]/section_d[1]/d_edu_level,25,194
consent_grp[1]/section_d[1]/d_edu_train,11,219
consent_grp[1]/section_d[1]/d_edu_level_train,30,230
consent_grp[1]/section_d[1]/d_marital_status,19,258
consent_grp[1]/section_d[1]/d_religion,5,278
consent_grp[1]/section_d[1]/d_la_spk_grp[1]/d_la_spk_note,67,284
consent_grp[1]/section_d[1]/d_la_spk_grp[1]/d_la_spk_eng,67,284
consent_grp[1]/section_d[1]/d_la_spk_grp[1]/d_la_spk_grun,67,284
consent_grp[1]/section_d[1]/d_la_wrt_grp[1]/d_la_wrt_note,24,351
consent_grp[1]/section_d[1]/d_la_wrt_grp[1]/d_la_wrt_eng,24,351
consent_grp[1]/section_d[1]/d_la_wrt_grp[1]/d_la_wrt_grun,24,351
consent_grp[1]/section_d[1]/d_main_language,14,375
consent_grp[1]/section_d[1]/d_loc_lang_kinderg,22,389
consent_grp[1]/f_moved_yn,8,411
consent_grp[1]/g_nature_wrk_note,11,419
consent_grp[1]/section_g[1]/g_teach_pos,7,430
consent_grp[1]/section_g[1]/g_teach_school,7,437
consent_grp[1]/section_g[1]/g_kg_grade,10,445
consent_grp[1]/section_g[1]/g_class_grp[1]/g_children_note,12,454
consent_grp[1]/section_g[1]/g_class_grp[1]/g_kg_2,12,454
consent_grp[1]/section_g[1]/g_ah_grp[1]/g_ah_note,56,467
consent_grp[1]/section_g[1]/g_ah_grp[1]/g_ah_working,56,467
consent_grp[1]/section_g[1]/g_ah_grp[1]/g_ah_prepping,56,467
consent_grp[1]/section_g[1]/g_eh_grp[1]/g_eh_note,16,523
consent_grp[1]/section_g[1]/g_eh_grp[1]/g_eh_working,16,523
consent_grp[1]/section_g[1]/g_eh_grp[1]/g_eh_prepping,16,523
consent_grp[1]/section_g[1]/g_teach_salary,14,539
consent_grp[1]/section_g[1]/g_salary_freq,16,553
consent_grp[1]/section_g[1]/g_salary_intime,29,569
consent_grp[1]/section_g[1]/g_money_cmp,8,598
consent_grp[1]/section_g[1]/g_job_outside,8,606
consent_grp[1]/section_g[1]/g_extra_money_spec,9,614
consent_grp[1]/section_g[1]/g_sch_pro_grp[1]/tmp_g_sch_pro_lab,263,623
consent_grp[1]/section_g[1]/g_sch_pro_grp[1]/g_class,263,623
consent_grp[1]/section_g[1]/g_sch_pro_grp[1]/g_class_taught,263,623
consent_grp[1]/section_g[1]/g_sch_pro_grp[1]/g_fin_resource,263,623
consent_grp[1]/section_g[1]/g_sch_pro_grp[1]/g_high_expe,263,623
consent_grp[1]/section_g[1]/g_sch_pro_grp[1]/g_change_curri,263,623
consent_grp[1]/section_g[1]/g_sch_pro_grp[1]/g_diff_curri,263,623
consent_grp[1]/section_g[1]/g_sch_pro_grp[1]/g_easy_curri,263,623
consent_grp[1]/section_g[1]/g_sch_pro_grp[1]/g_par_dem_high,263,623
consent_grp[1]/section_g[1]/g_sch_pro_grp[1]/g_par_suff_interest,263,623
consent_grp[1]/section_g[1]/g_sch_pro_grp[1]/g_par_suff_active,263,623
consent_grp[1]/section_g[1]/g_par_supp_grp[1]/g_par_supp_note,47,885
consent_grp[1]/section_g[1]/g_par_supp_grp[1]/g_home_wrk,39,932
consent_grp[1]/section_g[1]/g_par_supp_grp[1]/g_behave_val,17,971
consent_grp[1]/section_g[1]/g_par_supp_grp[1]/g_get_schl,12,989
consent_grp[1]/section_g[1]/g_par_supp_grp[1]/g_visit_schl,19,1001
consent_grp[1]/section_g[1]/g_par_supp_grp[1]/g_show_respect,16,1020
consent_grp[1]/section_g[1]/g_par_supp_grp[1]/g_best_schl,15,1036
consent_grp[1]/section_g[1]/g_par_supp_grp[1]/g_parti_pta,20,1051
consent_grp[1]/section_g[1]/g_par_supp_grp[1]/g_cont_kg_act,22,1071
consent_grp[1]/section_g[1]/g_lead_respect,26,1093
consent_grp[1]/section_g[1]/g_val_citizen,18,1119
consent_grp[1]/section_h[1]/sec_h_depre_note,49,1137
consent_grp[1]/section_h[1]/h_depression_grp[1]/h_da_note,118,1186
consent_grp[1]/section_h[1]/h_depression_grp[1]/tmp_h_da_lab,118,1186
consent_grp[1]/section_h[1]/h_depression_grp[1]/h_headache,118,1186
consent_grp[1]/section_h[1]/h_depression_grp[1]/h_appetite,118,1186
consent_grp[1]/section_h[1]/h_depression_grp[1]/h_sleep,118,1186
consent_grp[1]/section_h[1]/h_depression_grp[1]/h_frightened,118,1186
consent_grp[1]/section_h[1]/h_depression_grp[1]/h_hands_shake,118,1186
consent_grp[1]/section_h[1]/h_depression_grp[1]/h_nervous,118,1186
consent_grp[1]/section_h[1]/h_depression_grp[1]/h_digestion,118,1186
consent_grp[1]/section_h[1]/h_depression_grp[1]/h_thinking,118,1186
consent_grp[1]/section_h[1]/h_depression_grp[1]/h_unhappy,118,1186
consent_grp[1]/section_h[1]/h_depression_grp[1]/h_cry,118,1186
consent_grp[1]/section_h[1]/h_depression_grp[1]/h_activities,118,1186
consent_grp[1]/section_h[1]/h_depression_grp[1]/h_decisions,118,1186
consent_grp[1]/section_h[1]/h_depression_grp[1]/h_daily_work,118,1186
consent_grp[1]/section_h[1]/h_depression_grp[1]/h_life,118,1186
consent_grp[1]/section_h[1]/h_depression_grp[1]/h_interest,118,1186
consent_grp[1]/section_h[1]/h_depression_grp[1]/h_worthless,118,1186
consent_grp[1]/section_h[1]/h_depression_grp[1]/h_end_life,118,1186
consent_grp[1]/section_h[1]/h_depression_grp[1]/h_tired,118,1186
consent_grp[1]/section_h[1]/h_depression_grp[1]/h_uncomfortable,118,1186
consent_grp[1]/section_h[1]/h_depression_grp[1]/h_easily_tired,118,1186
consent_grp[1]/section_h[1]/sec_h_ext_contr_note,11,1304
consent_grp[1]/section_h[1]/h_ext_control_grp[1]/h_ext_cont_note,3,1316
consent_grp[1]/section_h[1]/h_ext_control_grp[1]/h_pup_learn,74,1318
consent_grp[1]/section_h[1]/h_ext_control_grp[1]/h_discipline,21,1393
consent_grp[1]/section_h[1]/h_ext_control_grp[1]/h_stu_achieve,76,1414
consent_grp[1]/section_h[1]/h_ext_control_grp[1]/h_teach_motiv,21,1490
consent_grp[1]/section_h[1]/h_ext_control_grp[1]/h_good_teach,20,1510
consent_grp[1]/section_h[1]/sec_h_motiv_note,3,1530
consent_grp[1]/section_h[1]/h_motiv_grp[1]/h_motiv_note,12,1533
consent_grp[1]/section_h[1]/h_motiv_grp[1]/h_motiv_help,13,1545
consent_grp[1]/section_h[1]/h_motiv_grp[1]/h_quest_school,29,1558
consent_grp[1]/section_h[1]/h_motiv_grp[1]/h_help_child,10,1587
consent_grp[1]/section_h[1]/h_motiv_grp[1]/h_sch_goal,32,1597
consent_grp[1]/section_h[1]/h_motiv_grp[1]/h_help_emot,16,1629
consent_grp[1]/section_h[1]/h_motiv_grp[1]/h_enjoy_teach,8,1645
consent_grp[1]/section_h[1]/h_motiv_grp[1]/h_develop_society,10,1653
consent_grp[1]/section_h[1]/h_motiv_grp[1]/h_develop_socially,10,1663
consent_grp[1]/section_h[1]/h_motiv_grp[1]/h_perso_clear,7,1673
consent_grp[1]/section_h[1]/h_impor_thing,228,1680
consent_grp[1]/section_h[1]/h_job_satisfaction_grp[1]/h_job_satis_note,24,1908
consent_grp[1]/section_h[1]/h_job_satisfaction_grp[1]/h_look_out,58,1909
consent_grp[1]/section_h[1]/h_job_satisfaction_grp[1]/h_perso_worries,8,1990
consent_grp[1]/section_h[1]/h_job_satisfaction_grp[1]/h_know_col,22,1998
consent_grp[1]/section_h[1]/h_job_satisfaction_grp[1]/h_col_coop,9,2019
consent_grp[1]/section_h[1]/h_job_satisfaction_grp[1]/h_trust_col,7,2028
consent_grp[1]/section_h[1]/h_job_satisfaction_grp[1]/h_enjoy_col,6,2035
consent_grp[1]/section_h[1]/h_job_satisfaction_grp[1]/h_sup_respect,7,2041
consent_grp[1]/section_h[1]/h_job_satisfaction_grp[1]/h_sup_busy,9,2049
consent_grp[1]/section_h[1]/h_job_satisfaction_grp[1]/h_sup_opinion,10,2058
consent_grp[1]/section_h[1]/h_job_satisfaction_grp[1]/h_count_sup,6,2068
consent_grp[1]/section_h[1]/h_job_satisfaction_grp[1]/h_motivated,9,2074
consent_grp[1]/section_h[1]/h_job_satisfaction_grp[1]/h_sup_unpredict,6,2083
consent_grp[1]/section_h[1]/h_job_satisfaction_grp[1]/h_wrk_challenge,7,2089
consent_grp[1]/section_h[1]/h_job_satisfaction_grp[1]/h_wrk_monotonous,14,2096
consent_grp[1]/section_h[1]/h_job_satisfaction_grp[1]/h_wrk_creative,20,2108
consent_grp[1]/section_h[1]/h_job_satisfaction_grp[1]/h_big_impact,14,2130
consent_grp[1]/section_h[1]/h_job_satisfaction_grp[1]/h_little_time,15,2144
consent_grp[1]/section_h[1]/h_job_satisfaction_grp[1]/h_control_satis,8,2159
consent_grp[1]/section_h[1]/h_job_satisfaction_grp[1]/h_look,7,2167
consent_grp[1]/section_h[1]/h_job_satisfaction_grp[1]/h_small_space,15,2175
consent_grp[1]/section_h[1]/h_job_satisfaction_grp[1]/h_new_mat,6,2190
consent_grp[1]/section_h[1]/h_job_satisfaction_grp[1]/h_clean_kinder,7,2196
consent_grp[1]/section_h[1]/h_job_satisfaction_grp[1]/h_loud_kinder,28,2203
consent_grp[1]/section_h[1]/h_job_satisfaction_grp[1]/h_kinder_rules,10,2231
consent_grp[1]/section_h[1]/h_job_satisfaction_grp[1]/h_satisfied_paid,10,2241
consent_grp[1]/section_h[1]/h_burnout_grp[1]/h_burnout_note,13,2252
consent_grp[1]/section_h[1]/h_burnout_grp[1]/h_emotion_drained,57,2264
consent_grp[1]/section_h[1]/h_burnout_grp[1]/h_used_up,19,2321
consent_grp[1]/section_h[1]/h_burnout_grp[1]/h_fatigued,8,2340
consent_grp[1]/section_h[1]/h_burnout_grp[1]/h_child_feel,8,2348
consent_grp[1]/section_h[1]/h_burnout_grp[1]/h_child_impersonal,8,2356
consent_grp[1]/section_h[1]/h_burnout_grp[1]/h_ppl_strain,8,2364
consent_grp[1]/section_h[1]/h_burnout_grp[1]/h_deal_effect,10,2372
consent_grp[1]/section_h[1]/h_burnout_grp[1]/h_burnout,5,2382
consent_grp[1]/section_h[1]/h_burnout_grp[1]/h_pos_influence,9,2387
consent_grp[1]/section_h[1]/h_burnout_grp[1]/h_cold,8,2396
consent_grp[1]/section_h[1]/h_burnout_grp[1]/h_hard,6,2405
consent_grp[1]/section_h[1]/h_burnout_grp[1]/h_energetic,7,2411
consent_grp[1]/section_h[1]/h_burnout_grp[1]/h_frustrated,6,2418
consent_grp[1]/section_h[1]/h_burnout_grp[1]/h_work_hard,7,2424
consent_grp[1]/section_h[1]/h_burnout_grp[1]/h_dont_care,8,2431
consent_grp[1]/section_h[1]/h_burnout_grp[1]/h_put_pressure,6,2439
consent_grp[1]/section_h[1]/h_burnout_grp[1]/h_relax,8,2446
consent_grp[1]/section_h[1]/h_burnout_grp[1]/h_excited,7,2453
consent_grp[1]/section_h[1]/h_burnout_grp[1]/h_accomplished,29,2460
consent_grp[1]/section_h[1]/h_burnout_grp[1]/h_end_of_rop,7,2489
consent_grp[1]/section_h[1]/h_burnout_grp[1]/h_emot_pro_calm,9,2496
consent_grp[1]/i_teacher_knowledge_grp[1]/I_teach_know_note,14,2505
consent_grp[1]/i_teacher_knowledge_grp[1]/i_consonance,70,2519
consent_grp[1]/i_teacher_knowledge_grp[1]/i_vowel,34,2589
consent_grp[1]/i_teacher_knowledge_grp[1]/i_unbelievable,28,2622
consent_grp[1]/i_teacher_knowledge_grp[1]/i_irregular,12,2650
consent_grp[1]/i_teacher_knowledge_grp[1]/i_cat,11,2662
consent_grp[1]/i_teacher_knowledge_grp[1]/i_cough,14,2673
consent_grp[1]/i_teacher_knowledge_grp[1]/i_check,18,2686
consent_grp[1]/i_teacher_knowledge_grp[1]/i_english,46,2704
consent_grp[1]/j_perception_grp[1]/j_perception_note,85,2750
consent_grp[1]/j_perception_grp[1]/j_dev_practice_grp[1]/j_dev_practice_note,35,2751
consent_grp[1]/j_perception_grp[1]/j_dev_practice_grp[1]/j_child_need,28,2752
consent_grp[1]/j_perception_grp[1]/j_dev_practice_grp[1]/j_recog_letter,20,2897
consent_grp[1]/j_perception_grp[1]/j_dev_practice_grp[1]/j_recog_number,23,2917
consent_grp[1]/j_perception_grp[1]/j_dev_practice_grp[1]/j_recog_colour,9,2941
consent_grp[1]/j_perception_grp[1]/j_dev_practice_grp[1]/j_indiv_goal,14,2949
consent_grp[1]/j_perception_grp[1]/j_dev_practice_grp[1]/j_play_materials,11,2963
consent_grp[1]/j_perception_grp[1]/j_dev_practice_grp[1]/j_child_measure,9,2975
consent_grp[1]/j_perception_grp[1]/j_supp_chil_grp[1]/j_supp_chil_note,3,2983
consent_grp[1]/j_perception_grp[1]/j_supp_chil_grp[1]/j_build_relation,9,2986
consent_grp[1]/j_perception_grp[1]/j_supp_chil_grp[1]/j_control_behaviour,8,2995
consent_grp[1]/j_perception_grp[1]/j_supp_chil_grp[1]/j_express_thought,7,3002
consent_grp[1]/j_perception_grp[1]/j_supp_chil_grp[1]/j_resolve_conflicts,7,3009
consent_grp[1]/j_perception_grp[1]/j_supp_chil_grp[1]/j_guidance_style,12,3016
consent_grp[1]/j_perception_grp[1]/j_fam_sensitive_grp[1]/j_fam_sensitive_note,99,3028
consent_grp[1]/j_perception_grp[1]/j_fam_sensitive_grp[1]/j_parent_goal,99,3028
consent_grp[1]/j_perception_grp[1]/j_fam_sensitive_grp[1]/j_work_schedule,99,3028
consent_grp[1]/j_perception_grp[1]/j_fam_sensitive_grp[1]/j_fam_decision,99,3028
consent_grp[1]/j_perception_grp[1]/j_fam_sensitive_grp[1]/j_family_care,99,3028
consent_grp[1]/j_perception_grp[1]/j_fam_sensitive_grp[1]/j_connect_family,99,3028
consent_grp[1]/k_grp[1]/k_instro_note,27,3127
consent_grp[1]/k_grp[1]/k_ts_grp[1]/tmp_k_labels,97,3153
consent_grp[1]/k_grp[1]/k_ts_grp[1]/k_take_priviledges,97,3153
consent_grp[1]/k_grp[1]/k_ts_grp[1]/k_explain_behavior,97,3153
consent_grp[1]/k_grp[1]/k_ts_grp[1]/k_shook,97,3153
consent_grp[1]/k_grp[1]/k_ts_grp[1]/k_shouted,97,3153
consent_grp[1]/k_grp[1]/k_ts_grp[1]/k_gave_something,97,3153
consent_grp[1]/k_grp[1]/k_ts_grp[1]/k_spanked,97,3153
consent_grp[1]/k_grp[1]/k_ts_grp[1]/k_hit_bottom,97,3153
consent_grp[1]/k_grp[1]/k_ts_grp[1]/k_call_dumb,97,3153
consent_grp[1]/k_grp[1]/k_ts_grp[1]/k_hit_face,97,3153
consent_grp[1]/k_grp[1]/k_ts_grp[1]/k_praised,97,3153
consent_grp[1]/k_grp[1]/k_ts_grp[1]/k_affection,97,3153
consent_grp[1]/k_grp[1]/k_ts_grp[1]/k_rewarded,97,3153
consent_grp[1]/l_teaching_prac_grp[1]/l_note,5,3250
consent_grp[1]/l_teaching_prac_grp[1]/l_previos_kinder_act[1]/tmp_l_prac_lab,59,3253
consent_grp[1]/l_teaching_prac_grp[1]/l_previos_kinder_act[1]/l_hygiene_routine,59,3253
consent_grp[1]/l_teaching_prac_grp[1]/l_previos_kinder_act[1]/l_supply,59,3253
consent_grp[1]/l_teaching_prac_grp[1]/l_previos_kinder_act[1]/l_pamper,59,3253
consent_grp[1]/l_teaching_prac_grp[1]/l_previos_kinder_act[1]/l_read,59,3253
consent_grp[1]/l_teaching_prac_grp[1]/l_previos_kinder_act[1]/l_tell,59,3253
consent_grp[1]/l_teaching_prac_grp[1]/l_previos_kinder_act[1]/l_conversatin,59,3253
consent_grp[1]/l_teaching_prac_grp[1]/l_previos_kinder_act[1]/l_sing,59,3253
consent_grp[1]/l_teaching_prac_grp[1]/l_previos_kinder_act[1]/l_dance,59,3253
consent_grp[1]/l_teaching_prac_grp[1]/l_previos_kinder_act[1]/l_visit,59,3253
consent_grp[1]/l_teaching_prac_grp[1]/l_previos_kinder_act[1]/l_play_kg,59,3253
consent_grp[1]/l_teaching_prac_grp[1]/l_previos_kinder_act[1]/l_play_recrea,59,3253
consent_grp[1]/l_teaching_prac_grp[1]/l_previos_kinder_act[1]/l_sleep,59,3253
consent_grp[1]/l_teaching_prac_grp[1]/l_previos_kinder_act[1]/l_run,59,3253
consent_grp[1]/l_teaching_prac_grp[1]/l_previos_kinder_act[1]/l_group_learn,59,3253
consent_grp[1]/l_teaching_prac_grp[1]/l_previos_kinder_act[1]/l_indiv_learn,59,3253
consent_grp[1]/l_teaching_prac_grp[1]/l_class_acti_grp[1]/l_act_grp[1]/tmp_l_class_lab,35,3314
consent_grp[1]/l_teaching_prac_grp[1]/l_class_acti_grp[1]/l_act_grp[1]/l_teach_colour,35,3314
consent_grp[1]/l_teaching_prac_grp[1]/l_class_acti_grp[1]/l_act_grp[1]/l_teach_number,35,3314
consent_grp[1]/l_teaching_prac_grp[1]/l_class_acti_grp[1]/l_act_grp[1]/l_teach_letter,35,3314
consent_grp[1]/l_teaching_prac_grp[1]/l_class_acti_grp[1]/l_act_grp[1]/l_teach_form,35,3314
consent_grp[1]/l_teaching_prac_grp[1]/l_class_acti_grp[1]/l_act_grp[1]/l_socialise,35,3314
consent_grp[1]/l_teaching_prac_grp[1]/l_class_acti_grp[1]/l_act_grp[1]/l_pro_solve,35,3314
consent_grp[1]/l_teaching_prac_grp[1]/l_class_acti_grp[1]/l_act_grp[1]/l_writing,35,3314
consent_grp[1]/l_teaching_prac_grp[1]/l_class_acti_grp[1]/l_act_grp[1]/l_teach_body,35,3314
consent_grp[1]/l_teaching_prac_grp[1]/l_class_acti_grp[1]/l_act_grp[1]/l_pers_hygiene,35,3314
consent_grp[1]/l_teaching_prac_grp[1]/l_class_acti_grp[1]/l_act_grp[1]/l_art_expre,35,3314
consent_grp[1]/l_teaching_prac_grp[1]/l_class_acti_grp[1]/l_act_grp[1]/l_body_lang,35,3314
consent_grp[1]/l_teaching_prac_grp[1]/l_class_acti_grp[1]/l_act_grp[1]/l_concentration,35,3314
consent_grp[1]/l_teaching_prac_grp[1]/l_class_acti_grp[1]/l_act_grp[1]/l_gross_motor,35,3314
consent_grp[1]/l_teaching_prac_grp[1]/l_class_acti_grp[1]/l_act_grp[1]/l_fine_motor,35,3314
consent_grp[1]/l_teaching_prac_grp[1]/l_class_acti_grp[1]/l_act_grp[1]/l_gender,35,3314
consent_grp[1]/l_teaching_prac_grp[1]/l_class_acti_grp[1]/l_act_grp[1]/l_responsibility,35,3314
consent_grp[1]/l_teaching_prac_grp[1]/l_class_acti_grp[1]/l_act_grp[1]/l_speech,35,3314
consent_grp[1]/l_teaching_prac_grp[1]/l_class_acti_grp[1]/l_act_grp[1]/l_explore_comm,35,3314
consent_grp[1]/l_teaching_prac_grp[1]/l_class_acti_grp[1]/l_act_grp[1]/l_explore_culture,35,3314
consent_grp[1]/l_teaching_prac_grp[1]/l_parent_interact_note,2,3350
consent_grp[1]/l_teaching_prac_grp[1]/l_actively_engaged,38,3352
consent_grp[1]/l_teaching_prac_grp[1]/l_proportion_child,3,3390
consent_grp[1]/l_teaching_prac_grp[1]/l_proportion_child_more,3,3392
consent_grp[1]/l_teaching_prac_grp[1]/l_visit_pupil_house,3,3395
consent_grp[1]/l_teaching_prac_grp[1]/l_visit_parent_house,20,3399
consent_grp[1]/l_teaching_prac_grp[1]/l_receive_parent_supp,4,3419
consent_grp[1]/l_teaching_prac_grp[1]/l_day_teaching_note,8,3423
consent_grp[1]/l_teaching_prac_grp[1]/l_day_grp[1]/tmp_l_labs,45,3425
consent_grp[1]/l_teaching_prac_grp[1]/l_day_grp[1]/l_daily_schedule,45,3425
consent_grp[1]/l_teaching_prac_grp[1]/l_day_grp[1]/l_play_period,45,3425
consent_grp[1]/l_teaching_prac_grp[1]/l_day_grp[1]/l_free_play,45,3425
consent_grp[1]/l_teaching_prac_grp[1]/l_day_grp[1]/l_activities,45,3425
consent_grp[1]/l_teaching_prac_grp[1]/l_per_daily_grp[1]/l_perc_note,249,3475
consent_grp[1]/l_teaching_prac_grp[1]/l_per_daily_grp[1]/l_admin_per,249,3475
consent_grp[1]/l_teaching_prac_grp[1]/l_per_daily_grp[1]/l_class_per,249,3475
consent_grp[1]/l_teaching_prac_grp[1]/l_per_daily_grp[1]/l_teach_per,249,3475
consent_grp[1]/l_teaching_prac_grp[1]/l_per_daily_grp[1]/l_super_per,249,3475
consent_grp[1]/l_teaching_prac_grp[1]/l_per_daily_grp[1]/l_super_oth_per,249,3475
consent_grp[1]/l_teaching_prac_grp[1]/l_per_daily_grp[1]/l_break_per,249,3475
consent_grp[1]/l_teaching_prac_grp[1]/l_discipline_note,36,3724
consent_grp[1]/l_teaching_prac_grp[1]/l_dont_like,71,3756
consent_grp[1]/l_teaching_prac_grp[1]/l_really_bad,21,3832
consent_grp[1]/l_teaching_prac_grp[1]/l_does_good,26,3853
consent_grp[1]/l_teaching_prac_grp[1]/l_praise,9,3879
consent_grp[1]/q_note,34,3888
consent_grp[1]/q_activ_yn,47,3890
consent_grp[1]/q_rpt[1]/q_activ_r,36,3940
consent_grp[1]/q_rpt[1]/q_activ_osp_r,68,4005
consent_grp[1]/q_rpt[1]/q_activ_org_r,24,4072
consent_grp[1]/q_rpt[1]/q_activ_org_osp_r,10,4096
consent_grp[1]/q_rpt[1]/q_activ_add_r,14,4106
s_int_accom_yn,3,4120
s_int_accom,3,4123
comments,2,4126
