Field name,Total duration (seconds),First appeared (seconds into survey)
instruction,5,4
a_district_id,6,5
a_circuit_id,16,14
a_kg_id,20,30
a_community_id,9,49
a_enum_id,15,53
consent_note,308,63
con_understand,93,334
con_questions,7,462
con_written,4,481
consent_grp[1]/audio_consent,3,485
consent_grp[1]/d_background_note,2,489
consent_grp[1]/section_d[1]/kgt_key,92,491
consent_grp[1]/section_d[1]/kgt_name_gp[1]/kgt_fsn,92,583
consent_grp[1]/section_d[1]/kgt_name_gp[1]/kgt_msn,92,583
consent_grp[1]/section_d[1]/kgt_name_gp[1]/kgt_lsn,92,583
consent_grp[1]/section_d[1]/kgt_name_gp[1]/kgt_ppn,92,583
consent_grp[1]/section_d[1]/kgt_name_gp[1]/d_sex,92,583
consent_grp[1]/section_d[1]/kgt_confirm_note,17,675
consent_grp[1]/section_d[1]/d_num_cnt,20,693
consent_grp[1]/section_d[1]/d_cnt_grp[1]/d_cnt_main,43,709
consent_grp[1]/section_d[1]/d_cnt_grp[1]/d_cnt_sec,41,709
consent_grp[1]/section_d[1]/d_age,10,755
consent_grp[1]/section_d[1]/d_teacher_grp[1]/d_been_teacher,135,765
consent_grp[1]/section_d[1]/d_teacher_grp[1]/d_teacher_year,135,765
consent_grp[1]/section_d[1]/d_teacher_grp[1]/d_teacher_month,135,765
consent_grp[1]/section_d[1]/d_been_kinder_grp[1]/d_been_kinder,26,861
consent_grp[1]/section_d[1]/d_been_kinder_grp[1]/d_kinder_year,26,861
consent_grp[1]/section_d[1]/d_been_kinder_grp[1]/d_kinder_month,26,861
consent_grp[1]/section_d[1]/d_work_last,11,927
consent_grp[1]/section_d[1]/d_os_yn,21,938
consent_grp[1]/section_d[1]/d_os_grp[1]/d_os_name,51,959
consent_grp[1]/section_d[1]/d_os_grp[1]/d_os_region,51,959
consent_grp[1]/section_d[1]/d_os_district,30,1009
consent_grp[1]/section_d[1]/d_os_comm,30,1040
consent_grp[1]/section_d[1]/d_edu_level,13,1070
consent_grp[1]/section_d[1]/d_edu_train,18,1083
consent_grp[1]/section_d[1]/d_edu_level_train,4,1101
consent_grp[1]/section_d[1]/d_edu_level_fath,14,1105
consent_grp[1]/section_d[1]/d_edu_level_mom,10,1119
consent_grp[1]/section_d[1]/d_marital_status,5,1129
consent_grp[1]/section_d[1]/d_ethnic_group,18,1134
consent_grp[1]/section_d[1]/d_religion,4,1152
consent_grp[1]/section_d[1]/d_la_spk_grp[1]/d_la_spk_note,80,1156
consent_grp[1]/section_d[1]/d_la_spk_grp[1]/d_la_spk_eng,80,1156
consent_grp[1]/section_d[1]/d_la_spk_grp[1]/d_la_spk_dagb,80,1156
consent_grp[1]/section_d[1]/d_la_wrt_grp[1]/d_la_wrt_note,41,1236
consent_grp[1]/section_d[1]/d_la_wrt_grp[1]/d_la_wrt_eng,41,1236
consent_grp[1]/section_d[1]/d_la_wrt_grp[1]/d_la_wrt_dagb,41,1236
consent_grp[1]/section_d[1]/d_main_language,21,1263
consent_grp[1]/section_d[1]/d_loc_lang_kinderg,25,1295
consent_grp[1]/e_rel_grp[1]/e_hh_note,13,1322
consent_grp[1]/e_rel_grp[1]/e_hh_num,8,1336
consent_grp[1]/e_rel_grp[1]/e_hh_grp[1]/e_hh_head,97,1343
consent_grp[1]/e_rel_grp[1]/e_hh_grp[1]/e_chil_hh,97,1343
consent_grp[1]/e_rel_grp[1]/e_hh_grp[1]/e_adult_hh,97,1343
consent_grp[1]/e_rel_grp[1]/e_hh_school,14,1440
consent_grp[1]/e_rel_grp[1]/e_read_english,21,1454
consent_grp[1]/e_rel_grp[1]/e_rate_health,42,1475
consent_grp[1]/e_rel_grp[1]/e_live_note,4,1517
consent_grp[1]/e_rel_grp[1]/e_rooms_occu,10,1521
consent_grp[1]/e_rel_grp[1]/e_own_status,14,1531
consent_grp[1]/e_rel_grp[1]/e_electricity_inhouse,8,1545
consent_grp[1]/e_rel_grp[1]/e_floor_material,13,1553
consent_grp[1]/e_rel_grp[1]/e_interior_floor,10,1566
consent_grp[1]/e_rel_grp[1]/e_roof_mat,15,1576
consent_grp[1]/e_rel_grp[1]/e_cook_fuel,17,1591
consent_grp[1]/e_rel_grp[1]/e_lighting,12,1608
consent_grp[1]/e_rel_grp[1]/e_drink_source,21,1621
consent_grp[1]/e_rel_grp[1]/e_toilet_facility,8,1641
consent_grp[1]/e_rel_grp[1]/e_asset_note,18,1649
consent_grp[1]/e_rel_grp[1]/e_hh_own_phone,18,1667
consent_grp[1]/e_rel_grp[1]/e_hh_ass_grp[1]/tmp_e_hh_ass_lab,154,1685
consent_grp[1]/e_rel_grp[1]/e_hh_ass_grp[1]/e_hh_ass_radio,154,1685
consent_grp[1]/e_rel_grp[1]/e_hh_ass_grp[1]/e_hh_ass_refrig,154,1685
consent_grp[1]/e_rel_grp[1]/e_hh_ass_grp[1]/e_hh_ass_bike,154,1685
consent_grp[1]/e_rel_grp[1]/e_hh_ass_grp[1]/e_hh_ass_tv,154,1685
consent_grp[1]/e_rel_grp[1]/e_hh_ass_grp[1]/e_hh_ass_vcr,154,1685
consent_grp[1]/e_rel_grp[1]/e_hh_ass_grp[1]/e_hh_ass_motor,154,1685
consent_grp[1]/e_rel_grp[1]/e_hh_ass_grp[1]/e_hh_ass_car,154,1685
consent_grp[1]/e_rel_grp[1]/e_hh_ass_grp[1]/e_hh_ass_tractor,154,1685
consent_grp[1]/e_rel_grp[1]/e_hh_ass_grp[1]/e_hh_ass_farm_equip,154,1685
consent_grp[1]/e_rel_grp[1]/e_hh_ass_grp[1]/e_hh_ass_sew_mach,154,1685
consent_grp[1]/e_rel_grp[1]/e_hh_ass_grp[1]/e_hh_ass_bed,154,1685
consent_grp[1]/e_rel_grp[1]/e_hh_ass_grp[1]/e_hh_ass_mattress,154,1685
consent_grp[1]/e_rel_grp[1]/e_hh_ass_grp[1]/e_hh_ass_table_chair,154,1685
consent_grp[1]/e_rel_grp[1]/e_hh_ass_grp[1]/e_hh_ass_stool,154,1685
consent_grp[1]/e_rel_grp[1]/e_hh_ass_grp[1]/e_hh_ass_sofa,154,1685
consent_grp[1]/e_rel_grp[1]/e_hh_ass_grp[1]/e_hh_ass_fan,154,1685
consent_grp[1]/e_rel_grp[1]/e_hh_ass_grp[1]/e_hh_ass_lamp,154,1685
consent_grp[1]/e_rel_grp[1]/e_hh_ass_grp[1]/e_hh_ass_watch,154,1685
consent_grp[1]/e_rel_grp[1]/e_hh_ass_grp[1]/e_hh_ass_mat,154,1685
consent_grp[1]/e_rel_grp[1]/e_hh_ass_grp[1]/e_hh_ass_torch,154,1685
consent_grp[1]/e_rel_grp[1]/e_hh_ass_grp[1]/e_hh_ass_cabinet,154,1685
consent_grp[1]/e_rel_grp[1]/e_hh_ass_grp[1]/e_hh_ass_pot,154,1685
consent_grp[1]/e_rel_grp[1]/e_hh_ass_grp[1]/e_hh_ass_itn,154,1685
consent_grp[1]/e_rel_grp[1]/e_hh_ass_grp[1]/e_hh_ass_iron_elec,154,1685
consent_grp[1]/e_rel_grp[1]/e_hh_ass_grp[1]/e_hh_ass_iron_coal,154,1685
consent_grp[1]/e_rel_grp[1]/e_hh_ass_grp[1]/e_hh_ass_iron_gas,154,1685
consent_grp[1]/f_rel_grp[1]/f_comm_note,7,1839
consent_grp[1]/f_rel_grp[1]/section_f[1]/f_born_comm,9,1846
consent_grp[1]/f_rel_grp[1]/section_f[1]/f_school_loc,9,1855
consent_grp[1]/f_rel_grp[1]/section_f[1]/f_lived_bef_teach,12,1864
consent_grp[1]/f_rel_grp[1]/section_f[1]/f_lived_grp[1]/f_lived_comm,24,1876
consent_grp[1]/f_rel_grp[1]/section_f[1]/f_lived_grp[1]/f_lived_comm_year,24,1876
consent_grp[1]/f_rel_grp[1]/section_f[1]/f_lived_grp[1]/f_lived_comm_month,24,1876
consent_grp[1]/f_rel_grp[1]/section_f[1]/f_fam_lived,18,1900
consent_grp[1]/f_rel_grp[1]/section_f[1]/f_emot_support,39,1918
consent_grp[1]/f_rel_grp[1]/section_f[1]/f_lend_money,89,1957
consent_grp[1]/f_rel_grp[1]/section_f[1]/f_borrow_money,21,2034
consent_grp[1]/f_rel_grp[1]/section_f[1]/f_rel_live_nearby,54,2066
consent_grp[1]/f_rel_grp[1]/section_f[1]/f_part_comm,12,2121
consent_grp[1]/f_rel_grp[1]/section_f[1]/f_main_trans,18,2133
consent_grp[1]/f_rel_grp[1]/section_f[1]/f_min_get_sch_grp[1]/f_min_get_note,48,2149
consent_grp[1]/f_rel_grp[1]/section_f[1]/f_min_get_sch_grp[1]/f_h_get_school,48,2149
consent_grp[1]/f_rel_grp[1]/section_f[1]/f_min_get_sch_grp[1]/f_m_get_school,48,2149
consent_grp[1]/g_nature_wrk_note,7,2199
consent_grp[1]/section_g[1]/g_teach_pos,12,2206
consent_grp[1]/section_g[1]/g_teach_school,6,2218
consent_grp[1]/section_g[1]/g_kg_grade,10,2224
consent_grp[1]/section_g[1]/g_class_grp[1]/g_children_note,13,2234
consent_grp[1]/section_g[1]/g_class_grp[1]/g_kg_2,13,2234
consent_grp[1]/section_g[1]/g_ah_grp[1]/g_ah_note,282,2247
consent_grp[1]/section_g[1]/g_ah_grp[1]/g_ah_working,282,2247
consent_grp[1]/section_g[1]/g_ah_grp[1]/g_ah_prepping,282,2247
consent_grp[1]/section_g[1]/g_eh_grp[1]/g_eh_note,76,2459
consent_grp[1]/section_g[1]/g_eh_grp[1]/g_eh_working,76,2459
consent_grp[1]/section_g[1]/g_eh_grp[1]/g_eh_prepping,76,2459
consent_grp[1]/section_g[1]/g_teach_salary,37,2605
consent_grp[1]/section_g[1]/g_salary_freq,10,2642
consent_grp[1]/section_g[1]/g_salary_intime,37,2652
consent_grp[1]/section_g[1]/g_money_cmp,17,2673
consent_grp[1]/section_g[1]/g_job_outside,9,2705
consent_grp[1]/section_g[1]/g_extra_money_spec,12,2714
consent_grp[1]/section_g[1]/g_sch_pro_grp[1]/tmp_g_sch_pro_lab,238,2726
consent_grp[1]/section_g[1]/g_sch_pro_grp[1]/g_class,238,2726
consent_grp[1]/section_g[1]/g_sch_pro_grp[1]/g_class_taught,238,2726
consent_grp[1]/section_g[1]/g_sch_pro_grp[1]/g_fin_resource,238,2726
consent_grp[1]/section_g[1]/g_sch_pro_grp[1]/g_high_expe,238,2726
consent_grp[1]/section_g[1]/g_sch_pro_grp[1]/g_change_curri,238,2726
consent_grp[1]/section_g[1]/g_sch_pro_grp[1]/g_diff_curri,238,2726
consent_grp[1]/section_g[1]/g_sch_pro_grp[1]/g_easy_curri,238,2726
consent_grp[1]/section_g[1]/g_sch_pro_grp[1]/g_par_dem_high,238,2726
consent_grp[1]/section_g[1]/g_sch_pro_grp[1]/g_par_suff_interest,238,2726
consent_grp[1]/section_g[1]/g_sch_pro_grp[1]/g_par_suff_active,238,2726
consent_grp[1]/section_g[1]/g_par_supp_grp[1]/g_par_supp_note,21,2964
consent_grp[1]/section_g[1]/g_par_supp_grp[1]/g_home_wrk,26,2983
consent_grp[1]/section_g[1]/g_par_supp_grp[1]/g_behave_val,25,3012
consent_grp[1]/section_g[1]/g_par_supp_grp[1]/g_get_schl,26,3037
consent_grp[1]/section_g[1]/g_par_supp_grp[1]/g_visit_schl,12,3062
consent_grp[1]/section_g[1]/g_par_supp_grp[1]/g_show_respect,9,3075
consent_grp[1]/section_g[1]/g_par_supp_grp[1]/g_best_schl,15,3084
consent_grp[1]/section_g[1]/g_par_supp_grp[1]/g_parti_pta,12,3099
consent_grp[1]/section_g[1]/g_par_supp_grp[1]/g_cont_kg_act,11,3112
consent_grp[1]/section_g[1]/g_lead_respect,12,3123
consent_grp[1]/section_g[1]/g_val_citizen,14,3135
consent_grp[1]/section_h[1]/sec_h_depre_note,51,3149
consent_grp[1]/section_h[1]/h_depression_grp[1]/h_da_note,213,3200
consent_grp[1]/section_h[1]/h_depression_grp[1]/tmp_h_da_lab,213,3200
consent_grp[1]/section_h[1]/h_depression_grp[1]/h_headache,213,3200
consent_grp[1]/section_h[1]/h_depression_grp[1]/h_appetite,213,3200
consent_grp[1]/section_h[1]/h_depression_grp[1]/h_sleep,213,3200
consent_grp[1]/section_h[1]/h_depression_grp[1]/h_frightened,213,3200
consent_grp[1]/section_h[1]/h_depression_grp[1]/h_hands_shake,213,3200
consent_grp[1]/section_h[1]/h_depression_grp[1]/h_nervous,213,3200
consent_grp[1]/section_h[1]/h_depression_grp[1]/h_digestion,213,3200
consent_grp[1]/section_h[1]/h_depression_grp[1]/h_thinking,213,3200
consent_grp[1]/section_h[1]/h_depression_grp[1]/h_unhappy,213,3200
consent_grp[1]/section_h[1]/h_depression_grp[1]/h_cry,213,3200
consent_grp[1]/section_h[1]/h_depression_grp[1]/h_activities,213,3200
consent_grp[1]/section_h[1]/h_depression_grp[1]/h_decisions,213,3200
consent_grp[1]/section_h[1]/h_depression_grp[1]/h_daily_work,213,3200
consent_grp[1]/section_h[1]/h_depression_grp[1]/h_life,213,3200
consent_grp[1]/section_h[1]/h_depression_grp[1]/h_interest,213,3200
consent_grp[1]/section_h[1]/h_depression_grp[1]/h_worthless,213,3200
consent_grp[1]/section_h[1]/h_depression_grp[1]/h_end_life,213,3200
consent_grp[1]/section_h[1]/h_depression_grp[1]/h_tired,213,3200
consent_grp[1]/section_h[1]/h_depression_grp[1]/h_uncomfortable,213,3200
consent_grp[1]/section_h[1]/h_depression_grp[1]/h_easily_tired,213,3200
consent_grp[1]/section_h[1]/sec_h_ext_contr_note,8,3414
consent_grp[1]/section_h[1]/h_ext_control_grp[1]/h_ext_cont_note,10,3421
consent_grp[1]/section_h[1]/h_ext_control_grp[1]/h_pup_learn,37,3431
consent_grp[1]/section_h[1]/h_ext_control_grp[1]/h_discipline,15,3469
consent_grp[1]/section_h[1]/h_ext_control_grp[1]/h_stu_achieve,11,3484
consent_grp[1]/section_h[1]/h_ext_control_grp[1]/h_teach_motiv,13,3495
consent_grp[1]/section_h[1]/h_ext_control_grp[1]/h_good_teach,11,3508
consent_grp[1]/section_h[1]/sec_h_motiv_note,2,3519
consent_grp[1]/section_h[1]/h_motiv_grp[1]/h_motiv_note,8,3521
consent_grp[1]/section_h[1]/h_motiv_grp[1]/h_motiv_help,35,3529
consent_grp[1]/section_h[1]/h_motiv_grp[1]/h_quest_school,16,3564
consent_grp[1]/section_h[1]/h_motiv_grp[1]/h_help_child,26,3580
consent_grp[1]/section_h[1]/h_motiv_grp[1]/h_sch_goal,21,3606
consent_grp[1]/section_h[1]/h_motiv_grp[1]/h_help_emot,11,3627
consent_grp[1]/section_h[1]/h_motiv_grp[1]/h_enjoy_teach,8,3638
consent_grp[1]/section_h[1]/h_motiv_grp[1]/h_develop_society,7,3645
consent_grp[1]/section_h[1]/h_motiv_grp[1]/h_develop_socially,33,3652
consent_grp[1]/section_h[1]/h_motiv_grp[1]/h_perso_clear,10,3685
consent_grp[1]/section_h[1]/h_impor_thing,67,3695
consent_grp[1]/section_h[1]/h_job_satisfaction_grp[1]/h_job_satis_note,18,3762
consent_grp[1]/section_h[1]/h_job_satisfaction_grp[1]/h_look_out,34,3779
consent_grp[1]/section_h[1]/h_job_satisfaction_grp[1]/h_perso_worries,7,3813
consent_grp[1]/section_h[1]/h_job_satisfaction_grp[1]/h_know_col,31,3821
consent_grp[1]/section_h[1]/h_job_satisfaction_grp[1]/h_col_coop,26,3832
consent_grp[1]/section_h[1]/h_job_satisfaction_grp[1]/h_trust_col,14,3878
consent_grp[1]/section_h[1]/h_job_satisfaction_grp[1]/h_enjoy_col,10,3892
consent_grp[1]/section_h[1]/h_job_satisfaction_grp[1]/h_sup_respect,13,3902
consent_grp[1]/section_h[1]/h_job_satisfaction_grp[1]/h_sup_busy,10,3915
consent_grp[1]/section_h[1]/h_job_satisfaction_grp[1]/h_sup_opinion,21,3925
consent_grp[1]/section_h[1]/h_job_satisfaction_grp[1]/h_count_sup,17,3945
consent_grp[1]/section_h[1]/h_job_satisfaction_grp[1]/h_motivated,25,3962
consent_grp[1]/section_h[1]/h_job_satisfaction_grp[1]/h_sup_unpredict,15,3987
consent_grp[1]/section_h[1]/h_job_satisfaction_grp[1]/h_wrk_challenge,15,4002
consent_grp[1]/section_h[1]/h_job_satisfaction_grp[1]/h_wrk_monotonous,14,4017
consent_grp[1]/section_h[1]/h_job_satisfaction_grp[1]/h_wrk_creative,7,4031
consent_grp[1]/section_h[1]/h_job_satisfaction_grp[1]/h_big_impact,15,4037
consent_grp[1]/section_h[1]/h_job_satisfaction_grp[1]/h_little_time,31,4053
consent_grp[1]/section_h[1]/h_job_satisfaction_grp[1]/h_control_satis,16,4083
consent_grp[1]/section_h[1]/h_job_satisfaction_grp[1]/h_look,13,4099
consent_grp[1]/section_h[1]/h_job_satisfaction_grp[1]/h_small_space,27,4112
consent_grp[1]/section_h[1]/h_job_satisfaction_grp[1]/h_new_mat,7,4139
consent_grp[1]/section_h[1]/h_job_satisfaction_grp[1]/h_clean_kinder,15,4147
consent_grp[1]/section_h[1]/h_job_satisfaction_grp[1]/h_loud_kinder,15,4158
consent_grp[1]/section_h[1]/h_job_satisfaction_grp[1]/h_kinder_rules,13,4176
consent_grp[1]/section_h[1]/h_job_satisfaction_grp[1]/h_satisfied_paid,8,4189
consent_grp[1]/section_h[1]/h_burnout_grp[1]/h_burnout_note,11,4197
consent_grp[1]/section_h[1]/h_burnout_grp[1]/h_emotion_drained,48,4208
consent_grp[1]/section_h[1]/h_burnout_grp[1]/h_used_up,25,4257
consent_grp[1]/section_h[1]/h_burnout_grp[1]/h_fatigued,21,4282
consent_grp[1]/section_h[1]/h_burnout_grp[1]/h_child_feel,20,4303
consent_grp[1]/section_h[1]/h_burnout_grp[1]/h_child_impersonal,13,4323
consent_grp[1]/section_h[1]/h_burnout_grp[1]/h_ppl_strain,23,4336
consent_grp[1]/section_h[1]/h_burnout_grp[1]/h_deal_effect,20,4359
consent_grp[1]/section_h[1]/h_burnout_grp[1]/h_burnout,57,4379
consent_grp[1]/section_h[1]/h_burnout_grp[1]/h_pos_influence,12,4436
consent_grp[1]/section_h[1]/h_burnout_grp[1]/h_cold,17,4448
consent_grp[1]/section_h[1]/h_burnout_grp[1]/h_hard,9,4465
consent_grp[1]/section_h[1]/h_burnout_grp[1]/h_energetic,10,4474
consent_grp[1]/section_h[1]/h_burnout_grp[1]/h_frustrated,8,4484
consent_grp[1]/section_h[1]/h_burnout_grp[1]/h_work_hard,22,4491
consent_grp[1]/section_h[1]/h_burnout_grp[1]/h_dont_care,7,4513
consent_grp[1]/section_h[1]/h_burnout_grp[1]/h_put_pressure,11,4520
consent_grp[1]/section_h[1]/h_burnout_grp[1]/h_relax,10,4531
consent_grp[1]/section_h[1]/h_burnout_grp[1]/h_excited,7,4541
consent_grp[1]/section_h[1]/h_burnout_grp[1]/h_accomplished,43,4548
consent_grp[1]/section_h[1]/h_burnout_grp[1]/h_end_of_rop,9,4591
consent_grp[1]/section_h[1]/h_burnout_grp[1]/h_emot_pro_calm,45,4601
consent_grp[1]/i_teacher_knowledge_grp[1]/I_teach_know_note,14,4646
consent_grp[1]/i_teacher_knowledge_grp[1]/i_consonance,60,4660
consent_grp[1]/i_teacher_knowledge_grp[1]/i_vowel,5,4721
consent_grp[1]/i_teacher_knowledge_grp[1]/i_unbelievable,18,4726
consent_grp[1]/i_teacher_knowledge_grp[1]/i_irregular,24,4743
consent_grp[1]/i_teacher_knowledge_grp[1]/i_cat,15,4767
consent_grp[1]/i_teacher_knowledge_grp[1]/i_cough,14,4782
consent_grp[1]/i_teacher_knowledge_grp[1]/i_check,32,4796
consent_grp[1]/i_teacher_knowledge_grp[1]/i_english,34,4828
consent_grp[1]/j_perception_grp[1]/j_perception_note,33,4862
consent_grp[1]/j_perception_grp[1]/j_dev_practice_grp[1]/j_dev_practice_note,7,4896
consent_grp[1]/j_perception_grp[1]/j_dev_practice_grp[1]/j_child_need,19,4902
consent_grp[1]/j_perception_grp[1]/j_dev_practice_grp[1]/j_recog_letter,11,4922
consent_grp[1]/j_perception_grp[1]/j_dev_practice_grp[1]/j_recog_number,6,4933
consent_grp[1]/j_perception_grp[1]/j_dev_practice_grp[1]/j_recog_colour,6,4939
consent_grp[1]/j_perception_grp[1]/j_dev_practice_grp[1]/j_indiv_goal,16,4945
consent_grp[1]/j_perception_grp[1]/j_dev_practice_grp[1]/j_play_materials,6,4960
consent_grp[1]/j_perception_grp[1]/j_dev_practice_grp[1]/j_child_measure,10,4966
consent_grp[1]/j_perception_grp[1]/j_supp_chil_grp[1]/j_supp_chil_note,8,4976
consent_grp[1]/j_perception_grp[1]/j_supp_chil_grp[1]/j_build_relation,14,4984
consent_grp[1]/j_perception_grp[1]/j_supp_chil_grp[1]/j_control_behaviour,7,4998
consent_grp[1]/j_perception_grp[1]/j_supp_chil_grp[1]/j_express_thought,7,5005
consent_grp[1]/j_perception_grp[1]/j_supp_chil_grp[1]/j_resolve_conflicts,8,5012
consent_grp[1]/j_perception_grp[1]/j_supp_chil_grp[1]/j_guidance_style,27,5020
consent_grp[1]/j_perception_grp[1]/j_fam_sensitive_grp[1]/j_fam_sensitive_note,152,5045
consent_grp[1]/j_perception_grp[1]/j_fam_sensitive_grp[1]/j_parent_goal,152,5045
consent_grp[1]/j_perception_grp[1]/j_fam_sensitive_grp[1]/j_work_schedule,152,5045
consent_grp[1]/j_perception_grp[1]/j_fam_sensitive_grp[1]/j_fam_decision,152,5045
consent_grp[1]/j_perception_grp[1]/j_fam_sensitive_grp[1]/j_family_care,152,5045
consent_grp[1]/j_perception_grp[1]/j_fam_sensitive_grp[1]/j_connect_family,152,5045
consent_grp[1]/k_grp[1]/k_instro_note,18,5199
consent_grp[1]/k_grp[1]/k_ts_grp[1]/tmp_k_labels,134,5217
consent_grp[1]/k_grp[1]/k_ts_grp[1]/k_take_priviledges,134,5217
consent_grp[1]/k_grp[1]/k_ts_grp[1]/k_explain_behavior,134,5217
consent_grp[1]/k_grp[1]/k_ts_grp[1]/k_shook,134,5217
consent_grp[1]/k_grp[1]/k_ts_grp[1]/k_shouted,134,5217
consent_grp[1]/k_grp[1]/k_ts_grp[1]/k_gave_something,134,5217
consent_grp[1]/k_grp[1]/k_ts_grp[1]/k_spanked,134,5217
consent_grp[1]/k_grp[1]/k_ts_grp[1]/k_hit_bottom,134,5217
consent_grp[1]/k_grp[1]/k_ts_grp[1]/k_call_dumb,134,5217
consent_grp[1]/k_grp[1]/k_ts_grp[1]/k_hit_face,134,5217
consent_grp[1]/k_grp[1]/k_ts_grp[1]/k_praised,134,5217
consent_grp[1]/k_grp[1]/k_ts_grp[1]/k_affection,134,5217
consent_grp[1]/k_grp[1]/k_ts_grp[1]/k_rewarded,134,5217
consent_grp[1]/l_teaching_prac_grp[1]/l_note,5,5350
consent_grp[1]/l_teaching_prac_grp[1]/l_previos_kinder_act[1]/tmp_l_prac_lab,110,5356
consent_grp[1]/l_teaching_prac_grp[1]/l_previos_kinder_act[1]/l_hygiene_routine,110,5356
consent_grp[1]/l_teaching_prac_grp[1]/l_previos_kinder_act[1]/l_supply,110,5356
consent_grp[1]/l_teaching_prac_grp[1]/l_previos_kinder_act[1]/l_pamper,110,5356
consent_grp[1]/l_teaching_prac_grp[1]/l_previos_kinder_act[1]/l_read,110,5356
consent_grp[1]/l_teaching_prac_grp[1]/l_previos_kinder_act[1]/l_tell,110,5356
consent_grp[1]/l_teaching_prac_grp[1]/l_previos_kinder_act[1]/l_conversatin,110,5356
consent_grp[1]/l_teaching_prac_grp[1]/l_previos_kinder_act[1]/l_sing,110,5356
consent_grp[1]/l_teaching_prac_grp[1]/l_previos_kinder_act[1]/l_dance,110,5356
consent_grp[1]/l_teaching_prac_grp[1]/l_previos_kinder_act[1]/l_visit,110,5356
consent_grp[1]/l_teaching_prac_grp[1]/l_previos_kinder_act[1]/l_play_kg,110,5356
consent_grp[1]/l_teaching_prac_grp[1]/l_previos_kinder_act[1]/l_play_recrea,110,5356
consent_grp[1]/l_teaching_prac_grp[1]/l_previos_kinder_act[1]/l_sleep,110,5356
consent_grp[1]/l_teaching_prac_grp[1]/l_previos_kinder_act[1]/l_run,110,5356
consent_grp[1]/l_teaching_prac_grp[1]/l_previos_kinder_act[1]/l_group_learn,110,5356
consent_grp[1]/l_teaching_prac_grp[1]/l_previos_kinder_act[1]/l_indiv_learn,110,5356
consent_grp[1]/l_teaching_prac_grp[1]/l_class_acti_grp[1]/l_act_grp[1]/tmp_l_class_lab,104,5466
consent_grp[1]/l_teaching_prac_grp[1]/l_class_acti_grp[1]/l_act_grp[1]/l_teach_colour,104,5466
consent_grp[1]/l_teaching_prac_grp[1]/l_class_acti_grp[1]/l_act_grp[1]/l_teach_number,104,5466
consent_grp[1]/l_teaching_prac_grp[1]/l_class_acti_grp[1]/l_act_grp[1]/l_teach_letter,104,5466
consent_grp[1]/l_teaching_prac_grp[1]/l_class_acti_grp[1]/l_act_grp[1]/l_teach_form,104,5466
consent_grp[1]/l_teaching_prac_grp[1]/l_class_acti_grp[1]/l_act_grp[1]/l_socialise,104,5466
consent_grp[1]/l_teaching_prac_grp[1]/l_class_acti_grp[1]/l_act_grp[1]/l_pro_solve,104,5466
consent_grp[1]/l_teaching_prac_grp[1]/l_class_acti_grp[1]/l_act_grp[1]/l_writing,104,5466
consent_grp[1]/l_teaching_prac_grp[1]/l_class_acti_grp[1]/l_act_grp[1]/l_teach_body,104,5466
consent_grp[1]/l_teaching_prac_grp[1]/l_class_acti_grp[1]/l_act_grp[1]/l_pers_hygiene,104,5466
consent_grp[1]/l_teaching_prac_grp[1]/l_class_acti_grp[1]/l_act_grp[1]/l_art_expre,104,5466
consent_grp[1]/l_teaching_prac_grp[1]/l_class_acti_grp[1]/l_act_grp[1]/l_body_lang,104,5466
consent_grp[1]/l_teaching_prac_grp[1]/l_class_acti_grp[1]/l_act_grp[1]/l_concentration,104,5466
consent_grp[1]/l_teaching_prac_grp[1]/l_class_acti_grp[1]/l_act_grp[1]/l_gross_motor,104,5466
consent_grp[1]/l_teaching_prac_grp[1]/l_class_acti_grp[1]/l_act_grp[1]/l_fine_motor,104,5466
consent_grp[1]/l_teaching_prac_grp[1]/l_class_acti_grp[1]/l_act_grp[1]/l_gender,104,5466
consent_grp[1]/l_teaching_prac_grp[1]/l_class_acti_grp[1]/l_act_grp[1]/l_responsibility,104,5466
consent_grp[1]/l_teaching_prac_grp[1]/l_class_acti_grp[1]/l_act_grp[1]/l_speech,104,5466
consent_grp[1]/l_teaching_prac_grp[1]/l_class_acti_grp[1]/l_act_grp[1]/l_explore_comm,104,5466
consent_grp[1]/l_teaching_prac_grp[1]/l_class_acti_grp[1]/l_act_grp[1]/l_explore_culture,104,5466
consent_grp[1]/l_teaching_prac_grp[1]/l_parent_interact_note,4,5570
consent_grp[1]/l_teaching_prac_grp[1]/l_actively_engaged,34,5574
consent_grp[1]/l_teaching_prac_grp[1]/l_proportion_child,20,5608
consent_grp[1]/l_teaching_prac_grp[1]/l_proportion_child_more,22,5628
consent_grp[1]/l_teaching_prac_grp[1]/l_visit_pupil_house,36,5650
consent_grp[1]/l_teaching_prac_grp[1]/l_visit_parent_house,42,5685
consent_grp[1]/l_teaching_prac_grp[1]/l_receive_parent_supp,25,5727
consent_grp[1]/l_teaching_prac_grp[1]/l_day_teaching_note,17,5752
consent_grp[1]/l_teaching_prac_grp[1]/l_day_grp[1]/tmp_l_labs,62,5758
consent_grp[1]/l_teaching_prac_grp[1]/l_day_grp[1]/l_daily_schedule,62,5758
consent_grp[1]/l_teaching_prac_grp[1]/l_day_grp[1]/l_play_period,62,5758
consent_grp[1]/l_teaching_prac_grp[1]/l_day_grp[1]/l_free_play,62,5758
consent_grp[1]/l_teaching_prac_grp[1]/l_day_grp[1]/l_activities,62,5758
consent_grp[1]/l_teaching_prac_grp[1]/l_per_daily_grp[1]/l_perc_note,269,5831
consent_grp[1]/l_teaching_prac_grp[1]/l_per_daily_grp[1]/l_admin_per,269,5831
consent_grp[1]/l_teaching_prac_grp[1]/l_per_daily_grp[1]/l_class_per,269,5831
consent_grp[1]/l_teaching_prac_grp[1]/l_per_daily_grp[1]/l_teach_per,269,5831
consent_grp[1]/l_teaching_prac_grp[1]/l_per_daily_grp[1]/l_super_per,269,5831
consent_grp[1]/l_teaching_prac_grp[1]/l_per_daily_grp[1]/l_super_oth_per,269,5831
consent_grp[1]/l_teaching_prac_grp[1]/l_per_daily_grp[1]/l_break_per,269,5831
consent_grp[1]/l_teaching_prac_grp[1]/tmp_force_note,14,6091
consent_grp[1]/l_teaching_prac_grp[1]/l_discipline_note,8,6113
consent_grp[1]/l_teaching_prac_grp[1]/l_dont_like,41,6117
consent_grp[1]/l_teaching_prac_grp[1]/l_really_bad,56,6157
consent_grp[1]/l_teaching_prac_grp[1]/l_does_good,23,6218
consent_grp[1]/l_teaching_prac_grp[1]/l_praise,34,6238
consent_grp[1]/q_note,12,6275
consent_grp[1]/q_activ_yn,27,6287
consent_grp[1]/q_rpt[1]/q_activ_r,26,6313
consent_grp[1]/q_rpt[1]/q_activ_org_r,11,6340
consent_grp[1]/q_rpt[1]/q_activ_org_osp_r,19,6351
consent_grp[1]/q_rpt[1]/q_activ_add_r,29,6368
s_int_accom_yn,6,6399
comments,2,6405
