Field name,Total duration (seconds),First appeared (seconds into survey)
instruction,1,2
a_district_id,2,3
a_circuit_id,3,5
a_kg_id,3,8
a_community_id,2,11
a_enum_id,7,12
consent_note,1,20
con_understand,1,21
con_questions,2,22
con_written,1,24
consent_grp[1]/audio_consent,1,25
consent_grp[1]/d_background_note,1,26
consent_grp[1]/section_d[1]/kgt_key,2,27
consent_grp[1]/section_d[1]/kgt_name_gp[1]/kgt_fsn,22,29
consent_grp[1]/section_d[1]/kgt_name_gp[1]/kgt_msn,22,29
consent_grp[1]/section_d[1]/kgt_name_gp[1]/kgt_lsn,22,29
consent_grp[1]/section_d[1]/kgt_name_gp[1]/kgt_ppn,22,29
consent_grp[1]/section_d[1]/kgt_name_gp[1]/d_sex,22,29
consent_grp[1]/section_d[1]/kgt_confirm_note,3,51
consent_grp[1]/section_d[1]/d_num_cnt,9,55
consent_grp[1]/section_d[1]/d_cnt_grp[1]/d_cnt_main,11,63
consent_grp[1]/section_d[1]/d_cnt_grp[1]/d_cnt_sec,11,63
consent_grp[1]/section_d[1]/d_age,3,74
consent_grp[1]/section_d[1]/d_teacher_grp[1]/d_been_teacher,7,77
consent_grp[1]/section_d[1]/d_teacher_grp[1]/d_teacher_year,7,77
consent_grp[1]/section_d[1]/d_teacher_grp[1]/d_teacher_month,7,77
consent_grp[1]/section_d[1]/d_been_kinder_grp[1]/d_been_kinder,6,81
consent_grp[1]/section_d[1]/d_been_kinder_grp[1]/d_kinder_year,6,81
consent_grp[1]/section_d[1]/d_been_kinder_grp[1]/d_kinder_month,6,81
consent_grp[1]/section_d[1]/d_work_last,1,90
consent_grp[1]/section_d[1]/d_os_yn,2,91
consent_grp[1]/section_d[1]/d_edu_level,3,93
consent_grp[1]/section_d[1]/d_edu_train,2,96
consent_grp[1]/section_d[1]/d_edu_level_fath,2,98
consent_grp[1]/section_d[1]/d_edu_level_mom,1,101
consent_grp[1]/section_d[1]/d_marital_status,2,102
consent_grp[1]/section_d[1]/d_ethnic_group,2,104
consent_grp[1]/section_d[1]/d_religion,2,105
consent_grp[1]/section_d[1]/d_la_spk_grp[1]/d_la_spk_note,3,107
consent_grp[1]/section_d[1]/d_la_spk_grp[1]/d_la_spk_eng,3,107
consent_grp[1]/section_d[1]/d_la_spk_grp[1]/d_la_spk_dagb,3,107
consent_grp[1]/section_d[1]/d_la_wrt_grp[1]/d_la_wrt_note,3,110
consent_grp[1]/section_d[1]/d_la_wrt_grp[1]/d_la_wrt_eng,3,110
consent_grp[1]/section_d[1]/d_la_wrt_grp[1]/d_la_wrt_dagb,3,110
consent_grp[1]/section_d[1]/d_main_language,2,113
consent_grp[1]/section_d[1]/d_loc_lang_kinderg,1,115
consent_grp[1]/e_rel_grp[1]/e_hh_note,1,117
consent_grp[1]/e_rel_grp[1]/e_hh_num,3,118
consent_grp[1]/e_rel_grp[1]/e_hh_grp[1]/e_hh_head,12,120
consent_grp[1]/e_rel_grp[1]/e_hh_grp[1]/e_chil_hh,12,120
consent_grp[1]/e_rel_grp[1]/e_hh_grp[1]/e_adult_hh,12,120
consent_grp[1]/e_rel_grp[1]/e_hh_school,6,132
consent_grp[1]/e_rel_grp[1]/e_read_english,2,139
consent_grp[1]/e_rel_grp[1]/e_rate_health,2,141
consent_grp[1]/e_rel_grp[1]/e_live_note,1,143
consent_grp[1]/e_rel_grp[1]/e_rooms_occu,2,144
consent_grp[1]/e_rel_grp[1]/e_own_status,2,146
consent_grp[1]/e_rel_grp[1]/e_electricity_inhouse,1,149
consent_grp[1]/e_rel_grp[1]/e_floor_material,2,150
consent_grp[1]/e_rel_grp[1]/e_interior_floor,2,152
consent_grp[1]/e_rel_grp[1]/e_roof_mat,2,154
consent_grp[1]/e_rel_grp[1]/e_cook_fuel,2,155
consent_grp[1]/e_rel_grp[1]/e_lighting,12,157
consent_grp[1]/e_rel_grp[1]/e_drink_source,4,169
consent_grp[1]/e_rel_grp[1]/e_toilet_facility,4,173
consent_grp[1]/e_rel_grp[1]/e_asset_note,1,177
consent_grp[1]/e_rel_grp[1]/e_hh_own_phone,2,179
consent_grp[1]/e_rel_grp[1]/e_hh_ass_grp[1]/tmp_e_hh_ass_lab,39,181
consent_grp[1]/e_rel_grp[1]/e_hh_ass_grp[1]/e_hh_ass_radio,39,181
consent_grp[1]/e_rel_grp[1]/e_hh_ass_grp[1]/e_hh_ass_refrig,39,181
consent_grp[1]/e_rel_grp[1]/e_hh_ass_grp[1]/e_hh_ass_bike,39,181
consent_grp[1]/e_rel_grp[1]/e_hh_ass_grp[1]/e_hh_ass_tv,39,181
consent_grp[1]/e_rel_grp[1]/e_hh_ass_grp[1]/e_hh_ass_vcr,39,181
consent_grp[1]/e_rel_grp[1]/e_hh_ass_grp[1]/e_hh_ass_motor,39,181
consent_grp[1]/e_rel_grp[1]/e_hh_ass_grp[1]/e_hh_ass_car,39,181
consent_grp[1]/e_rel_grp[1]/e_hh_ass_grp[1]/e_hh_ass_tractor,39,181
consent_grp[1]/e_rel_grp[1]/e_hh_ass_grp[1]/e_hh_ass_farm_equip,39,181
consent_grp[1]/e_rel_grp[1]/e_hh_ass_grp[1]/e_hh_ass_sew_mach,39,181
consent_grp[1]/e_rel_grp[1]/e_hh_ass_grp[1]/e_hh_ass_bed,39,181
consent_grp[1]/e_rel_grp[1]/e_hh_ass_grp[1]/e_hh_ass_mattress,39,181
consent_grp[1]/e_rel_grp[1]/e_hh_ass_grp[1]/e_hh_ass_table_chair,39,181
consent_grp[1]/e_rel_grp[1]/e_hh_ass_grp[1]/e_hh_ass_stool,39,181
consent_grp[1]/e_rel_grp[1]/e_hh_ass_grp[1]/e_hh_ass_sofa,39,181
consent_grp[1]/e_rel_grp[1]/e_hh_ass_grp[1]/e_hh_ass_fan,39,181
consent_grp[1]/e_rel_grp[1]/e_hh_ass_grp[1]/e_hh_ass_lamp,39,181
consent_grp[1]/e_rel_grp[1]/e_hh_ass_grp[1]/e_hh_ass_watch,39,181
consent_grp[1]/e_rel_grp[1]/e_hh_ass_grp[1]/e_hh_ass_mat,39,181
consent_grp[1]/e_rel_grp[1]/e_hh_ass_grp[1]/e_hh_ass_torch,39,181
consent_grp[1]/e_rel_grp[1]/e_hh_ass_grp[1]/e_hh_ass_cabinet,39,181
consent_grp[1]/e_rel_grp[1]/e_hh_ass_grp[1]/e_hh_ass_pot,39,181
consent_grp[1]/e_rel_grp[1]/e_hh_ass_grp[1]/e_hh_ass_itn,39,181
consent_grp[1]/e_rel_grp[1]/e_hh_ass_grp[1]/e_hh_ass_iron_elec,39,181
consent_grp[1]/e_rel_grp[1]/e_hh_ass_grp[1]/e_hh_ass_iron_coal,39,181
consent_grp[1]/e_rel_grp[1]/e_hh_ass_grp[1]/e_hh_ass_iron_gas,39,181
consent_grp[1]/f_rel_grp[1]/f_comm_note,1,220
consent_grp[1]/f_rel_grp[1]/section_f[1]/f_born_comm,4,221
consent_grp[1]/f_rel_grp[1]/section_f[1]/f_school_loc,2,224
consent_grp[1]/f_rel_grp[1]/section_f[1]/f_lived_bef_teach,1,226
consent_grp[1]/f_rel_grp[1]/section_f[1]/f_lived_grp[1]/f_lived_comm,5,228
consent_grp[1]/f_rel_grp[1]/section_f[1]/f_lived_grp[1]/f_lived_comm_year,5,228
consent_grp[1]/f_rel_grp[1]/section_f[1]/f_lived_grp[1]/f_lived_comm_month,5,228
consent_grp[1]/f_rel_grp[1]/section_f[1]/f_fam_lived,1,232
consent_grp[1]/f_rel_grp[1]/section_f[1]/f_emot_support,2,234
consent_grp[1]/f_rel_grp[1]/section_f[1]/f_emot_support_num,2,235
consent_grp[1]/f_rel_grp[1]/section_f[1]/f_lend_money,2,237
consent_grp[1]/f_rel_grp[1]/section_f[1]/f_borrow_money,2,238
consent_grp[1]/f_rel_grp[1]/section_f[1]/f_rel_live_nearby,2,240
consent_grp[1]/f_rel_grp[1]/section_f[1]/f_part_comm,1,242
consent_grp[1]/f_rel_grp[1]/section_f[1]/f_main_trans,2,243
consent_grp[1]/f_rel_grp[1]/section_f[1]/f_min_get_sch_grp[1]/f_min_get_note,4,245
consent_grp[1]/f_rel_grp[1]/section_f[1]/f_min_get_sch_grp[1]/f_h_get_school,4,245
consent_grp[1]/f_rel_grp[1]/section_f[1]/f_min_get_sch_grp[1]/f_m_get_school,4,245
consent_grp[1]/g_nature_wrk_note,1,249
consent_grp[1]/section_g[1]/g_teach_pos,1,250
consent_grp[1]/section_g[1]/g_teach_school,1,252
consent_grp[1]/section_g[1]/g_kg_grade,2,253
consent_grp[1]/section_g[1]/g_class_grp[1]/g_children_note,5,255
consent_grp[1]/section_g[1]/g_class_grp[1]/g_kg_1,5,255
consent_grp[1]/section_g[1]/g_ah_grp[1]/g_ah_note,5,258
consent_grp[1]/section_g[1]/g_ah_grp[1]/g_ah_working,5,258
consent_grp[1]/section_g[1]/g_ah_grp[1]/g_ah_prepping,5,258
consent_grp[1]/section_g[1]/g_eh_grp[1]/g_eh_note,6,265
consent_grp[1]/section_g[1]/g_eh_grp[1]/g_eh_working,6,265
consent_grp[1]/section_g[1]/g_eh_grp[1]/g_eh_prepping,6,265
consent_grp[1]/section_g[1]/g_teach_salary,3,271
consent_grp[1]/section_g[1]/g_salary_freq,2,273
consent_grp[1]/section_g[1]/g_salary_intime,3,275
consent_grp[1]/section_g[1]/g_money_cmp,3,278
consent_grp[1]/section_g[1]/g_job_outside,2,279
consent_grp[1]/section_g[1]/g_extra_money_spec,2,282
consent_grp[1]/section_g[1]/g_sch_pro_grp[1]/tmp_g_sch_pro_lab,14,284
consent_grp[1]/section_g[1]/g_sch_pro_grp[1]/g_class,14,284
consent_grp[1]/section_g[1]/g_sch_pro_grp[1]/g_class_taught,14,284
consent_grp[1]/section_g[1]/g_sch_pro_grp[1]/g_fin_resource,14,284
consent_grp[1]/section_g[1]/g_sch_pro_grp[1]/g_high_expe,14,284
consent_grp[1]/section_g[1]/g_sch_pro_grp[1]/g_change_curri,14,284
consent_grp[1]/section_g[1]/g_sch_pro_grp[1]/g_diff_curri,14,284
consent_grp[1]/section_g[1]/g_sch_pro_grp[1]/g_easy_curri,14,284
consent_grp[1]/section_g[1]/g_sch_pro_grp[1]/g_par_dem_high,14,284
consent_grp[1]/section_g[1]/g_sch_pro_grp[1]/g_par_suff_interest,14,284
consent_grp[1]/section_g[1]/g_sch_pro_grp[1]/g_par_suff_active,14,284
consent_grp[1]/section_g[1]/g_par_supp_grp[1]/g_par_supp_note,1,299
consent_grp[1]/section_g[1]/g_par_supp_grp[1]/g_home_wrk,2,300
consent_grp[1]/section_g[1]/g_par_supp_grp[1]/g_behave_val,3,302
consent_grp[1]/section_g[1]/g_par_supp_grp[1]/g_get_schl,2,304
consent_grp[1]/section_g[1]/g_par_supp_grp[1]/g_visit_schl,2,307
consent_grp[1]/section_g[1]/g_par_supp_grp[1]/g_show_respect,1,309
consent_grp[1]/section_g[1]/g_par_supp_grp[1]/g_best_schl,1,310
consent_grp[1]/section_g[1]/g_par_supp_grp[1]/g_parti_pta,2,312
consent_grp[1]/section_g[1]/g_par_supp_grp[1]/g_cont_kg_act,1,313
consent_grp[1]/section_g[1]/g_lead_respect,2,315
consent_grp[1]/section_g[1]/g_val_citizen,2,317
consent_grp[1]/section_h[1]/sec_h_depre_note,1,318
consent_grp[1]/section_h[1]/h_depression_grp[1]/h_da_note,19,319
consent_grp[1]/section_h[1]/h_depression_grp[1]/tmp_h_da_lab,19,319
consent_grp[1]/section_h[1]/h_depression_grp[1]/h_headache,19,319
consent_grp[1]/section_h[1]/h_depression_grp[1]/h_appetite,19,319
consent_grp[1]/section_h[1]/h_depression_grp[1]/h_sleep,19,319
consent_grp[1]/section_h[1]/h_depression_grp[1]/h_frightened,19,319
consent_grp[1]/section_h[1]/h_depression_grp[1]/h_hands_shake,19,319
consent_grp[1]/section_h[1]/h_depression_grp[1]/h_nervous,19,319
consent_grp[1]/section_h[1]/h_depression_grp[1]/h_digestion,19,319
consent_grp[1]/section_h[1]/h_depression_grp[1]/h_thinking,19,319
consent_grp[1]/section_h[1]/h_depression_grp[1]/h_unhappy,19,319
consent_grp[1]/section_h[1]/h_depression_grp[1]/h_cry,19,319
consent_grp[1]/section_h[1]/h_depression_grp[1]/h_activities,19,319
consent_grp[1]/section_h[1]/h_depression_grp[1]/h_decisions,19,319
consent_grp[1]/section_h[1]/h_depression_grp[1]/h_daily_work,19,319
consent_grp[1]/section_h[1]/h_depression_grp[1]/h_life,19,319
consent_grp[1]/section_h[1]/h_depression_grp[1]/h_interest,19,319
consent_grp[1]/section_h[1]/h_depression_grp[1]/h_worthless,19,319
consent_grp[1]/section_h[1]/h_depression_grp[1]/h_end_life,19,319
consent_grp[1]/section_h[1]/h_depression_grp[1]/h_tired,19,319
consent_grp[1]/section_h[1]/h_depression_grp[1]/h_uncomfortable,19,319
consent_grp[1]/section_h[1]/h_depression_grp[1]/h_easily_tired,19,319
consent_grp[1]/section_h[1]/sec_h_ext_contr_note,1,339
consent_grp[1]/section_h[1]/h_ext_control_grp[1]/h_ext_cont_note,1,340
consent_grp[1]/section_h[1]/h_ext_control_grp[1]/h_pup_learn,3,341
consent_grp[1]/section_h[1]/h_ext_control_grp[1]/h_discipline,3,343
consent_grp[1]/section_h[1]/h_ext_control_grp[1]/h_stu_achieve,1,346
consent_grp[1]/section_h[1]/h_ext_control_grp[1]/h_teach_motiv,1,347
consent_grp[1]/section_h[1]/h_ext_control_grp[1]/h_good_teach,2,349
consent_grp[1]/section_h[1]/sec_h_motiv_note,1,350
consent_grp[1]/section_h[1]/h_motiv_grp[1]/h_motiv_note,1,352
consent_grp[1]/section_h[1]/h_motiv_grp[1]/h_motiv_help,3,353
consent_grp[1]/section_h[1]/h_motiv_grp[1]/h_quest_school,3,355
consent_grp[1]/section_h[1]/h_motiv_grp[1]/h_help_child,1,358
consent_grp[1]/section_h[1]/h_motiv_grp[1]/h_sch_goal,1,359
consent_grp[1]/section_h[1]/h_motiv_grp[1]/h_help_emot,2,360
consent_grp[1]/section_h[1]/h_motiv_grp[1]/h_enjoy_teach,10,362
consent_grp[1]/section_h[1]/h_motiv_grp[1]/h_develop_society,1,373
consent_grp[1]/section_h[1]/h_motiv_grp[1]/h_develop_socially,1,374
consent_grp[1]/section_h[1]/h_motiv_grp[1]/h_perso_clear,1,375
consent_grp[1]/section_h[1]/h_impor_thing,2,377
consent_grp[1]/section_h[1]/h_job_satisfaction_grp[1]/h_job_satis_note,2,379
consent_grp[1]/section_h[1]/h_job_satisfaction_grp[1]/h_look_out,3,381
consent_grp[1]/section_h[1]/h_job_satisfaction_grp[1]/h_perso_worries,2,383
consent_grp[1]/section_h[1]/h_job_satisfaction_grp[1]/h_know_col,3,385
consent_grp[1]/section_h[1]/h_job_satisfaction_grp[1]/h_col_coop,2,388
consent_grp[1]/section_h[1]/h_job_satisfaction_grp[1]/h_trust_col,1,390
consent_grp[1]/section_h[1]/h_job_satisfaction_grp[1]/h_enjoy_col,2,392
consent_grp[1]/section_h[1]/h_job_satisfaction_grp[1]/h_sup_respect,1,394
consent_grp[1]/section_h[1]/h_job_satisfaction_grp[1]/h_sup_busy,2,395
consent_grp[1]/section_h[1]/h_job_satisfaction_grp[1]/h_sup_opinion,8,397
consent_grp[1]/section_h[1]/h_job_satisfaction_grp[1]/h_count_sup,2,404
consent_grp[1]/section_h[1]/h_job_satisfaction_grp[1]/h_motivated,2,407
consent_grp[1]/section_h[1]/h_job_satisfaction_grp[1]/h_sup_unpredict,4,408
consent_grp[1]/section_h[1]/h_job_satisfaction_grp[1]/h_wrk_challenge,3,412
consent_grp[1]/section_h[1]/h_job_satisfaction_grp[1]/h_wrk_monotonous,1,415
consent_grp[1]/section_h[1]/h_job_satisfaction_grp[1]/h_wrk_creative,2,417
consent_grp[1]/section_h[1]/h_job_satisfaction_grp[1]/h_big_impact,1,418
consent_grp[1]/section_h[1]/h_job_satisfaction_grp[1]/h_little_time,2,420
consent_grp[1]/section_h[1]/h_job_satisfaction_grp[1]/h_control_satis,2,421
consent_grp[1]/section_h[1]/h_job_satisfaction_grp[1]/h_look,2,424
consent_grp[1]/section_h[1]/h_job_satisfaction_grp[1]/h_small_space,1,426
consent_grp[1]/section_h[1]/h_job_satisfaction_grp[1]/h_new_mat,1,427
consent_grp[1]/section_h[1]/h_job_satisfaction_grp[1]/h_clean_kinder,2,428
consent_grp[1]/section_h[1]/h_job_satisfaction_grp[1]/h_loud_kinder,7,429
consent_grp[1]/section_h[1]/h_job_satisfaction_grp[1]/h_kinder_rules,1,437
consent_grp[1]/section_h[1]/h_job_satisfaction_grp[1]/h_satisfied_paid,5,438
consent_grp[1]/section_h[1]/h_burnout_grp[1]/h_burnout_note,1,443
consent_grp[1]/section_h[1]/h_burnout_grp[1]/h_emotion_drained,4,444
consent_grp[1]/section_h[1]/h_burnout_grp[1]/h_used_up,2,449
consent_grp[1]/section_h[1]/h_burnout_grp[1]/h_fatigued,2,451
consent_grp[1]/section_h[1]/h_burnout_grp[1]/h_child_feel,1,453
consent_grp[1]/section_h[1]/h_burnout_grp[1]/h_child_impersonal,1,454
consent_grp[1]/section_h[1]/h_burnout_grp[1]/h_ppl_strain,2,456
consent_grp[1]/section_h[1]/h_burnout_grp[1]/h_deal_effect,1,458
consent_grp[1]/section_h[1]/h_burnout_grp[1]/h_burnout,3,459
consent_grp[1]/section_h[1]/h_burnout_grp[1]/h_pos_influence,2,462
consent_grp[1]/section_h[1]/h_burnout_grp[1]/h_cold,1,464
consent_grp[1]/section_h[1]/h_burnout_grp[1]/h_hard,3,465
consent_grp[1]/section_h[1]/h_burnout_grp[1]/h_energetic,1,468
consent_grp[1]/section_h[1]/h_burnout_grp[1]/h_frustrated,2,470
consent_grp[1]/section_h[1]/h_burnout_grp[1]/h_work_hard,2,471
consent_grp[1]/section_h[1]/h_burnout_grp[1]/h_dont_care,2,473
consent_grp[1]/section_h[1]/h_burnout_grp[1]/h_put_pressure,2,475
consent_grp[1]/section_h[1]/h_burnout_grp[1]/h_relax,2,477
consent_grp[1]/section_h[1]/h_burnout_grp[1]/h_excited,1,479
consent_grp[1]/section_h[1]/h_burnout_grp[1]/h_accomplished,2,480
consent_grp[1]/section_h[1]/h_burnout_grp[1]/h_end_of_rop,2,482
consent_grp[1]/section_h[1]/h_burnout_grp[1]/h_emot_pro_calm,2,484
consent_grp[1]/i_teacher_knowledge_grp[1]/I_teach_know_note,1,486
consent_grp[1]/i_teacher_knowledge_grp[1]/i_consonance,3,487
consent_grp[1]/i_teacher_knowledge_grp[1]/i_vowel,2,490
consent_grp[1]/i_teacher_knowledge_grp[1]/i_unbelievable,4,492
consent_grp[1]/i_teacher_knowledge_grp[1]/i_irregular,3,495
consent_grp[1]/i_teacher_knowledge_grp[1]/i_cat,2,498
consent_grp[1]/i_teacher_knowledge_grp[1]/i_cough,3,500
consent_grp[1]/i_teacher_knowledge_grp[1]/i_check,3,501
consent_grp[1]/i_teacher_knowledge_grp[1]/i_english,2,506
consent_grp[1]/j_perception_grp[1]/j_perception_note,1,507
consent_grp[1]/j_perception_grp[1]/j_dev_practice_grp[1]/j_dev_practice_note,1,508
consent_grp[1]/j_perception_grp[1]/j_dev_practice_grp[1]/j_child_need,2,509
consent_grp[1]/j_perception_grp[1]/j_dev_practice_grp[1]/j_recog_letter,1,511
consent_grp[1]/j_perception_grp[1]/j_dev_practice_grp[1]/j_recog_number,1,512
consent_grp[1]/j_perception_grp[1]/j_dev_practice_grp[1]/j_recog_colour,1,513
consent_grp[1]/j_perception_grp[1]/j_dev_practice_grp[1]/j_indiv_goal,1,515
consent_grp[1]/j_perception_grp[1]/j_dev_practice_grp[1]/j_play_materials,2,516
consent_grp[1]/j_perception_grp[1]/j_dev_practice_grp[1]/j_child_measure,1,518
consent_grp[1]/j_perception_grp[1]/j_supp_chil_grp[1]/j_supp_chil_note,1,519
consent_grp[1]/j_perception_grp[1]/j_supp_chil_grp[1]/j_build_relation,1,520
consent_grp[1]/j_perception_grp[1]/j_supp_chil_grp[1]/j_control_behaviour,1,522
consent_grp[1]/j_perception_grp[1]/j_supp_chil_grp[1]/j_express_thought,3,523
consent_grp[1]/j_perception_grp[1]/j_supp_chil_grp[1]/j_resolve_conflicts,6,524
consent_grp[1]/j_perception_grp[1]/j_supp_chil_grp[1]/j_guidance_style,3,531
consent_grp[1]/j_perception_grp[1]/j_fam_sensitive_grp[1]/j_fam_sensitive_note,10,534
consent_grp[1]/j_perception_grp[1]/j_fam_sensitive_grp[1]/j_parent_goal,10,534
consent_grp[1]/j_perception_grp[1]/j_fam_sensitive_grp[1]/j_work_schedule,10,534
consent_grp[1]/j_perception_grp[1]/j_fam_sensitive_grp[1]/j_fam_decision,10,534
consent_grp[1]/j_perception_grp[1]/j_fam_sensitive_grp[1]/j_family_care,10,534
consent_grp[1]/j_perception_grp[1]/j_fam_sensitive_grp[1]/j_connect_family,10,534
consent_grp[1]/k_grp[1]/k_instro_note,1,544
consent_grp[1]/k_grp[1]/k_ts_grp[1]/tmp_k_labels,14,545
consent_grp[1]/k_grp[1]/k_ts_grp[1]/k_take_priviledges,14,545
consent_grp[1]/k_grp[1]/k_ts_grp[1]/k_explain_behavior,14,545
consent_grp[1]/k_grp[1]/k_ts_grp[1]/k_shook,14,545
consent_grp[1]/k_grp[1]/k_ts_grp[1]/k_shouted,14,545
consent_grp[1]/k_grp[1]/k_ts_grp[1]/k_gave_something,14,545
consent_grp[1]/k_grp[1]/k_ts_grp[1]/k_spanked,14,545
consent_grp[1]/k_grp[1]/k_ts_grp[1]/k_hit_bottom,14,545
consent_grp[1]/k_grp[1]/k_ts_grp[1]/k_call_dumb,14,545
consent_grp[1]/k_grp[1]/k_ts_grp[1]/k_hit_face,14,545
consent_grp[1]/k_grp[1]/k_ts_grp[1]/k_praised,14,545
consent_grp[1]/k_grp[1]/k_ts_grp[1]/k_affection,14,545
consent_grp[1]/k_grp[1]/k_ts_grp[1]/k_rewarded,14,545
consent_grp[1]/l_teaching_prac_grp[1]/l_note,1,560
consent_grp[1]/l_teaching_prac_grp[1]/l_previos_kinder_act[1]/tmp_l_prac_lab,30,561
consent_grp[1]/l_teaching_prac_grp[1]/l_previos_kinder_act[1]/l_hygiene_routine,30,561
consent_grp[1]/l_teaching_prac_grp[1]/l_previos_kinder_act[1]/l_supply,30,561
consent_grp[1]/l_teaching_prac_grp[1]/l_previos_kinder_act[1]/l_pamper,30,561
consent_grp[1]/l_teaching_prac_grp[1]/l_previos_kinder_act[1]/l_read,30,561
consent_grp[1]/l_teaching_prac_grp[1]/l_previos_kinder_act[1]/l_tell,30,561
consent_grp[1]/l_teaching_prac_grp[1]/l_previos_kinder_act[1]/l_conversatin,30,561
consent_grp[1]/l_teaching_prac_grp[1]/l_previos_kinder_act[1]/l_sing,30,561
consent_grp[1]/l_teaching_prac_grp[1]/l_previos_kinder_act[1]/l_dance,30,561
consent_grp[1]/l_teaching_prac_grp[1]/l_previos_kinder_act[1]/l_visit,30,561
consent_grp[1]/l_teaching_prac_grp[1]/l_previos_kinder_act[1]/l_play_kg,30,561
consent_grp[1]/l_teaching_prac_grp[1]/l_previos_kinder_act[1]/l_play_recrea,30,561
consent_grp[1]/l_teaching_prac_grp[1]/l_previos_kinder_act[1]/l_sleep,30,561
consent_grp[1]/l_teaching_prac_grp[1]/l_previos_kinder_act[1]/l_run,30,561
consent_grp[1]/l_teaching_prac_grp[1]/l_previos_kinder_act[1]/l_group_learn,30,561
consent_grp[1]/l_teaching_prac_grp[1]/l_previos_kinder_act[1]/l_indiv_learn,30,561
consent_grp[1]/l_teaching_prac_grp[1]/l_class_acti_grp[1]/l_act_grp[1]/tmp_l_class_lab,14,591
consent_grp[1]/l_teaching_prac_grp[1]/l_class_acti_grp[1]/l_act_grp[1]/l_teach_colour,14,591
consent_grp[1]/l_teaching_prac_grp[1]/l_class_acti_grp[1]/l_act_grp[1]/l_teach_number,14,591
consent_grp[1]/l_teaching_prac_grp[1]/l_class_acti_grp[1]/l_act_grp[1]/l_teach_letter,14,591
consent_grp[1]/l_teaching_prac_grp[1]/l_class_acti_grp[1]/l_act_grp[1]/l_teach_form,14,591
consent_grp[1]/l_teaching_prac_grp[1]/l_class_acti_grp[1]/l_act_grp[1]/l_socialise,14,591
consent_grp[1]/l_teaching_prac_grp[1]/l_class_acti_grp[1]/l_act_grp[1]/l_pro_solve,14,591
consent_grp[1]/l_teaching_prac_grp[1]/l_class_acti_grp[1]/l_act_grp[1]/l_writing,14,591
consent_grp[1]/l_teaching_prac_grp[1]/l_class_acti_grp[1]/l_act_grp[1]/l_teach_body,14,591
consent_grp[1]/l_teaching_prac_grp[1]/l_class_acti_grp[1]/l_act_grp[1]/l_pers_hygiene,14,591
consent_grp[1]/l_teaching_prac_grp[1]/l_class_acti_grp[1]/l_act_grp[1]/l_art_expre,14,591
consent_grp[1]/l_teaching_prac_grp[1]/l_class_acti_grp[1]/l_act_grp[1]/l_body_lang,14,591
consent_grp[1]/l_teaching_prac_grp[1]/l_class_acti_grp[1]/l_act_grp[1]/l_concentration,14,591
consent_grp[1]/l_teaching_prac_grp[1]/l_class_acti_grp[1]/l_act_grp[1]/l_gross_motor,14,591
consent_grp[1]/l_teaching_prac_grp[1]/l_class_acti_grp[1]/l_act_grp[1]/l_fine_motor,14,591
consent_grp[1]/l_teaching_prac_grp[1]/l_class_acti_grp[1]/l_act_grp[1]/l_gender,14,591
consent_grp[1]/l_teaching_prac_grp[1]/l_class_acti_grp[1]/l_act_grp[1]/l_responsibility,14,591
consent_grp[1]/l_teaching_prac_grp[1]/l_class_acti_grp[1]/l_act_grp[1]/l_speech,14,591
consent_grp[1]/l_teaching_prac_grp[1]/l_class_acti_grp[1]/l_act_grp[1]/l_explore_comm,14,591
consent_grp[1]/l_teaching_prac_grp[1]/l_class_acti_grp[1]/l_act_grp[1]/l_explore_culture,14,591
consent_grp[1]/l_teaching_prac_grp[1]/l_parent_interact_note,1,605
consent_grp[1]/l_teaching_prac_grp[1]/l_actively_engaged,2,606
consent_grp[1]/l_teaching_prac_grp[1]/l_proportion_child,2,608
consent_grp[1]/l_teaching_prac_grp[1]/l_proportion_child_more,4,610
consent_grp[1]/l_teaching_prac_grp[1]/l_visit_pupil_house,3,613
consent_grp[1]/l_teaching_prac_grp[1]/l_visit_parent_house,2,616
consent_grp[1]/l_teaching_prac_grp[1]/l_receive_parent_supp,1,618
consent_grp[1]/l_teaching_prac_grp[1]/l_day_teaching_note,1,620
consent_grp[1]/l_teaching_prac_grp[1]/l_day_grp[1]/tmp_l_labs,4,621
consent_grp[1]/l_teaching_prac_grp[1]/l_day_grp[1]/l_daily_schedule,4,621
consent_grp[1]/l_teaching_prac_grp[1]/l_day_grp[1]/l_play_period,4,621
consent_grp[1]/l_teaching_prac_grp[1]/l_day_grp[1]/l_free_play,4,621
consent_grp[1]/l_teaching_prac_grp[1]/l_day_grp[1]/l_activities,4,621
consent_grp[1]/l_teaching_prac_grp[1]/l_per_daily_grp[1]/l_perc_note,12,625
consent_grp[1]/l_teaching_prac_grp[1]/l_per_daily_grp[1]/l_admin_per,12,625
consent_grp[1]/l_teaching_prac_grp[1]/l_per_daily_grp[1]/l_class_per,12,625
consent_grp[1]/l_teaching_prac_grp[1]/l_per_daily_grp[1]/l_teach_per,12,625
consent_grp[1]/l_teaching_prac_grp[1]/l_per_daily_grp[1]/l_super_per,12,625
consent_grp[1]/l_teaching_prac_grp[1]/l_per_daily_grp[1]/l_super_oth_per,12,625
consent_grp[1]/l_teaching_prac_grp[1]/l_per_daily_grp[1]/l_break_per,12,625
consent_grp[1]/l_teaching_prac_grp[1]/l_discipline_note,1,637
consent_grp[1]/l_teaching_prac_grp[1]/l_dont_like,3,638
consent_grp[1]/l_teaching_prac_grp[1]/l_really_bad,5,641
consent_grp[1]/l_teaching_prac_grp[1]/l_does_good,3,644
consent_grp[1]/l_teaching_prac_grp[1]/l_praise,2,649
consent_grp[1]/q_note,1,651
consent_grp[1]/q_activ_yn,3,652
consent_grp[1]/q_rpt[1]/q_activ_r,2,655
consent_grp[1]/q_rpt[1]/q_activ_org_r,2,657
consent_grp[1]/q_rpt[1]/q_activ_add_r,6,659
consent_grp[1]/q_rpt[2]/q_activ_r,3,665
consent_grp[1]/q_rpt[2]/q_activ_org_r,2,667
consent_grp[1]/q_rpt[2]/q_activ_org_osp_r,6,670
consent_grp[1]/q_rpt[2]/q_activ_add_r,6,676
s_int_accom_yn,4,679
comments,29,687
