Field name,Total duration (seconds),First appeared (seconds into survey)
instruction,2,2
a_district_id,3,4
a_circuit_id,357,7
a_kg_id,42,364
a_community_id,25,406
a_enum_id,9,431
consent_note,1,440
con_understand,2,441
con_questions,2,443
con_written,2,445
consent_grp[1]/audio_consent,1,448
consent_grp[1]/d_background_note,1,449
consent_grp[1]/section_d[1]/kgt_key,18,450
consent_grp[1]/section_d[1]/kgt_confirm_note,10,469
consent_grp[1]/section_d[1]/d_num_cnt,12,479
consent_grp[1]/section_d[1]/d_cnt_grp[1]/d_cnt_main,27,491
consent_grp[1]/section_d[1]/d_cnt_grp[1]/d_cnt_sec,27,491
consent_grp[1]/section_d[1]/d_work_last,12,518
consent_grp[1]/section_d[1]/d_edu_level,32,530
consent_grp[1]/section_d[1]/d_edu_train,11,562
consent_grp[1]/section_d[1]/d_edu_level_train,16,573
consent_grp[1]/section_d[1]/d_marital_status,7,588
consent_grp[1]/section_d[1]/d_religion,5,595
consent_grp[1]/section_d[1]/d_la_spk_grp[1]/d_la_spk_note,36,600
consent_grp[1]/section_d[1]/d_la_spk_grp[1]/d_la_spk_eng,36,600
consent_grp[1]/section_d[1]/d_la_spk_grp[1]/d_la_spk_grun,36,600
consent_grp[1]/section_d[1]/d_la_wrt_grp[1]/d_la_wrt_note,19,636
consent_grp[1]/section_d[1]/d_la_wrt_grp[1]/d_la_wrt_eng,19,636
consent_grp[1]/section_d[1]/d_la_wrt_grp[1]/d_la_wrt_grun,19,636
consent_grp[1]/section_d[1]/d_main_language,18,655
consent_grp[1]/section_d[1]/d_loc_lang_kinderg,13,673
consent_grp[1]/f_moved_yn,49,686
consent_grp[1]/g_nature_wrk_note,9,735
consent_grp[1]/section_g[1]/g_teach_pos,9,744
consent_grp[1]/section_g[1]/g_teach_school,33,752
consent_grp[1]/section_g[1]/g_kg_grade,7,786
consent_grp[1]/section_g[1]/g_class_grp[1]/g_children_note,15,793
consent_grp[1]/section_g[1]/g_class_grp[1]/g_kg_2,15,793
consent_grp[1]/section_g[1]/g_ah_grp[1]/g_ah_note,189,808
consent_grp[1]/section_g[1]/g_ah_grp[1]/g_ah_working,189,808
consent_grp[1]/section_g[1]/g_ah_grp[1]/g_ah_prepping,189,808
consent_grp[1]/section_g[1]/g_eh_grp[1]/g_eh_note,80,997
consent_grp[1]/section_g[1]/g_eh_grp[1]/g_eh_working,80,997
consent_grp[1]/section_g[1]/g_eh_grp[1]/g_eh_prepping,80,997
consent_grp[1]/section_g[1]/g_teach_salary,43,1077
consent_grp[1]/section_g[1]/g_salary_freq,12,1120
consent_grp[1]/section_g[1]/g_salary_intime,61,1132
consent_grp[1]/section_g[1]/g_money_cmp,33,1191
consent_grp[1]/section_g[1]/g_money_cmp_hrs,93,1206
consent_grp[1]/section_g[1]/g_money_cmp_amt,37,1296
consent_grp[1]/section_g[1]/g_job_outside,18,1329
consent_grp[1]/section_g[1]/g_job_outside_income,8,1345
consent_grp[1]/section_g[1]/g_earn_grp[1]/g_earn_amt,23,1350
consent_grp[1]/section_g[1]/g_earn_grp[1]/g_earn_freq,23,1350
consent_grp[1]/section_g[1]/g_extra_money_spec,41,1404
consent_grp[1]/section_g[1]/g_sch_pro_grp[1]/tmp_g_sch_pro_lab,408,1445
consent_grp[1]/section_g[1]/g_sch_pro_grp[1]/g_class,408,1445
consent_grp[1]/section_g[1]/g_sch_pro_grp[1]/g_class_taught,408,1445
consent_grp[1]/section_g[1]/g_sch_pro_grp[1]/g_fin_resource,408,1445
consent_grp[1]/section_g[1]/g_sch_pro_grp[1]/g_high_expe,408,1445
consent_grp[1]/section_g[1]/g_sch_pro_grp[1]/g_change_curri,408,1445
consent_grp[1]/section_g[1]/g_sch_pro_grp[1]/g_diff_curri,408,1445
consent_grp[1]/section_g[1]/g_sch_pro_grp[1]/g_easy_curri,408,1445
consent_grp[1]/section_g[1]/g_sch_pro_grp[1]/g_par_dem_high,408,1445
consent_grp[1]/section_g[1]/g_sch_pro_grp[1]/g_par_suff_interest,408,1445
consent_grp[1]/section_g[1]/g_sch_pro_grp[1]/g_par_suff_active,408,1445
consent_grp[1]/section_g[1]/g_par_supp_grp[1]/g_par_supp_note,21,1853
consent_grp[1]/section_g[1]/g_par_supp_grp[1]/g_home_wrk,21,1861
consent_grp[1]/section_g[1]/g_par_supp_grp[1]/g_behave_val,55,1887
consent_grp[1]/section_g[1]/g_par_supp_grp[1]/g_get_schl,17,1950
consent_grp[1]/section_g[1]/g_par_supp_grp[1]/g_visit_schl,18,1967
consent_grp[1]/section_g[1]/g_par_supp_grp[1]/g_show_respect,38,1985
consent_grp[1]/section_g[1]/g_par_supp_grp[1]/g_best_schl,17,2023
consent_grp[1]/section_g[1]/g_par_supp_grp[1]/g_parti_pta,15,2041
consent_grp[1]/section_g[1]/g_par_supp_grp[1]/g_cont_kg_act,9,2056
consent_grp[1]/section_g[1]/g_lead_respect,64,2065
consent_grp[1]/section_g[1]/g_val_citizen,19,2129
consent_grp[1]/section_h[1]/sec_h_depre_note,52,2148
consent_grp[1]/section_h[1]/h_depression_grp[1]/h_da_note,276,2199
consent_grp[1]/section_h[1]/h_depression_grp[1]/tmp_h_da_lab,276,2199
consent_grp[1]/section_h[1]/h_depression_grp[1]/h_headache,276,2199
consent_grp[1]/section_h[1]/h_depression_grp[1]/h_appetite,276,2199
consent_grp[1]/section_h[1]/h_depression_grp[1]/h_sleep,276,2199
consent_grp[1]/section_h[1]/h_depression_grp[1]/h_frightened,276,2199
consent_grp[1]/section_h[1]/h_depression_grp[1]/h_hands_shake,276,2199
consent_grp[1]/section_h[1]/h_depression_grp[1]/h_nervous,276,2199
consent_grp[1]/section_h[1]/h_depression_grp[1]/h_digestion,276,2199
consent_grp[1]/section_h[1]/h_depression_grp[1]/h_thinking,276,2199
consent_grp[1]/section_h[1]/h_depression_grp[1]/h_unhappy,276,2199
consent_grp[1]/section_h[1]/h_depression_grp[1]/h_cry,276,2199
consent_grp[1]/section_h[1]/h_depression_grp[1]/h_activities,276,2199
consent_grp[1]/section_h[1]/h_depression_grp[1]/h_decisions,276,2199
consent_grp[1]/section_h[1]/h_depression_grp[1]/h_daily_work,276,2199
consent_grp[1]/section_h[1]/h_depression_grp[1]/h_life,276,2199
consent_grp[1]/section_h[1]/h_depression_grp[1]/h_interest,276,2199
consent_grp[1]/section_h[1]/h_depression_grp[1]/h_worthless,276,2199
consent_grp[1]/section_h[1]/h_depression_grp[1]/h_end_life,276,2199
consent_grp[1]/section_h[1]/h_depression_grp[1]/h_tired,276,2199
consent_grp[1]/section_h[1]/h_depression_grp[1]/h_uncomfortable,276,2199
consent_grp[1]/section_h[1]/h_depression_grp[1]/h_easily_tired,276,2199
consent_grp[1]/section_h[1]/sec_h_ext_contr_note,11,2476
consent_grp[1]/section_h[1]/h_ext_control_grp[1]/h_ext_cont_note,1,2487
consent_grp[1]/section_h[1]/h_ext_control_grp[1]/h_pup_learn,55,2488
consent_grp[1]/section_h[1]/h_ext_control_grp[1]/h_discipline,46,2543
consent_grp[1]/section_h[1]/h_ext_control_grp[1]/h_stu_achieve,45,2588
consent_grp[1]/section_h[1]/h_ext_control_grp[1]/h_teach_motiv,15,2633
consent_grp[1]/section_h[1]/h_ext_control_grp[1]/h_good_teach,59,2649
consent_grp[1]/section_h[1]/sec_h_motiv_note,3,2707
consent_grp[1]/section_h[1]/h_motiv_grp[1]/h_motiv_note,2,2710
consent_grp[1]/section_h[1]/h_motiv_grp[1]/h_motiv_help,52,2712
consent_grp[1]/section_h[1]/h_motiv_grp[1]/h_quest_school,42,2764
consent_grp[1]/section_h[1]/h_motiv_grp[1]/h_help_child,12,2806
consent_grp[1]/section_h[1]/h_motiv_grp[1]/h_sch_goal,14,2817
consent_grp[1]/section_h[1]/h_motiv_grp[1]/h_help_emot,17,2831
consent_grp[1]/section_h[1]/h_motiv_grp[1]/h_enjoy_teach,22,2848
consent_grp[1]/section_h[1]/h_motiv_grp[1]/h_develop_society,10,2870
consent_grp[1]/section_h[1]/h_motiv_grp[1]/h_develop_socially,22,2880
consent_grp[1]/section_h[1]/h_motiv_grp[1]/h_perso_clear,8,2902
consent_grp[1]/section_h[1]/h_impor_thing,37,2910
consent_grp[1]/section_h[1]/h_job_satisfaction_grp[1]/h_job_satis_note,4,2948
consent_grp[1]/section_h[1]/h_job_satisfaction_grp[1]/h_look_out,36,2952
consent_grp[1]/section_h[1]/h_job_satisfaction_grp[1]/h_perso_worries,19,2988
consent_grp[1]/section_h[1]/h_job_satisfaction_grp[1]/h_know_col,42,3007
consent_grp[1]/section_h[1]/h_job_satisfaction_grp[1]/h_col_coop,10,3049
consent_grp[1]/section_h[1]/h_job_satisfaction_grp[1]/h_trust_col,14,3059
consent_grp[1]/section_h[1]/h_job_satisfaction_grp[1]/h_enjoy_col,6,3073
consent_grp[1]/section_h[1]/h_job_satisfaction_grp[1]/h_sup_respect,6,3079
consent_grp[1]/section_h[1]/h_job_satisfaction_grp[1]/h_sup_busy,9,3085
consent_grp[1]/section_h[1]/h_job_satisfaction_grp[1]/h_sup_opinion,19,3094
consent_grp[1]/section_h[1]/h_job_satisfaction_grp[1]/h_count_sup,39,3113
consent_grp[1]/section_h[1]/h_job_satisfaction_grp[1]/h_motivated,14,3152
consent_grp[1]/section_h[1]/h_job_satisfaction_grp[1]/h_sup_unpredict,20,3167
consent_grp[1]/section_h[1]/h_job_satisfaction_grp[1]/h_wrk_challenge,13,3187
consent_grp[1]/section_h[1]/h_job_satisfaction_grp[1]/h_wrk_monotonous,15,3199
consent_grp[1]/section_h[1]/h_job_satisfaction_grp[1]/h_wrk_creative,8,3215
consent_grp[1]/section_h[1]/h_job_satisfaction_grp[1]/h_big_impact,8,3223
consent_grp[1]/section_h[1]/h_job_satisfaction_grp[1]/h_little_time,11,3231
consent_grp[1]/section_h[1]/h_job_satisfaction_grp[1]/h_control_satis,16,3243
consent_grp[1]/section_h[1]/h_job_satisfaction_grp[1]/h_look,41,3259
consent_grp[1]/section_h[1]/h_job_satisfaction_grp[1]/h_small_space,7,3300
consent_grp[1]/section_h[1]/h_job_satisfaction_grp[1]/h_new_mat,10,3307
consent_grp[1]/section_h[1]/h_job_satisfaction_grp[1]/h_clean_kinder,18,3316
consent_grp[1]/section_h[1]/h_job_satisfaction_grp[1]/h_loud_kinder,15,3330
consent_grp[1]/section_h[1]/h_job_satisfaction_grp[1]/h_kinder_rules,9,3349
consent_grp[1]/section_h[1]/h_job_satisfaction_grp[1]/h_satisfied_paid,14,3358
consent_grp[1]/section_h[1]/h_burnout_grp[1]/h_burnout_note,17,3373
consent_grp[1]/section_h[1]/h_burnout_grp[1]/h_emotion_drained,76,3376
consent_grp[1]/section_h[1]/h_burnout_grp[1]/h_used_up,22,3466
consent_grp[1]/section_h[1]/h_burnout_grp[1]/h_fatigued,24,3488
consent_grp[1]/section_h[1]/h_burnout_grp[1]/h_child_feel,33,3512
consent_grp[1]/section_h[1]/h_burnout_grp[1]/h_child_impersonal,24,3545
consent_grp[1]/section_h[1]/h_burnout_grp[1]/h_ppl_strain,10,3569
consent_grp[1]/section_h[1]/h_burnout_grp[1]/h_deal_effect,13,3579
consent_grp[1]/section_h[1]/h_burnout_grp[1]/h_burnout,38,3591
consent_grp[1]/section_h[1]/h_burnout_grp[1]/h_pos_influence,25,3630
consent_grp[1]/section_h[1]/h_burnout_grp[1]/h_cold,8,3655
consent_grp[1]/section_h[1]/h_burnout_grp[1]/h_hard,41,3663
consent_grp[1]/section_h[1]/h_burnout_grp[1]/h_energetic,76,3704
consent_grp[1]/section_h[1]/h_burnout_grp[1]/h_frustrated,8,3780
consent_grp[1]/section_h[1]/h_burnout_grp[1]/h_work_hard,32,3788
consent_grp[1]/section_h[1]/h_burnout_grp[1]/h_dont_care,14,3820
consent_grp[1]/section_h[1]/h_burnout_grp[1]/h_put_pressure,39,3834
consent_grp[1]/section_h[1]/h_burnout_grp[1]/h_relax,6,3873
consent_grp[1]/section_h[1]/h_burnout_grp[1]/h_excited,27,3879
consent_grp[1]/section_h[1]/h_burnout_grp[1]/h_accomplished,6,3907
consent_grp[1]/section_h[1]/h_burnout_grp[1]/h_end_of_rop,5,3912
consent_grp[1]/section_h[1]/h_burnout_grp[1]/h_emot_pro_calm,50,3917
consent_grp[1]/i_teacher_knowledge_grp[1]/I_teach_know_note,37,3967
consent_grp[1]/i_teacher_knowledge_grp[1]/i_consonance,52,4003
consent_grp[1]/i_teacher_knowledge_grp[1]/i_vowel,46,4054
consent_grp[1]/i_teacher_knowledge_grp[1]/i_unbelievable,22,4102
consent_grp[1]/i_teacher_knowledge_grp[1]/i_irregular,18,4124
consent_grp[1]/i_teacher_knowledge_grp[1]/i_cat,21,4142
consent_grp[1]/i_teacher_knowledge_grp[1]/i_cough,37,4163
consent_grp[1]/i_teacher_knowledge_grp[1]/i_check,29,4201
consent_grp[1]/i_teacher_knowledge_grp[1]/i_english,43,4228
consent_grp[1]/j_perception_grp[1]/j_perception_note,15,4273
consent_grp[1]/j_perception_grp[1]/j_dev_practice_grp[1]/j_dev_practice_note,27,4287
consent_grp[1]/j_perception_grp[1]/j_dev_practice_grp[1]/j_child_need,26,4309
consent_grp[1]/j_perception_grp[1]/j_dev_practice_grp[1]/j_recog_letter,23,4341
consent_grp[1]/j_perception_grp[1]/j_dev_practice_grp[1]/j_recog_number,13,4364
consent_grp[1]/j_perception_grp[1]/j_dev_practice_grp[1]/j_recog_colour,7,4377
consent_grp[1]/j_perception_grp[1]/j_dev_practice_grp[1]/j_indiv_goal,44,4383
consent_grp[1]/j_perception_grp[1]/j_dev_practice_grp[1]/j_play_materials,11,4427
consent_grp[1]/j_perception_grp[1]/j_dev_practice_grp[1]/j_child_measure,10,4438
consent_grp[1]/j_perception_grp[1]/j_supp_chil_grp[1]/j_supp_chil_note,2,4449
consent_grp[1]/j_perception_grp[1]/j_supp_chil_grp[1]/j_build_relation,9,4450
consent_grp[1]/j_perception_grp[1]/j_supp_chil_grp[1]/j_control_behaviour,9,4459
consent_grp[1]/j_perception_grp[1]/j_supp_chil_grp[1]/j_express_thought,18,4468
consent_grp[1]/j_perception_grp[1]/j_supp_chil_grp[1]/j_resolve_conflicts,8,4486
consent_grp[1]/j_perception_grp[1]/j_supp_chil_grp[1]/j_guidance_style,4,4494
consent_grp[1]/j_perception_grp[1]/j_fam_sensitive_grp[1]/j_fam_sensitive_note,140,4498
consent_grp[1]/j_perception_grp[1]/j_fam_sensitive_grp[1]/j_parent_goal,140,4498
consent_grp[1]/j_perception_grp[1]/j_fam_sensitive_grp[1]/j_work_schedule,140,4498
consent_grp[1]/j_perception_grp[1]/j_fam_sensitive_grp[1]/j_fam_decision,140,4498
consent_grp[1]/j_perception_grp[1]/j_fam_sensitive_grp[1]/j_family_care,140,4498
consent_grp[1]/j_perception_grp[1]/j_fam_sensitive_grp[1]/j_connect_family,140,4498
consent_grp[1]/k_grp[1]/k_instro_note,24,4638
consent_grp[1]/k_grp[1]/k_ts_grp[1]/tmp_k_labels,183,4640
consent_grp[1]/k_grp[1]/k_ts_grp[1]/k_take_priviledges,183,4640
consent_grp[1]/k_grp[1]/k_ts_grp[1]/k_explain_behavior,183,4640
consent_grp[1]/k_grp[1]/k_ts_grp[1]/k_shook,183,4640
consent_grp[1]/k_grp[1]/k_ts_grp[1]/k_shouted,183,4640
consent_grp[1]/k_grp[1]/k_ts_grp[1]/k_gave_something,183,4640
consent_grp[1]/k_grp[1]/k_ts_grp[1]/k_spanked,183,4640
consent_grp[1]/k_grp[1]/k_ts_grp[1]/k_hit_bottom,183,4640
consent_grp[1]/k_grp[1]/k_ts_grp[1]/k_call_dumb,183,4640
consent_grp[1]/k_grp[1]/k_ts_grp[1]/k_hit_face,183,4640
consent_grp[1]/k_grp[1]/k_ts_grp[1]/k_praised,183,4640
consent_grp[1]/k_grp[1]/k_ts_grp[1]/k_affection,183,4640
consent_grp[1]/k_grp[1]/k_ts_grp[1]/k_rewarded,183,4640
consent_grp[1]/l_teaching_prac_grp[1]/l_note,10,4846
consent_grp[1]/l_teaching_prac_grp[1]/l_previos_kinder_act[1]/tmp_l_prac_lab,125,4850
consent_grp[1]/l_teaching_prac_grp[1]/l_previos_kinder_act[1]/l_hygiene_routine,125,4850
consent_grp[1]/l_teaching_prac_grp[1]/l_previos_kinder_act[1]/l_supply,125,4850
consent_grp[1]/l_teaching_prac_grp[1]/l_previos_kinder_act[1]/l_pamper,125,4850
consent_grp[1]/l_teaching_prac_grp[1]/l_previos_kinder_act[1]/l_read,125,4850
consent_grp[1]/l_teaching_prac_grp[1]/l_previos_kinder_act[1]/l_tell,125,4850
consent_grp[1]/l_teaching_prac_grp[1]/l_previos_kinder_act[1]/l_conversatin,125,4850
consent_grp[1]/l_teaching_prac_grp[1]/l_previos_kinder_act[1]/l_sing,125,4850
consent_grp[1]/l_teaching_prac_grp[1]/l_previos_kinder_act[1]/l_dance,125,4850
consent_grp[1]/l_teaching_prac_grp[1]/l_previos_kinder_act[1]/l_visit,125,4850
consent_grp[1]/l_teaching_prac_grp[1]/l_previos_kinder_act[1]/l_play_kg,125,4850
consent_grp[1]/l_teaching_prac_grp[1]/l_previos_kinder_act[1]/l_play_recrea,125,4850
consent_grp[1]/l_teaching_prac_grp[1]/l_previos_kinder_act[1]/l_sleep,125,4850
consent_grp[1]/l_teaching_prac_grp[1]/l_previos_kinder_act[1]/l_run,125,4850
consent_grp[1]/l_teaching_prac_grp[1]/l_previos_kinder_act[1]/l_group_learn,125,4850
consent_grp[1]/l_teaching_prac_grp[1]/l_previos_kinder_act[1]/l_indiv_learn,125,4850
consent_grp[1]/l_teaching_prac_grp[1]/l_class_acti_grp[1]/l_act_grp[1]/tmp_l_class_lab,175,4981
consent_grp[1]/l_teaching_prac_grp[1]/l_class_acti_grp[1]/l_act_grp[1]/l_teach_colour,175,4981
consent_grp[1]/l_teaching_prac_grp[1]/l_class_acti_grp[1]/l_act_grp[1]/l_teach_number,175,4981
consent_grp[1]/l_teaching_prac_grp[1]/l_class_acti_grp[1]/l_act_grp[1]/l_teach_letter,175,4981
consent_grp[1]/l_teaching_prac_grp[1]/l_class_acti_grp[1]/l_act_grp[1]/l_teach_form,175,4981
consent_grp[1]/l_teaching_prac_grp[1]/l_class_acti_grp[1]/l_act_grp[1]/l_socialise,175,4981
consent_grp[1]/l_teaching_prac_grp[1]/l_class_acti_grp[1]/l_act_grp[1]/l_pro_solve,175,4981
consent_grp[1]/l_teaching_prac_grp[1]/l_class_acti_grp[1]/l_act_grp[1]/l_writing,175,4981
consent_grp[1]/l_teaching_prac_grp[1]/l_class_acti_grp[1]/l_act_grp[1]/l_teach_body,175,4981
consent_grp[1]/l_teaching_prac_grp[1]/l_class_acti_grp[1]/l_act_grp[1]/l_pers_hygiene,175,4981
consent_grp[1]/l_teaching_prac_grp[1]/l_class_acti_grp[1]/l_act_grp[1]/l_art_expre,175,4981
consent_grp[1]/l_teaching_prac_grp[1]/l_class_acti_grp[1]/l_act_grp[1]/l_body_lang,175,4981
consent_grp[1]/l_teaching_prac_grp[1]/l_class_acti_grp[1]/l_act_grp[1]/l_concentration,175,4981
consent_grp[1]/l_teaching_prac_grp[1]/l_class_acti_grp[1]/l_act_grp[1]/l_gross_motor,175,4981
consent_grp[1]/l_teaching_prac_grp[1]/l_class_acti_grp[1]/l_act_grp[1]/l_fine_motor,175,4981
consent_grp[1]/l_teaching_prac_grp[1]/l_class_acti_grp[1]/l_act_grp[1]/l_gender,175,4981
consent_grp[1]/l_teaching_prac_grp[1]/l_class_acti_grp[1]/l_act_grp[1]/l_responsibility,175,4981
consent_grp[1]/l_teaching_prac_grp[1]/l_class_acti_grp[1]/l_act_grp[1]/l_speech,175,4981
consent_grp[1]/l_teaching_prac_grp[1]/l_class_acti_grp[1]/l_act_grp[1]/l_explore_comm,175,4981
consent_grp[1]/l_teaching_prac_grp[1]/l_class_acti_grp[1]/l_act_grp[1]/l_explore_culture,175,4981
consent_grp[1]/l_teaching_prac_grp[1]/l_parent_interact_note,7,5156
consent_grp[1]/l_teaching_prac_grp[1]/l_actively_engaged,39,5158
consent_grp[1]/l_teaching_prac_grp[1]/l_proportion_child,25,5202
consent_grp[1]/l_teaching_prac_grp[1]/l_proportion_child_more,10,5227
consent_grp[1]/l_teaching_prac_grp[1]/l_visit_pupil_house,82,5237
consent_grp[1]/l_teaching_prac_grp[1]/l_visit_parent_house,84,5320
consent_grp[1]/l_teaching_prac_grp[1]/l_receive_parent_supp,23,5404
consent_grp[1]/l_teaching_prac_grp[1]/l_day_teaching_note,10,5426
consent_grp[1]/l_teaching_prac_grp[1]/l_day_grp[1]/tmp_l_labs,63,5430
consent_grp[1]/l_teaching_prac_grp[1]/l_day_grp[1]/l_daily_schedule,63,5430
consent_grp[1]/l_teaching_prac_grp[1]/l_day_grp[1]/l_play_period,63,5430
consent_grp[1]/l_teaching_prac_grp[1]/l_day_grp[1]/l_free_play,63,5430
consent_grp[1]/l_teaching_prac_grp[1]/l_day_grp[1]/l_activities,63,5430
consent_grp[1]/l_teaching_prac_grp[1]/l_per_daily_grp[1]/l_perc_note,361,5499
consent_grp[1]/l_teaching_prac_grp[1]/l_per_daily_grp[1]/l_admin_per,361,5499
consent_grp[1]/l_teaching_prac_grp[1]/l_per_daily_grp[1]/l_class_per,361,5499
consent_grp[1]/l_teaching_prac_grp[1]/l_per_daily_grp[1]/l_teach_per,361,5499
consent_grp[1]/l_teaching_prac_grp[1]/l_per_daily_grp[1]/l_super_per,361,5499
consent_grp[1]/l_teaching_prac_grp[1]/l_per_daily_grp[1]/l_super_oth_per,361,5499
consent_grp[1]/l_teaching_prac_grp[1]/l_per_daily_grp[1]/l_break_per,361,5499
consent_grp[1]/l_teaching_prac_grp[1]/l_discipline_note,17,5860
consent_grp[1]/l_teaching_prac_grp[1]/l_dont_like,34,5877
consent_grp[1]/l_teaching_prac_grp[1]/l_really_bad,3,5911
consent_grp[1]/l_teaching_prac_grp[1]/l_does_good,3,5914
consent_grp[1]/l_teaching_prac_grp[1]/l_praise,8,5916
consent_grp[1]/q_note,25,5924
consent_grp[1]/q_activ_yn,14,5927
consent_grp[1]/q_rpt[1]/q_activ_r,13,5963
consent_grp[1]/q_rpt[1]/q_activ_org_r,2,5976
consent_grp[1]/q_rpt[1]/q_activ_add_r,6,5979
consent_grp[1]/q_rpt[2]/q_activ_r,21,5984
consent_grp[1]/q_rpt[2]/q_activ_osp_r,22,6005
consent_grp[1]/q_rpt[2]/q_activ_org_r,15,6027
consent_grp[1]/q_rpt[2]/q_activ_org_osp_r,28,6039
consent_grp[1]/q_rpt[2]/q_activ_add_r,3,6070
s_int_accom_yn,2,6073
s_int_accom,4,6075
comments,1,6080
