Field name,Total duration (seconds),First appeared (seconds into survey)
instruction,5,37
a_district_id,4,41
a_circuit_id,8,45
a_kg_id,12,53
a_community_id,4,65
a_enum_id,9,69
consent_note,30,78
con_understand,2,108
con_questions,2,110
con_written,2,112
consent_grp[1]/audio_consent,2,114
consent_grp[1]/d_background_note,1,116
consent_grp[1]/section_d[1]/kgt_key,45,117
consent_grp[1]/section_d[1]/kgt_name_gp[1]/kgt_fsn,109,163
consent_grp[1]/section_d[1]/kgt_name_gp[1]/kgt_msn,109,163
consent_grp[1]/section_d[1]/kgt_name_gp[1]/kgt_lsn,249,163
consent_grp[1]/section_d[1]/kgt_name_gp[1]/kgt_ppn,132,163
consent_grp[1]/section_d[1]/kgt_name_gp[1]/d_sex,113,163
consent_grp[1]/section_d[1]/kgt_confirm_note,19,272
consent_grp[1]/section_d[1]/d_num_cnt,13,289
consent_grp[1]/section_d[1]/d_cnt_grp[1]/d_cnt_main,16,301
consent_grp[1]/section_d[1]/d_age,10,314
consent_grp[1]/section_d[1]/d_teacher_grp[1]/d_been_teacher,20,324
consent_grp[1]/section_d[1]/d_teacher_grp[1]/d_teacher_year,20,324
consent_grp[1]/section_d[1]/d_teacher_grp[1]/d_teacher_month,20,324
consent_grp[1]/section_d[1]/d_been_kinder_grp[1]/d_been_kinder,17,344
consent_grp[1]/section_d[1]/d_been_kinder_grp[1]/d_kinder_year,17,344
consent_grp[1]/section_d[1]/d_been_kinder_grp[1]/d_kinder_month,17,344
consent_grp[1]/section_d[1]/d_work_last,20,361
consent_grp[1]/section_d[1]/d_os_yn,7,381
consent_grp[1]/section_d[1]/d_os_grp[1]/d_os_name,37,388
consent_grp[1]/section_d[1]/d_os_grp[1]/d_os_region,37,388
consent_grp[1]/section_d[1]/d_os_district,14,412
consent_grp[1]/section_d[1]/d_os_comm_sel,6,439
consent_grp[1]/section_d[1]/d_edu_level,12,445
consent_grp[1]/section_d[1]/d_edu_train,19,456
consent_grp[1]/section_d[1]/d_edu_level_train,21,475
consent_grp[1]/section_d[1]/d_edu_level_fath,22,496
consent_grp[1]/section_d[1]/d_edu_level_mom,8,517
consent_grp[1]/section_d[1]/d_marital_status,8,527
consent_grp[1]/section_d[1]/d_ethnic_group,17,534
consent_grp[1]/section_d[1]/d_religion,8,551
consent_grp[1]/section_d[1]/d_la_spk_grp[1]/d_la_spk_note,31,559
consent_grp[1]/section_d[1]/d_la_spk_grp[1]/d_la_spk_eng,31,559
consent_grp[1]/section_d[1]/d_la_spk_grp[1]/d_la_spk_dagb,31,559
consent_grp[1]/section_d[1]/d_la_wrt_grp[1]/d_la_wrt_note,11,590
consent_grp[1]/section_d[1]/d_la_wrt_grp[1]/d_la_wrt_eng,11,590
consent_grp[1]/section_d[1]/d_la_wrt_grp[1]/d_la_wrt_dagb,11,590
consent_grp[1]/section_d[1]/d_main_language,10,601
consent_grp[1]/section_d[1]/d_loc_lang_kinderg,8,610
consent_grp[1]/e_rel_grp[1]/e_hh_note,1,618
consent_grp[1]/e_rel_grp[1]/e_hh_num,26,620
consent_grp[1]/e_rel_grp[1]/e_hh_grp[1]/e_hh_head,62,643
consent_grp[1]/e_rel_grp[1]/e_hh_grp[1]/e_chil_hh,62,643
consent_grp[1]/e_rel_grp[1]/e_hh_grp[1]/e_adult_hh,62,643
consent_grp[1]/e_rel_grp[1]/e_hh_school,16,693
consent_grp[1]/e_rel_grp[1]/e_read_english,41,710
consent_grp[1]/e_rel_grp[1]/e_hh_check,9,755
consent_grp[1]/e_rel_grp[1]/e_rate_health,11,774
consent_grp[1]/e_rel_grp[1]/e_live_note,5,784
consent_grp[1]/e_rel_grp[1]/e_rooms_occu,14,789
consent_grp[1]/e_rel_grp[1]/e_own_status,13,803
consent_grp[1]/e_rel_grp[1]/e_electricity_inhouse,6,816
consent_grp[1]/e_rel_grp[1]/e_floor_material,10,822
consent_grp[1]/e_rel_grp[1]/e_interior_floor,12,832
consent_grp[1]/e_rel_grp[1]/e_roof_mat,8,844
consent_grp[1]/e_rel_grp[1]/e_cook_fuel,11,853
consent_grp[1]/e_rel_grp[1]/e_lighting,11,864
consent_grp[1]/e_rel_grp[1]/e_drink_source,17,875
consent_grp[1]/e_rel_grp[1]/e_toilet_facility,21,892
consent_grp[1]/e_rel_grp[1]/e_asset_note,5,914
consent_grp[1]/e_rel_grp[1]/e_hh_own_phone,9,918
consent_grp[1]/e_rel_grp[1]/e_hh_ass_grp[1]/tmp_e_hh_ass_lab,86,927
consent_grp[1]/e_rel_grp[1]/e_hh_ass_grp[1]/e_hh_ass_radio,86,927
consent_grp[1]/e_rel_grp[1]/e_hh_ass_grp[1]/e_hh_ass_refrig,86,927
consent_grp[1]/e_rel_grp[1]/e_hh_ass_grp[1]/e_hh_ass_bike,86,927
consent_grp[1]/e_rel_grp[1]/e_hh_ass_grp[1]/e_hh_ass_tv,86,927
consent_grp[1]/e_rel_grp[1]/e_hh_ass_grp[1]/e_hh_ass_vcr,86,927
consent_grp[1]/e_rel_grp[1]/e_hh_ass_grp[1]/e_hh_ass_motor,86,927
consent_grp[1]/e_rel_grp[1]/e_hh_ass_grp[1]/e_hh_ass_car,86,927
consent_grp[1]/e_rel_grp[1]/e_hh_ass_grp[1]/e_hh_ass_tractor,86,927
consent_grp[1]/e_rel_grp[1]/e_hh_ass_grp[1]/e_hh_ass_farm_equip,86,927
consent_grp[1]/e_rel_grp[1]/e_hh_ass_grp[1]/e_hh_ass_sew_mach,86,927
consent_grp[1]/e_rel_grp[1]/e_hh_ass_grp[1]/e_hh_ass_bed,86,927
consent_grp[1]/e_rel_grp[1]/e_hh_ass_grp[1]/e_hh_ass_mattress,86,927
consent_grp[1]/e_rel_grp[1]/e_hh_ass_grp[1]/e_hh_ass_table_chair,86,927
consent_grp[1]/e_rel_grp[1]/e_hh_ass_grp[1]/e_hh_ass_stool,86,927
consent_grp[1]/e_rel_grp[1]/e_hh_ass_grp[1]/e_hh_ass_sofa,86,927
consent_grp[1]/e_rel_grp[1]/e_hh_ass_grp[1]/e_hh_ass_fan,86,927
consent_grp[1]/e_rel_grp[1]/e_hh_ass_grp[1]/e_hh_ass_lamp,86,927
consent_grp[1]/e_rel_grp[1]/e_hh_ass_grp[1]/e_hh_ass_watch,86,927
consent_grp[1]/e_rel_grp[1]/e_hh_ass_grp[1]/e_hh_ass_mat,86,927
consent_grp[1]/e_rel_grp[1]/e_hh_ass_grp[1]/e_hh_ass_torch,86,927
consent_grp[1]/e_rel_grp[1]/e_hh_ass_grp[1]/e_hh_ass_cabinet,86,927
consent_grp[1]/e_rel_grp[1]/e_hh_ass_grp[1]/e_hh_ass_pot,86,927
consent_grp[1]/e_rel_grp[1]/e_hh_ass_grp[1]/e_hh_ass_itn,86,927
consent_grp[1]/e_rel_grp[1]/e_hh_ass_grp[1]/e_hh_ass_iron_elec,86,927
consent_grp[1]/e_rel_grp[1]/e_hh_ass_grp[1]/e_hh_ass_iron_coal,86,927
consent_grp[1]/e_rel_grp[1]/e_hh_ass_grp[1]/e_hh_ass_iron_gas,86,927
consent_grp[1]/f_rel_grp[1]/f_comm_note,9,1013
consent_grp[1]/f_rel_grp[1]/section_f[1]/f_born_comm,18,1023
consent_grp[1]/f_rel_grp[1]/section_f[1]/f_school_loc,10,1040
consent_grp[1]/f_rel_grp[1]/section_f[1]/f_lived_bef_teach,20,1050
consent_grp[1]/f_rel_grp[1]/section_f[1]/f_lived_grp[1]/f_lived_comm,16,1070
consent_grp[1]/f_rel_grp[1]/section_f[1]/f_lived_grp[1]/f_lived_comm_year,16,1070
consent_grp[1]/f_rel_grp[1]/section_f[1]/f_lived_grp[1]/f_lived_comm_month,16,1070
consent_grp[1]/f_rel_grp[1]/section_f[1]/f_fam_lived,21,1086
consent_grp[1]/f_rel_grp[1]/section_f[1]/f_emot_support,15,1107
consent_grp[1]/f_rel_grp[1]/section_f[1]/f_emot_support_num,11,1122
consent_grp[1]/f_rel_grp[1]/section_f[1]/f_lend_money,17,1134
consent_grp[1]/f_rel_grp[1]/section_f[1]/f_borrow_money,9,1150
consent_grp[1]/f_rel_grp[1]/section_f[1]/f_rel_live_nearby,19,1160
consent_grp[1]/f_rel_grp[1]/section_f[1]/f_part_comm,8,1179
consent_grp[1]/f_rel_grp[1]/section_f[1]/f_main_trans,12,1186
consent_grp[1]/f_rel_grp[1]/section_f[1]/f_min_get_sch_grp[1]/f_min_get_note,22,1199
consent_grp[1]/f_rel_grp[1]/section_f[1]/f_min_get_sch_grp[1]/f_h_get_school,22,1199
consent_grp[1]/f_rel_grp[1]/section_f[1]/f_min_get_sch_grp[1]/f_m_get_school,22,1199
consent_grp[1]/g_nature_wrk_note,9,1221
consent_grp[1]/section_g[1]/g_teach_pos,15,1230
consent_grp[1]/section_g[1]/g_teach_school,10,1244
consent_grp[1]/section_g[1]/g_kg_grade,14,1254
consent_grp[1]/section_g[1]/g_class_grp[1]/g_children_note,14,1268
consent_grp[1]/section_g[1]/g_class_grp[1]/g_kg_2,14,1268
consent_grp[1]/section_g[1]/g_ah_grp[1]/g_ah_note,108,1282
consent_grp[1]/section_g[1]/g_ah_grp[1]/g_ah_working,108,1282
consent_grp[1]/section_g[1]/g_ah_grp[1]/g_ah_prepping,108,1282
consent_grp[1]/section_g[1]/g_eh_grp[1]/g_eh_note,67,1390
consent_grp[1]/section_g[1]/g_eh_grp[1]/g_eh_working,67,1390
consent_grp[1]/section_g[1]/g_eh_grp[1]/g_eh_prepping,67,1390
consent_grp[1]/section_g[1]/g_teach_salary,36,1456
consent_grp[1]/section_g[1]/g_salary_freq,28,1481
consent_grp[1]/section_g[1]/g_salary_intime,12,1520
consent_grp[1]/section_g[1]/g_money_cmp,16,1532
consent_grp[1]/section_g[1]/g_job_outside,13,1548
consent_grp[1]/section_g[1]/g_job_outside_income,26,1561
consent_grp[1]/section_g[1]/g_earn_grp[1]/g_earn_amt,25,1587
consent_grp[1]/section_g[1]/g_earn_grp[1]/g_earn_freq,25,1587
consent_grp[1]/section_g[1]/g_extra_money_spec,12,1612
consent_grp[1]/section_g[1]/g_sch_pro_grp[1]/tmp_g_sch_pro_lab,160,1624
consent_grp[1]/section_g[1]/g_sch_pro_grp[1]/g_class,160,1624
consent_grp[1]/section_g[1]/g_sch_pro_grp[1]/g_class_taught,160,1624
consent_grp[1]/section_g[1]/g_sch_pro_grp[1]/g_fin_resource,160,1624
consent_grp[1]/section_g[1]/g_sch_pro_grp[1]/g_high_expe,160,1624
consent_grp[1]/section_g[1]/g_sch_pro_grp[1]/g_change_curri,160,1624
consent_grp[1]/section_g[1]/g_sch_pro_grp[1]/g_diff_curri,160,1624
consent_grp[1]/section_g[1]/g_sch_pro_grp[1]/g_easy_curri,160,1624
consent_grp[1]/section_g[1]/g_sch_pro_grp[1]/g_par_dem_high,160,1624
consent_grp[1]/section_g[1]/g_sch_pro_grp[1]/g_par_suff_interest,160,1624
consent_grp[1]/section_g[1]/g_sch_pro_grp[1]/g_par_suff_active,160,1624
consent_grp[1]/section_g[1]/g_par_supp_grp[1]/g_par_supp_note,23,1783
consent_grp[1]/section_g[1]/g_par_supp_grp[1]/g_home_wrk,20,1802
consent_grp[1]/section_g[1]/g_par_supp_grp[1]/g_behave_val,15,1827
consent_grp[1]/section_g[1]/g_par_supp_grp[1]/g_get_schl,8,1842
consent_grp[1]/section_g[1]/g_par_supp_grp[1]/g_visit_schl,14,1849
consent_grp[1]/section_g[1]/g_par_supp_grp[1]/g_show_respect,17,1863
consent_grp[1]/section_g[1]/g_par_supp_grp[1]/g_best_schl,10,1880
consent_grp[1]/section_g[1]/g_par_supp_grp[1]/g_parti_pta,8,1890
consent_grp[1]/section_g[1]/g_par_supp_grp[1]/g_cont_kg_act,9,1898
consent_grp[1]/section_g[1]/g_lead_respect,21,1907
consent_grp[1]/section_g[1]/g_val_citizen,25,1929
consent_grp[1]/section_h[1]/sec_h_depre_note,8,1954
consent_grp[1]/section_h[1]/h_depression_grp[1]/h_da_note,159,1962
consent_grp[1]/section_h[1]/h_depression_grp[1]/tmp_h_da_lab,159,1962
consent_grp[1]/section_h[1]/h_depression_grp[1]/h_headache,159,1962
consent_grp[1]/section_h[1]/h_depression_grp[1]/h_appetite,159,1962
consent_grp[1]/section_h[1]/h_depression_grp[1]/h_sleep,159,1962
consent_grp[1]/section_h[1]/h_depression_grp[1]/h_frightened,159,1962
consent_grp[1]/section_h[1]/h_depression_grp[1]/h_hands_shake,159,1962
consent_grp[1]/section_h[1]/h_depression_grp[1]/h_nervous,159,1962
consent_grp[1]/section_h[1]/h_depression_grp[1]/h_digestion,159,1962
consent_grp[1]/section_h[1]/h_depression_grp[1]/h_thinking,159,1962
consent_grp[1]/section_h[1]/h_depression_grp[1]/h_unhappy,159,1962
consent_grp[1]/section_h[1]/h_depression_grp[1]/h_cry,159,1962
consent_grp[1]/section_h[1]/h_depression_grp[1]/h_activities,159,1962
consent_grp[1]/section_h[1]/h_depression_grp[1]/h_decisions,159,1962
consent_grp[1]/section_h[1]/h_depression_grp[1]/h_daily_work,159,1962
consent_grp[1]/section_h[1]/h_depression_grp[1]/h_life,159,1962
consent_grp[1]/section_h[1]/h_depression_grp[1]/h_interest,159,1962
consent_grp[1]/section_h[1]/h_depression_grp[1]/h_worthless,159,1962
consent_grp[1]/section_h[1]/h_depression_grp[1]/h_end_life,159,1962
consent_grp[1]/section_h[1]/h_depression_grp[1]/h_tired,159,1962
consent_grp[1]/section_h[1]/h_depression_grp[1]/h_uncomfortable,159,1962
consent_grp[1]/section_h[1]/h_depression_grp[1]/h_easily_tired,159,1962
consent_grp[1]/section_h[1]/sec_h_ext_contr_note,3,2121
consent_grp[1]/section_h[1]/h_ext_control_grp[1]/h_ext_cont_note,2,2124
consent_grp[1]/section_h[1]/h_ext_control_grp[1]/h_pup_learn,42,2126
consent_grp[1]/section_h[1]/h_ext_control_grp[1]/h_discipline,11,2168
consent_grp[1]/section_h[1]/h_ext_control_grp[1]/h_stu_achieve,27,2179
consent_grp[1]/section_h[1]/h_ext_control_grp[1]/h_teach_motiv,24,2206
consent_grp[1]/section_h[1]/h_ext_control_grp[1]/h_good_teach,34,2230
consent_grp[1]/section_h[1]/sec_h_motiv_note,2,2264
consent_grp[1]/section_h[1]/h_motiv_grp[1]/h_motiv_note,1,2267
consent_grp[1]/section_h[1]/h_motiv_grp[1]/h_motiv_help,25,2268
consent_grp[1]/section_h[1]/h_motiv_grp[1]/h_quest_school,22,2293
consent_grp[1]/section_h[1]/h_motiv_grp[1]/h_help_child,8,2315
consent_grp[1]/section_h[1]/h_motiv_grp[1]/h_sch_goal,13,2322
consent_grp[1]/section_h[1]/h_motiv_grp[1]/h_help_emot,14,2335
consent_grp[1]/section_h[1]/h_motiv_grp[1]/h_enjoy_teach,29,2349
consent_grp[1]/section_h[1]/h_motiv_grp[1]/h_develop_society,12,2378
consent_grp[1]/section_h[1]/h_motiv_grp[1]/h_develop_socially,11,2389
consent_grp[1]/section_h[1]/h_motiv_grp[1]/h_perso_clear,10,2401
consent_grp[1]/section_h[1]/h_impor_thing,73,2411
consent_grp[1]/section_h[1]/h_job_satisfaction_grp[1]/h_job_satis_note,1,2484
consent_grp[1]/section_h[1]/h_job_satisfaction_grp[1]/h_look_out,38,2485
consent_grp[1]/section_h[1]/h_job_satisfaction_grp[1]/h_perso_worries,10,2523
consent_grp[1]/section_h[1]/h_job_satisfaction_grp[1]/h_know_col,23,2533
consent_grp[1]/section_h[1]/h_job_satisfaction_grp[1]/h_col_coop,9,2556
consent_grp[1]/section_h[1]/h_job_satisfaction_grp[1]/h_trust_col,6,2566
consent_grp[1]/section_h[1]/h_job_satisfaction_grp[1]/h_enjoy_col,9,2572
consent_grp[1]/section_h[1]/h_job_satisfaction_grp[1]/h_sup_respect,6,2581
consent_grp[1]/section_h[1]/h_job_satisfaction_grp[1]/h_sup_busy,13,2587
consent_grp[1]/section_h[1]/h_job_satisfaction_grp[1]/h_sup_opinion,9,2600
consent_grp[1]/section_h[1]/h_job_satisfaction_grp[1]/h_count_sup,7,2608
consent_grp[1]/section_h[1]/h_job_satisfaction_grp[1]/h_motivated,10,2615
consent_grp[1]/section_h[1]/h_job_satisfaction_grp[1]/h_sup_unpredict,8,2625
consent_grp[1]/section_h[1]/h_job_satisfaction_grp[1]/h_wrk_challenge,14,2633
consent_grp[1]/section_h[1]/h_job_satisfaction_grp[1]/h_wrk_monotonous,17,2647
consent_grp[1]/section_h[1]/h_job_satisfaction_grp[1]/h_wrk_creative,7,2664
consent_grp[1]/section_h[1]/h_job_satisfaction_grp[1]/h_big_impact,8,2670
consent_grp[1]/section_h[1]/h_job_satisfaction_grp[1]/h_little_time,20,2678
consent_grp[1]/section_h[1]/h_job_satisfaction_grp[1]/h_control_satis,12,2698
consent_grp[1]/section_h[1]/h_job_satisfaction_grp[1]/h_look,7,2710
consent_grp[1]/section_h[1]/h_job_satisfaction_grp[1]/h_small_space,8,2717
consent_grp[1]/section_h[1]/h_job_satisfaction_grp[1]/h_new_mat,6,2726
consent_grp[1]/section_h[1]/h_job_satisfaction_grp[1]/h_clean_kinder,16,2732
consent_grp[1]/section_h[1]/h_job_satisfaction_grp[1]/h_loud_kinder,25,2748
consent_grp[1]/section_h[1]/h_job_satisfaction_grp[1]/h_kinder_rules,10,2773
consent_grp[1]/section_h[1]/h_job_satisfaction_grp[1]/h_satisfied_paid,12,2783
consent_grp[1]/section_h[1]/h_burnout_grp[1]/h_burnout_note,5,2795
consent_grp[1]/section_h[1]/h_burnout_grp[1]/h_emotion_drained,34,2801
consent_grp[1]/section_h[1]/h_burnout_grp[1]/h_used_up,14,2834
consent_grp[1]/section_h[1]/h_burnout_grp[1]/h_fatigued,11,2848
consent_grp[1]/section_h[1]/h_burnout_grp[1]/h_child_feel,11,2860
consent_grp[1]/section_h[1]/h_burnout_grp[1]/h_child_impersonal,12,2871
consent_grp[1]/section_h[1]/h_burnout_grp[1]/h_ppl_strain,20,2883
consent_grp[1]/section_h[1]/h_burnout_grp[1]/h_deal_effect,9,2903
consent_grp[1]/section_h[1]/h_burnout_grp[1]/h_burnout,7,2912
consent_grp[1]/section_h[1]/h_burnout_grp[1]/h_pos_influence,10,2919
consent_grp[1]/section_h[1]/h_burnout_grp[1]/h_cold,16,2929
consent_grp[1]/section_h[1]/h_burnout_grp[1]/h_hard,18,2945
consent_grp[1]/section_h[1]/h_burnout_grp[1]/h_energetic,17,2963
consent_grp[1]/section_h[1]/h_burnout_grp[1]/h_frustrated,16,2981
consent_grp[1]/section_h[1]/h_burnout_grp[1]/h_work_hard,9,2996
consent_grp[1]/section_h[1]/h_burnout_grp[1]/h_dont_care,18,3006
consent_grp[1]/section_h[1]/h_burnout_grp[1]/h_put_pressure,16,3024
consent_grp[1]/section_h[1]/h_burnout_grp[1]/h_relax,11,3040
consent_grp[1]/section_h[1]/h_burnout_grp[1]/h_excited,22,3051
consent_grp[1]/section_h[1]/h_burnout_grp[1]/h_accomplished,14,3073
consent_grp[1]/section_h[1]/h_burnout_grp[1]/h_end_of_rop,13,3087
consent_grp[1]/section_h[1]/h_burnout_grp[1]/h_emot_pro_calm,10,3101
consent_grp[1]/i_teacher_knowledge_grp[1]/I_teach_know_note,16,3111
consent_grp[1]/i_teacher_knowledge_grp[1]/i_consonance,69,3113
consent_grp[1]/i_teacher_knowledge_grp[1]/i_vowel,13,3196
consent_grp[1]/i_teacher_knowledge_grp[1]/i_unbelievable,15,3209
consent_grp[1]/i_teacher_knowledge_grp[1]/i_irregular,20,3224
consent_grp[1]/i_teacher_knowledge_grp[1]/i_cat,11,3244
consent_grp[1]/i_teacher_knowledge_grp[1]/i_cough,20,3255
consent_grp[1]/i_teacher_knowledge_grp[1]/i_check,23,3275
consent_grp[1]/i_teacher_knowledge_grp[1]/i_english,24,3298
consent_grp[1]/j_perception_grp[1]/j_perception_note,1,3321
consent_grp[1]/j_perception_grp[1]/j_dev_practice_grp[1]/j_dev_practice_note,37,3323
consent_grp[1]/j_perception_grp[1]/j_dev_practice_grp[1]/j_child_need,66,3351
consent_grp[1]/j_perception_grp[1]/j_dev_practice_grp[1]/j_recog_letter,9,3426
consent_grp[1]/j_perception_grp[1]/j_dev_practice_grp[1]/j_recog_number,8,3435
consent_grp[1]/j_perception_grp[1]/j_dev_practice_grp[1]/j_recog_colour,7,3443
consent_grp[1]/j_perception_grp[1]/j_dev_practice_grp[1]/j_indiv_goal,20,3451
consent_grp[1]/j_perception_grp[1]/j_dev_practice_grp[1]/j_play_materials,37,3471
consent_grp[1]/j_perception_grp[1]/j_dev_practice_grp[1]/j_child_measure,13,3508
consent_grp[1]/j_perception_grp[1]/j_supp_chil_grp[1]/j_supp_chil_note,12,3521
consent_grp[1]/j_perception_grp[1]/j_supp_chil_grp[1]/j_build_relation,24,3533
consent_grp[1]/j_perception_grp[1]/j_supp_chil_grp[1]/j_control_behaviour,11,3558
consent_grp[1]/j_perception_grp[1]/j_supp_chil_grp[1]/j_express_thought,12,3569
consent_grp[1]/j_perception_grp[1]/j_supp_chil_grp[1]/j_resolve_conflicts,13,3581
consent_grp[1]/j_perception_grp[1]/j_supp_chil_grp[1]/j_guidance_style,27,3594
consent_grp[1]/j_perception_grp[1]/j_fam_sensitive_grp[1]/j_fam_sensitive_note,68,3620
consent_grp[1]/j_perception_grp[1]/j_fam_sensitive_grp[1]/j_parent_goal,68,3620
consent_grp[1]/j_perception_grp[1]/j_fam_sensitive_grp[1]/j_work_schedule,68,3620
consent_grp[1]/j_perception_grp[1]/j_fam_sensitive_grp[1]/j_fam_decision,68,3620
consent_grp[1]/j_perception_grp[1]/j_fam_sensitive_grp[1]/j_family_care,68,3620
consent_grp[1]/j_perception_grp[1]/j_fam_sensitive_grp[1]/j_connect_family,68,3620
consent_grp[1]/k_grp[1]/k_instro_note,23,3688
consent_grp[1]/k_grp[1]/k_ts_grp[1]/tmp_k_labels,77,3691
consent_grp[1]/k_grp[1]/k_ts_grp[1]/k_take_priviledges,77,3691
consent_grp[1]/k_grp[1]/k_ts_grp[1]/k_explain_behavior,77,3691
consent_grp[1]/k_grp[1]/k_ts_grp[1]/k_shook,77,3691
consent_grp[1]/k_grp[1]/k_ts_grp[1]/k_shouted,77,3691
consent_grp[1]/k_grp[1]/k_ts_grp[1]/k_gave_something,77,3691
consent_grp[1]/k_grp[1]/k_ts_grp[1]/k_spanked,77,3691
consent_grp[1]/k_grp[1]/k_ts_grp[1]/k_hit_bottom,77,3691
consent_grp[1]/k_grp[1]/k_ts_grp[1]/k_call_dumb,77,3691
consent_grp[1]/k_grp[1]/k_ts_grp[1]/k_hit_face,77,3691
consent_grp[1]/k_grp[1]/k_ts_grp[1]/k_praised,77,3691
consent_grp[1]/k_grp[1]/k_ts_grp[1]/k_affection,77,3691
consent_grp[1]/k_grp[1]/k_ts_grp[1]/k_rewarded,77,3691
consent_grp[1]/l_teaching_prac_grp[1]/l_note,9,3788
consent_grp[1]/l_teaching_prac_grp[1]/l_previos_kinder_act[1]/tmp_l_prac_lab,74,3791
consent_grp[1]/l_teaching_prac_grp[1]/l_previos_kinder_act[1]/l_hygiene_routine,74,3791
consent_grp[1]/l_teaching_prac_grp[1]/l_previos_kinder_act[1]/l_supply,74,3791
consent_grp[1]/l_teaching_prac_grp[1]/l_previos_kinder_act[1]/l_pamper,74,3791
consent_grp[1]/l_teaching_prac_grp[1]/l_previos_kinder_act[1]/l_read,74,3791
consent_grp[1]/l_teaching_prac_grp[1]/l_previos_kinder_act[1]/l_tell,74,3791
consent_grp[1]/l_teaching_prac_grp[1]/l_previos_kinder_act[1]/l_conversatin,74,3791
consent_grp[1]/l_teaching_prac_grp[1]/l_previos_kinder_act[1]/l_sing,74,3791
consent_grp[1]/l_teaching_prac_grp[1]/l_previos_kinder_act[1]/l_dance,74,3791
consent_grp[1]/l_teaching_prac_grp[1]/l_previos_kinder_act[1]/l_visit,74,3791
consent_grp[1]/l_teaching_prac_grp[1]/l_previos_kinder_act[1]/l_play_kg,74,3791
consent_grp[1]/l_teaching_prac_grp[1]/l_previos_kinder_act[1]/l_play_recrea,74,3791
consent_grp[1]/l_teaching_prac_grp[1]/l_previos_kinder_act[1]/l_sleep,74,3791
consent_grp[1]/l_teaching_prac_grp[1]/l_previos_kinder_act[1]/l_run,74,3791
consent_grp[1]/l_teaching_prac_grp[1]/l_previos_kinder_act[1]/l_group_learn,74,3791
consent_grp[1]/l_teaching_prac_grp[1]/l_previos_kinder_act[1]/l_indiv_learn,74,3791
consent_grp[1]/l_teaching_prac_grp[1]/l_class_acti_grp[1]/l_act_grp[1]/tmp_l_class_lab,56,3871
consent_grp[1]/l_teaching_prac_grp[1]/l_class_acti_grp[1]/l_act_grp[1]/l_teach_colour,56,3871
consent_grp[1]/l_teaching_prac_grp[1]/l_class_acti_grp[1]/l_act_grp[1]/l_teach_number,56,3871
consent_grp[1]/l_teaching_prac_grp[1]/l_class_acti_grp[1]/l_act_grp[1]/l_teach_letter,56,3871
consent_grp[1]/l_teaching_prac_grp[1]/l_class_acti_grp[1]/l_act_grp[1]/l_teach_form,56,3871
consent_grp[1]/l_teaching_prac_grp[1]/l_class_acti_grp[1]/l_act_grp[1]/l_socialise,56,3871
consent_grp[1]/l_teaching_prac_grp[1]/l_class_acti_grp[1]/l_act_grp[1]/l_pro_solve,56,3871
consent_grp[1]/l_teaching_prac_grp[1]/l_class_acti_grp[1]/l_act_grp[1]/l_writing,56,3871
consent_grp[1]/l_teaching_prac_grp[1]/l_class_acti_grp[1]/l_act_grp[1]/l_teach_body,56,3871
consent_grp[1]/l_teaching_prac_grp[1]/l_class_acti_grp[1]/l_act_grp[1]/l_pers_hygiene,56,3871
consent_grp[1]/l_teaching_prac_grp[1]/l_class_acti_grp[1]/l_act_grp[1]/l_art_expre,56,3871
consent_grp[1]/l_teaching_prac_grp[1]/l_class_acti_grp[1]/l_act_grp[1]/l_body_lang,56,3871
consent_grp[1]/l_teaching_prac_grp[1]/l_class_acti_grp[1]/l_act_grp[1]/l_concentration,56,3871
consent_grp[1]/l_teaching_prac_grp[1]/l_class_acti_grp[1]/l_act_grp[1]/l_gross_motor,56,3871
consent_grp[1]/l_teaching_prac_grp[1]/l_class_acti_grp[1]/l_act_grp[1]/l_fine_motor,56,3871
consent_grp[1]/l_teaching_prac_grp[1]/l_class_acti_grp[1]/l_act_grp[1]/l_gender,56,3871
consent_grp[1]/l_teaching_prac_grp[1]/l_class_acti_grp[1]/l_act_grp[1]/l_responsibility,56,3871
consent_grp[1]/l_teaching_prac_grp[1]/l_class_acti_grp[1]/l_act_grp[1]/l_speech,56,3871
consent_grp[1]/l_teaching_prac_grp[1]/l_class_acti_grp[1]/l_act_grp[1]/l_explore_comm,56,3871
consent_grp[1]/l_teaching_prac_grp[1]/l_class_acti_grp[1]/l_act_grp[1]/l_explore_culture,56,3871
consent_grp[1]/l_teaching_prac_grp[1]/l_parent_interact_note,2,3927
consent_grp[1]/l_teaching_prac_grp[1]/l_actively_engaged,12,3929
consent_grp[1]/l_teaching_prac_grp[1]/l_proportion_child,16,3941
consent_grp[1]/l_teaching_prac_grp[1]/l_proportion_child_more,13,3957
consent_grp[1]/l_teaching_prac_grp[1]/l_visit_pupil_house,25,3970
consent_grp[1]/l_teaching_prac_grp[1]/l_visit_parent_house,16,3995
consent_grp[1]/l_teaching_prac_grp[1]/l_receive_parent_supp,18,4011
consent_grp[1]/l_teaching_prac_grp[1]/l_day_teaching_note,7,4029
consent_grp[1]/l_teaching_prac_grp[1]/l_day_grp[1]/tmp_l_labs,44,4036
consent_grp[1]/l_teaching_prac_grp[1]/l_day_grp[1]/l_daily_schedule,44,4036
consent_grp[1]/l_teaching_prac_grp[1]/l_day_grp[1]/l_play_period,44,4036
consent_grp[1]/l_teaching_prac_grp[1]/l_day_grp[1]/l_free_play,44,4036
consent_grp[1]/l_teaching_prac_grp[1]/l_day_grp[1]/l_activities,44,4036
consent_grp[1]/l_teaching_prac_grp[1]/l_per_daily_grp[1]/l_perc_note,171,4081
consent_grp[1]/l_teaching_prac_grp[1]/l_per_daily_grp[1]/l_admin_per,171,4081
consent_grp[1]/l_teaching_prac_grp[1]/l_per_daily_grp[1]/l_class_per,171,4081
consent_grp[1]/l_teaching_prac_grp[1]/l_per_daily_grp[1]/l_teach_per,171,4081
consent_grp[1]/l_teaching_prac_grp[1]/l_per_daily_grp[1]/l_super_per,171,4081
consent_grp[1]/l_teaching_prac_grp[1]/l_per_daily_grp[1]/l_super_oth_per,171,4081
consent_grp[1]/l_teaching_prac_grp[1]/l_per_daily_grp[1]/l_break_per,171,4081
consent_grp[1]/l_teaching_prac_grp[1]/l_discipline_note,27,4252
consent_grp[1]/l_teaching_prac_grp[1]/l_dont_like,30,4279
consent_grp[1]/l_teaching_prac_grp[1]/l_really_bad,13,4308
consent_grp[1]/l_teaching_prac_grp[1]/l_does_good,18,4321
consent_grp[1]/l_teaching_prac_grp[1]/l_praise,23,4340
consent_grp[1]/q_note,35,4359
consent_grp[1]/q_activ_yn,15,4385
s_int_accom_yn,3,4412
comments,6,4415
gps,5,4594
