Field name,Total duration (seconds),First appeared (seconds into survey)
instruction,386,10
a_district_id,4,396
a_circuit_id,25,400
a_kg_id,36,425
a_community_id,16,461
a_enum_id,8,478
consent_note,2,486
con_understand,3,487
con_questions,2,490
con_written,2,492
consent_grp[1]/audio_consent,2,494
consent_grp[1]/d_background_note,6,496
consent_grp[1]/section_d[1]/kgt_key,18,503
consent_grp[1]/section_d[1]/kgt_name_gp[1]/kgt_fsn,114,521
consent_grp[1]/section_d[1]/kgt_name_gp[1]/kgt_msn,114,521
consent_grp[1]/section_d[1]/kgt_name_gp[1]/kgt_lsn,114,521
consent_grp[1]/section_d[1]/kgt_name_gp[1]/kgt_ppn,114,521
consent_grp[1]/section_d[1]/kgt_name_gp[1]/d_sex,114,521
consent_grp[1]/section_d[1]/kgt_confirm_note,21,635
consent_grp[1]/section_d[1]/d_num_cnt,25,655
consent_grp[1]/section_d[1]/d_cnt_grp[1]/d_cnt_main,37,680
consent_grp[1]/section_d[1]/d_cnt_grp[1]/d_cnt_sec,37,680
consent_grp[1]/section_d[1]/d_age,10,717
consent_grp[1]/section_d[1]/d_teacher_grp[1]/d_been_teacher,35,727
consent_grp[1]/section_d[1]/d_teacher_grp[1]/d_teacher_year,35,727
consent_grp[1]/section_d[1]/d_teacher_grp[1]/d_teacher_month,35,727
consent_grp[1]/section_d[1]/d_been_kinder_grp[1]/d_been_kinder,44,750
consent_grp[1]/section_d[1]/d_been_kinder_grp[1]/d_kinder_year,44,750
consent_grp[1]/section_d[1]/d_been_kinder_grp[1]/d_kinder_month,44,750
consent_grp[1]/section_d[1]/d_work_last,13,806
consent_grp[1]/section_d[1]/d_os_yn,15,819
consent_grp[1]/section_d[1]/d_edu_level,14,834
consent_grp[1]/section_d[1]/d_edu_train,19,847
consent_grp[1]/section_d[1]/d_edu_level_train,33,867
consent_grp[1]/section_d[1]/d_edu_level_fath,10,899
consent_grp[1]/section_d[1]/d_edu_level_mom,6,909
consent_grp[1]/section_d[1]/d_marital_status,7,915
consent_grp[1]/section_d[1]/d_ethnic_group,10,923
consent_grp[1]/section_d[1]/d_religion,5,933
consent_grp[1]/section_d[1]/d_la_spk_grp[1]/d_la_spk_note,55,938
consent_grp[1]/section_d[1]/d_la_spk_grp[1]/d_la_spk_eng,55,938
consent_grp[1]/section_d[1]/d_la_spk_grp[1]/d_la_spk_grun,55,938
consent_grp[1]/section_d[1]/d_la_wrt_grp[1]/d_la_wrt_note,25,993
consent_grp[1]/section_d[1]/d_la_wrt_grp[1]/d_la_wrt_eng,25,993
consent_grp[1]/section_d[1]/d_la_wrt_grp[1]/d_la_wrt_grun,25,993
consent_grp[1]/section_d[1]/d_main_language,16,1018
consent_grp[1]/section_d[1]/d_loc_lang_kinderg,12,1034
consent_grp[1]/e_rel_grp[1]/e_hh_note,6,1046
consent_grp[1]/e_rel_grp[1]/e_hh_num,43,1052
consent_grp[1]/e_rel_grp[1]/e_hh_grp[1]/e_hh_head,55,1095
consent_grp[1]/e_rel_grp[1]/e_hh_grp[1]/e_chil_hh,55,1095
consent_grp[1]/e_rel_grp[1]/e_hh_grp[1]/e_adult_hh,55,1095
consent_grp[1]/e_rel_grp[1]/e_hh_school,17,1150
consent_grp[1]/e_rel_grp[1]/e_read_english,25,1167
consent_grp[1]/e_rel_grp[1]/e_rate_health,38,1192
consent_grp[1]/e_rel_grp[1]/e_live_note,24,1230
consent_grp[1]/e_rel_grp[1]/e_rooms_occu,30,1254
consent_grp[1]/e_rel_grp[1]/e_own_status,17,1284
consent_grp[1]/e_rel_grp[1]/e_electricity_inhouse,6,1301
consent_grp[1]/e_rel_grp[1]/e_floor_material,45,1307
consent_grp[1]/e_rel_grp[1]/e_interior_floor,10,1352
consent_grp[1]/e_rel_grp[1]/e_roof_mat,32,1363
consent_grp[1]/e_rel_grp[1]/e_cook_fuel,23,1394
consent_grp[1]/e_rel_grp[1]/e_lighting,24,1417
consent_grp[1]/e_rel_grp[1]/e_drink_source,10,1441
consent_grp[1]/e_rel_grp[1]/e_toilet_facility,11,1452
consent_grp[1]/e_rel_grp[1]/e_asset_note,4,1463
consent_grp[1]/e_rel_grp[1]/e_hh_own_phone,15,1467
consent_grp[1]/e_rel_grp[1]/e_hh_ass_grp[1]/tmp_e_hh_ass_lab,112,1482
consent_grp[1]/e_rel_grp[1]/e_hh_ass_grp[1]/e_hh_ass_radio,112,1482
consent_grp[1]/e_rel_grp[1]/e_hh_ass_grp[1]/e_hh_ass_refrig,112,1482
consent_grp[1]/e_rel_grp[1]/e_hh_ass_grp[1]/e_hh_ass_bike,112,1482
consent_grp[1]/e_rel_grp[1]/e_hh_ass_grp[1]/e_hh_ass_tv,112,1482
consent_grp[1]/e_rel_grp[1]/e_hh_ass_grp[1]/e_hh_ass_vcr,112,1482
consent_grp[1]/e_rel_grp[1]/e_hh_ass_grp[1]/e_hh_ass_motor,112,1482
consent_grp[1]/e_rel_grp[1]/e_hh_ass_grp[1]/e_hh_ass_car,112,1482
consent_grp[1]/e_rel_grp[1]/e_hh_ass_grp[1]/e_hh_ass_tractor,112,1482
consent_grp[1]/e_rel_grp[1]/e_hh_ass_grp[1]/e_hh_ass_farm_equip,112,1482
consent_grp[1]/e_rel_grp[1]/e_hh_ass_grp[1]/e_hh_ass_sew_mach,112,1482
consent_grp[1]/e_rel_grp[1]/e_hh_ass_grp[1]/e_hh_ass_bed,112,1482
consent_grp[1]/e_rel_grp[1]/e_hh_ass_grp[1]/e_hh_ass_mattress,112,1482
consent_grp[1]/e_rel_grp[1]/e_hh_ass_grp[1]/e_hh_ass_table_chair,112,1482
consent_grp[1]/e_rel_grp[1]/e_hh_ass_grp[1]/e_hh_ass_stool,112,1482
consent_grp[1]/e_rel_grp[1]/e_hh_ass_grp[1]/e_hh_ass_sofa,112,1482
consent_grp[1]/e_rel_grp[1]/e_hh_ass_grp[1]/e_hh_ass_fan,112,1482
consent_grp[1]/e_rel_grp[1]/e_hh_ass_grp[1]/e_hh_ass_lamp,112,1482
consent_grp[1]/e_rel_grp[1]/e_hh_ass_grp[1]/e_hh_ass_watch,112,1482
consent_grp[1]/e_rel_grp[1]/e_hh_ass_grp[1]/e_hh_ass_mat,112,1482
consent_grp[1]/e_rel_grp[1]/e_hh_ass_grp[1]/e_hh_ass_torch,112,1482
consent_grp[1]/e_rel_grp[1]/e_hh_ass_grp[1]/e_hh_ass_cabinet,112,1482
consent_grp[1]/e_rel_grp[1]/e_hh_ass_grp[1]/e_hh_ass_pot,112,1482
consent_grp[1]/e_rel_grp[1]/e_hh_ass_grp[1]/e_hh_ass_itn,112,1482
consent_grp[1]/e_rel_grp[1]/e_hh_ass_grp[1]/e_hh_ass_iron_elec,112,1482
consent_grp[1]/e_rel_grp[1]/e_hh_ass_grp[1]/e_hh_ass_iron_coal,112,1482
consent_grp[1]/e_rel_grp[1]/e_hh_ass_grp[1]/e_hh_ass_iron_gas,112,1482
consent_grp[1]/f_rel_grp[1]/f_comm_note,7,1594
consent_grp[1]/f_rel_grp[1]/section_f[1]/f_born_comm,24,1601
consent_grp[1]/f_rel_grp[1]/section_f[1]/f_school_loc,12,1625
consent_grp[1]/f_rel_grp[1]/section_f[1]/f_lived_bef_teach,16,1637
consent_grp[1]/f_rel_grp[1]/section_f[1]/f_lived_grp[1]/f_lived_comm,49,1653
consent_grp[1]/f_rel_grp[1]/section_f[1]/f_lived_grp[1]/f_lived_comm_year,49,1653
consent_grp[1]/f_rel_grp[1]/section_f[1]/f_lived_grp[1]/f_lived_comm_month,49,1653
consent_grp[1]/f_rel_grp[1]/section_f[1]/f_fam_lived,29,1702
consent_grp[1]/f_rel_grp[1]/section_f[1]/f_emot_support,36,1731
consent_grp[1]/f_rel_grp[1]/section_f[1]/f_emot_support_num,42,1767
consent_grp[1]/f_rel_grp[1]/section_f[1]/f_lend_money,32,1809
consent_grp[1]/f_rel_grp[1]/section_f[1]/f_borrow_money,19,1841
consent_grp[1]/f_rel_grp[1]/section_f[1]/f_rel_live_nearby,45,1860
consent_grp[1]/f_rel_grp[1]/section_f[1]/f_part_comm,10,1905
consent_grp[1]/f_rel_grp[1]/section_f[1]/f_main_trans,15,1915
consent_grp[1]/f_rel_grp[1]/section_f[1]/f_min_get_sch_grp[1]/f_min_get_note,25,1928
consent_grp[1]/f_rel_grp[1]/section_f[1]/f_min_get_sch_grp[1]/f_h_get_school,25,1928
consent_grp[1]/f_rel_grp[1]/section_f[1]/f_min_get_sch_grp[1]/f_m_get_school,25,1928
consent_grp[1]/g_nature_wrk_note,4,1955
consent_grp[1]/section_g[1]/g_teach_pos,17,1959
consent_grp[1]/section_g[1]/g_teach_school,9,1976
consent_grp[1]/section_g[1]/g_kg_grade,28,1985
consent_grp[1]/section_g[1]/g_class_grp[1]/g_children_note,40,2013
consent_grp[1]/section_g[1]/g_class_grp[1]/g_kg_2,40,2013
consent_grp[1]/section_g[1]/g_ah_grp[1]/g_ah_note,92,2053
consent_grp[1]/section_g[1]/g_ah_grp[1]/g_ah_working,92,2053
consent_grp[1]/section_g[1]/g_ah_grp[1]/g_ah_prepping,92,2053
consent_grp[1]/section_g[1]/g_eh_grp[1]/g_eh_note,106,2145
consent_grp[1]/section_g[1]/g_eh_grp[1]/g_eh_working,106,2145
consent_grp[1]/section_g[1]/g_eh_grp[1]/g_eh_prepping,106,2145
consent_grp[1]/section_g[1]/g_teach_salary,23,2251
consent_grp[1]/section_g[1]/g_salary_freq,10,2274
consent_grp[1]/section_g[1]/g_salary_intime,48,2284
consent_grp[1]/section_g[1]/g_money_cmp,19,2332
consent_grp[1]/section_g[1]/g_money_cmp_hrs,28,2351
consent_grp[1]/section_g[1]/g_money_cmp_amt,29,2379
consent_grp[1]/section_g[1]/g_job_outside,19,2408
consent_grp[1]/section_g[1]/g_job_outside_income,15,2427
consent_grp[1]/section_g[1]/g_earn_grp[1]/g_earn_amt,52,2442
consent_grp[1]/section_g[1]/g_earn_grp[1]/g_earn_freq,52,2442
consent_grp[1]/section_g[1]/g_extra_money_spec,26,2494
consent_grp[1]/section_g[1]/g_sch_pro_grp[1]/tmp_g_sch_pro_lab,276,2521
consent_grp[1]/section_g[1]/g_sch_pro_grp[1]/g_class,276,2521
consent_grp[1]/section_g[1]/g_sch_pro_grp[1]/g_class_taught,276,2521
consent_grp[1]/section_g[1]/g_sch_pro_grp[1]/g_fin_resource,276,2521
consent_grp[1]/section_g[1]/g_sch_pro_grp[1]/g_high_expe,276,2521
consent_grp[1]/section_g[1]/g_sch_pro_grp[1]/g_change_curri,276,2521
consent_grp[1]/section_g[1]/g_sch_pro_grp[1]/g_diff_curri,276,2521
consent_grp[1]/section_g[1]/g_sch_pro_grp[1]/g_easy_curri,276,2521
consent_grp[1]/section_g[1]/g_sch_pro_grp[1]/g_par_dem_high,276,2521
consent_grp[1]/section_g[1]/g_sch_pro_grp[1]/g_par_suff_interest,276,2521
consent_grp[1]/section_g[1]/g_sch_pro_grp[1]/g_par_suff_active,276,2521
consent_grp[1]/section_g[1]/g_par_supp_grp[1]/g_par_supp_note,22,2797
consent_grp[1]/section_g[1]/g_par_supp_grp[1]/g_home_wrk,27,2819
consent_grp[1]/section_g[1]/g_par_supp_grp[1]/g_behave_val,26,2846
consent_grp[1]/section_g[1]/g_par_supp_grp[1]/g_get_schl,13,2872
consent_grp[1]/section_g[1]/g_par_supp_grp[1]/g_visit_schl,16,2886
consent_grp[1]/section_g[1]/g_par_supp_grp[1]/g_show_respect,12,2901
consent_grp[1]/section_g[1]/g_par_supp_grp[1]/g_best_schl,13,2913
consent_grp[1]/section_g[1]/g_par_supp_grp[1]/g_parti_pta,7,2927
consent_grp[1]/section_g[1]/g_par_supp_grp[1]/g_cont_kg_act,10,2934
consent_grp[1]/section_g[1]/g_lead_respect,28,2944
consent_grp[1]/section_g[1]/g_val_citizen,26,2972
consent_grp[1]/section_h[1]/sec_h_depre_note,27,2997
consent_grp[1]/section_h[1]/h_depression_grp[1]/h_da_note,129,3024
consent_grp[1]/section_h[1]/h_depression_grp[1]/tmp_h_da_lab,129,3024
consent_grp[1]/section_h[1]/h_depression_grp[1]/h_headache,129,3024
consent_grp[1]/section_h[1]/h_depression_grp[1]/h_appetite,129,3024
consent_grp[1]/section_h[1]/h_depression_grp[1]/h_sleep,129,3024
consent_grp[1]/section_h[1]/h_depression_grp[1]/h_frightened,129,3024
consent_grp[1]/section_h[1]/h_depression_grp[1]/h_hands_shake,129,3024
consent_grp[1]/section_h[1]/h_depression_grp[1]/h_nervous,129,3024
consent_grp[1]/section_h[1]/h_depression_grp[1]/h_digestion,129,3024
consent_grp[1]/section_h[1]/h_depression_grp[1]/h_thinking,129,3024
consent_grp[1]/section_h[1]/h_depression_grp[1]/h_unhappy,129,3024
consent_grp[1]/section_h[1]/h_depression_grp[1]/h_cry,129,3024
consent_grp[1]/section_h[1]/h_depression_grp[1]/h_activities,129,3024
consent_grp[1]/section_h[1]/h_depression_grp[1]/h_decisions,129,3024
consent_grp[1]/section_h[1]/h_depression_grp[1]/h_daily_work,129,3024
consent_grp[1]/section_h[1]/h_depression_grp[1]/h_life,129,3024
consent_grp[1]/section_h[1]/h_depression_grp[1]/h_interest,129,3024
consent_grp[1]/section_h[1]/h_depression_grp[1]/h_worthless,129,3024
consent_grp[1]/section_h[1]/h_depression_grp[1]/h_end_life,129,3024
consent_grp[1]/section_h[1]/h_depression_grp[1]/h_tired,129,3024
consent_grp[1]/section_h[1]/h_depression_grp[1]/h_uncomfortable,129,3024
consent_grp[1]/section_h[1]/h_depression_grp[1]/h_easily_tired,129,3024
consent_grp[1]/section_h[1]/sec_h_ext_contr_note,11,3154
consent_grp[1]/section_h[1]/h_ext_control_grp[1]/h_ext_cont_note,3,3165
consent_grp[1]/section_h[1]/h_ext_control_grp[1]/h_pup_learn,94,3168
consent_grp[1]/section_h[1]/h_ext_control_grp[1]/h_discipline,16,3262
consent_grp[1]/section_h[1]/h_ext_control_grp[1]/h_stu_achieve,17,3278
consent_grp[1]/section_h[1]/h_ext_control_grp[1]/h_teach_motiv,20,3295
consent_grp[1]/section_h[1]/h_ext_control_grp[1]/h_good_teach,36,3314
consent_grp[1]/section_h[1]/sec_h_motiv_note,3,3351
consent_grp[1]/section_h[1]/h_motiv_grp[1]/h_motiv_note,2,3353
consent_grp[1]/section_h[1]/h_motiv_grp[1]/h_motiv_help,23,3355
consent_grp[1]/section_h[1]/h_motiv_grp[1]/h_quest_school,15,3378
consent_grp[1]/section_h[1]/h_motiv_grp[1]/h_help_child,7,3393
consent_grp[1]/section_h[1]/h_motiv_grp[1]/h_sch_goal,11,3400
consent_grp[1]/section_h[1]/h_motiv_grp[1]/h_help_emot,20,3411
consent_grp[1]/section_h[1]/h_motiv_grp[1]/h_enjoy_teach,7,3431
consent_grp[1]/section_h[1]/h_motiv_grp[1]/h_develop_society,12,3438
consent_grp[1]/section_h[1]/h_motiv_grp[1]/h_develop_socially,27,3450
consent_grp[1]/section_h[1]/h_motiv_grp[1]/h_perso_clear,13,3477
consent_grp[1]/section_h[1]/h_impor_thing,50,3491
consent_grp[1]/section_h[1]/h_job_satisfaction_grp[1]/h_job_satis_note,6,3540
consent_grp[1]/section_h[1]/h_job_satisfaction_grp[1]/h_look_out,84,3546
consent_grp[1]/section_h[1]/h_job_satisfaction_grp[1]/h_perso_worries,12,3630
consent_grp[1]/section_h[1]/h_job_satisfaction_grp[1]/h_know_col,31,3642
consent_grp[1]/section_h[1]/h_job_satisfaction_grp[1]/h_col_coop,10,3673
consent_grp[1]/section_h[1]/h_job_satisfaction_grp[1]/h_trust_col,31,3683
consent_grp[1]/section_h[1]/h_job_satisfaction_grp[1]/h_enjoy_col,8,3714
consent_grp[1]/section_h[1]/h_job_satisfaction_grp[1]/h_sup_respect,8,3722
consent_grp[1]/section_h[1]/h_job_satisfaction_grp[1]/h_sup_busy,9,3729
consent_grp[1]/section_h[1]/h_job_satisfaction_grp[1]/h_sup_opinion,6,3738
consent_grp[1]/section_h[1]/h_job_satisfaction_grp[1]/h_count_sup,6,3744
consent_grp[1]/section_h[1]/h_job_satisfaction_grp[1]/h_motivated,9,3750
consent_grp[1]/section_h[1]/h_job_satisfaction_grp[1]/h_sup_unpredict,6,3758
consent_grp[1]/section_h[1]/h_job_satisfaction_grp[1]/h_wrk_challenge,14,3764
consent_grp[1]/section_h[1]/h_job_satisfaction_grp[1]/h_wrk_monotonous,50,3778
consent_grp[1]/section_h[1]/h_job_satisfaction_grp[1]/h_wrk_creative,7,3829
consent_grp[1]/section_h[1]/h_job_satisfaction_grp[1]/h_big_impact,8,3836
consent_grp[1]/section_h[1]/h_job_satisfaction_grp[1]/h_little_time,11,3844
consent_grp[1]/section_h[1]/h_job_satisfaction_grp[1]/h_control_satis,9,3855
consent_grp[1]/section_h[1]/h_job_satisfaction_grp[1]/h_look,21,3864
consent_grp[1]/section_h[1]/h_job_satisfaction_grp[1]/h_small_space,49,3885
consent_grp[1]/section_h[1]/h_job_satisfaction_grp[1]/h_new_mat,7,3935
consent_grp[1]/section_h[1]/h_job_satisfaction_grp[1]/h_clean_kinder,16,3942
consent_grp[1]/section_h[1]/h_job_satisfaction_grp[1]/h_loud_kinder,8,3958
consent_grp[1]/section_h[1]/h_job_satisfaction_grp[1]/h_kinder_rules,10,3966
consent_grp[1]/section_h[1]/h_job_satisfaction_grp[1]/h_satisfied_paid,15,3976
consent_grp[1]/section_h[1]/h_burnout_grp[1]/h_burnout_note,11,3991
consent_grp[1]/section_h[1]/h_burnout_grp[1]/h_emotion_drained,30,4002
consent_grp[1]/section_h[1]/h_burnout_grp[1]/h_used_up,31,4032
consent_grp[1]/section_h[1]/h_burnout_grp[1]/h_fatigued,18,4063
consent_grp[1]/section_h[1]/h_burnout_grp[1]/h_child_feel,11,4081
consent_grp[1]/section_h[1]/h_burnout_grp[1]/h_child_impersonal,11,4092
consent_grp[1]/section_h[1]/h_burnout_grp[1]/h_ppl_strain,12,4103
consent_grp[1]/section_h[1]/h_burnout_grp[1]/h_deal_effect,11,4115
consent_grp[1]/section_h[1]/h_burnout_grp[1]/h_burnout,7,4127
consent_grp[1]/section_h[1]/h_burnout_grp[1]/h_pos_influence,12,4133
consent_grp[1]/section_h[1]/h_burnout_grp[1]/h_cold,23,4145
consent_grp[1]/section_h[1]/h_burnout_grp[1]/h_hard,13,4164
consent_grp[1]/section_h[1]/h_burnout_grp[1]/h_energetic,8,4181
consent_grp[1]/section_h[1]/h_burnout_grp[1]/h_frustrated,5,4189
consent_grp[1]/section_h[1]/h_burnout_grp[1]/h_work_hard,39,4194
consent_grp[1]/section_h[1]/h_burnout_grp[1]/h_dont_care,12,4233
consent_grp[1]/section_h[1]/h_burnout_grp[1]/h_put_pressure,10,4245
consent_grp[1]/section_h[1]/h_burnout_grp[1]/h_relax,14,4256
consent_grp[1]/section_h[1]/h_burnout_grp[1]/h_excited,13,4270
consent_grp[1]/section_h[1]/h_burnout_grp[1]/h_accomplished,13,4283
consent_grp[1]/section_h[1]/h_burnout_grp[1]/h_end_of_rop,20,4296
consent_grp[1]/section_h[1]/h_burnout_grp[1]/h_emot_pro_calm,11,4315
consent_grp[1]/i_teacher_knowledge_grp[1]/I_teach_know_note,8,4326
consent_grp[1]/i_teacher_knowledge_grp[1]/i_consonance,26,4334
consent_grp[1]/i_teacher_knowledge_grp[1]/i_vowel,9,4360
consent_grp[1]/i_teacher_knowledge_grp[1]/i_unbelievable,28,4369
consent_grp[1]/i_teacher_knowledge_grp[1]/i_irregular,24,4398
consent_grp[1]/i_teacher_knowledge_grp[1]/i_cat,29,4422
consent_grp[1]/i_teacher_knowledge_grp[1]/i_cough,15,4451
consent_grp[1]/i_teacher_knowledge_grp[1]/i_check,16,4466
consent_grp[1]/i_teacher_knowledge_grp[1]/i_english,30,4482
consent_grp[1]/j_perception_grp[1]/j_perception_note,11,4512
consent_grp[1]/j_perception_grp[1]/j_dev_practice_grp[1]/j_dev_practice_note,6,4523
consent_grp[1]/j_perception_grp[1]/j_dev_practice_grp[1]/j_child_need,26,4529
consent_grp[1]/j_perception_grp[1]/j_dev_practice_grp[1]/j_recog_letter,7,4555
consent_grp[1]/j_perception_grp[1]/j_dev_practice_grp[1]/j_recog_number,8,4562
consent_grp[1]/j_perception_grp[1]/j_dev_practice_grp[1]/j_recog_colour,6,4570
consent_grp[1]/j_perception_grp[1]/j_dev_practice_grp[1]/j_indiv_goal,22,4575
consent_grp[1]/j_perception_grp[1]/j_dev_practice_grp[1]/j_play_materials,120,4597
consent_grp[1]/j_perception_grp[1]/j_dev_practice_grp[1]/j_child_measure,8,4718
consent_grp[1]/j_perception_grp[1]/j_supp_chil_grp[1]/j_supp_chil_note,5,4725
consent_grp[1]/j_perception_grp[1]/j_supp_chil_grp[1]/j_build_relation,13,4730
consent_grp[1]/j_perception_grp[1]/j_supp_chil_grp[1]/j_control_behaviour,6,4743
consent_grp[1]/j_perception_grp[1]/j_supp_chil_grp[1]/j_express_thought,7,4748
consent_grp[1]/j_perception_grp[1]/j_supp_chil_grp[1]/j_resolve_conflicts,6,4755
consent_grp[1]/j_perception_grp[1]/j_supp_chil_grp[1]/j_guidance_style,28,4761
consent_grp[1]/j_perception_grp[1]/j_fam_sensitive_grp[1]/j_fam_sensitive_note,62,4789
consent_grp[1]/j_perception_grp[1]/j_fam_sensitive_grp[1]/j_parent_goal,62,4789
consent_grp[1]/j_perception_grp[1]/j_fam_sensitive_grp[1]/j_work_schedule,62,4789
consent_grp[1]/j_perception_grp[1]/j_fam_sensitive_grp[1]/j_fam_decision,62,4789
consent_grp[1]/j_perception_grp[1]/j_fam_sensitive_grp[1]/j_family_care,62,4789
consent_grp[1]/j_perception_grp[1]/j_fam_sensitive_grp[1]/j_connect_family,62,4789
consent_grp[1]/k_grp[1]/k_instro_note,5,4851
consent_grp[1]/k_grp[1]/k_ts_grp[1]/tmp_k_labels,94,4856
consent_grp[1]/k_grp[1]/k_ts_grp[1]/k_take_priviledges,94,4856
consent_grp[1]/k_grp[1]/k_ts_grp[1]/k_explain_behavior,94,4856
consent_grp[1]/k_grp[1]/k_ts_grp[1]/k_shook,94,4856
consent_grp[1]/k_grp[1]/k_ts_grp[1]/k_shouted,94,4856
consent_grp[1]/k_grp[1]/k_ts_grp[1]/k_gave_something,94,4856
consent_grp[1]/k_grp[1]/k_ts_grp[1]/k_spanked,94,4856
consent_grp[1]/k_grp[1]/k_ts_grp[1]/k_hit_bottom,94,4856
consent_grp[1]/k_grp[1]/k_ts_grp[1]/k_call_dumb,94,4856
consent_grp[1]/k_grp[1]/k_ts_grp[1]/k_hit_face,94,4856
consent_grp[1]/k_grp[1]/k_ts_grp[1]/k_praised,94,4856
consent_grp[1]/k_grp[1]/k_ts_grp[1]/k_affection,94,4856
consent_grp[1]/k_grp[1]/k_ts_grp[1]/k_rewarded,94,4856
consent_grp[1]/l_teaching_prac_grp[1]/l_note,8,4950
consent_grp[1]/l_teaching_prac_grp[1]/l_previos_kinder_act[1]/tmp_l_prac_lab,84,4958
consent_grp[1]/l_teaching_prac_grp[1]/l_previos_kinder_act[1]/l_hygiene_routine,84,4958
consent_grp[1]/l_teaching_prac_grp[1]/l_previos_kinder_act[1]/l_supply,84,4958
consent_grp[1]/l_teaching_prac_grp[1]/l_previos_kinder_act[1]/l_pamper,84,4958
consent_grp[1]/l_teaching_prac_grp[1]/l_previos_kinder_act[1]/l_read,84,4958
consent_grp[1]/l_teaching_prac_grp[1]/l_previos_kinder_act[1]/l_tell,84,4958
consent_grp[1]/l_teaching_prac_grp[1]/l_previos_kinder_act[1]/l_conversatin,84,4958
consent_grp[1]/l_teaching_prac_grp[1]/l_previos_kinder_act[1]/l_sing,84,4958
consent_grp[1]/l_teaching_prac_grp[1]/l_previos_kinder_act[1]/l_dance,84,4958
consent_grp[1]/l_teaching_prac_grp[1]/l_previos_kinder_act[1]/l_visit,84,4958
consent_grp[1]/l_teaching_prac_grp[1]/l_previos_kinder_act[1]/l_play_kg,84,4958
consent_grp[1]/l_teaching_prac_grp[1]/l_previos_kinder_act[1]/l_play_recrea,84,4958
consent_grp[1]/l_teaching_prac_grp[1]/l_previos_kinder_act[1]/l_sleep,84,4958
consent_grp[1]/l_teaching_prac_grp[1]/l_previos_kinder_act[1]/l_run,84,4958
consent_grp[1]/l_teaching_prac_grp[1]/l_previos_kinder_act[1]/l_group_learn,84,4958
consent_grp[1]/l_teaching_prac_grp[1]/l_previos_kinder_act[1]/l_indiv_learn,84,4958
consent_grp[1]/l_teaching_prac_grp[1]/l_class_acti_grp[1]/l_act_grp[1]/tmp_l_class_lab,87,5042
consent_grp[1]/l_teaching_prac_grp[1]/l_class_acti_grp[1]/l_act_grp[1]/l_teach_colour,87,5042
consent_grp[1]/l_teaching_prac_grp[1]/l_class_acti_grp[1]/l_act_grp[1]/l_teach_number,87,5042
consent_grp[1]/l_teaching_prac_grp[1]/l_class_acti_grp[1]/l_act_grp[1]/l_teach_letter,87,5042
consent_grp[1]/l_teaching_prac_grp[1]/l_class_acti_grp[1]/l_act_grp[1]/l_teach_form,87,5042
consent_grp[1]/l_teaching_prac_grp[1]/l_class_acti_grp[1]/l_act_grp[1]/l_socialise,87,5042
consent_grp[1]/l_teaching_prac_grp[1]/l_class_acti_grp[1]/l_act_grp[1]/l_pro_solve,87,5042
consent_grp[1]/l_teaching_prac_grp[1]/l_class_acti_grp[1]/l_act_grp[1]/l_writing,87,5042
consent_grp[1]/l_teaching_prac_grp[1]/l_class_acti_grp[1]/l_act_grp[1]/l_teach_body,87,5042
consent_grp[1]/l_teaching_prac_grp[1]/l_class_acti_grp[1]/l_act_grp[1]/l_pers_hygiene,87,5042
consent_grp[1]/l_teaching_prac_grp[1]/l_class_acti_grp[1]/l_act_grp[1]/l_art_expre,87,5042
consent_grp[1]/l_teaching_prac_grp[1]/l_class_acti_grp[1]/l_act_grp[1]/l_body_lang,87,5042
consent_grp[1]/l_teaching_prac_grp[1]/l_class_acti_grp[1]/l_act_grp[1]/l_concentration,87,5042
consent_grp[1]/l_teaching_prac_grp[1]/l_class_acti_grp[1]/l_act_grp[1]/l_gross_motor,87,5042
consent_grp[1]/l_teaching_prac_grp[1]/l_class_acti_grp[1]/l_act_grp[1]/l_fine_motor,87,5042
consent_grp[1]/l_teaching_prac_grp[1]/l_class_acti_grp[1]/l_act_grp[1]/l_gender,87,5042
consent_grp[1]/l_teaching_prac_grp[1]/l_class_acti_grp[1]/l_act_grp[1]/l_responsibility,87,5042
consent_grp[1]/l_teaching_prac_grp[1]/l_class_acti_grp[1]/l_act_grp[1]/l_speech,87,5042
consent_grp[1]/l_teaching_prac_grp[1]/l_class_acti_grp[1]/l_act_grp[1]/l_explore_comm,87,5042
consent_grp[1]/l_teaching_prac_grp[1]/l_class_acti_grp[1]/l_act_grp[1]/l_explore_culture,87,5042
consent_grp[1]/l_teaching_prac_grp[1]/l_parent_interact_note,5,5129
consent_grp[1]/l_teaching_prac_grp[1]/l_actively_engaged,24,5134
consent_grp[1]/l_teaching_prac_grp[1]/l_proportion_child,9,5157
consent_grp[1]/l_teaching_prac_grp[1]/l_proportion_child_more,18,5167
consent_grp[1]/l_teaching_prac_grp[1]/l_visit_pupil_house,19,5185
consent_grp[1]/l_teaching_prac_grp[1]/l_visit_parent_house,44,5204
consent_grp[1]/l_teaching_prac_grp[1]/l_receive_parent_supp,43,5248
consent_grp[1]/l_teaching_prac_grp[1]/l_day_teaching_note,5,5290
consent_grp[1]/l_teaching_prac_grp[1]/l_day_grp[1]/tmp_l_labs,93,5293
consent_grp[1]/l_teaching_prac_grp[1]/l_day_grp[1]/l_daily_schedule,93,5293
consent_grp[1]/l_teaching_prac_grp[1]/l_day_grp[1]/l_play_period,93,5293
consent_grp[1]/l_teaching_prac_grp[1]/l_day_grp[1]/l_free_play,93,5293
consent_grp[1]/l_teaching_prac_grp[1]/l_day_grp[1]/l_activities,93,5293
consent_grp[1]/l_teaching_prac_grp[1]/l_per_daily_grp[1]/l_perc_note,168,5389
consent_grp[1]/l_teaching_prac_grp[1]/l_per_daily_grp[1]/l_admin_per,168,5389
consent_grp[1]/l_teaching_prac_grp[1]/l_per_daily_grp[1]/l_class_per,168,5389
consent_grp[1]/l_teaching_prac_grp[1]/l_per_daily_grp[1]/l_teach_per,168,5389
consent_grp[1]/l_teaching_prac_grp[1]/l_per_daily_grp[1]/l_super_per,168,5389
consent_grp[1]/l_teaching_prac_grp[1]/l_per_daily_grp[1]/l_super_oth_per,168,5389
consent_grp[1]/l_teaching_prac_grp[1]/l_per_daily_grp[1]/l_break_per,168,5389
consent_grp[1]/l_teaching_prac_grp[1]/l_discipline_note,5,5557
consent_grp[1]/l_teaching_prac_grp[1]/l_dont_like,66,5562
consent_grp[1]/l_teaching_prac_grp[1]/l_really_bad,207,5623
consent_grp[1]/l_teaching_prac_grp[1]/l_does_good,28,5679
consent_grp[1]/l_teaching_prac_grp[1]/l_praise,22,5682
consent_grp[1]/q_note,12,5684
consent_grp[1]/q_activ_yn,18,5691
s_int_accom_yn,6,5693
s_int_accom,19,5922
comments,4,5941
