Field name,Total duration (seconds),First appeared (seconds into survey)
instruction,1,2
a_district_id,3,3
a_circuit_id,4,6
a_kg_id,53,11
a_community_id,5,63
a_enum_id,8,69
consent_note,312,77
con_understand,3,388
con_questions,3,391
con_written,2,394
consent_grp[1]/audio_consent,17,396
consent_grp[1]/d_background_note,1,412
consent_grp[1]/section_d[1]/kgt_key,37,414
consent_grp[1]/section_d[1]/kgt_name_gp[1]/kgt_fsn,116,450
consent_grp[1]/section_d[1]/kgt_name_gp[1]/kgt_msn,116,450
consent_grp[1]/section_d[1]/kgt_name_gp[1]/kgt_lsn,116,450
consent_grp[1]/section_d[1]/kgt_name_gp[1]/kgt_ppn,116,450
consent_grp[1]/section_d[1]/kgt_name_gp[1]/d_sex,116,450
consent_grp[1]/section_d[1]/kgt_confirm_note,19,565
consent_grp[1]/section_d[1]/d_num_cnt,7,586
consent_grp[1]/section_d[1]/d_cnt_grp[1]/d_cnt_main,8,593
consent_grp[1]/section_d[1]/d_age,7,601
consent_grp[1]/section_d[1]/d_teacher_grp[1]/d_been_teacher,53,608
consent_grp[1]/section_d[1]/d_teacher_grp[1]/d_teacher_year,53,608
consent_grp[1]/section_d[1]/d_teacher_grp[1]/d_teacher_month,53,608
consent_grp[1]/section_d[1]/d_been_kinder_grp[1]/d_been_kinder,41,661
consent_grp[1]/section_d[1]/d_been_kinder_grp[1]/d_kinder_year,41,661
consent_grp[1]/section_d[1]/d_been_kinder_grp[1]/d_kinder_month,41,661
consent_grp[1]/section_d[1]/d_work_last,10,702
consent_grp[1]/section_d[1]/d_os_yn,16,712
consent_grp[1]/section_d[1]/d_edu_level,12,728
consent_grp[1]/section_d[1]/d_edu_train,20,741
consent_grp[1]/section_d[1]/d_edu_level_fath,12,761
consent_grp[1]/section_d[1]/d_edu_level_mom,7,772
consent_grp[1]/section_d[1]/d_marital_status,7,779
consent_grp[1]/section_d[1]/d_ethnic_group,7,786
consent_grp[1]/section_d[1]/d_religion,3,793
consent_grp[1]/section_d[1]/d_la_spk_grp[1]/d_la_spk_note,51,796
consent_grp[1]/section_d[1]/d_la_spk_grp[1]/d_la_spk_eng,51,796
consent_grp[1]/section_d[1]/d_la_spk_grp[1]/d_la_spk_dagb,51,796
consent_grp[1]/section_d[1]/d_la_wrt_grp[1]/d_la_wrt_note,28,847
consent_grp[1]/section_d[1]/d_la_wrt_grp[1]/d_la_wrt_eng,28,847
consent_grp[1]/section_d[1]/d_la_wrt_grp[1]/d_la_wrt_dagb,28,847
consent_grp[1]/section_d[1]/d_main_language,18,875
consent_grp[1]/section_d[1]/d_loc_lang_kinderg,12,893
consent_grp[1]/e_rel_grp[1]/e_hh_note,9,905
consent_grp[1]/e_rel_grp[1]/e_hh_num,19,913
consent_grp[1]/e_rel_grp[1]/e_hh_grp[1]/e_hh_head,107,923
consent_grp[1]/e_rel_grp[1]/e_hh_grp[1]/e_chil_hh,107,923
consent_grp[1]/e_rel_grp[1]/e_hh_grp[1]/e_adult_hh,107,923
consent_grp[1]/e_rel_grp[1]/e_hh_school,17,1040
consent_grp[1]/e_rel_grp[1]/e_read_english,12,1057
consent_grp[1]/e_rel_grp[1]/e_rate_health,21,1069
consent_grp[1]/e_rel_grp[1]/e_live_note,7,1090
consent_grp[1]/e_rel_grp[1]/e_rooms_occu,16,1097
consent_grp[1]/e_rel_grp[1]/e_own_status,17,1114
consent_grp[1]/e_rel_grp[1]/e_electricity_inhouse,5,1131
consent_grp[1]/e_rel_grp[1]/e_floor_material,23,1136
consent_grp[1]/e_rel_grp[1]/e_interior_floor,27,1159
consent_grp[1]/e_rel_grp[1]/e_roof_mat,9,1186
consent_grp[1]/e_rel_grp[1]/e_cook_fuel,8,1196
consent_grp[1]/e_rel_grp[1]/e_lighting,18,1204
consent_grp[1]/e_rel_grp[1]/e_drink_source,8,1222
consent_grp[1]/e_rel_grp[1]/e_toilet_facility,13,1230
consent_grp[1]/e_rel_grp[1]/e_asset_note,7,1243
consent_grp[1]/e_rel_grp[1]/e_hh_own_phone,20,1251
consent_grp[1]/e_rel_grp[1]/e_hh_ass_grp[1]/tmp_e_hh_ass_lab,159,1271
consent_grp[1]/e_rel_grp[1]/e_hh_ass_grp[1]/e_hh_ass_radio,159,1271
consent_grp[1]/e_rel_grp[1]/e_hh_ass_grp[1]/e_hh_ass_refrig,159,1271
consent_grp[1]/e_rel_grp[1]/e_hh_ass_grp[1]/e_hh_ass_bike,159,1271
consent_grp[1]/e_rel_grp[1]/e_hh_ass_grp[1]/e_hh_ass_tv,159,1271
consent_grp[1]/e_rel_grp[1]/e_hh_ass_grp[1]/e_hh_ass_vcr,159,1271
consent_grp[1]/e_rel_grp[1]/e_hh_ass_grp[1]/e_hh_ass_motor,159,1271
consent_grp[1]/e_rel_grp[1]/e_hh_ass_grp[1]/e_hh_ass_car,159,1271
consent_grp[1]/e_rel_grp[1]/e_hh_ass_grp[1]/e_hh_ass_tractor,159,1271
consent_grp[1]/e_rel_grp[1]/e_hh_ass_grp[1]/e_hh_ass_farm_equip,159,1271
consent_grp[1]/e_rel_grp[1]/e_hh_ass_grp[1]/e_hh_ass_sew_mach,159,1271
consent_grp[1]/e_rel_grp[1]/e_hh_ass_grp[1]/e_hh_ass_bed,159,1271
consent_grp[1]/e_rel_grp[1]/e_hh_ass_grp[1]/e_hh_ass_mattress,159,1271
consent_grp[1]/e_rel_grp[1]/e_hh_ass_grp[1]/e_hh_ass_table_chair,159,1271
consent_grp[1]/e_rel_grp[1]/e_hh_ass_grp[1]/e_hh_ass_stool,159,1271
consent_grp[1]/e_rel_grp[1]/e_hh_ass_grp[1]/e_hh_ass_sofa,159,1271
consent_grp[1]/e_rel_grp[1]/e_hh_ass_grp[1]/e_hh_ass_fan,159,1271
consent_grp[1]/e_rel_grp[1]/e_hh_ass_grp[1]/e_hh_ass_lamp,159,1271
consent_grp[1]/e_rel_grp[1]/e_hh_ass_grp[1]/e_hh_ass_watch,159,1271
consent_grp[1]/e_rel_grp[1]/e_hh_ass_grp[1]/e_hh_ass_mat,159,1271
consent_grp[1]/e_rel_grp[1]/e_hh_ass_grp[1]/e_hh_ass_torch,159,1271
consent_grp[1]/e_rel_grp[1]/e_hh_ass_grp[1]/e_hh_ass_cabinet,159,1271
consent_grp[1]/e_rel_grp[1]/e_hh_ass_grp[1]/e_hh_ass_pot,159,1271
consent_grp[1]/e_rel_grp[1]/e_hh_ass_grp[1]/e_hh_ass_itn,159,1271
consent_grp[1]/e_rel_grp[1]/e_hh_ass_grp[1]/e_hh_ass_iron_elec,159,1271
consent_grp[1]/e_rel_grp[1]/e_hh_ass_grp[1]/e_hh_ass_iron_coal,159,1271
consent_grp[1]/e_rel_grp[1]/e_hh_ass_grp[1]/e_hh_ass_iron_gas,159,1271
consent_grp[1]/f_rel_grp[1]/f_comm_note,5,1430
consent_grp[1]/f_rel_grp[1]/section_f[1]/f_born_comm,6,1435
consent_grp[1]/f_rel_grp[1]/section_f[1]/f_school_loc,13,1442
consent_grp[1]/f_rel_grp[1]/section_f[1]/f_lived_bef_teach,8,1455
consent_grp[1]/f_rel_grp[1]/section_f[1]/f_lived_grp[1]/f_lived_comm,14,1463
consent_grp[1]/f_rel_grp[1]/section_f[1]/f_lived_grp[1]/f_lived_comm_year,14,1463
consent_grp[1]/f_rel_grp[1]/section_f[1]/f_lived_grp[1]/f_lived_comm_month,14,1463
consent_grp[1]/f_rel_grp[1]/section_f[1]/f_fam_lived,16,1477
consent_grp[1]/f_rel_grp[1]/section_f[1]/f_emot_support,23,1493
consent_grp[1]/f_rel_grp[1]/section_f[1]/f_emot_support_num,10,1516
consent_grp[1]/f_rel_grp[1]/section_f[1]/f_lend_money,11,1526
consent_grp[1]/f_rel_grp[1]/section_f[1]/f_borrow_money,12,1537
consent_grp[1]/f_rel_grp[1]/section_f[1]/f_rel_live_nearby,14,1550
consent_grp[1]/f_rel_grp[1]/section_f[1]/f_part_comm,10,1564
consent_grp[1]/f_rel_grp[1]/section_f[1]/f_main_trans,14,1574
consent_grp[1]/f_rel_grp[1]/section_f[1]/f_min_get_sch_grp[1]/f_min_get_note,12,1587
consent_grp[1]/f_rel_grp[1]/section_f[1]/f_min_get_sch_grp[1]/f_h_get_school,12,1587
consent_grp[1]/f_rel_grp[1]/section_f[1]/f_min_get_sch_grp[1]/f_m_get_school,12,1587
consent_grp[1]/g_nature_wrk_note,5,1600
consent_grp[1]/section_g[1]/g_teach_pos,34,1605
consent_grp[1]/section_g[1]/g_teach_school,9,1639
consent_grp[1]/section_g[1]/g_kg_grade,8,1648
consent_grp[1]/section_g[1]/g_class_grp[1]/g_children_note,26,1656
consent_grp[1]/section_g[1]/g_class_grp[1]/g_kg_2,26,1656
consent_grp[1]/section_g[1]/g_ah_grp[1]/g_ah_note,216,1682
consent_grp[1]/section_g[1]/g_ah_grp[1]/g_ah_working,216,1682
consent_grp[1]/section_g[1]/g_ah_grp[1]/g_ah_prepping,216,1682
consent_grp[1]/section_g[1]/g_eh_grp[1]/g_eh_note,46,1888
consent_grp[1]/section_g[1]/g_eh_grp[1]/g_eh_working,46,1888
consent_grp[1]/section_g[1]/g_eh_grp[1]/g_eh_prepping,46,1888
consent_grp[1]/section_g[1]/g_teach_salary,17,1944
consent_grp[1]/section_g[1]/g_salary_freq,9,1961
consent_grp[1]/section_g[1]/g_salary_intime,20,1970
consent_grp[1]/section_g[1]/g_money_cmp,8,1989
consent_grp[1]/section_g[1]/g_job_outside,20,1997
consent_grp[1]/section_g[1]/g_extra_money_spec,11,2018
consent_grp[1]/section_g[1]/g_sch_pro_grp[1]/tmp_g_sch_pro_lab,155,2029
consent_grp[1]/section_g[1]/g_sch_pro_grp[1]/g_class,155,2029
consent_grp[1]/section_g[1]/g_sch_pro_grp[1]/g_class_taught,155,2029
consent_grp[1]/section_g[1]/g_sch_pro_grp[1]/g_fin_resource,155,2029
consent_grp[1]/section_g[1]/g_sch_pro_grp[1]/g_high_expe,155,2029
consent_grp[1]/section_g[1]/g_sch_pro_grp[1]/g_change_curri,155,2029
consent_grp[1]/section_g[1]/g_sch_pro_grp[1]/g_diff_curri,155,2029
consent_grp[1]/section_g[1]/g_sch_pro_grp[1]/g_easy_curri,155,2029
consent_grp[1]/section_g[1]/g_sch_pro_grp[1]/g_par_dem_high,155,2029
consent_grp[1]/section_g[1]/g_sch_pro_grp[1]/g_par_suff_interest,155,2029
consent_grp[1]/section_g[1]/g_sch_pro_grp[1]/g_par_suff_active,155,2029
consent_grp[1]/section_g[1]/g_par_supp_grp[1]/g_par_supp_note,14,2184
consent_grp[1]/section_g[1]/g_par_supp_grp[1]/g_home_wrk,28,2196
consent_grp[1]/section_g[1]/g_par_supp_grp[1]/g_behave_val,14,2226
consent_grp[1]/section_g[1]/g_par_supp_grp[1]/g_get_schl,9,2240
consent_grp[1]/section_g[1]/g_par_supp_grp[1]/g_visit_schl,8,2249
consent_grp[1]/section_g[1]/g_par_supp_grp[1]/g_show_respect,8,2257
consent_grp[1]/section_g[1]/g_par_supp_grp[1]/g_best_schl,8,2265
consent_grp[1]/section_g[1]/g_par_supp_grp[1]/g_parti_pta,6,2273
consent_grp[1]/section_g[1]/g_par_supp_grp[1]/g_cont_kg_act,7,2278
consent_grp[1]/section_g[1]/g_lead_respect,15,2285
consent_grp[1]/section_g[1]/g_val_citizen,9,2300
consent_grp[1]/section_h[1]/sec_h_depre_note,24,2309
consent_grp[1]/section_h[1]/h_depression_grp[1]/h_da_note,117,2333
consent_grp[1]/section_h[1]/h_depression_grp[1]/tmp_h_da_lab,117,2333
consent_grp[1]/section_h[1]/h_depression_grp[1]/h_headache,117,2333
consent_grp[1]/section_h[1]/h_depression_grp[1]/h_appetite,117,2333
consent_grp[1]/section_h[1]/h_depression_grp[1]/h_sleep,117,2333
consent_grp[1]/section_h[1]/h_depression_grp[1]/h_frightened,117,2333
consent_grp[1]/section_h[1]/h_depression_grp[1]/h_hands_shake,117,2333
consent_grp[1]/section_h[1]/h_depression_grp[1]/h_nervous,117,2333
consent_grp[1]/section_h[1]/h_depression_grp[1]/h_digestion,117,2333
consent_grp[1]/section_h[1]/h_depression_grp[1]/h_thinking,117,2333
consent_grp[1]/section_h[1]/h_depression_grp[1]/h_unhappy,117,2333
consent_grp[1]/section_h[1]/h_depression_grp[1]/h_cry,117,2333
consent_grp[1]/section_h[1]/h_depression_grp[1]/h_activities,117,2333
consent_grp[1]/section_h[1]/h_depression_grp[1]/h_decisions,117,2333
consent_grp[1]/section_h[1]/h_depression_grp[1]/h_daily_work,117,2333
consent_grp[1]/section_h[1]/h_depression_grp[1]/h_life,117,2333
consent_grp[1]/section_h[1]/h_depression_grp[1]/h_interest,117,2333
consent_grp[1]/section_h[1]/h_depression_grp[1]/h_worthless,117,2333
consent_grp[1]/section_h[1]/h_depression_grp[1]/h_end_life,117,2333
consent_grp[1]/section_h[1]/h_depression_grp[1]/h_tired,117,2333
consent_grp[1]/section_h[1]/h_depression_grp[1]/h_uncomfortable,117,2333
consent_grp[1]/section_h[1]/h_depression_grp[1]/h_easily_tired,117,2333
consent_grp[1]/section_h[1]/sec_h_ext_contr_note,12,2450
consent_grp[1]/section_h[1]/h_ext_control_grp[1]/h_ext_cont_note,9,2461
consent_grp[1]/section_h[1]/h_ext_control_grp[1]/h_pup_learn,32,2470
consent_grp[1]/section_h[1]/h_ext_control_grp[1]/h_discipline,16,2502
consent_grp[1]/section_h[1]/h_ext_control_grp[1]/h_stu_achieve,13,2518
consent_grp[1]/section_h[1]/h_ext_control_grp[1]/h_teach_motiv,18,2530
consent_grp[1]/section_h[1]/h_ext_control_grp[1]/h_good_teach,10,2548
consent_grp[1]/section_h[1]/sec_h_motiv_note,3,2558
consent_grp[1]/section_h[1]/h_motiv_grp[1]/h_motiv_note,7,2560
consent_grp[1]/section_h[1]/h_motiv_grp[1]/h_motiv_help,12,2567
consent_grp[1]/section_h[1]/h_motiv_grp[1]/h_quest_school,19,2579
consent_grp[1]/section_h[1]/h_motiv_grp[1]/h_help_child,8,2598
consent_grp[1]/section_h[1]/h_motiv_grp[1]/h_sch_goal,7,2606
consent_grp[1]/section_h[1]/h_motiv_grp[1]/h_help_emot,7,2613
consent_grp[1]/section_h[1]/h_motiv_grp[1]/h_enjoy_teach,6,2620
consent_grp[1]/section_h[1]/h_motiv_grp[1]/h_develop_society,8,2626
consent_grp[1]/section_h[1]/h_motiv_grp[1]/h_develop_socially,10,2634
consent_grp[1]/section_h[1]/h_motiv_grp[1]/h_perso_clear,7,2645
consent_grp[1]/section_h[1]/h_impor_thing,39,2652
consent_grp[1]/section_h[1]/h_job_satisfaction_grp[1]/h_job_satis_note,31,2691
consent_grp[1]/section_h[1]/h_job_satisfaction_grp[1]/h_look_out,16,2722
consent_grp[1]/section_h[1]/h_job_satisfaction_grp[1]/h_perso_worries,9,2738
consent_grp[1]/section_h[1]/h_job_satisfaction_grp[1]/h_know_col,13,2746
consent_grp[1]/section_h[1]/h_job_satisfaction_grp[1]/h_col_coop,9,2760
consent_grp[1]/section_h[1]/h_job_satisfaction_grp[1]/h_trust_col,9,2768
consent_grp[1]/section_h[1]/h_job_satisfaction_grp[1]/h_enjoy_col,6,2777
consent_grp[1]/section_h[1]/h_job_satisfaction_grp[1]/h_sup_respect,7,2783
consent_grp[1]/section_h[1]/h_job_satisfaction_grp[1]/h_sup_busy,9,2790
consent_grp[1]/section_h[1]/h_job_satisfaction_grp[1]/h_sup_opinion,8,2799
consent_grp[1]/section_h[1]/h_job_satisfaction_grp[1]/h_count_sup,18,2807
consent_grp[1]/section_h[1]/h_job_satisfaction_grp[1]/h_motivated,8,2825
consent_grp[1]/section_h[1]/h_job_satisfaction_grp[1]/h_sup_unpredict,19,2833
consent_grp[1]/section_h[1]/h_job_satisfaction_grp[1]/h_wrk_challenge,10,2852
consent_grp[1]/section_h[1]/h_job_satisfaction_grp[1]/h_wrk_monotonous,23,2862
consent_grp[1]/section_h[1]/h_job_satisfaction_grp[1]/h_wrk_creative,5,2885
consent_grp[1]/section_h[1]/h_job_satisfaction_grp[1]/h_big_impact,7,2890
consent_grp[1]/section_h[1]/h_job_satisfaction_grp[1]/h_little_time,11,2897
consent_grp[1]/section_h[1]/h_job_satisfaction_grp[1]/h_control_satis,9,2908
consent_grp[1]/section_h[1]/h_job_satisfaction_grp[1]/h_look,9,2918
consent_grp[1]/section_h[1]/h_job_satisfaction_grp[1]/h_small_space,9,2927
consent_grp[1]/section_h[1]/h_job_satisfaction_grp[1]/h_new_mat,8,2936
consent_grp[1]/section_h[1]/h_job_satisfaction_grp[1]/h_clean_kinder,9,2944
consent_grp[1]/section_h[1]/h_job_satisfaction_grp[1]/h_loud_kinder,12,2953
consent_grp[1]/section_h[1]/h_job_satisfaction_grp[1]/h_kinder_rules,7,2965
consent_grp[1]/section_h[1]/h_job_satisfaction_grp[1]/h_satisfied_paid,8,2973
consent_grp[1]/section_h[1]/h_burnout_grp[1]/h_burnout_note,15,2981
consent_grp[1]/section_h[1]/h_burnout_grp[1]/h_emotion_drained,34,2996
consent_grp[1]/section_h[1]/h_burnout_grp[1]/h_used_up,24,3029
consent_grp[1]/section_h[1]/h_burnout_grp[1]/h_fatigued,16,3054
consent_grp[1]/section_h[1]/h_burnout_grp[1]/h_child_feel,17,3070
consent_grp[1]/section_h[1]/h_burnout_grp[1]/h_child_impersonal,12,3087
consent_grp[1]/section_h[1]/h_burnout_grp[1]/h_ppl_strain,20,3099
consent_grp[1]/section_h[1]/h_burnout_grp[1]/h_deal_effect,17,3119
consent_grp[1]/section_h[1]/h_burnout_grp[1]/h_burnout,9,3136
consent_grp[1]/section_h[1]/h_burnout_grp[1]/h_pos_influence,16,3145
consent_grp[1]/section_h[1]/h_burnout_grp[1]/h_cold,12,3161
consent_grp[1]/section_h[1]/h_burnout_grp[1]/h_hard,8,3173
consent_grp[1]/section_h[1]/h_burnout_grp[1]/h_energetic,8,3181
consent_grp[1]/section_h[1]/h_burnout_grp[1]/h_frustrated,5,3189
consent_grp[1]/section_h[1]/h_burnout_grp[1]/h_work_hard,7,3194
consent_grp[1]/section_h[1]/h_burnout_grp[1]/h_dont_care,9,3201
consent_grp[1]/section_h[1]/h_burnout_grp[1]/h_put_pressure,9,3210
consent_grp[1]/section_h[1]/h_burnout_grp[1]/h_relax,11,3219
consent_grp[1]/section_h[1]/h_burnout_grp[1]/h_excited,7,3230
consent_grp[1]/section_h[1]/h_burnout_grp[1]/h_accomplished,16,3238
consent_grp[1]/section_h[1]/h_burnout_grp[1]/h_end_of_rop,9,3254
consent_grp[1]/section_h[1]/h_burnout_grp[1]/h_emot_pro_calm,14,3262
consent_grp[1]/i_teacher_knowledge_grp[1]/I_teach_know_note,18,3276
consent_grp[1]/i_teacher_knowledge_grp[1]/i_consonance,27,3294
consent_grp[1]/i_teacher_knowledge_grp[1]/i_vowel,11,3321
consent_grp[1]/i_teacher_knowledge_grp[1]/i_unbelievable,44,3332
consent_grp[1]/i_teacher_knowledge_grp[1]/i_irregular,20,3376
consent_grp[1]/i_teacher_knowledge_grp[1]/i_cat,15,3397
consent_grp[1]/i_teacher_knowledge_grp[1]/i_cough,15,3412
consent_grp[1]/i_teacher_knowledge_grp[1]/i_check,13,3427
consent_grp[1]/i_teacher_knowledge_grp[1]/i_english,21,3440
consent_grp[1]/j_perception_grp[1]/j_perception_note,40,3462
consent_grp[1]/j_perception_grp[1]/j_dev_practice_grp[1]/j_dev_practice_note,21,3502
consent_grp[1]/j_perception_grp[1]/j_dev_practice_grp[1]/j_child_need,11,3523
consent_grp[1]/j_perception_grp[1]/j_dev_practice_grp[1]/j_recog_letter,7,3534
consent_grp[1]/j_perception_grp[1]/j_dev_practice_grp[1]/j_recog_number,6,3541
consent_grp[1]/j_perception_grp[1]/j_dev_practice_grp[1]/j_recog_colour,6,3547
consent_grp[1]/j_perception_grp[1]/j_dev_practice_grp[1]/j_indiv_goal,9,3553
consent_grp[1]/j_perception_grp[1]/j_dev_practice_grp[1]/j_play_materials,8,3562
consent_grp[1]/j_perception_grp[1]/j_dev_practice_grp[1]/j_child_measure,7,3570
consent_grp[1]/j_perception_grp[1]/j_supp_chil_grp[1]/j_supp_chil_note,8,3577
consent_grp[1]/j_perception_grp[1]/j_supp_chil_grp[1]/j_build_relation,14,3585
consent_grp[1]/j_perception_grp[1]/j_supp_chil_grp[1]/j_control_behaviour,10,3599
consent_grp[1]/j_perception_grp[1]/j_supp_chil_grp[1]/j_express_thought,7,3610
consent_grp[1]/j_perception_grp[1]/j_supp_chil_grp[1]/j_resolve_conflicts,6,3617
consent_grp[1]/j_perception_grp[1]/j_supp_chil_grp[1]/j_guidance_style,8,3622
consent_grp[1]/j_perception_grp[1]/j_fam_sensitive_grp[1]/j_fam_sensitive_note,46,3630
consent_grp[1]/j_perception_grp[1]/j_fam_sensitive_grp[1]/j_parent_goal,46,3630
consent_grp[1]/j_perception_grp[1]/j_fam_sensitive_grp[1]/j_work_schedule,46,3630
consent_grp[1]/j_perception_grp[1]/j_fam_sensitive_grp[1]/j_fam_decision,46,3630
consent_grp[1]/j_perception_grp[1]/j_fam_sensitive_grp[1]/j_family_care,46,3630
consent_grp[1]/j_perception_grp[1]/j_fam_sensitive_grp[1]/j_connect_family,46,3630
consent_grp[1]/k_grp[1]/k_instro_note,26,3676
consent_grp[1]/k_grp[1]/k_ts_grp[1]/tmp_k_labels,113,3702
consent_grp[1]/k_grp[1]/k_ts_grp[1]/k_take_priviledges,113,3702
consent_grp[1]/k_grp[1]/k_ts_grp[1]/k_explain_behavior,113,3702
consent_grp[1]/k_grp[1]/k_ts_grp[1]/k_shook,113,3702
consent_grp[1]/k_grp[1]/k_ts_grp[1]/k_shouted,113,3702
consent_grp[1]/k_grp[1]/k_ts_grp[1]/k_gave_something,113,3702
consent_grp[1]/k_grp[1]/k_ts_grp[1]/k_spanked,113,3702
consent_grp[1]/k_grp[1]/k_ts_grp[1]/k_hit_bottom,113,3702
consent_grp[1]/k_grp[1]/k_ts_grp[1]/k_call_dumb,113,3702
consent_grp[1]/k_grp[1]/k_ts_grp[1]/k_hit_face,113,3702
consent_grp[1]/k_grp[1]/k_ts_grp[1]/k_praised,113,3702
consent_grp[1]/k_grp[1]/k_ts_grp[1]/k_affection,113,3702
consent_grp[1]/k_grp[1]/k_ts_grp[1]/k_rewarded,113,3702
consent_grp[1]/l_teaching_prac_grp[1]/l_note,13,3815
consent_grp[1]/l_teaching_prac_grp[1]/l_previos_kinder_act[1]/tmp_l_prac_lab,112,3828
consent_grp[1]/l_teaching_prac_grp[1]/l_previos_kinder_act[1]/l_hygiene_routine,112,3828
consent_grp[1]/l_teaching_prac_grp[1]/l_previos_kinder_act[1]/l_supply,112,3828
consent_grp[1]/l_teaching_prac_grp[1]/l_previos_kinder_act[1]/l_pamper,112,3828
consent_grp[1]/l_teaching_prac_grp[1]/l_previos_kinder_act[1]/l_read,112,3828
consent_grp[1]/l_teaching_prac_grp[1]/l_previos_kinder_act[1]/l_tell,112,3828
consent_grp[1]/l_teaching_prac_grp[1]/l_previos_kinder_act[1]/l_conversatin,112,3828
consent_grp[1]/l_teaching_prac_grp[1]/l_previos_kinder_act[1]/l_sing,112,3828
consent_grp[1]/l_teaching_prac_grp[1]/l_previos_kinder_act[1]/l_dance,112,3828
consent_grp[1]/l_teaching_prac_grp[1]/l_previos_kinder_act[1]/l_visit,112,3828
consent_grp[1]/l_teaching_prac_grp[1]/l_previos_kinder_act[1]/l_play_kg,112,3828
consent_grp[1]/l_teaching_prac_grp[1]/l_previos_kinder_act[1]/l_play_recrea,112,3828
consent_grp[1]/l_teaching_prac_grp[1]/l_previos_kinder_act[1]/l_sleep,112,3828
consent_grp[1]/l_teaching_prac_grp[1]/l_previos_kinder_act[1]/l_run,112,3828
consent_grp[1]/l_teaching_prac_grp[1]/l_previos_kinder_act[1]/l_group_learn,112,3828
consent_grp[1]/l_teaching_prac_grp[1]/l_previos_kinder_act[1]/l_indiv_learn,112,3828
consent_grp[1]/l_teaching_prac_grp[1]/l_class_acti_grp[1]/l_act_grp[1]/tmp_l_class_lab,54,3939
consent_grp[1]/l_teaching_prac_grp[1]/l_class_acti_grp[1]/l_act_grp[1]/l_teach_colour,54,3939
consent_grp[1]/l_teaching_prac_grp[1]/l_class_acti_grp[1]/l_act_grp[1]/l_teach_number,54,3939
consent_grp[1]/l_teaching_prac_grp[1]/l_class_acti_grp[1]/l_act_grp[1]/l_teach_letter,54,3939
consent_grp[1]/l_teaching_prac_grp[1]/l_class_acti_grp[1]/l_act_grp[1]/l_teach_form,54,3939
consent_grp[1]/l_teaching_prac_grp[1]/l_class_acti_grp[1]/l_act_grp[1]/l_socialise,54,3939
consent_grp[1]/l_teaching_prac_grp[1]/l_class_acti_grp[1]/l_act_grp[1]/l_pro_solve,54,3939
consent_grp[1]/l_teaching_prac_grp[1]/l_class_acti_grp[1]/l_act_grp[1]/l_writing,54,3939
consent_grp[1]/l_teaching_prac_grp[1]/l_class_acti_grp[1]/l_act_grp[1]/l_teach_body,54,3939
consent_grp[1]/l_teaching_prac_grp[1]/l_class_acti_grp[1]/l_act_grp[1]/l_pers_hygiene,54,3939
consent_grp[1]/l_teaching_prac_grp[1]/l_class_acti_grp[1]/l_act_grp[1]/l_art_expre,54,3939
consent_grp[1]/l_teaching_prac_grp[1]/l_class_acti_grp[1]/l_act_grp[1]/l_body_lang,54,3939
consent_grp[1]/l_teaching_prac_grp[1]/l_class_acti_grp[1]/l_act_grp[1]/l_concentration,54,3939
consent_grp[1]/l_teaching_prac_grp[1]/l_class_acti_grp[1]/l_act_grp[1]/l_gross_motor,54,3939
consent_grp[1]/l_teaching_prac_grp[1]/l_class_acti_grp[1]/l_act_grp[1]/l_fine_motor,54,3939
consent_grp[1]/l_teaching_prac_grp[1]/l_class_acti_grp[1]/l_act_grp[1]/l_gender,54,3939
consent_grp[1]/l_teaching_prac_grp[1]/l_class_acti_grp[1]/l_act_grp[1]/l_responsibility,54,3939
consent_grp[1]/l_teaching_prac_grp[1]/l_class_acti_grp[1]/l_act_grp[1]/l_speech,54,3939
consent_grp[1]/l_teaching_prac_grp[1]/l_class_acti_grp[1]/l_act_grp[1]/l_explore_comm,54,3939
consent_grp[1]/l_teaching_prac_grp[1]/l_class_acti_grp[1]/l_act_grp[1]/l_explore_culture,54,3939
consent_grp[1]/l_teaching_prac_grp[1]/l_parent_interact_note,9,3993
consent_grp[1]/l_teaching_prac_grp[1]/l_actively_engaged,17,4002
consent_grp[1]/l_teaching_prac_grp[1]/l_proportion_child,15,4019
consent_grp[1]/l_teaching_prac_grp[1]/l_proportion_child_more,15,4034
consent_grp[1]/l_teaching_prac_grp[1]/l_visit_pupil_house,30,4049
consent_grp[1]/l_teaching_prac_grp[1]/l_visit_parent_house,16,4079
consent_grp[1]/l_teaching_prac_grp[1]/l_receive_parent_supp,19,4095
consent_grp[1]/l_teaching_prac_grp[1]/l_day_teaching_note,147,4114
consent_grp[1]/l_teaching_prac_grp[1]/l_day_grp[1]/tmp_l_labs,57,4256
consent_grp[1]/l_teaching_prac_grp[1]/l_day_grp[1]/l_daily_schedule,57,4256
consent_grp[1]/l_teaching_prac_grp[1]/l_day_grp[1]/l_play_period,57,4256
consent_grp[1]/l_teaching_prac_grp[1]/l_day_grp[1]/l_free_play,57,4256
consent_grp[1]/l_teaching_prac_grp[1]/l_day_grp[1]/l_activities,57,4256
consent_grp[1]/l_teaching_prac_grp[1]/l_per_daily_grp[1]/l_perc_note,40,4318
consent_grp[1]/l_teaching_prac_grp[1]/l_per_daily_grp[1]/l_admin_per,40,4318
consent_grp[1]/l_teaching_prac_grp[1]/l_per_daily_grp[1]/l_class_per,40,4318
consent_grp[1]/l_teaching_prac_grp[1]/l_per_daily_grp[1]/l_teach_per,40,4318
consent_grp[1]/l_teaching_prac_grp[1]/l_per_daily_grp[1]/l_super_per,40,4318
consent_grp[1]/l_teaching_prac_grp[1]/l_per_daily_grp[1]/l_super_oth_per,40,4318
consent_grp[1]/l_teaching_prac_grp[1]/l_per_daily_grp[1]/l_break_per,40,4318
consent_grp[1]/l_teaching_prac_grp[1]/l_discipline_note,2,4358
consent_grp[1]/l_teaching_prac_grp[1]/l_dont_like,39,4361
consent_grp[1]/l_teaching_prac_grp[1]/l_really_bad,19,4399
consent_grp[1]/l_teaching_prac_grp[1]/l_does_good,12,4418
consent_grp[1]/l_teaching_prac_grp[1]/l_praise,17,4430
consent_grp[1]/q_note,25,4447
consent_grp[1]/q_activ_yn,16,4472
s_int_accom_yn,4,4488
comments,2,4492
