Field name,Total duration (seconds),First appeared (seconds into survey)
instruction,2,23
a_district_id,5,25
a_circuit_id,7,30
a_kg_id,28,37
a_community_id,5,64
a_enum_id,35,70
consent_note,379,105
con_understand,6,484
con_questions,7,490
con_written,7,497
consent_grp[1]/audio_consent,21,503
consent_grp[1]/d_background_note,3,524
consent_grp[1]/section_d[1]/kgt_key,234,526
consent_grp[1]/section_d[1]/kgt_confirm_note,20,762
consent_grp[1]/section_d[1]/d_num_cnt,15,782
consent_grp[1]/section_d[1]/d_cnt_grp[1]/d_cnt_main,13,797
consent_grp[1]/section_d[1]/d_work_last,17,809
consent_grp[1]/section_d[1]/d_edu_level,16,826
consent_grp[1]/section_d[1]/d_edu_train,15,842
consent_grp[1]/section_d[1]/d_edu_level_train,30,858
consent_grp[1]/section_d[1]/d_marital_status,16,868
consent_grp[1]/section_d[1]/d_religion,5,904
consent_grp[1]/section_d[1]/d_la_spk_grp[1]/d_la_spk_note,57,909
consent_grp[1]/section_d[1]/d_la_spk_grp[1]/d_la_spk_eng,57,909
consent_grp[1]/section_d[1]/d_la_spk_grp[1]/d_la_spk_dagb,57,909
consent_grp[1]/section_d[1]/d_la_wrt_grp[1]/d_la_wrt_note,26,966
consent_grp[1]/section_d[1]/d_la_wrt_grp[1]/d_la_wrt_eng,26,966
consent_grp[1]/section_d[1]/d_la_wrt_grp[1]/d_la_wrt_dagb,26,966
consent_grp[1]/section_d[1]/d_main_language,24,991
consent_grp[1]/section_d[1]/d_loc_lang_kinderg,21,1016
consent_grp[1]/f_moved_yn,12,1037
consent_grp[1]/g_nature_wrk_note,9,1049
consent_grp[1]/section_g[1]/g_teach_pos,15,1058
consent_grp[1]/section_g[1]/g_teach_school,8,1073
consent_grp[1]/section_g[1]/g_kg_grade,9,1081
consent_grp[1]/section_g[1]/g_class_grp[1]/g_children_note,19,1091
consent_grp[1]/section_g[1]/g_class_grp[1]/g_kg_2,19,1091
consent_grp[1]/section_g[1]/g_ah_grp[1]/g_ah_note,77,1109
consent_grp[1]/section_g[1]/g_ah_grp[1]/g_ah_working,77,1109
consent_grp[1]/section_g[1]/g_ah_grp[1]/g_ah_prepping,77,1109
consent_grp[1]/section_g[1]/g_eh_grp[1]/g_eh_note,76,1167
consent_grp[1]/section_g[1]/g_eh_grp[1]/g_eh_working,76,1167
consent_grp[1]/section_g[1]/g_eh_grp[1]/g_eh_prepping,76,1167
consent_grp[1]/section_g[1]/g_teach_salary,40,1262
consent_grp[1]/section_g[1]/g_salary_freq,11,1303
consent_grp[1]/section_g[1]/g_salary_intime,19,1314
consent_grp[1]/section_g[1]/g_money_cmp,23,1333
consent_grp[1]/section_g[1]/g_job_outside,17,1356
consent_grp[1]/section_g[1]/g_job_outside_income,24,1373
consent_grp[1]/section_g[1]/g_earn_grp[1]/g_earn_amt,33,1396
consent_grp[1]/section_g[1]/g_earn_grp[1]/g_earn_freq,33,1396
consent_grp[1]/section_g[1]/g_extra_money_spec,12,1429
consent_grp[1]/section_g[1]/g_sch_pro_grp[1]/tmp_g_sch_pro_lab,179,1441
consent_grp[1]/section_g[1]/g_sch_pro_grp[1]/g_class,179,1441
consent_grp[1]/section_g[1]/g_sch_pro_grp[1]/g_class_taught,179,1441
consent_grp[1]/section_g[1]/g_sch_pro_grp[1]/g_fin_resource,179,1441
consent_grp[1]/section_g[1]/g_sch_pro_grp[1]/g_high_expe,179,1441
consent_grp[1]/section_g[1]/g_sch_pro_grp[1]/g_change_curri,179,1441
consent_grp[1]/section_g[1]/g_sch_pro_grp[1]/g_diff_curri,179,1441
consent_grp[1]/section_g[1]/g_sch_pro_grp[1]/g_easy_curri,179,1441
consent_grp[1]/section_g[1]/g_sch_pro_grp[1]/g_par_dem_high,179,1441
consent_grp[1]/section_g[1]/g_sch_pro_grp[1]/g_par_suff_interest,179,1441
consent_grp[1]/section_g[1]/g_sch_pro_grp[1]/g_par_suff_active,179,1441
consent_grp[1]/section_g[1]/g_par_supp_grp[1]/g_par_supp_note,33,1620
consent_grp[1]/section_g[1]/g_par_supp_grp[1]/g_home_wrk,86,1636
consent_grp[1]/section_g[1]/g_par_supp_grp[1]/g_behave_val,29,1738
consent_grp[1]/section_g[1]/g_par_supp_grp[1]/g_get_schl,10,1767
consent_grp[1]/section_g[1]/g_par_supp_grp[1]/g_visit_schl,9,1777
consent_grp[1]/section_g[1]/g_par_supp_grp[1]/g_show_respect,10,1786
consent_grp[1]/section_g[1]/g_par_supp_grp[1]/g_best_schl,21,1797
consent_grp[1]/section_g[1]/g_par_supp_grp[1]/g_parti_pta,9,1818
consent_grp[1]/section_g[1]/g_par_supp_grp[1]/g_cont_kg_act,8,1827
consent_grp[1]/section_g[1]/g_lead_respect,19,1834
consent_grp[1]/section_g[1]/g_val_citizen,32,1854
consent_grp[1]/section_h[1]/sec_h_depre_note,59,1886
consent_grp[1]/section_h[1]/h_depression_grp[1]/h_da_note,187,1945
consent_grp[1]/section_h[1]/h_depression_grp[1]/tmp_h_da_lab,187,1945
consent_grp[1]/section_h[1]/h_depression_grp[1]/h_headache,187,1945
consent_grp[1]/section_h[1]/h_depression_grp[1]/h_appetite,187,1945
consent_grp[1]/section_h[1]/h_depression_grp[1]/h_sleep,187,1945
consent_grp[1]/section_h[1]/h_depression_grp[1]/h_frightened,187,1945
consent_grp[1]/section_h[1]/h_depression_grp[1]/h_hands_shake,187,1945
consent_grp[1]/section_h[1]/h_depression_grp[1]/h_nervous,187,1945
consent_grp[1]/section_h[1]/h_depression_grp[1]/h_digestion,187,1945
consent_grp[1]/section_h[1]/h_depression_grp[1]/h_thinking,187,1945
consent_grp[1]/section_h[1]/h_depression_grp[1]/h_unhappy,187,1945
consent_grp[1]/section_h[1]/h_depression_grp[1]/h_cry,187,1945
consent_grp[1]/section_h[1]/h_depression_grp[1]/h_activities,187,1945
consent_grp[1]/section_h[1]/h_depression_grp[1]/h_decisions,187,1945
consent_grp[1]/section_h[1]/h_depression_grp[1]/h_daily_work,187,1945
consent_grp[1]/section_h[1]/h_depression_grp[1]/h_life,187,1945
consent_grp[1]/section_h[1]/h_depression_grp[1]/h_interest,187,1945
consent_grp[1]/section_h[1]/h_depression_grp[1]/h_worthless,187,1945
consent_grp[1]/section_h[1]/h_depression_grp[1]/h_end_life,187,1945
consent_grp[1]/section_h[1]/h_depression_grp[1]/h_tired,187,1945
consent_grp[1]/section_h[1]/h_depression_grp[1]/h_uncomfortable,187,1945
consent_grp[1]/section_h[1]/h_depression_grp[1]/h_easily_tired,187,1945
consent_grp[1]/section_h[1]/sec_h_ext_contr_note,13,2132
consent_grp[1]/section_h[1]/h_ext_control_grp[1]/h_ext_cont_note,17,2145
consent_grp[1]/section_h[1]/h_ext_control_grp[1]/h_pup_learn,43,2162
consent_grp[1]/section_h[1]/h_ext_control_grp[1]/h_discipline,63,2205
consent_grp[1]/section_h[1]/h_ext_control_grp[1]/h_stu_achieve,45,2268
consent_grp[1]/section_h[1]/h_ext_control_grp[1]/h_teach_motiv,42,2313
consent_grp[1]/section_h[1]/h_ext_control_grp[1]/h_good_teach,61,2355
consent_grp[1]/section_h[1]/sec_h_motiv_note,4,2416
consent_grp[1]/section_h[1]/h_motiv_grp[1]/h_motiv_note,8,2420
consent_grp[1]/section_h[1]/h_motiv_grp[1]/h_motiv_help,29,2428
consent_grp[1]/section_h[1]/h_motiv_grp[1]/h_quest_school,26,2457
consent_grp[1]/section_h[1]/h_motiv_grp[1]/h_help_child,24,2483
consent_grp[1]/section_h[1]/h_motiv_grp[1]/h_sch_goal,18,2507
consent_grp[1]/section_h[1]/h_motiv_grp[1]/h_help_emot,9,2525
consent_grp[1]/section_h[1]/h_motiv_grp[1]/h_enjoy_teach,11,2535
consent_grp[1]/section_h[1]/h_motiv_grp[1]/h_develop_society,9,2546
consent_grp[1]/section_h[1]/h_motiv_grp[1]/h_develop_socially,17,2555
consent_grp[1]/section_h[1]/h_motiv_grp[1]/h_perso_clear,17,2571
consent_grp[1]/section_h[1]/h_impor_thing,70,2585
consent_grp[1]/section_h[1]/h_job_satisfaction_grp[1]/h_job_satis_note,25,2658
consent_grp[1]/section_h[1]/h_job_satisfaction_grp[1]/h_look_out,27,2683
consent_grp[1]/section_h[1]/h_job_satisfaction_grp[1]/h_perso_worries,11,2710
consent_grp[1]/section_h[1]/h_job_satisfaction_grp[1]/h_know_col,43,2721
consent_grp[1]/section_h[1]/h_job_satisfaction_grp[1]/h_col_coop,22,2764
consent_grp[1]/section_h[1]/h_job_satisfaction_grp[1]/h_trust_col,10,2786
consent_grp[1]/section_h[1]/h_job_satisfaction_grp[1]/h_enjoy_col,7,2796
consent_grp[1]/section_h[1]/h_job_satisfaction_grp[1]/h_sup_respect,15,2803
consent_grp[1]/section_h[1]/h_job_satisfaction_grp[1]/h_sup_busy,9,2818
consent_grp[1]/section_h[1]/h_job_satisfaction_grp[1]/h_sup_opinion,10,2827
consent_grp[1]/section_h[1]/h_job_satisfaction_grp[1]/h_count_sup,20,2838
consent_grp[1]/section_h[1]/h_job_satisfaction_grp[1]/h_motivated,14,2858
consent_grp[1]/section_h[1]/h_job_satisfaction_grp[1]/h_sup_unpredict,37,2872
consent_grp[1]/section_h[1]/h_job_satisfaction_grp[1]/h_wrk_challenge,17,2909
consent_grp[1]/section_h[1]/h_job_satisfaction_grp[1]/h_wrk_monotonous,16,2926
consent_grp[1]/section_h[1]/h_job_satisfaction_grp[1]/h_wrk_creative,7,2941
consent_grp[1]/section_h[1]/h_job_satisfaction_grp[1]/h_big_impact,12,2948
consent_grp[1]/section_h[1]/h_job_satisfaction_grp[1]/h_little_time,25,2960
consent_grp[1]/section_h[1]/h_job_satisfaction_grp[1]/h_control_satis,19,2985
consent_grp[1]/section_h[1]/h_job_satisfaction_grp[1]/h_look,14,3003
consent_grp[1]/section_h[1]/h_job_satisfaction_grp[1]/h_small_space,15,3018
consent_grp[1]/section_h[1]/h_job_satisfaction_grp[1]/h_new_mat,8,3033
consent_grp[1]/section_h[1]/h_job_satisfaction_grp[1]/h_clean_kinder,12,3041
consent_grp[1]/section_h[1]/h_job_satisfaction_grp[1]/h_loud_kinder,16,3053
consent_grp[1]/section_h[1]/h_job_satisfaction_grp[1]/h_kinder_rules,11,3069
consent_grp[1]/section_h[1]/h_job_satisfaction_grp[1]/h_satisfied_paid,19,3080
consent_grp[1]/section_h[1]/h_burnout_grp[1]/h_burnout_note,11,3099
consent_grp[1]/section_h[1]/h_burnout_grp[1]/h_emotion_drained,65,3110
consent_grp[1]/section_h[1]/h_burnout_grp[1]/h_used_up,19,3175
consent_grp[1]/section_h[1]/h_burnout_grp[1]/h_fatigued,16,3194
consent_grp[1]/section_h[1]/h_burnout_grp[1]/h_child_feel,23,3210
consent_grp[1]/section_h[1]/h_burnout_grp[1]/h_child_impersonal,15,3233
consent_grp[1]/section_h[1]/h_burnout_grp[1]/h_ppl_strain,16,3248
consent_grp[1]/section_h[1]/h_burnout_grp[1]/h_deal_effect,26,3262
consent_grp[1]/section_h[1]/h_burnout_grp[1]/h_burnout,9,3284
consent_grp[1]/section_h[1]/h_burnout_grp[1]/h_pos_influence,19,3299
consent_grp[1]/section_h[1]/h_burnout_grp[1]/h_cold,21,3318
consent_grp[1]/section_h[1]/h_burnout_grp[1]/h_hard,10,3339
consent_grp[1]/section_h[1]/h_burnout_grp[1]/h_energetic,14,3349
consent_grp[1]/section_h[1]/h_burnout_grp[1]/h_frustrated,8,3363
consent_grp[1]/section_h[1]/h_burnout_grp[1]/h_work_hard,10,3371
consent_grp[1]/section_h[1]/h_burnout_grp[1]/h_dont_care,8,3381
consent_grp[1]/section_h[1]/h_burnout_grp[1]/h_put_pressure,9,3389
consent_grp[1]/section_h[1]/h_burnout_grp[1]/h_relax,11,3398
consent_grp[1]/section_h[1]/h_burnout_grp[1]/h_excited,8,3410
consent_grp[1]/section_h[1]/h_burnout_grp[1]/h_accomplished,69,3418
consent_grp[1]/section_h[1]/h_burnout_grp[1]/h_end_of_rop,20,3487
consent_grp[1]/section_h[1]/h_burnout_grp[1]/h_emot_pro_calm,8,3507
consent_grp[1]/i_teacher_knowledge_grp[1]/I_teach_know_note,23,3515
consent_grp[1]/i_teacher_knowledge_grp[1]/i_consonance,117,3539
consent_grp[1]/i_teacher_knowledge_grp[1]/i_vowel,19,3656
consent_grp[1]/i_teacher_knowledge_grp[1]/i_unbelievable,31,3675
consent_grp[1]/i_teacher_knowledge_grp[1]/i_irregular,17,3706
consent_grp[1]/i_teacher_knowledge_grp[1]/i_cat,11,3723
consent_grp[1]/i_teacher_knowledge_grp[1]/i_cough,31,3734
consent_grp[1]/i_teacher_knowledge_grp[1]/i_check,22,3752
consent_grp[1]/i_teacher_knowledge_grp[1]/i_english,17,3787
consent_grp[1]/j_perception_grp[1]/j_perception_note,40,3804
consent_grp[1]/j_perception_grp[1]/j_dev_practice_grp[1]/j_dev_practice_note,15,3845
consent_grp[1]/j_perception_grp[1]/j_dev_practice_grp[1]/j_child_need,39,3852
consent_grp[1]/j_perception_grp[1]/j_dev_practice_grp[1]/j_recog_letter,14,3898
consent_grp[1]/j_perception_grp[1]/j_dev_practice_grp[1]/j_recog_number,8,3912
consent_grp[1]/j_perception_grp[1]/j_dev_practice_grp[1]/j_recog_colour,6,3920
consent_grp[1]/j_perception_grp[1]/j_dev_practice_grp[1]/j_indiv_goal,10,3926
consent_grp[1]/j_perception_grp[1]/j_dev_practice_grp[1]/j_play_materials,13,3936
consent_grp[1]/j_perception_grp[1]/j_dev_practice_grp[1]/j_child_measure,23,3949
consent_grp[1]/j_perception_grp[1]/j_supp_chil_grp[1]/j_supp_chil_note,6,3972
consent_grp[1]/j_perception_grp[1]/j_supp_chil_grp[1]/j_build_relation,8,3978
consent_grp[1]/j_perception_grp[1]/j_supp_chil_grp[1]/j_control_behaviour,6,3986
consent_grp[1]/j_perception_grp[1]/j_supp_chil_grp[1]/j_express_thought,8,3992
consent_grp[1]/j_perception_grp[1]/j_supp_chil_grp[1]/j_resolve_conflicts,6,4000
consent_grp[1]/j_perception_grp[1]/j_supp_chil_grp[1]/j_guidance_style,32,4006
consent_grp[1]/j_perception_grp[1]/j_fam_sensitive_grp[1]/j_fam_sensitive_note,140,4038
consent_grp[1]/j_perception_grp[1]/j_fam_sensitive_grp[1]/j_parent_goal,140,4038
consent_grp[1]/j_perception_grp[1]/j_fam_sensitive_grp[1]/j_work_schedule,140,4038
consent_grp[1]/j_perception_grp[1]/j_fam_sensitive_grp[1]/j_fam_decision,140,4038
consent_grp[1]/j_perception_grp[1]/j_fam_sensitive_grp[1]/j_family_care,140,4038
consent_grp[1]/j_perception_grp[1]/j_fam_sensitive_grp[1]/j_connect_family,140,4038
consent_grp[1]/k_grp[1]/k_instro_note,61,4178
consent_grp[1]/k_grp[1]/k_ts_grp[1]/tmp_k_labels,193,4210
consent_grp[1]/k_grp[1]/k_ts_grp[1]/k_take_priviledges,193,4210
consent_grp[1]/k_grp[1]/k_ts_grp[1]/k_explain_behavior,193,4210
consent_grp[1]/k_grp[1]/k_ts_grp[1]/k_shook,193,4210
consent_grp[1]/k_grp[1]/k_ts_grp[1]/k_shouted,193,4210
consent_grp[1]/k_grp[1]/k_ts_grp[1]/k_gave_something,193,4210
consent_grp[1]/k_grp[1]/k_ts_grp[1]/k_spanked,193,4210
consent_grp[1]/k_grp[1]/k_ts_grp[1]/k_hit_bottom,193,4210
consent_grp[1]/k_grp[1]/k_ts_grp[1]/k_call_dumb,193,4210
consent_grp[1]/k_grp[1]/k_ts_grp[1]/k_hit_face,193,4210
consent_grp[1]/k_grp[1]/k_ts_grp[1]/k_praised,193,4210
consent_grp[1]/k_grp[1]/k_ts_grp[1]/k_affection,193,4210
consent_grp[1]/k_grp[1]/k_ts_grp[1]/k_rewarded,193,4210
consent_grp[1]/l_teaching_prac_grp[1]/l_note,5,4432
consent_grp[1]/l_teaching_prac_grp[1]/l_previos_kinder_act[1]/tmp_l_prac_lab,192,4436
consent_grp[1]/l_teaching_prac_grp[1]/l_previos_kinder_act[1]/l_hygiene_routine,192,4436
consent_grp[1]/l_teaching_prac_grp[1]/l_previos_kinder_act[1]/l_supply,192,4436
consent_grp[1]/l_teaching_prac_grp[1]/l_previos_kinder_act[1]/l_pamper,192,4436
consent_grp[1]/l_teaching_prac_grp[1]/l_previos_kinder_act[1]/l_read,192,4436
consent_grp[1]/l_teaching_prac_grp[1]/l_previos_kinder_act[1]/l_tell,192,4436
consent_grp[1]/l_teaching_prac_grp[1]/l_previos_kinder_act[1]/l_conversatin,192,4436
consent_grp[1]/l_teaching_prac_grp[1]/l_previos_kinder_act[1]/l_sing,192,4436
consent_grp[1]/l_teaching_prac_grp[1]/l_previos_kinder_act[1]/l_dance,192,4436
consent_grp[1]/l_teaching_prac_grp[1]/l_previos_kinder_act[1]/l_visit,192,4436
consent_grp[1]/l_teaching_prac_grp[1]/l_previos_kinder_act[1]/l_play_kg,192,4436
consent_grp[1]/l_teaching_prac_grp[1]/l_previos_kinder_act[1]/l_play_recrea,192,4436
consent_grp[1]/l_teaching_prac_grp[1]/l_previos_kinder_act[1]/l_sleep,192,4436
consent_grp[1]/l_teaching_prac_grp[1]/l_previos_kinder_act[1]/l_run,192,4436
consent_grp[1]/l_teaching_prac_grp[1]/l_previos_kinder_act[1]/l_group_learn,192,4436
consent_grp[1]/l_teaching_prac_grp[1]/l_previos_kinder_act[1]/l_indiv_learn,192,4436
consent_grp[1]/l_teaching_prac_grp[1]/l_class_acti_grp[1]/l_act_grp[1]/tmp_l_class_lab,125,4628
consent_grp[1]/l_teaching_prac_grp[1]/l_class_acti_grp[1]/l_act_grp[1]/l_teach_colour,125,4628
consent_grp[1]/l_teaching_prac_grp[1]/l_class_acti_grp[1]/l_act_grp[1]/l_teach_number,125,4628
consent_grp[1]/l_teaching_prac_grp[1]/l_class_acti_grp[1]/l_act_grp[1]/l_teach_letter,125,4628
consent_grp[1]/l_teaching_prac_grp[1]/l_class_acti_grp[1]/l_act_grp[1]/l_teach_form,125,4628
consent_grp[1]/l_teaching_prac_grp[1]/l_class_acti_grp[1]/l_act_grp[1]/l_socialise,125,4628
consent_grp[1]/l_teaching_prac_grp[1]/l_class_acti_grp[1]/l_act_grp[1]/l_pro_solve,125,4628
consent_grp[1]/l_teaching_prac_grp[1]/l_class_acti_grp[1]/l_act_grp[1]/l_writing,125,4628
consent_grp[1]/l_teaching_prac_grp[1]/l_class_acti_grp[1]/l_act_grp[1]/l_teach_body,125,4628
consent_grp[1]/l_teaching_prac_grp[1]/l_class_acti_grp[1]/l_act_grp[1]/l_pers_hygiene,125,4628
consent_grp[1]/l_teaching_prac_grp[1]/l_class_acti_grp[1]/l_act_grp[1]/l_art_expre,125,4628
consent_grp[1]/l_teaching_prac_grp[1]/l_class_acti_grp[1]/l_act_grp[1]/l_body_lang,125,4628
consent_grp[1]/l_teaching_prac_grp[1]/l_class_acti_grp[1]/l_act_grp[1]/l_concentration,125,4628
consent_grp[1]/l_teaching_prac_grp[1]/l_class_acti_grp[1]/l_act_grp[1]/l_gross_motor,125,4628
consent_grp[1]/l_teaching_prac_grp[1]/l_class_acti_grp[1]/l_act_grp[1]/l_fine_motor,125,4628
consent_grp[1]/l_teaching_prac_grp[1]/l_class_acti_grp[1]/l_act_grp[1]/l_gender,125,4628
consent_grp[1]/l_teaching_prac_grp[1]/l_class_acti_grp[1]/l_act_grp[1]/l_responsibility,125,4628
consent_grp[1]/l_teaching_prac_grp[1]/l_class_acti_grp[1]/l_act_grp[1]/l_speech,125,4628
consent_grp[1]/l_teaching_prac_grp[1]/l_class_acti_grp[1]/l_act_grp[1]/l_explore_comm,125,4628
consent_grp[1]/l_teaching_prac_grp[1]/l_class_acti_grp[1]/l_act_grp[1]/l_explore_culture,125,4628
consent_grp[1]/l_teaching_prac_grp[1]/l_parent_interact_note,6,4754
consent_grp[1]/l_teaching_prac_grp[1]/l_actively_engaged,65,4760
consent_grp[1]/l_teaching_prac_grp[1]/l_proportion_child,15,4825
consent_grp[1]/l_teaching_prac_grp[1]/l_proportion_child_more,20,4841
consent_grp[1]/l_teaching_prac_grp[1]/l_visit_pupil_house,43,4861
consent_grp[1]/l_teaching_prac_grp[1]/l_visit_parent_house,44,4904
consent_grp[1]/l_teaching_prac_grp[1]/l_receive_parent_supp,33,4948
consent_grp[1]/l_teaching_prac_grp[1]/l_day_teaching_note,5,4981
consent_grp[1]/l_teaching_prac_grp[1]/l_day_grp[1]/tmp_l_labs,55,4986
consent_grp[1]/l_teaching_prac_grp[1]/l_day_grp[1]/l_daily_schedule,55,4986
consent_grp[1]/l_teaching_prac_grp[1]/l_day_grp[1]/l_play_period,55,4986
consent_grp[1]/l_teaching_prac_grp[1]/l_day_grp[1]/l_free_play,55,4986
consent_grp[1]/l_teaching_prac_grp[1]/l_day_grp[1]/l_activities,55,4986
consent_grp[1]/l_teaching_prac_grp[1]/l_per_daily_grp[1]/l_perc_note,252,5041
consent_grp[1]/l_teaching_prac_grp[1]/l_per_daily_grp[1]/l_admin_per,252,5041
consent_grp[1]/l_teaching_prac_grp[1]/l_per_daily_grp[1]/l_class_per,252,5041
consent_grp[1]/l_teaching_prac_grp[1]/l_per_daily_grp[1]/l_teach_per,252,5041
consent_grp[1]/l_teaching_prac_grp[1]/l_per_daily_grp[1]/l_super_per,252,5041
consent_grp[1]/l_teaching_prac_grp[1]/l_per_daily_grp[1]/l_super_oth_per,252,5041
consent_grp[1]/l_teaching_prac_grp[1]/l_per_daily_grp[1]/l_break_per,252,5041
consent_grp[1]/l_teaching_prac_grp[1]/l_discipline_note,5,5294
consent_grp[1]/l_teaching_prac_grp[1]/l_dont_like,55,5299
consent_grp[1]/l_teaching_prac_grp[1]/l_really_bad,42,5348
consent_grp[1]/l_teaching_prac_grp[1]/l_does_good,10,5395
consent_grp[1]/l_teaching_prac_grp[1]/l_praise,36,5405
consent_grp[1]/q_note,19,5441
consent_grp[1]/q_activ_yn,27,5458
consent_grp[1]/q_rpt[1]/q_activ_r,166,5483
consent_grp[1]/q_rpt[1]/q_activ_osp_r,204,5653
consent_grp[1]/q_rpt[1]/q_activ_org_r,12,5856
consent_grp[1]/q_rpt[1]/q_activ_org_osp_r,37,5868
consent_grp[1]/q_rpt[1]/q_activ_add_r,12,5905
consent_grp[1]/q_rpt[2]/q_activ_r,26,5917
consent_grp[1]/q_rpt[2]/q_activ_osp_r,29,5943
consent_grp[1]/q_rpt[2]/q_activ_org_r,5,5972
consent_grp[1]/q_rpt[2]/q_activ_org_osp_r,15,5977
consent_grp[1]/q_rpt[2]/q_activ_add_r,5,5993
s_int_accom_yn,24,5997
s_int_accom,8,6018
comments,118,6020
