Field name,Total duration (seconds),First appeared (seconds into survey)
instruction,1,11
a_district_id,4,13
a_circuit_id,6,16
a_kg_id,36,22
a_community_id,3,58
a_enum_id,9,61
consent_note,1,71
con_understand,2,72
con_questions,15,74
con_written,4,89
consent_grp[1]/audio_consent,3,93
consent_grp[1]/d_background_note,1,96
consent_grp[1]/section_d[1]/kgt_key,66,97
consent_grp[1]/section_d[1]/kgt_confirm_note,10,163
consent_grp[1]/section_d[1]/d_num_cnt,19,173
consent_grp[1]/section_d[1]/d_cnt_grp[1]/d_cnt_main,27,192
consent_grp[1]/section_d[1]/d_cnt_grp[1]/d_cnt_sec,27,192
consent_grp[1]/section_d[1]/d_work_last,8,219
consent_grp[1]/section_d[1]/d_edu_level,19,227
consent_grp[1]/section_d[1]/d_edu_train,9,246
consent_grp[1]/section_d[1]/d_edu_level_train,14,255
consent_grp[1]/section_d[1]/d_marital_status,5,269
consent_grp[1]/section_d[1]/d_religion,8,274
consent_grp[1]/section_d[1]/d_la_spk_grp[1]/d_la_spk_note,66,282
consent_grp[1]/section_d[1]/d_la_spk_grp[1]/d_la_spk_eng,66,282
consent_grp[1]/section_d[1]/d_la_spk_grp[1]/d_la_spk_dagb,66,282
consent_grp[1]/section_d[1]/d_la_wrt_grp[1]/d_la_wrt_note,27,348
consent_grp[1]/section_d[1]/d_la_wrt_grp[1]/d_la_wrt_eng,27,348
consent_grp[1]/section_d[1]/d_la_wrt_grp[1]/d_la_wrt_dagb,27,348
consent_grp[1]/section_d[1]/d_main_language,27,375
consent_grp[1]/section_d[1]/d_loc_lang_kinderg,10,401
consent_grp[1]/f_moved_yn,9,411
consent_grp[1]/g_nature_wrk_note,3,420
consent_grp[1]/section_g[1]/g_teach_pos,8,424
consent_grp[1]/section_g[1]/g_teach_school,8,432
consent_grp[1]/section_g[1]/g_kg_grade,7,440
consent_grp[1]/section_g[1]/g_class_grp[1]/g_children_note,30,448
consent_grp[1]/section_g[1]/g_class_grp[1]/g_kg_1,30,448
consent_grp[1]/section_g[1]/g_ah_grp[1]/g_ah_note,99,477
consent_grp[1]/section_g[1]/g_ah_grp[1]/g_ah_working,99,477
consent_grp[1]/section_g[1]/g_ah_grp[1]/g_ah_prepping,99,477
consent_grp[1]/section_g[1]/g_eh_grp[1]/g_eh_note,217,576
consent_grp[1]/section_g[1]/g_eh_grp[1]/g_eh_working,217,576
consent_grp[1]/section_g[1]/g_eh_grp[1]/g_eh_prepping,217,576
consent_grp[1]/section_g[1]/g_teach_salary,66,793
consent_grp[1]/section_g[1]/g_salary_freq,23,859
consent_grp[1]/section_g[1]/g_salary_intime,17,882
consent_grp[1]/section_g[1]/g_money_cmp,16,899
consent_grp[1]/section_g[1]/g_job_outside,11,915
consent_grp[1]/section_g[1]/g_extra_money_spec,10,926
consent_grp[1]/section_g[1]/g_sch_pro_grp[1]/tmp_g_sch_pro_lab,145,936
consent_grp[1]/section_g[1]/g_sch_pro_grp[1]/g_class,145,936
consent_grp[1]/section_g[1]/g_sch_pro_grp[1]/g_class_taught,145,936
consent_grp[1]/section_g[1]/g_sch_pro_grp[1]/g_fin_resource,145,936
consent_grp[1]/section_g[1]/g_sch_pro_grp[1]/g_high_expe,145,936
consent_grp[1]/section_g[1]/g_sch_pro_grp[1]/g_change_curri,145,936
consent_grp[1]/section_g[1]/g_sch_pro_grp[1]/g_diff_curri,145,936
consent_grp[1]/section_g[1]/g_sch_pro_grp[1]/g_easy_curri,145,936
consent_grp[1]/section_g[1]/g_sch_pro_grp[1]/g_par_dem_high,145,936
consent_grp[1]/section_g[1]/g_sch_pro_grp[1]/g_par_suff_interest,145,936
consent_grp[1]/section_g[1]/g_sch_pro_grp[1]/g_par_suff_active,145,936
consent_grp[1]/section_g[1]/g_par_supp_grp[1]/g_par_supp_note,9,1081
consent_grp[1]/section_g[1]/g_par_supp_grp[1]/g_home_wrk,10,1090
consent_grp[1]/section_g[1]/g_par_supp_grp[1]/g_behave_val,26,1101
consent_grp[1]/section_g[1]/g_par_supp_grp[1]/g_get_schl,15,1126
consent_grp[1]/section_g[1]/g_par_supp_grp[1]/g_visit_schl,6,1142
consent_grp[1]/section_g[1]/g_par_supp_grp[1]/g_show_respect,10,1148
consent_grp[1]/section_g[1]/g_par_supp_grp[1]/g_best_schl,19,1158
consent_grp[1]/section_g[1]/g_par_supp_grp[1]/g_parti_pta,7,1178
consent_grp[1]/section_g[1]/g_par_supp_grp[1]/g_cont_kg_act,7,1185
consent_grp[1]/section_g[1]/g_lead_respect,29,1192
consent_grp[1]/section_g[1]/g_val_citizen,27,1222
consent_grp[1]/section_h[1]/sec_h_depre_note,48,1249
consent_grp[1]/section_h[1]/h_depression_grp[1]/h_da_note,139,1297
consent_grp[1]/section_h[1]/h_depression_grp[1]/tmp_h_da_lab,139,1297
consent_grp[1]/section_h[1]/h_depression_grp[1]/h_headache,139,1297
consent_grp[1]/section_h[1]/h_depression_grp[1]/h_appetite,139,1297
consent_grp[1]/section_h[1]/h_depression_grp[1]/h_sleep,139,1297
consent_grp[1]/section_h[1]/h_depression_grp[1]/h_frightened,139,1297
consent_grp[1]/section_h[1]/h_depression_grp[1]/h_hands_shake,139,1297
consent_grp[1]/section_h[1]/h_depression_grp[1]/h_nervous,139,1297
consent_grp[1]/section_h[1]/h_depression_grp[1]/h_digestion,139,1297
consent_grp[1]/section_h[1]/h_depression_grp[1]/h_thinking,139,1297
consent_grp[1]/section_h[1]/h_depression_grp[1]/h_unhappy,139,1297
consent_grp[1]/section_h[1]/h_depression_grp[1]/h_cry,139,1297
consent_grp[1]/section_h[1]/h_depression_grp[1]/h_activities,139,1297
consent_grp[1]/section_h[1]/h_depression_grp[1]/h_decisions,139,1297
consent_grp[1]/section_h[1]/h_depression_grp[1]/h_daily_work,139,1297
consent_grp[1]/section_h[1]/h_depression_grp[1]/h_life,139,1297
consent_grp[1]/section_h[1]/h_depression_grp[1]/h_interest,139,1297
consent_grp[1]/section_h[1]/h_depression_grp[1]/h_worthless,139,1297
consent_grp[1]/section_h[1]/h_depression_grp[1]/h_end_life,139,1297
consent_grp[1]/section_h[1]/h_depression_grp[1]/h_tired,139,1297
consent_grp[1]/section_h[1]/h_depression_grp[1]/h_uncomfortable,139,1297
consent_grp[1]/section_h[1]/h_depression_grp[1]/h_easily_tired,139,1297
consent_grp[1]/section_h[1]/sec_h_ext_contr_note,12,1436
consent_grp[1]/section_h[1]/h_ext_control_grp[1]/h_ext_cont_note,9,1447
consent_grp[1]/section_h[1]/h_ext_control_grp[1]/h_pup_learn,57,1456
consent_grp[1]/section_h[1]/h_ext_control_grp[1]/h_discipline,15,1513
consent_grp[1]/section_h[1]/h_ext_control_grp[1]/h_stu_achieve,17,1528
consent_grp[1]/section_h[1]/h_ext_control_grp[1]/h_teach_motiv,21,1545
consent_grp[1]/section_h[1]/h_ext_control_grp[1]/h_good_teach,48,1567
consent_grp[1]/section_h[1]/sec_h_motiv_note,4,1615
consent_grp[1]/section_h[1]/h_motiv_grp[1]/h_motiv_note,9,1619
consent_grp[1]/section_h[1]/h_motiv_grp[1]/h_motiv_help,30,1628
consent_grp[1]/section_h[1]/h_motiv_grp[1]/h_quest_school,10,1658
consent_grp[1]/section_h[1]/h_motiv_grp[1]/h_help_child,10,1668
consent_grp[1]/section_h[1]/h_motiv_grp[1]/h_sch_goal,7,1678
consent_grp[1]/section_h[1]/h_motiv_grp[1]/h_help_emot,10,1685
consent_grp[1]/section_h[1]/h_motiv_grp[1]/h_enjoy_teach,12,1695
consent_grp[1]/section_h[1]/h_motiv_grp[1]/h_develop_society,10,1706
consent_grp[1]/section_h[1]/h_motiv_grp[1]/h_develop_socially,25,1717
consent_grp[1]/section_h[1]/h_motiv_grp[1]/h_perso_clear,9,1741
consent_grp[1]/section_h[1]/h_impor_thing,32,1750
consent_grp[1]/section_h[1]/h_job_satisfaction_grp[1]/h_job_satis_note,27,1782
consent_grp[1]/section_h[1]/h_job_satisfaction_grp[1]/h_look_out,19,1809
consent_grp[1]/section_h[1]/h_job_satisfaction_grp[1]/h_perso_worries,31,1828
consent_grp[1]/section_h[1]/h_job_satisfaction_grp[1]/h_know_col,13,1859
consent_grp[1]/section_h[1]/h_job_satisfaction_grp[1]/h_col_coop,10,1871
consent_grp[1]/section_h[1]/h_job_satisfaction_grp[1]/h_trust_col,10,1882
consent_grp[1]/section_h[1]/h_job_satisfaction_grp[1]/h_enjoy_col,8,1892
consent_grp[1]/section_h[1]/h_job_satisfaction_grp[1]/h_sup_respect,14,1900
consent_grp[1]/section_h[1]/h_job_satisfaction_grp[1]/h_sup_busy,24,1914
consent_grp[1]/section_h[1]/h_job_satisfaction_grp[1]/h_sup_opinion,13,1938
consent_grp[1]/section_h[1]/h_job_satisfaction_grp[1]/h_count_sup,13,1951
consent_grp[1]/section_h[1]/h_job_satisfaction_grp[1]/h_motivated,13,1964
consent_grp[1]/section_h[1]/h_job_satisfaction_grp[1]/h_sup_unpredict,13,1977
consent_grp[1]/section_h[1]/h_job_satisfaction_grp[1]/h_wrk_challenge,21,1990
consent_grp[1]/section_h[1]/h_job_satisfaction_grp[1]/h_wrk_monotonous,17,2012
consent_grp[1]/section_h[1]/h_job_satisfaction_grp[1]/h_wrk_creative,6,2028
consent_grp[1]/section_h[1]/h_job_satisfaction_grp[1]/h_big_impact,6,2035
consent_grp[1]/section_h[1]/h_job_satisfaction_grp[1]/h_little_time,10,2041
consent_grp[1]/section_h[1]/h_job_satisfaction_grp[1]/h_control_satis,22,2051
consent_grp[1]/section_h[1]/h_job_satisfaction_grp[1]/h_look,14,2072
consent_grp[1]/section_h[1]/h_job_satisfaction_grp[1]/h_small_space,13,2086
consent_grp[1]/section_h[1]/h_job_satisfaction_grp[1]/h_new_mat,7,2099
consent_grp[1]/section_h[1]/h_job_satisfaction_grp[1]/h_clean_kinder,28,2105
consent_grp[1]/section_h[1]/h_job_satisfaction_grp[1]/h_loud_kinder,18,2133
consent_grp[1]/section_h[1]/h_job_satisfaction_grp[1]/h_kinder_rules,8,2151
consent_grp[1]/section_h[1]/h_job_satisfaction_grp[1]/h_satisfied_paid,7,2159
consent_grp[1]/section_h[1]/h_burnout_grp[1]/h_burnout_note,15,2166
consent_grp[1]/section_h[1]/h_burnout_grp[1]/h_emotion_drained,14,2181
consent_grp[1]/section_h[1]/h_burnout_grp[1]/h_used_up,13,2195
consent_grp[1]/section_h[1]/h_burnout_grp[1]/h_fatigued,28,2208
consent_grp[1]/section_h[1]/h_burnout_grp[1]/h_child_feel,17,2236
consent_grp[1]/section_h[1]/h_burnout_grp[1]/h_child_impersonal,17,2253
consent_grp[1]/section_h[1]/h_burnout_grp[1]/h_ppl_strain,12,2271
consent_grp[1]/section_h[1]/h_burnout_grp[1]/h_deal_effect,17,2283
consent_grp[1]/section_h[1]/h_burnout_grp[1]/h_burnout,8,2300
consent_grp[1]/section_h[1]/h_burnout_grp[1]/h_pos_influence,9,2308
consent_grp[1]/section_h[1]/h_burnout_grp[1]/h_cold,13,2317
consent_grp[1]/section_h[1]/h_burnout_grp[1]/h_hard,11,2330
consent_grp[1]/section_h[1]/h_burnout_grp[1]/h_energetic,11,2341
consent_grp[1]/section_h[1]/h_burnout_grp[1]/h_frustrated,8,2352
consent_grp[1]/section_h[1]/h_burnout_grp[1]/h_work_hard,6,2360
consent_grp[1]/section_h[1]/h_burnout_grp[1]/h_dont_care,22,2366
consent_grp[1]/section_h[1]/h_burnout_grp[1]/h_put_pressure,31,2389
consent_grp[1]/section_h[1]/h_burnout_grp[1]/h_relax,12,2419
consent_grp[1]/section_h[1]/h_burnout_grp[1]/h_excited,6,2431
consent_grp[1]/section_h[1]/h_burnout_grp[1]/h_accomplished,34,2438
consent_grp[1]/section_h[1]/h_burnout_grp[1]/h_end_of_rop,15,2472
consent_grp[1]/section_h[1]/h_burnout_grp[1]/h_emot_pro_calm,8,2487
consent_grp[1]/i_teacher_knowledge_grp[1]/I_teach_know_note,42,2495
consent_grp[1]/i_teacher_knowledge_grp[1]/i_consonance,16,2536
consent_grp[1]/i_teacher_knowledge_grp[1]/i_vowel,7,2552
consent_grp[1]/i_teacher_knowledge_grp[1]/i_unbelievable,35,2559
consent_grp[1]/i_teacher_knowledge_grp[1]/i_irregular,9,2594
consent_grp[1]/i_teacher_knowledge_grp[1]/i_cat,21,2603
consent_grp[1]/i_teacher_knowledge_grp[1]/i_cough,38,2623
consent_grp[1]/i_teacher_knowledge_grp[1]/i_check,20,2661
consent_grp[1]/i_teacher_knowledge_grp[1]/i_english,15,2681
consent_grp[1]/j_perception_grp[1]/j_perception_note,52,2696
consent_grp[1]/j_perception_grp[1]/j_dev_practice_grp[1]/j_dev_practice_note,8,2748
consent_grp[1]/j_perception_grp[1]/j_dev_practice_grp[1]/j_child_need,10,2757
consent_grp[1]/j_perception_grp[1]/j_dev_practice_grp[1]/j_recog_letter,6,2767
consent_grp[1]/j_perception_grp[1]/j_dev_practice_grp[1]/j_recog_number,6,2773
consent_grp[1]/j_perception_grp[1]/j_dev_practice_grp[1]/j_recog_colour,5,2780
consent_grp[1]/j_perception_grp[1]/j_dev_practice_grp[1]/j_indiv_goal,15,2784
consent_grp[1]/j_perception_grp[1]/j_dev_practice_grp[1]/j_play_materials,19,2800
consent_grp[1]/j_perception_grp[1]/j_dev_practice_grp[1]/j_child_measure,8,2819
consent_grp[1]/j_perception_grp[1]/j_supp_chil_grp[1]/j_supp_chil_note,8,2827
consent_grp[1]/j_perception_grp[1]/j_supp_chil_grp[1]/j_build_relation,10,2835
consent_grp[1]/j_perception_grp[1]/j_supp_chil_grp[1]/j_control_behaviour,5,2844
consent_grp[1]/j_perception_grp[1]/j_supp_chil_grp[1]/j_express_thought,5,2850
consent_grp[1]/j_perception_grp[1]/j_supp_chil_grp[1]/j_resolve_conflicts,5,2855
consent_grp[1]/j_perception_grp[1]/j_supp_chil_grp[1]/j_guidance_style,7,2860
consent_grp[1]/j_perception_grp[1]/j_fam_sensitive_grp[1]/j_fam_sensitive_note,85,2867
consent_grp[1]/j_perception_grp[1]/j_fam_sensitive_grp[1]/j_parent_goal,85,2867
consent_grp[1]/j_perception_grp[1]/j_fam_sensitive_grp[1]/j_work_schedule,85,2867
consent_grp[1]/j_perception_grp[1]/j_fam_sensitive_grp[1]/j_fam_decision,85,2867
consent_grp[1]/j_perception_grp[1]/j_fam_sensitive_grp[1]/j_family_care,85,2867
consent_grp[1]/j_perception_grp[1]/j_fam_sensitive_grp[1]/j_connect_family,85,2867
consent_grp[1]/k_grp[1]/k_instro_note,21,2952
consent_grp[1]/k_grp[1]/k_ts_grp[1]/tmp_k_labels,79,2973
consent_grp[1]/k_grp[1]/k_ts_grp[1]/k_take_priviledges,79,2973
consent_grp[1]/k_grp[1]/k_ts_grp[1]/k_explain_behavior,79,2973
consent_grp[1]/k_grp[1]/k_ts_grp[1]/k_shook,79,2973
consent_grp[1]/k_grp[1]/k_ts_grp[1]/k_shouted,79,2973
consent_grp[1]/k_grp[1]/k_ts_grp[1]/k_gave_something,79,2973
consent_grp[1]/k_grp[1]/k_ts_grp[1]/k_spanked,79,2973
consent_grp[1]/k_grp[1]/k_ts_grp[1]/k_hit_bottom,79,2973
consent_grp[1]/k_grp[1]/k_ts_grp[1]/k_call_dumb,79,2973
consent_grp[1]/k_grp[1]/k_ts_grp[1]/k_hit_face,79,2973
consent_grp[1]/k_grp[1]/k_ts_grp[1]/k_praised,79,2973
consent_grp[1]/k_grp[1]/k_ts_grp[1]/k_affection,79,2973
consent_grp[1]/k_grp[1]/k_ts_grp[1]/k_rewarded,79,2973
consent_grp[1]/l_teaching_prac_grp[1]/l_note,9,3052
consent_grp[1]/l_teaching_prac_grp[1]/l_previos_kinder_act[1]/tmp_l_prac_lab,92,3061
consent_grp[1]/l_teaching_prac_grp[1]/l_previos_kinder_act[1]/l_hygiene_routine,92,3061
consent_grp[1]/l_teaching_prac_grp[1]/l_previos_kinder_act[1]/l_supply,92,3061
consent_grp[1]/l_teaching_prac_grp[1]/l_previos_kinder_act[1]/l_pamper,92,3061
consent_grp[1]/l_teaching_prac_grp[1]/l_previos_kinder_act[1]/l_read,92,3061
consent_grp[1]/l_teaching_prac_grp[1]/l_previos_kinder_act[1]/l_tell,92,3061
consent_grp[1]/l_teaching_prac_grp[1]/l_previos_kinder_act[1]/l_conversatin,92,3061
consent_grp[1]/l_teaching_prac_grp[1]/l_previos_kinder_act[1]/l_sing,92,3061
consent_grp[1]/l_teaching_prac_grp[1]/l_previos_kinder_act[1]/l_dance,92,3061
consent_grp[1]/l_teaching_prac_grp[1]/l_previos_kinder_act[1]/l_visit,92,3061
consent_grp[1]/l_teaching_prac_grp[1]/l_previos_kinder_act[1]/l_play_kg,92,3061
consent_grp[1]/l_teaching_prac_grp[1]/l_previos_kinder_act[1]/l_play_recrea,92,3061
consent_grp[1]/l_teaching_prac_grp[1]/l_previos_kinder_act[1]/l_sleep,92,3061
consent_grp[1]/l_teaching_prac_grp[1]/l_previos_kinder_act[1]/l_run,92,3061
consent_grp[1]/l_teaching_prac_grp[1]/l_previos_kinder_act[1]/l_group_learn,92,3061
consent_grp[1]/l_teaching_prac_grp[1]/l_previos_kinder_act[1]/l_indiv_learn,92,3061
consent_grp[1]/l_teaching_prac_grp[1]/l_class_acti_grp[1]/l_act_grp[1]/tmp_l_class_lab,94,3153
consent_grp[1]/l_teaching_prac_grp[1]/l_class_acti_grp[1]/l_act_grp[1]/l_teach_colour,94,3153
consent_grp[1]/l_teaching_prac_grp[1]/l_class_acti_grp[1]/l_act_grp[1]/l_teach_number,94,3153
consent_grp[1]/l_teaching_prac_grp[1]/l_class_acti_grp[1]/l_act_grp[1]/l_teach_letter,94,3153
consent_grp[1]/l_teaching_prac_grp[1]/l_class_acti_grp[1]/l_act_grp[1]/l_teach_form,94,3153
consent_grp[1]/l_teaching_prac_grp[1]/l_class_acti_grp[1]/l_act_grp[1]/l_socialise,94,3153
consent_grp[1]/l_teaching_prac_grp[1]/l_class_acti_grp[1]/l_act_grp[1]/l_pro_solve,94,3153
consent_grp[1]/l_teaching_prac_grp[1]/l_class_acti_grp[1]/l_act_grp[1]/l_writing,94,3153
consent_grp[1]/l_teaching_prac_grp[1]/l_class_acti_grp[1]/l_act_grp[1]/l_teach_body,94,3153
consent_grp[1]/l_teaching_prac_grp[1]/l_class_acti_grp[1]/l_act_grp[1]/l_pers_hygiene,94,3153
consent_grp[1]/l_teaching_prac_grp[1]/l_class_acti_grp[1]/l_act_grp[1]/l_art_expre,94,3153
consent_grp[1]/l_teaching_prac_grp[1]/l_class_acti_grp[1]/l_act_grp[1]/l_body_lang,94,3153
consent_grp[1]/l_teaching_prac_grp[1]/l_class_acti_grp[1]/l_act_grp[1]/l_concentration,94,3153
consent_grp[1]/l_teaching_prac_grp[1]/l_class_acti_grp[1]/l_act_grp[1]/l_gross_motor,94,3153
consent_grp[1]/l_teaching_prac_grp[1]/l_class_acti_grp[1]/l_act_grp[1]/l_fine_motor,94,3153
consent_grp[1]/l_teaching_prac_grp[1]/l_class_acti_grp[1]/l_act_grp[1]/l_gender,94,3153
consent_grp[1]/l_teaching_prac_grp[1]/l_class_acti_grp[1]/l_act_grp[1]/l_responsibility,94,3153
consent_grp[1]/l_teaching_prac_grp[1]/l_class_acti_grp[1]/l_act_grp[1]/l_speech,94,3153
consent_grp[1]/l_teaching_prac_grp[1]/l_class_acti_grp[1]/l_act_grp[1]/l_explore_comm,94,3153
consent_grp[1]/l_teaching_prac_grp[1]/l_class_acti_grp[1]/l_act_grp[1]/l_explore_culture,94,3153
consent_grp[1]/l_teaching_prac_grp[1]/l_parent_interact_note,6,3246
consent_grp[1]/l_teaching_prac_grp[1]/l_actively_engaged,19,3252
consent_grp[1]/l_teaching_prac_grp[1]/l_proportion_child,16,3269
consent_grp[1]/l_teaching_prac_grp[1]/l_proportion_child_more,15,3287
consent_grp[1]/l_teaching_prac_grp[1]/l_visit_pupil_house,33,3303
consent_grp[1]/l_teaching_prac_grp[1]/l_visit_parent_house,42,3335
consent_grp[1]/l_teaching_prac_grp[1]/l_receive_parent_supp,22,3378
consent_grp[1]/l_teaching_prac_grp[1]/l_day_teaching_note,8,3400
consent_grp[1]/l_teaching_prac_grp[1]/l_day_grp[1]/tmp_l_labs,37,3408
consent_grp[1]/l_teaching_prac_grp[1]/l_day_grp[1]/l_daily_schedule,37,3408
consent_grp[1]/l_teaching_prac_grp[1]/l_day_grp[1]/l_play_period,37,3408
consent_grp[1]/l_teaching_prac_grp[1]/l_day_grp[1]/l_free_play,37,3408
consent_grp[1]/l_teaching_prac_grp[1]/l_day_grp[1]/l_activities,37,3408
consent_grp[1]/l_teaching_prac_grp[1]/l_per_daily_grp[1]/l_perc_note,316,3445
consent_grp[1]/l_teaching_prac_grp[1]/l_per_daily_grp[1]/l_admin_per,316,3445
consent_grp[1]/l_teaching_prac_grp[1]/l_per_daily_grp[1]/l_class_per,316,3445
consent_grp[1]/l_teaching_prac_grp[1]/l_per_daily_grp[1]/l_teach_per,316,3445
consent_grp[1]/l_teaching_prac_grp[1]/l_per_daily_grp[1]/l_super_per,316,3445
consent_grp[1]/l_teaching_prac_grp[1]/l_per_daily_grp[1]/l_super_oth_per,316,3445
consent_grp[1]/l_teaching_prac_grp[1]/l_per_daily_grp[1]/l_break_per,316,3445
consent_grp[1]/l_teaching_prac_grp[1]/l_discipline_note,6,3761
consent_grp[1]/l_teaching_prac_grp[1]/l_dont_like,53,3768
consent_grp[1]/l_teaching_prac_grp[1]/l_really_bad,24,3821
consent_grp[1]/l_teaching_prac_grp[1]/l_does_good,34,3845
consent_grp[1]/l_teaching_prac_grp[1]/l_praise,35,3878
consent_grp[1]/q_note,16,3914
consent_grp[1]/q_activ_yn,30,3930
consent_grp[1]/q_rpt[1]/q_activ_r,54,3959
consent_grp[1]/q_rpt[1]/q_activ_org_r,64,4013
consent_grp[1]/q_rpt[1]/q_activ_add_r,14,4040
consent_grp[1]/q_rpt[2]/q_activ_r,40,4092
consent_grp[1]/q_rpt[2]/q_activ_org_r,10,4103
consent_grp[1]/q_rpt[2]/q_activ_org_osp_r,8,4142
consent_grp[1]/q_rpt[2]/q_activ_add_r,16,4150
s_int_accom_yn,4,4166
comments,3,4170
