Field name,Total duration (seconds),First appeared (seconds into survey)
instruction,2,2
a_district_id,3,4
a_circuit_id,9,7
a_kg_id,7,15
a_community_id,4,21
a_enum_id,7,24
consent_note,5,30
con_understand,3,34
con_questions,3,36
con_written,4,38
consent_grp[1]/audio_consent,3,41
consent_grp[1]/d_background_note,4,43
consent_grp[1]/section_d[1]/kgt_key,199,44
consent_grp[1]/section_d[1]/kgt_name_gp[1]/kgt_fsn,473,69
consent_grp[1]/section_d[1]/kgt_name_gp[1]/kgt_msn,455,69
consent_grp[1]/section_d[1]/kgt_name_gp[1]/kgt_lsn,452,69
consent_grp[1]/section_d[1]/kgt_name_gp[1]/kgt_ppn,467,69
consent_grp[1]/section_d[1]/kgt_name_gp[1]/d_sex,451,69
consent_grp[1]/section_d[1]/kgt_confirm_note,25,597
consent_grp[1]/section_d[1]/d_num_cnt,12,701
consent_grp[1]/section_d[1]/d_cnt_grp[1]/d_cnt_main,17,713
consent_grp[1]/section_d[1]/d_age,11,729
consent_grp[1]/section_d[1]/d_teacher_grp[1]/d_been_teacher,34,741
consent_grp[1]/section_d[1]/d_teacher_grp[1]/d_teacher_year,34,741
consent_grp[1]/section_d[1]/d_teacher_grp[1]/d_teacher_month,34,741
consent_grp[1]/section_d[1]/d_been_kinder_grp[1]/d_been_kinder,23,775
consent_grp[1]/section_d[1]/d_been_kinder_grp[1]/d_kinder_year,23,775
consent_grp[1]/section_d[1]/d_been_kinder_grp[1]/d_kinder_month,23,775
consent_grp[1]/section_d[1]/d_work_last,17,798
consent_grp[1]/section_d[1]/d_os_yn,12,815
consent_grp[1]/section_d[1]/d_os_grp[1]/d_os_name,75,827
consent_grp[1]/section_d[1]/d_os_grp[1]/d_os_region,75,827
consent_grp[1]/section_d[1]/d_os_district,8,902
consent_grp[1]/section_d[1]/d_os_comm,13,910
consent_grp[1]/section_d[1]/d_edu_level,13,923
consent_grp[1]/section_d[1]/d_edu_train,11,936
consent_grp[1]/section_d[1]/d_edu_level_train,16,948
consent_grp[1]/section_d[1]/d_edu_level_fath,18,964
consent_grp[1]/section_d[1]/d_edu_level_mom,7,982
consent_grp[1]/section_d[1]/d_marital_status,11,989
consent_grp[1]/section_d[1]/d_ethnic_group,8,1000
consent_grp[1]/section_d[1]/d_religion,4,1008
consent_grp[1]/section_d[1]/d_la_spk_grp[1]/d_la_spk_note,49,1012
consent_grp[1]/section_d[1]/d_la_spk_grp[1]/d_la_spk_eng,49,1012
consent_grp[1]/section_d[1]/d_la_spk_grp[1]/d_la_spk_dagb,49,1012
consent_grp[1]/section_d[1]/d_la_wrt_grp[1]/d_la_wrt_note,18,1061
consent_grp[1]/section_d[1]/d_la_wrt_grp[1]/d_la_wrt_eng,18,1061
consent_grp[1]/section_d[1]/d_la_wrt_grp[1]/d_la_wrt_dagb,18,1061
consent_grp[1]/section_d[1]/d_main_language,20,1079
consent_grp[1]/section_d[1]/d_loc_lang_kinderg,14,1099
consent_grp[1]/e_rel_grp[1]/e_hh_note,12,1113
consent_grp[1]/e_rel_grp[1]/e_hh_num,66,1125
consent_grp[1]/e_rel_grp[1]/e_hh_grp[1]/e_hh_head,102,1186
consent_grp[1]/e_rel_grp[1]/e_hh_grp[1]/e_chil_hh,102,1186
consent_grp[1]/e_rel_grp[1]/e_hh_grp[1]/e_adult_hh,102,1186
consent_grp[1]/e_rel_grp[1]/e_hh_school,29,1292
consent_grp[1]/e_rel_grp[1]/e_read_english,13,1322
consent_grp[1]/e_rel_grp[1]/e_rate_health,16,1334
consent_grp[1]/e_rel_grp[1]/e_live_note,7,1350
consent_grp[1]/e_rel_grp[1]/e_rooms_occu,9,1357
consent_grp[1]/e_rel_grp[1]/e_own_status,15,1367
consent_grp[1]/e_rel_grp[1]/e_electricity_inhouse,6,1382
consent_grp[1]/e_rel_grp[1]/e_floor_material,11,1388
consent_grp[1]/e_rel_grp[1]/e_interior_floor,12,1399
consent_grp[1]/e_rel_grp[1]/e_roof_mat,47,1410
consent_grp[1]/e_rel_grp[1]/e_cook_fuel,13,1458
consent_grp[1]/e_rel_grp[1]/e_lighting,7,1470
consent_grp[1]/e_rel_grp[1]/e_drink_source,23,1478
consent_grp[1]/e_rel_grp[1]/e_toilet_facility,11,1500
consent_grp[1]/e_rel_grp[1]/e_asset_note,10,1511
consent_grp[1]/e_rel_grp[1]/e_hh_own_phone,14,1521
consent_grp[1]/e_rel_grp[1]/e_hh_ass_grp[1]/tmp_e_hh_ass_lab,119,1535
consent_grp[1]/e_rel_grp[1]/e_hh_ass_grp[1]/e_hh_ass_radio,119,1535
consent_grp[1]/e_rel_grp[1]/e_hh_ass_grp[1]/e_hh_ass_refrig,119,1535
consent_grp[1]/e_rel_grp[1]/e_hh_ass_grp[1]/e_hh_ass_bike,119,1535
consent_grp[1]/e_rel_grp[1]/e_hh_ass_grp[1]/e_hh_ass_tv,119,1535
consent_grp[1]/e_rel_grp[1]/e_hh_ass_grp[1]/e_hh_ass_vcr,119,1535
consent_grp[1]/e_rel_grp[1]/e_hh_ass_grp[1]/e_hh_ass_motor,119,1535
consent_grp[1]/e_rel_grp[1]/e_hh_ass_grp[1]/e_hh_ass_car,119,1535
consent_grp[1]/e_rel_grp[1]/e_hh_ass_grp[1]/e_hh_ass_tractor,119,1535
consent_grp[1]/e_rel_grp[1]/e_hh_ass_grp[1]/e_hh_ass_farm_equip,119,1535
consent_grp[1]/e_rel_grp[1]/e_hh_ass_grp[1]/e_hh_ass_sew_mach,119,1535
consent_grp[1]/e_rel_grp[1]/e_hh_ass_grp[1]/e_hh_ass_bed,119,1535
consent_grp[1]/e_rel_grp[1]/e_hh_ass_grp[1]/e_hh_ass_mattress,119,1535
consent_grp[1]/e_rel_grp[1]/e_hh_ass_grp[1]/e_hh_ass_table_chair,119,1535
consent_grp[1]/e_rel_grp[1]/e_hh_ass_grp[1]/e_hh_ass_stool,119,1535
consent_grp[1]/e_rel_grp[1]/e_hh_ass_grp[1]/e_hh_ass_sofa,119,1535
consent_grp[1]/e_rel_grp[1]/e_hh_ass_grp[1]/e_hh_ass_fan,119,1535
consent_grp[1]/e_rel_grp[1]/e_hh_ass_grp[1]/e_hh_ass_lamp,119,1535
consent_grp[1]/e_rel_grp[1]/e_hh_ass_grp[1]/e_hh_ass_watch,119,1535
consent_grp[1]/e_rel_grp[1]/e_hh_ass_grp[1]/e_hh_ass_mat,119,1535
consent_grp[1]/e_rel_grp[1]/e_hh_ass_grp[1]/e_hh_ass_torch,119,1535
consent_grp[1]/e_rel_grp[1]/e_hh_ass_grp[1]/e_hh_ass_cabinet,119,1535
consent_grp[1]/e_rel_grp[1]/e_hh_ass_grp[1]/e_hh_ass_pot,119,1535
consent_grp[1]/e_rel_grp[1]/e_hh_ass_grp[1]/e_hh_ass_itn,119,1535
consent_grp[1]/e_rel_grp[1]/e_hh_ass_grp[1]/e_hh_ass_iron_elec,119,1535
consent_grp[1]/e_rel_grp[1]/e_hh_ass_grp[1]/e_hh_ass_iron_coal,119,1535
consent_grp[1]/e_rel_grp[1]/e_hh_ass_grp[1]/e_hh_ass_iron_gas,119,1535
consent_grp[1]/f_rel_grp[1]/f_comm_note,12,1654
consent_grp[1]/f_rel_grp[1]/section_f[1]/f_born_comm,19,1666
consent_grp[1]/f_rel_grp[1]/section_f[1]/f_school_loc,8,1685
consent_grp[1]/f_rel_grp[1]/section_f[1]/f_lived_bef_teach,8,1693
consent_grp[1]/f_rel_grp[1]/section_f[1]/f_lived_grp[1]/f_lived_comm,40,1702
consent_grp[1]/f_rel_grp[1]/section_f[1]/f_lived_grp[1]/f_lived_comm_year,40,1702
consent_grp[1]/f_rel_grp[1]/section_f[1]/f_lived_grp[1]/f_lived_comm_month,40,1702
consent_grp[1]/f_rel_grp[1]/section_f[1]/f_fam_lived,26,1742
consent_grp[1]/f_rel_grp[1]/section_f[1]/f_emot_support,27,1768
consent_grp[1]/f_rel_grp[1]/section_f[1]/f_emot_support_num,9,1795
consent_grp[1]/f_rel_grp[1]/section_f[1]/f_lend_money,67,1803
consent_grp[1]/f_rel_grp[1]/section_f[1]/f_borrow_money,26,1870
consent_grp[1]/f_rel_grp[1]/section_f[1]/f_rel_live_nearby,64,1888
consent_grp[1]/f_rel_grp[1]/section_f[1]/f_part_comm,12,1961
consent_grp[1]/f_rel_grp[1]/section_f[1]/f_main_trans,11,1972
consent_grp[1]/f_rel_grp[1]/section_f[1]/f_min_get_sch_grp[1]/f_min_get_note,37,1984
consent_grp[1]/f_rel_grp[1]/section_f[1]/f_min_get_sch_grp[1]/f_h_get_school,37,1984
consent_grp[1]/f_rel_grp[1]/section_f[1]/f_min_get_sch_grp[1]/f_m_get_school,37,1984
consent_grp[1]/g_nature_wrk_note,9,2021
consent_grp[1]/section_g[1]/g_teach_pos,16,2030
consent_grp[1]/section_g[1]/g_teach_school,8,2046
consent_grp[1]/section_g[1]/g_kg_grade,8,2054
consent_grp[1]/section_g[1]/g_class_grp[1]/g_children_note,16,2062
consent_grp[1]/section_g[1]/g_class_grp[1]/g_kg_2,16,2062
consent_grp[1]/section_g[1]/g_ah_grp[1]/g_ah_note,143,2078
consent_grp[1]/section_g[1]/g_ah_grp[1]/g_ah_working,143,2078
consent_grp[1]/section_g[1]/g_ah_grp[1]/g_ah_prepping,143,2078
consent_grp[1]/section_g[1]/g_eh_grp[1]/g_eh_note,78,2221
consent_grp[1]/section_g[1]/g_eh_grp[1]/g_eh_working,78,2221
consent_grp[1]/section_g[1]/g_eh_grp[1]/g_eh_prepping,78,2221
consent_grp[1]/section_g[1]/g_teach_salary,88,2299
consent_grp[1]/section_g[1]/g_salary_freq,11,2387
consent_grp[1]/section_g[1]/g_salary_intime,18,2398
consent_grp[1]/section_g[1]/g_money_cmp,11,2416
consent_grp[1]/section_g[1]/g_job_outside,13,2427
consent_grp[1]/section_g[1]/g_extra_money_spec,42,2440
consent_grp[1]/section_g[1]/g_sch_pro_grp[1]/tmp_g_sch_pro_lab,163,2481
consent_grp[1]/section_g[1]/g_sch_pro_grp[1]/g_class,163,2481
consent_grp[1]/section_g[1]/g_sch_pro_grp[1]/g_class_taught,163,2481
consent_grp[1]/section_g[1]/g_sch_pro_grp[1]/g_fin_resource,163,2481
consent_grp[1]/section_g[1]/g_sch_pro_grp[1]/g_high_expe,163,2481
consent_grp[1]/section_g[1]/g_sch_pro_grp[1]/g_change_curri,163,2481
consent_grp[1]/section_g[1]/g_sch_pro_grp[1]/g_diff_curri,163,2481
consent_grp[1]/section_g[1]/g_sch_pro_grp[1]/g_easy_curri,163,2481
consent_grp[1]/section_g[1]/g_sch_pro_grp[1]/g_par_dem_high,163,2481
consent_grp[1]/section_g[1]/g_sch_pro_grp[1]/g_par_suff_interest,163,2481
consent_grp[1]/section_g[1]/g_sch_pro_grp[1]/g_par_suff_active,163,2481
consent_grp[1]/section_g[1]/g_par_supp_grp[1]/g_par_supp_note,25,2645
consent_grp[1]/section_g[1]/g_par_supp_grp[1]/g_home_wrk,22,2670
consent_grp[1]/section_g[1]/g_par_supp_grp[1]/g_behave_val,20,2692
consent_grp[1]/section_g[1]/g_par_supp_grp[1]/g_get_schl,18,2712
consent_grp[1]/section_g[1]/g_par_supp_grp[1]/g_visit_schl,28,2730
consent_grp[1]/section_g[1]/g_par_supp_grp[1]/g_show_respect,18,2758
consent_grp[1]/section_g[1]/g_par_supp_grp[1]/g_best_schl,15,2776
consent_grp[1]/section_g[1]/g_par_supp_grp[1]/g_parti_pta,7,2792
consent_grp[1]/section_g[1]/g_par_supp_grp[1]/g_cont_kg_act,8,2799
consent_grp[1]/section_g[1]/g_lead_respect,14,2807
consent_grp[1]/section_g[1]/g_val_citizen,17,2820
consent_grp[1]/section_h[1]/sec_h_depre_note,73,2837
consent_grp[1]/section_h[1]/h_depression_grp[1]/h_da_note,303,2910
consent_grp[1]/section_h[1]/h_depression_grp[1]/tmp_h_da_lab,303,2910
consent_grp[1]/section_h[1]/h_depression_grp[1]/h_headache,303,2910
consent_grp[1]/section_h[1]/h_depression_grp[1]/h_appetite,303,2910
consent_grp[1]/section_h[1]/h_depression_grp[1]/h_sleep,303,2910
consent_grp[1]/section_h[1]/h_depression_grp[1]/h_frightened,303,2910
consent_grp[1]/section_h[1]/h_depression_grp[1]/h_hands_shake,303,2910
consent_grp[1]/section_h[1]/h_depression_grp[1]/h_nervous,303,2910
consent_grp[1]/section_h[1]/h_depression_grp[1]/h_digestion,303,2910
consent_grp[1]/section_h[1]/h_depression_grp[1]/h_thinking,303,2910
consent_grp[1]/section_h[1]/h_depression_grp[1]/h_unhappy,303,2910
consent_grp[1]/section_h[1]/h_depression_grp[1]/h_cry,303,2910
consent_grp[1]/section_h[1]/h_depression_grp[1]/h_activities,303,2910
consent_grp[1]/section_h[1]/h_depression_grp[1]/h_decisions,303,2910
consent_grp[1]/section_h[1]/h_depression_grp[1]/h_daily_work,303,2910
consent_grp[1]/section_h[1]/h_depression_grp[1]/h_life,303,2910
consent_grp[1]/section_h[1]/h_depression_grp[1]/h_interest,303,2910
consent_grp[1]/section_h[1]/h_depression_grp[1]/h_worthless,303,2910
consent_grp[1]/section_h[1]/h_depression_grp[1]/h_end_life,303,2910
consent_grp[1]/section_h[1]/h_depression_grp[1]/h_tired,303,2910
consent_grp[1]/section_h[1]/h_depression_grp[1]/h_uncomfortable,303,2910
consent_grp[1]/section_h[1]/h_depression_grp[1]/h_easily_tired,303,2910
consent_grp[1]/section_h[1]/sec_h_ext_contr_note,11,3213
consent_grp[1]/section_h[1]/h_ext_control_grp[1]/h_ext_cont_note,8,3224
consent_grp[1]/section_h[1]/h_ext_control_grp[1]/h_pup_learn,53,3232
consent_grp[1]/section_h[1]/h_ext_control_grp[1]/h_discipline,19,3285
consent_grp[1]/section_h[1]/h_ext_control_grp[1]/h_stu_achieve,12,3305
consent_grp[1]/section_h[1]/h_ext_control_grp[1]/h_teach_motiv,21,3317
consent_grp[1]/section_h[1]/h_ext_control_grp[1]/h_good_teach,26,3338
consent_grp[1]/section_h[1]/sec_h_motiv_note,3,3364
consent_grp[1]/section_h[1]/h_motiv_grp[1]/h_motiv_note,1,3367
consent_grp[1]/section_h[1]/h_motiv_grp[1]/h_motiv_help,13,3368
consent_grp[1]/section_h[1]/h_motiv_grp[1]/h_quest_school,47,3382
consent_grp[1]/section_h[1]/h_motiv_grp[1]/h_help_child,15,3429
consent_grp[1]/section_h[1]/h_motiv_grp[1]/h_sch_goal,19,3444
consent_grp[1]/section_h[1]/h_motiv_grp[1]/h_help_emot,8,3463
consent_grp[1]/section_h[1]/h_motiv_grp[1]/h_enjoy_teach,6,3470
consent_grp[1]/section_h[1]/h_motiv_grp[1]/h_develop_society,8,3476
consent_grp[1]/section_h[1]/h_motiv_grp[1]/h_develop_socially,26,3484
consent_grp[1]/section_h[1]/h_motiv_grp[1]/h_perso_clear,31,3493
consent_grp[1]/section_h[1]/h_impor_thing,62,3541
consent_grp[1]/section_h[1]/h_job_satisfaction_grp[1]/h_job_satis_note,19,3603
consent_grp[1]/section_h[1]/h_job_satisfaction_grp[1]/h_look_out,26,3622
consent_grp[1]/section_h[1]/h_job_satisfaction_grp[1]/h_perso_worries,17,3648
consent_grp[1]/section_h[1]/h_job_satisfaction_grp[1]/h_know_col,24,3666
consent_grp[1]/section_h[1]/h_job_satisfaction_grp[1]/h_col_coop,16,3689
consent_grp[1]/section_h[1]/h_job_satisfaction_grp[1]/h_trust_col,9,3705
consent_grp[1]/section_h[1]/h_job_satisfaction_grp[1]/h_enjoy_col,7,3714
consent_grp[1]/section_h[1]/h_job_satisfaction_grp[1]/h_sup_respect,12,3722
consent_grp[1]/section_h[1]/h_job_satisfaction_grp[1]/h_sup_busy,13,3733
consent_grp[1]/section_h[1]/h_job_satisfaction_grp[1]/h_sup_opinion,11,3746
consent_grp[1]/section_h[1]/h_job_satisfaction_grp[1]/h_count_sup,8,3758
consent_grp[1]/section_h[1]/h_job_satisfaction_grp[1]/h_motivated,6,3765
consent_grp[1]/section_h[1]/h_job_satisfaction_grp[1]/h_sup_unpredict,11,3771
consent_grp[1]/section_h[1]/h_job_satisfaction_grp[1]/h_wrk_challenge,29,3782
consent_grp[1]/section_h[1]/h_job_satisfaction_grp[1]/h_wrk_monotonous,20,3811
consent_grp[1]/section_h[1]/h_job_satisfaction_grp[1]/h_wrk_creative,11,3831
consent_grp[1]/section_h[1]/h_job_satisfaction_grp[1]/h_big_impact,9,3842
consent_grp[1]/section_h[1]/h_job_satisfaction_grp[1]/h_little_time,17,3851
consent_grp[1]/section_h[1]/h_job_satisfaction_grp[1]/h_control_satis,10,3867
consent_grp[1]/section_h[1]/h_job_satisfaction_grp[1]/h_look,9,3878
consent_grp[1]/section_h[1]/h_job_satisfaction_grp[1]/h_small_space,39,3887
consent_grp[1]/section_h[1]/h_job_satisfaction_grp[1]/h_new_mat,11,3925
consent_grp[1]/section_h[1]/h_job_satisfaction_grp[1]/h_clean_kinder,24,3936
consent_grp[1]/section_h[1]/h_job_satisfaction_grp[1]/h_loud_kinder,14,3960
consent_grp[1]/section_h[1]/h_job_satisfaction_grp[1]/h_kinder_rules,11,3974
consent_grp[1]/section_h[1]/h_job_satisfaction_grp[1]/h_satisfied_paid,16,3985
consent_grp[1]/section_h[1]/h_burnout_grp[1]/h_burnout_note,15,4001
consent_grp[1]/section_h[1]/h_burnout_grp[1]/h_emotion_drained,40,4015
consent_grp[1]/section_h[1]/h_burnout_grp[1]/h_used_up,15,4056
consent_grp[1]/section_h[1]/h_burnout_grp[1]/h_fatigued,14,4071
consent_grp[1]/section_h[1]/h_burnout_grp[1]/h_child_feel,11,4085
consent_grp[1]/section_h[1]/h_burnout_grp[1]/h_child_impersonal,28,4097
consent_grp[1]/section_h[1]/h_burnout_grp[1]/h_ppl_strain,8,4124
consent_grp[1]/section_h[1]/h_burnout_grp[1]/h_deal_effect,10,4132
consent_grp[1]/section_h[1]/h_burnout_grp[1]/h_burnout,10,4142
consent_grp[1]/section_h[1]/h_burnout_grp[1]/h_pos_influence,9,4152
consent_grp[1]/section_h[1]/h_burnout_grp[1]/h_cold,14,4161
consent_grp[1]/section_h[1]/h_burnout_grp[1]/h_hard,16,4174
consent_grp[1]/section_h[1]/h_burnout_grp[1]/h_energetic,21,4190
consent_grp[1]/section_h[1]/h_burnout_grp[1]/h_frustrated,10,4212
consent_grp[1]/section_h[1]/h_burnout_grp[1]/h_work_hard,18,4222
consent_grp[1]/section_h[1]/h_burnout_grp[1]/h_dont_care,15,4240
consent_grp[1]/section_h[1]/h_burnout_grp[1]/h_put_pressure,10,4255
consent_grp[1]/section_h[1]/h_burnout_grp[1]/h_relax,13,4265
consent_grp[1]/section_h[1]/h_burnout_grp[1]/h_excited,7,4278
consent_grp[1]/section_h[1]/h_burnout_grp[1]/h_accomplished,13,4285
consent_grp[1]/section_h[1]/h_burnout_grp[1]/h_end_of_rop,9,4299
consent_grp[1]/section_h[1]/h_burnout_grp[1]/h_emot_pro_calm,10,4308
consent_grp[1]/i_teacher_knowledge_grp[1]/I_teach_know_note,56,4318
consent_grp[1]/i_teacher_knowledge_grp[1]/i_consonance,17,4321
consent_grp[1]/i_teacher_knowledge_grp[1]/i_vowel,16,4391
consent_grp[1]/i_teacher_knowledge_grp[1]/i_unbelievable,23,4407
consent_grp[1]/i_teacher_knowledge_grp[1]/i_irregular,20,4430
consent_grp[1]/i_teacher_knowledge_grp[1]/i_cat,13,4450
consent_grp[1]/i_teacher_knowledge_grp[1]/i_cough,16,4462
consent_grp[1]/i_teacher_knowledge_grp[1]/i_check,15,4478
consent_grp[1]/i_teacher_knowledge_grp[1]/i_english,24,4493
consent_grp[1]/j_perception_grp[1]/j_perception_note,48,4517
consent_grp[1]/j_perception_grp[1]/j_dev_practice_grp[1]/j_dev_practice_note,18,4565
consent_grp[1]/j_perception_grp[1]/j_dev_practice_grp[1]/j_child_need,29,4575
consent_grp[1]/j_perception_grp[1]/j_dev_practice_grp[1]/j_recog_letter,17,4612
consent_grp[1]/j_perception_grp[1]/j_dev_practice_grp[1]/j_recog_number,13,4629
consent_grp[1]/j_perception_grp[1]/j_dev_practice_grp[1]/j_recog_colour,10,4642
consent_grp[1]/j_perception_grp[1]/j_dev_practice_grp[1]/j_indiv_goal,19,4651
consent_grp[1]/j_perception_grp[1]/j_dev_practice_grp[1]/j_play_materials,7,4671
consent_grp[1]/j_perception_grp[1]/j_dev_practice_grp[1]/j_child_measure,10,4678
consent_grp[1]/j_perception_grp[1]/j_supp_chil_grp[1]/j_supp_chil_note,9,4688
consent_grp[1]/j_perception_grp[1]/j_supp_chil_grp[1]/j_build_relation,7,4696
consent_grp[1]/j_perception_grp[1]/j_supp_chil_grp[1]/j_control_behaviour,8,4703
consent_grp[1]/j_perception_grp[1]/j_supp_chil_grp[1]/j_express_thought,7,4711
consent_grp[1]/j_perception_grp[1]/j_supp_chil_grp[1]/j_resolve_conflicts,13,4718
consent_grp[1]/j_perception_grp[1]/j_supp_chil_grp[1]/j_guidance_style,17,4731
consent_grp[1]/j_perception_grp[1]/j_fam_sensitive_grp[1]/j_fam_sensitive_note,65,4748
consent_grp[1]/j_perception_grp[1]/j_fam_sensitive_grp[1]/j_parent_goal,65,4748
consent_grp[1]/j_perception_grp[1]/j_fam_sensitive_grp[1]/j_work_schedule,65,4748
consent_grp[1]/j_perception_grp[1]/j_fam_sensitive_grp[1]/j_fam_decision,65,4748
consent_grp[1]/j_perception_grp[1]/j_fam_sensitive_grp[1]/j_family_care,65,4748
consent_grp[1]/j_perception_grp[1]/j_fam_sensitive_grp[1]/j_connect_family,65,4748
consent_grp[1]/k_grp[1]/k_instro_note,42,4813
consent_grp[1]/k_grp[1]/k_ts_grp[1]/tmp_k_labels,183,4851
consent_grp[1]/k_grp[1]/k_ts_grp[1]/k_take_priviledges,183,4851
consent_grp[1]/k_grp[1]/k_ts_grp[1]/k_explain_behavior,183,4851
consent_grp[1]/k_grp[1]/k_ts_grp[1]/k_shook,183,4851
consent_grp[1]/k_grp[1]/k_ts_grp[1]/k_shouted,183,4851
consent_grp[1]/k_grp[1]/k_ts_grp[1]/k_gave_something,183,4851
consent_grp[1]/k_grp[1]/k_ts_grp[1]/k_spanked,183,4851
consent_grp[1]/k_grp[1]/k_ts_grp[1]/k_hit_bottom,183,4851
consent_grp[1]/k_grp[1]/k_ts_grp[1]/k_call_dumb,183,4851
consent_grp[1]/k_grp[1]/k_ts_grp[1]/k_hit_face,183,4851
consent_grp[1]/k_grp[1]/k_ts_grp[1]/k_praised,183,4851
consent_grp[1]/k_grp[1]/k_ts_grp[1]/k_affection,183,4851
consent_grp[1]/k_grp[1]/k_ts_grp[1]/k_rewarded,183,4851
consent_grp[1]/l_teaching_prac_grp[1]/l_note,10,5038
consent_grp[1]/l_teaching_prac_grp[1]/l_previos_kinder_act[1]/tmp_l_prac_lab,123,5048
consent_grp[1]/l_teaching_prac_grp[1]/l_previos_kinder_act[1]/l_hygiene_routine,123,5048
consent_grp[1]/l_teaching_prac_grp[1]/l_previos_kinder_act[1]/l_supply,123,5048
consent_grp[1]/l_teaching_prac_grp[1]/l_previos_kinder_act[1]/l_pamper,123,5048
consent_grp[1]/l_teaching_prac_grp[1]/l_previos_kinder_act[1]/l_read,123,5048
consent_grp[1]/l_teaching_prac_grp[1]/l_previos_kinder_act[1]/l_tell,123,5048
consent_grp[1]/l_teaching_prac_grp[1]/l_previos_kinder_act[1]/l_conversatin,123,5048
consent_grp[1]/l_teaching_prac_grp[1]/l_previos_kinder_act[1]/l_sing,123,5048
consent_grp[1]/l_teaching_prac_grp[1]/l_previos_kinder_act[1]/l_dance,123,5048
consent_grp[1]/l_teaching_prac_grp[1]/l_previos_kinder_act[1]/l_visit,123,5048
consent_grp[1]/l_teaching_prac_grp[1]/l_previos_kinder_act[1]/l_play_kg,123,5048
consent_grp[1]/l_teaching_prac_grp[1]/l_previos_kinder_act[1]/l_play_recrea,123,5048
consent_grp[1]/l_teaching_prac_grp[1]/l_previos_kinder_act[1]/l_sleep,123,5048
consent_grp[1]/l_teaching_prac_grp[1]/l_previos_kinder_act[1]/l_run,123,5048
consent_grp[1]/l_teaching_prac_grp[1]/l_previos_kinder_act[1]/l_group_learn,123,5048
consent_grp[1]/l_teaching_prac_grp[1]/l_previos_kinder_act[1]/l_indiv_learn,123,5048
consent_grp[1]/l_teaching_prac_grp[1]/l_class_acti_grp[1]/l_act_grp[1]/tmp_l_class_lab,109,5171
consent_grp[1]/l_teaching_prac_grp[1]/l_class_acti_grp[1]/l_act_grp[1]/l_teach_colour,109,5171
consent_grp[1]/l_teaching_prac_grp[1]/l_class_acti_grp[1]/l_act_grp[1]/l_teach_number,109,5171
consent_grp[1]/l_teaching_prac_grp[1]/l_class_acti_grp[1]/l_act_grp[1]/l_teach_letter,109,5171
consent_grp[1]/l_teaching_prac_grp[1]/l_class_acti_grp[1]/l_act_grp[1]/l_teach_form,109,5171
consent_grp[1]/l_teaching_prac_grp[1]/l_class_acti_grp[1]/l_act_grp[1]/l_socialise,109,5171
consent_grp[1]/l_teaching_prac_grp[1]/l_class_acti_grp[1]/l_act_grp[1]/l_pro_solve,109,5171
consent_grp[1]/l_teaching_prac_grp[1]/l_class_acti_grp[1]/l_act_grp[1]/l_writing,109,5171
consent_grp[1]/l_teaching_prac_grp[1]/l_class_acti_grp[1]/l_act_grp[1]/l_teach_body,109,5171
consent_grp[1]/l_teaching_prac_grp[1]/l_class_acti_grp[1]/l_act_grp[1]/l_pers_hygiene,109,5171
consent_grp[1]/l_teaching_prac_grp[1]/l_class_acti_grp[1]/l_act_grp[1]/l_art_expre,109,5171
consent_grp[1]/l_teaching_prac_grp[1]/l_class_acti_grp[1]/l_act_grp[1]/l_body_lang,109,5171
consent_grp[1]/l_teaching_prac_grp[1]/l_class_acti_grp[1]/l_act_grp[1]/l_concentration,109,5171
consent_grp[1]/l_teaching_prac_grp[1]/l_class_acti_grp[1]/l_act_grp[1]/l_gross_motor,109,5171
consent_grp[1]/l_teaching_prac_grp[1]/l_class_acti_grp[1]/l_act_grp[1]/l_fine_motor,109,5171
consent_grp[1]/l_teaching_prac_grp[1]/l_class_acti_grp[1]/l_act_grp[1]/l_gender,109,5171
consent_grp[1]/l_teaching_prac_grp[1]/l_class_acti_grp[1]/l_act_grp[1]/l_responsibility,109,5171
consent_grp[1]/l_teaching_prac_grp[1]/l_class_acti_grp[1]/l_act_grp[1]/l_speech,109,5171
consent_grp[1]/l_teaching_prac_grp[1]/l_class_acti_grp[1]/l_act_grp[1]/l_explore_comm,109,5171
consent_grp[1]/l_teaching_prac_grp[1]/l_class_acti_grp[1]/l_act_grp[1]/l_explore_culture,109,5171
consent_grp[1]/l_teaching_prac_grp[1]/l_parent_interact_note,8,5281
consent_grp[1]/l_teaching_prac_grp[1]/l_actively_engaged,23,5289
consent_grp[1]/l_teaching_prac_grp[1]/l_proportion_child,32,5311
consent_grp[1]/l_teaching_prac_grp[1]/l_proportion_child_more,30,5343
consent_grp[1]/l_teaching_prac_grp[1]/l_visit_pupil_house,33,5373
consent_grp[1]/l_teaching_prac_grp[1]/l_visit_parent_house,3,5407
consent_grp[1]/l_teaching_prac_grp[1]/l_receive_parent_supp,13,5410
consent_grp[1]/l_teaching_prac_grp[1]/l_day_teaching_note,3,5423
consent_grp[1]/l_teaching_prac_grp[1]/l_day_grp[1]/tmp_l_labs,28,5426
consent_grp[1]/l_teaching_prac_grp[1]/l_day_grp[1]/l_daily_schedule,28,5426
consent_grp[1]/l_teaching_prac_grp[1]/l_day_grp[1]/l_play_period,28,5426
consent_grp[1]/l_teaching_prac_grp[1]/l_day_grp[1]/l_free_play,28,5426
consent_grp[1]/l_teaching_prac_grp[1]/l_day_grp[1]/l_activities,28,5426
consent_grp[1]/l_teaching_prac_grp[1]/l_per_daily_grp[1]/l_perc_note,324,5452
consent_grp[1]/l_teaching_prac_grp[1]/l_per_daily_grp[1]/l_admin_per,324,5452
consent_grp[1]/l_teaching_prac_grp[1]/l_per_daily_grp[1]/l_class_per,324,5452
consent_grp[1]/l_teaching_prac_grp[1]/l_per_daily_grp[1]/l_teach_per,324,5452
consent_grp[1]/l_teaching_prac_grp[1]/l_per_daily_grp[1]/l_super_per,324,5452
consent_grp[1]/l_teaching_prac_grp[1]/l_per_daily_grp[1]/l_super_oth_per,324,5452
consent_grp[1]/l_teaching_prac_grp[1]/l_per_daily_grp[1]/l_break_per,324,5452
consent_grp[1]/l_teaching_prac_grp[1]/l_discipline_note,5,5778
consent_grp[1]/l_teaching_prac_grp[1]/l_dont_like,49,5783
consent_grp[1]/l_teaching_prac_grp[1]/l_really_bad,10,5833
consent_grp[1]/l_teaching_prac_grp[1]/l_does_good,28,5843
consent_grp[1]/l_teaching_prac_grp[1]/l_praise,27,5871
consent_grp[1]/q_note,17,5898
consent_grp[1]/q_activ_yn,21,5915
consent_grp[1]/q_rpt[1]/q_activ_r,82,5927
consent_grp[1]/q_rpt[1]/q_activ_org_r,101,5974
consent_grp[1]/q_rpt[1]/q_activ_org_osp_r,176,6118
consent_grp[1]/q_rpt[1]/q_activ_add_r,129,6185
s_int_accom_yn,52,6401
comments,540,6476
