Field name,Total duration (seconds),First appeared (seconds into survey)
instruction,1,1
a_district_id,3,2
a_circuit_id,4,5
a_kg_id,4,9
a_community_id,3,13
a_enum_id,6,16
consent_note,1,23
con_understand,2,24
con_questions,3,26
con_written,2,29
consent_grp[1]/audio_consent,2,30
consent_grp[1]/d_background_note,1,33
consent_grp[1]/section_d[1]/kgt_key,3,34
consent_grp[1]/section_d[1]/kgt_name_gp[1]/kgt_fsn,23,37
consent_grp[1]/section_d[1]/kgt_name_gp[1]/kgt_msn,23,37
consent_grp[1]/section_d[1]/kgt_name_gp[1]/kgt_lsn,23,37
consent_grp[1]/section_d[1]/kgt_name_gp[1]/kgt_ppn,23,37
consent_grp[1]/section_d[1]/kgt_name_gp[1]/d_sex,23,37
consent_grp[1]/section_d[1]/kgt_confirm_note,2,59
consent_grp[1]/section_d[1]/d_num_cnt,2,61
consent_grp[1]/section_d[1]/d_cnt_grp[1]/d_cnt_main,13,63
consent_grp[1]/section_d[1]/d_age,3,76
consent_grp[1]/section_d[1]/d_teacher_grp[1]/d_been_teacher,6,78
consent_grp[1]/section_d[1]/d_teacher_grp[1]/d_teacher_year,6,78
consent_grp[1]/section_d[1]/d_teacher_grp[1]/d_teacher_month,6,78
consent_grp[1]/section_d[1]/d_been_kinder_grp[1]/d_been_kinder,6,84
consent_grp[1]/section_d[1]/d_been_kinder_grp[1]/d_kinder_year,6,84
consent_grp[1]/section_d[1]/d_been_kinder_grp[1]/d_kinder_month,6,84
consent_grp[1]/section_d[1]/d_work_last,9,90
consent_grp[1]/section_d[1]/d_os_yn,9,94
consent_grp[1]/section_d[1]/d_edu_level,24,100
consent_grp[1]/section_d[1]/d_edu_train,43,116
consent_grp[1]/section_d[1]/d_edu_level_train,18,136
consent_grp[1]/section_d[1]/d_edu_level_fath,10,193
consent_grp[1]/section_d[1]/d_edu_level_mom,4,203
consent_grp[1]/section_d[1]/d_marital_status,10,207
consent_grp[1]/section_d[1]/d_ethnic_group,7,217
consent_grp[1]/section_d[1]/d_religion,3,223
consent_grp[1]/section_d[1]/d_la_spk_grp[1]/d_la_spk_note,73,227
consent_grp[1]/section_d[1]/d_la_spk_grp[1]/d_la_spk_eng,73,227
consent_grp[1]/section_d[1]/d_la_spk_grp[1]/d_la_spk_dagb,73,227
consent_grp[1]/section_d[1]/d_la_wrt_grp[1]/d_la_wrt_note,22,298
consent_grp[1]/section_d[1]/d_la_wrt_grp[1]/d_la_wrt_eng,22,298
consent_grp[1]/section_d[1]/d_la_wrt_grp[1]/d_la_wrt_dagb,22,298
consent_grp[1]/section_d[1]/d_main_language,29,318
consent_grp[1]/section_d[1]/d_loc_lang_kinderg,13,346
consent_grp[1]/e_rel_grp[1]/e_hh_note,7,362
consent_grp[1]/e_rel_grp[1]/e_hh_num,64,370
consent_grp[1]/e_rel_grp[1]/e_hh_grp[1]/e_hh_head,101,432
consent_grp[1]/e_rel_grp[1]/e_hh_grp[1]/e_chil_hh,101,432
consent_grp[1]/e_rel_grp[1]/e_hh_grp[1]/e_adult_hh,101,432
consent_grp[1]/e_rel_grp[1]/e_hh_school,16,534
consent_grp[1]/e_rel_grp[1]/e_read_english,9,552
consent_grp[1]/e_rel_grp[1]/e_rate_health,10,561
consent_grp[1]/e_rel_grp[1]/e_live_note,3,571
consent_grp[1]/e_rel_grp[1]/e_rooms_occu,29,574
consent_grp[1]/e_rel_grp[1]/e_own_status,38,603
consent_grp[1]/e_rel_grp[1]/e_electricity_inhouse,4,641
consent_grp[1]/e_rel_grp[1]/e_floor_material,23,645
consent_grp[1]/e_rel_grp[1]/e_interior_floor,24,657
consent_grp[1]/e_rel_grp[1]/e_roof_mat,30,667
consent_grp[1]/e_rel_grp[1]/e_cook_fuel,25,721
consent_grp[1]/e_rel_grp[1]/e_lighting,9,746
consent_grp[1]/e_rel_grp[1]/e_drink_source,20,756
consent_grp[1]/e_rel_grp[1]/e_toilet_facility,8,776
consent_grp[1]/e_rel_grp[1]/e_asset_note,7,784
consent_grp[1]/e_rel_grp[1]/e_hh_own_phone,17,791
consent_grp[1]/e_rel_grp[1]/e_hh_ass_grp[1]/tmp_e_hh_ass_lab,169,807
consent_grp[1]/e_rel_grp[1]/e_hh_ass_grp[1]/e_hh_ass_radio,169,807
consent_grp[1]/e_rel_grp[1]/e_hh_ass_grp[1]/e_hh_ass_refrig,169,807
consent_grp[1]/e_rel_grp[1]/e_hh_ass_grp[1]/e_hh_ass_bike,169,807
consent_grp[1]/e_rel_grp[1]/e_hh_ass_grp[1]/e_hh_ass_tv,169,807
consent_grp[1]/e_rel_grp[1]/e_hh_ass_grp[1]/e_hh_ass_vcr,169,807
consent_grp[1]/e_rel_grp[1]/e_hh_ass_grp[1]/e_hh_ass_motor,169,807
consent_grp[1]/e_rel_grp[1]/e_hh_ass_grp[1]/e_hh_ass_car,169,807
consent_grp[1]/e_rel_grp[1]/e_hh_ass_grp[1]/e_hh_ass_tractor,169,807
consent_grp[1]/e_rel_grp[1]/e_hh_ass_grp[1]/e_hh_ass_farm_equip,169,807
consent_grp[1]/e_rel_grp[1]/e_hh_ass_grp[1]/e_hh_ass_sew_mach,169,807
consent_grp[1]/e_rel_grp[1]/e_hh_ass_grp[1]/e_hh_ass_bed,169,807
consent_grp[1]/e_rel_grp[1]/e_hh_ass_grp[1]/e_hh_ass_mattress,169,807
consent_grp[1]/e_rel_grp[1]/e_hh_ass_grp[1]/e_hh_ass_table_chair,169,807
consent_grp[1]/e_rel_grp[1]/e_hh_ass_grp[1]/e_hh_ass_stool,169,807
consent_grp[1]/e_rel_grp[1]/e_hh_ass_grp[1]/e_hh_ass_sofa,169,807
consent_grp[1]/e_rel_grp[1]/e_hh_ass_grp[1]/e_hh_ass_fan,169,807
consent_grp[1]/e_rel_grp[1]/e_hh_ass_grp[1]/e_hh_ass_lamp,169,807
consent_grp[1]/e_rel_grp[1]/e_hh_ass_grp[1]/e_hh_ass_watch,169,807
consent_grp[1]/e_rel_grp[1]/e_hh_ass_grp[1]/e_hh_ass_mat,169,807
consent_grp[1]/e_rel_grp[1]/e_hh_ass_grp[1]/e_hh_ass_torch,169,807
consent_grp[1]/e_rel_grp[1]/e_hh_ass_grp[1]/e_hh_ass_cabinet,169,807
consent_grp[1]/e_rel_grp[1]/e_hh_ass_grp[1]/e_hh_ass_pot,169,807
consent_grp[1]/e_rel_grp[1]/e_hh_ass_grp[1]/e_hh_ass_itn,169,807
consent_grp[1]/e_rel_grp[1]/e_hh_ass_grp[1]/e_hh_ass_iron_elec,169,807
consent_grp[1]/e_rel_grp[1]/e_hh_ass_grp[1]/e_hh_ass_iron_coal,169,807
consent_grp[1]/e_rel_grp[1]/e_hh_ass_grp[1]/e_hh_ass_iron_gas,169,807
consent_grp[1]/f_rel_grp[1]/f_comm_note,4,976
consent_grp[1]/f_rel_grp[1]/section_f[1]/f_born_comm,12,981
consent_grp[1]/f_rel_grp[1]/section_f[1]/f_school_loc,9,993
consent_grp[1]/f_rel_grp[1]/section_f[1]/f_lived_bef_teach,8,1003
consent_grp[1]/f_rel_grp[1]/section_f[1]/f_lived_grp[1]/f_lived_comm,22,1011
consent_grp[1]/f_rel_grp[1]/section_f[1]/f_lived_grp[1]/f_lived_comm_year,22,1011
consent_grp[1]/f_rel_grp[1]/section_f[1]/f_lived_grp[1]/f_lived_comm_month,22,1011
consent_grp[1]/f_rel_grp[1]/section_f[1]/f_fam_lived,27,1033
consent_grp[1]/f_rel_grp[1]/section_f[1]/f_emot_support,11,1060
consent_grp[1]/f_rel_grp[1]/section_f[1]/f_emot_support_num,8,1072
consent_grp[1]/f_rel_grp[1]/section_f[1]/f_lend_money,9,1079
consent_grp[1]/f_rel_grp[1]/section_f[1]/f_borrow_money,17,1089
consent_grp[1]/f_rel_grp[1]/section_f[1]/f_rel_live_nearby,27,1103
consent_grp[1]/f_rel_grp[1]/section_f[1]/f_part_comm,10,1133
consent_grp[1]/f_rel_grp[1]/section_f[1]/f_main_trans,10,1143
consent_grp[1]/f_rel_grp[1]/section_f[1]/f_min_get_sch_grp[1]/f_min_get_note,18,1152
consent_grp[1]/f_rel_grp[1]/section_f[1]/f_min_get_sch_grp[1]/f_h_get_school,18,1152
consent_grp[1]/f_rel_grp[1]/section_f[1]/f_min_get_sch_grp[1]/f_m_get_school,18,1152
consent_grp[1]/g_nature_wrk_note,3,1170
consent_grp[1]/section_g[1]/g_teach_pos,12,1174
consent_grp[1]/section_g[1]/g_teach_school,22,1185
consent_grp[1]/section_g[1]/g_kg_grade,9,1208
consent_grp[1]/section_g[1]/g_class_grp[1]/g_children_note,15,1217
consent_grp[1]/section_g[1]/g_class_grp[1]/g_kg_1,15,1217
consent_grp[1]/section_g[1]/g_ah_grp[1]/g_ah_note,95,1230
consent_grp[1]/section_g[1]/g_ah_grp[1]/g_ah_working,95,1230
consent_grp[1]/section_g[1]/g_ah_grp[1]/g_ah_prepping,95,1230
consent_grp[1]/section_g[1]/g_eh_grp[1]/g_eh_note,25,1323
consent_grp[1]/section_g[1]/g_eh_grp[1]/g_eh_working,25,1323
consent_grp[1]/section_g[1]/g_eh_grp[1]/g_eh_prepping,25,1323
consent_grp[1]/section_g[1]/g_teach_salary,17,1351
consent_grp[1]/section_g[1]/g_salary_freq,15,1366
consent_grp[1]/section_g[1]/g_salary_intime,27,1383
consent_grp[1]/section_g[1]/g_money_cmp,25,1409
consent_grp[1]/section_g[1]/g_job_outside,9,1434
consent_grp[1]/section_g[1]/g_extra_money_spec,17,1444
consent_grp[1]/section_g[1]/g_sch_pro_grp[1]/tmp_g_sch_pro_lab,190,1459
consent_grp[1]/section_g[1]/g_sch_pro_grp[1]/g_class,190,1459
consent_grp[1]/section_g[1]/g_sch_pro_grp[1]/g_class_taught,190,1459
consent_grp[1]/section_g[1]/g_sch_pro_grp[1]/g_fin_resource,190,1459
consent_grp[1]/section_g[1]/g_sch_pro_grp[1]/g_high_expe,190,1459
consent_grp[1]/section_g[1]/g_sch_pro_grp[1]/g_change_curri,190,1459
consent_grp[1]/section_g[1]/g_sch_pro_grp[1]/g_diff_curri,190,1459
consent_grp[1]/section_g[1]/g_sch_pro_grp[1]/g_easy_curri,190,1459
consent_grp[1]/section_g[1]/g_sch_pro_grp[1]/g_par_dem_high,190,1459
consent_grp[1]/section_g[1]/g_sch_pro_grp[1]/g_par_suff_interest,190,1459
consent_grp[1]/section_g[1]/g_sch_pro_grp[1]/g_par_suff_active,190,1459
consent_grp[1]/section_g[1]/g_par_supp_grp[1]/g_par_supp_note,20,1650
consent_grp[1]/section_g[1]/g_par_supp_grp[1]/g_home_wrk,13,1659
consent_grp[1]/section_g[1]/g_par_supp_grp[1]/g_behave_val,21,1666
consent_grp[1]/section_g[1]/g_par_supp_grp[1]/g_get_schl,16,1691
consent_grp[1]/section_g[1]/g_par_supp_grp[1]/g_visit_schl,16,1713
consent_grp[1]/section_g[1]/g_par_supp_grp[1]/g_show_respect,17,1728
consent_grp[1]/section_g[1]/g_par_supp_grp[1]/g_best_schl,33,1755
consent_grp[1]/section_g[1]/g_par_supp_grp[1]/g_parti_pta,17,1788
consent_grp[1]/section_g[1]/g_par_supp_grp[1]/g_cont_kg_act,35,1805
consent_grp[1]/section_g[1]/g_lead_respect,13,1839
consent_grp[1]/section_g[1]/g_val_citizen,26,1853
consent_grp[1]/section_h[1]/sec_h_depre_note,43,1879
consent_grp[1]/section_h[1]/h_depression_grp[1]/h_da_note,184,1922
consent_grp[1]/section_h[1]/h_depression_grp[1]/tmp_h_da_lab,184,1922
consent_grp[1]/section_h[1]/h_depression_grp[1]/h_headache,184,1922
consent_grp[1]/section_h[1]/h_depression_grp[1]/h_appetite,184,1922
consent_grp[1]/section_h[1]/h_depression_grp[1]/h_sleep,184,1922
consent_grp[1]/section_h[1]/h_depression_grp[1]/h_frightened,184,1922
consent_grp[1]/section_h[1]/h_depression_grp[1]/h_hands_shake,184,1922
consent_grp[1]/section_h[1]/h_depression_grp[1]/h_nervous,184,1922
consent_grp[1]/section_h[1]/h_depression_grp[1]/h_digestion,184,1922
consent_grp[1]/section_h[1]/h_depression_grp[1]/h_thinking,184,1922
consent_grp[1]/section_h[1]/h_depression_grp[1]/h_unhappy,184,1922
consent_grp[1]/section_h[1]/h_depression_grp[1]/h_cry,184,1922
consent_grp[1]/section_h[1]/h_depression_grp[1]/h_activities,184,1922
consent_grp[1]/section_h[1]/h_depression_grp[1]/h_decisions,184,1922
consent_grp[1]/section_h[1]/h_depression_grp[1]/h_daily_work,184,1922
consent_grp[1]/section_h[1]/h_depression_grp[1]/h_life,184,1922
consent_grp[1]/section_h[1]/h_depression_grp[1]/h_interest,184,1922
consent_grp[1]/section_h[1]/h_depression_grp[1]/h_worthless,184,1922
consent_grp[1]/section_h[1]/h_depression_grp[1]/h_end_life,184,1922
consent_grp[1]/section_h[1]/h_depression_grp[1]/h_tired,184,1922
consent_grp[1]/section_h[1]/h_depression_grp[1]/h_uncomfortable,184,1922
consent_grp[1]/section_h[1]/h_depression_grp[1]/h_easily_tired,184,1922
consent_grp[1]/section_h[1]/sec_h_ext_contr_note,15,2106
consent_grp[1]/section_h[1]/h_ext_control_grp[1]/h_ext_cont_note,3,2121
consent_grp[1]/section_h[1]/h_ext_control_grp[1]/h_pup_learn,29,2124
consent_grp[1]/section_h[1]/h_ext_control_grp[1]/h_discipline,18,2153
consent_grp[1]/section_h[1]/h_ext_control_grp[1]/h_stu_achieve,15,2171
consent_grp[1]/section_h[1]/h_ext_control_grp[1]/h_teach_motiv,39,2186
consent_grp[1]/section_h[1]/h_ext_control_grp[1]/h_good_teach,30,2224
consent_grp[1]/section_h[1]/sec_h_motiv_note,1,2254
consent_grp[1]/section_h[1]/h_motiv_grp[1]/h_motiv_note,13,2255
consent_grp[1]/section_h[1]/h_motiv_grp[1]/h_motiv_help,19,2268
consent_grp[1]/section_h[1]/h_motiv_grp[1]/h_quest_school,19,2287
consent_grp[1]/section_h[1]/h_motiv_grp[1]/h_help_child,13,2306
consent_grp[1]/section_h[1]/h_motiv_grp[1]/h_sch_goal,14,2319
consent_grp[1]/section_h[1]/h_motiv_grp[1]/h_help_emot,13,2333
consent_grp[1]/section_h[1]/h_motiv_grp[1]/h_enjoy_teach,15,2347
consent_grp[1]/section_h[1]/h_motiv_grp[1]/h_develop_society,41,2361
consent_grp[1]/section_h[1]/h_motiv_grp[1]/h_develop_socially,20,2402
consent_grp[1]/section_h[1]/h_motiv_grp[1]/h_perso_clear,11,2423
consent_grp[1]/section_h[1]/h_impor_thing,33,2434
consent_grp[1]/section_h[1]/h_job_satisfaction_grp[1]/h_job_satis_note,21,2467
consent_grp[1]/section_h[1]/h_job_satisfaction_grp[1]/h_look_out,20,2488
consent_grp[1]/section_h[1]/h_job_satisfaction_grp[1]/h_perso_worries,28,2507
consent_grp[1]/section_h[1]/h_job_satisfaction_grp[1]/h_know_col,46,2535
consent_grp[1]/section_h[1]/h_job_satisfaction_grp[1]/h_col_coop,13,2580
consent_grp[1]/section_h[1]/h_job_satisfaction_grp[1]/h_trust_col,11,2593
consent_grp[1]/section_h[1]/h_job_satisfaction_grp[1]/h_enjoy_col,23,2604
consent_grp[1]/section_h[1]/h_job_satisfaction_grp[1]/h_sup_respect,7,2627
consent_grp[1]/section_h[1]/h_job_satisfaction_grp[1]/h_sup_busy,7,2634
consent_grp[1]/section_h[1]/h_job_satisfaction_grp[1]/h_sup_opinion,7,2642
consent_grp[1]/section_h[1]/h_job_satisfaction_grp[1]/h_count_sup,17,2649
consent_grp[1]/section_h[1]/h_job_satisfaction_grp[1]/h_motivated,10,2666
consent_grp[1]/section_h[1]/h_job_satisfaction_grp[1]/h_sup_unpredict,8,2676
consent_grp[1]/section_h[1]/h_job_satisfaction_grp[1]/h_wrk_challenge,39,2684
consent_grp[1]/section_h[1]/h_job_satisfaction_grp[1]/h_wrk_monotonous,11,2723
consent_grp[1]/section_h[1]/h_job_satisfaction_grp[1]/h_wrk_creative,9,2734
consent_grp[1]/section_h[1]/h_job_satisfaction_grp[1]/h_big_impact,8,2743
consent_grp[1]/section_h[1]/h_job_satisfaction_grp[1]/h_little_time,16,2750
consent_grp[1]/section_h[1]/h_job_satisfaction_grp[1]/h_control_satis,13,2767
consent_grp[1]/section_h[1]/h_job_satisfaction_grp[1]/h_look,7,2780
consent_grp[1]/section_h[1]/h_job_satisfaction_grp[1]/h_small_space,12,2787
consent_grp[1]/section_h[1]/h_job_satisfaction_grp[1]/h_new_mat,7,2799
consent_grp[1]/section_h[1]/h_job_satisfaction_grp[1]/h_clean_kinder,16,2806
consent_grp[1]/section_h[1]/h_job_satisfaction_grp[1]/h_loud_kinder,13,2822
consent_grp[1]/section_h[1]/h_job_satisfaction_grp[1]/h_kinder_rules,8,2835
consent_grp[1]/section_h[1]/h_job_satisfaction_grp[1]/h_satisfied_paid,7,2843
consent_grp[1]/section_h[1]/h_burnout_grp[1]/h_burnout_note,21,2850
consent_grp[1]/section_h[1]/h_burnout_grp[1]/h_emotion_drained,37,2861
consent_grp[1]/section_h[1]/h_burnout_grp[1]/h_used_up,28,2908
consent_grp[1]/section_h[1]/h_burnout_grp[1]/h_fatigued,18,2936
consent_grp[1]/section_h[1]/h_burnout_grp[1]/h_child_feel,23,2954
consent_grp[1]/section_h[1]/h_burnout_grp[1]/h_child_impersonal,19,2976
consent_grp[1]/section_h[1]/h_burnout_grp[1]/h_ppl_strain,13,2996
consent_grp[1]/section_h[1]/h_burnout_grp[1]/h_deal_effect,29,3009
consent_grp[1]/section_h[1]/h_burnout_grp[1]/h_burnout,12,3034
consent_grp[1]/section_h[1]/h_burnout_grp[1]/h_pos_influence,31,3049
consent_grp[1]/section_h[1]/h_burnout_grp[1]/h_cold,9,3081
consent_grp[1]/section_h[1]/h_burnout_grp[1]/h_hard,20,3089
consent_grp[1]/section_h[1]/h_burnout_grp[1]/h_energetic,26,3109
consent_grp[1]/section_h[1]/h_burnout_grp[1]/h_frustrated,7,3135
consent_grp[1]/section_h[1]/h_burnout_grp[1]/h_work_hard,14,3142
consent_grp[1]/section_h[1]/h_burnout_grp[1]/h_dont_care,6,3156
consent_grp[1]/section_h[1]/h_burnout_grp[1]/h_put_pressure,14,3162
consent_grp[1]/section_h[1]/h_burnout_grp[1]/h_relax,12,3175
consent_grp[1]/section_h[1]/h_burnout_grp[1]/h_excited,14,3188
consent_grp[1]/section_h[1]/h_burnout_grp[1]/h_accomplished,23,3202
consent_grp[1]/section_h[1]/h_burnout_grp[1]/h_end_of_rop,13,3225
consent_grp[1]/section_h[1]/h_burnout_grp[1]/h_emot_pro_calm,52,3238
consent_grp[1]/i_teacher_knowledge_grp[1]/I_teach_know_note,51,3290
consent_grp[1]/i_teacher_knowledge_grp[1]/i_consonance,53,3340
consent_grp[1]/i_teacher_knowledge_grp[1]/i_vowel,33,3392
consent_grp[1]/i_teacher_knowledge_grp[1]/i_unbelievable,17,3426
consent_grp[1]/i_teacher_knowledge_grp[1]/i_irregular,13,3443
consent_grp[1]/i_teacher_knowledge_grp[1]/i_cat,11,3456
consent_grp[1]/i_teacher_knowledge_grp[1]/i_cough,11,3467
consent_grp[1]/i_teacher_knowledge_grp[1]/i_check,11,3478
consent_grp[1]/i_teacher_knowledge_grp[1]/i_english,14,3489
consent_grp[1]/j_perception_grp[1]/j_perception_note,32,3503
consent_grp[1]/j_perception_grp[1]/j_dev_practice_grp[1]/j_dev_practice_note,27,3534
consent_grp[1]/j_perception_grp[1]/j_dev_practice_grp[1]/j_child_need,26,3540
consent_grp[1]/j_perception_grp[1]/j_dev_practice_grp[1]/j_recog_letter,14,3571
consent_grp[1]/j_perception_grp[1]/j_dev_practice_grp[1]/j_recog_number,13,3583
consent_grp[1]/j_perception_grp[1]/j_dev_practice_grp[1]/j_recog_colour,49,3590
consent_grp[1]/j_perception_grp[1]/j_dev_practice_grp[1]/j_indiv_goal,22,3650
consent_grp[1]/j_perception_grp[1]/j_dev_practice_grp[1]/j_play_materials,5,3686
consent_grp[1]/j_perception_grp[1]/j_dev_practice_grp[1]/j_child_measure,8,3691
consent_grp[1]/j_perception_grp[1]/j_supp_chil_grp[1]/j_supp_chil_note,5,3700
consent_grp[1]/j_perception_grp[1]/j_supp_chil_grp[1]/j_build_relation,7,3705
consent_grp[1]/j_perception_grp[1]/j_supp_chil_grp[1]/j_control_behaviour,7,3711
consent_grp[1]/j_perception_grp[1]/j_supp_chil_grp[1]/j_express_thought,9,3718
consent_grp[1]/j_perception_grp[1]/j_supp_chil_grp[1]/j_resolve_conflicts,7,3727
consent_grp[1]/j_perception_grp[1]/j_supp_chil_grp[1]/j_guidance_style,9,3734
consent_grp[1]/j_perception_grp[1]/j_fam_sensitive_grp[1]/j_fam_sensitive_note,75,3743
consent_grp[1]/j_perception_grp[1]/j_fam_sensitive_grp[1]/j_parent_goal,75,3743
consent_grp[1]/j_perception_grp[1]/j_fam_sensitive_grp[1]/j_work_schedule,75,3743
consent_grp[1]/j_perception_grp[1]/j_fam_sensitive_grp[1]/j_fam_decision,75,3743
consent_grp[1]/j_perception_grp[1]/j_fam_sensitive_grp[1]/j_family_care,75,3743
consent_grp[1]/j_perception_grp[1]/j_fam_sensitive_grp[1]/j_connect_family,75,3743
consent_grp[1]/k_grp[1]/k_instro_note,48,3817
consent_grp[1]/k_grp[1]/k_ts_grp[1]/tmp_k_labels,109,3848
consent_grp[1]/k_grp[1]/k_ts_grp[1]/k_take_priviledges,109,3848
consent_grp[1]/k_grp[1]/k_ts_grp[1]/k_explain_behavior,109,3848
consent_grp[1]/k_grp[1]/k_ts_grp[1]/k_shook,109,3848
consent_grp[1]/k_grp[1]/k_ts_grp[1]/k_shouted,109,3848
consent_grp[1]/k_grp[1]/k_ts_grp[1]/k_gave_something,109,3848
consent_grp[1]/k_grp[1]/k_ts_grp[1]/k_spanked,109,3848
consent_grp[1]/k_grp[1]/k_ts_grp[1]/k_hit_bottom,109,3848
consent_grp[1]/k_grp[1]/k_ts_grp[1]/k_call_dumb,109,3848
consent_grp[1]/k_grp[1]/k_ts_grp[1]/k_hit_face,109,3848
consent_grp[1]/k_grp[1]/k_ts_grp[1]/k_praised,109,3848
consent_grp[1]/k_grp[1]/k_ts_grp[1]/k_affection,109,3848
consent_grp[1]/k_grp[1]/k_ts_grp[1]/k_rewarded,109,3848
consent_grp[1]/l_teaching_prac_grp[1]/l_note,4,3974
consent_grp[1]/l_teaching_prac_grp[1]/l_previos_kinder_act[1]/tmp_l_prac_lab,95,3978
consent_grp[1]/l_teaching_prac_grp[1]/l_previos_kinder_act[1]/l_hygiene_routine,95,3978
consent_grp[1]/l_teaching_prac_grp[1]/l_previos_kinder_act[1]/l_supply,95,3978
consent_grp[1]/l_teaching_prac_grp[1]/l_previos_kinder_act[1]/l_pamper,95,3978
consent_grp[1]/l_teaching_prac_grp[1]/l_previos_kinder_act[1]/l_read,95,3978
consent_grp[1]/l_teaching_prac_grp[1]/l_previos_kinder_act[1]/l_tell,95,3978
consent_grp[1]/l_teaching_prac_grp[1]/l_previos_kinder_act[1]/l_conversatin,95,3978
consent_grp[1]/l_teaching_prac_grp[1]/l_previos_kinder_act[1]/l_sing,95,3978
consent_grp[1]/l_teaching_prac_grp[1]/l_previos_kinder_act[1]/l_dance,95,3978
consent_grp[1]/l_teaching_prac_grp[1]/l_previos_kinder_act[1]/l_visit,95,3978
consent_grp[1]/l_teaching_prac_grp[1]/l_previos_kinder_act[1]/l_play_kg,95,3978
consent_grp[1]/l_teaching_prac_grp[1]/l_previos_kinder_act[1]/l_play_recrea,95,3978
consent_grp[1]/l_teaching_prac_grp[1]/l_previos_kinder_act[1]/l_sleep,95,3978
consent_grp[1]/l_teaching_prac_grp[1]/l_previos_kinder_act[1]/l_run,95,3978
consent_grp[1]/l_teaching_prac_grp[1]/l_previos_kinder_act[1]/l_group_learn,95,3978
consent_grp[1]/l_teaching_prac_grp[1]/l_previos_kinder_act[1]/l_indiv_learn,95,3978
consent_grp[1]/l_teaching_prac_grp[1]/l_class_acti_grp[1]/l_act_grp[1]/tmp_l_class_lab,93,4073
consent_grp[1]/l_teaching_prac_grp[1]/l_class_acti_grp[1]/l_act_grp[1]/l_teach_colour,93,4073
consent_grp[1]/l_teaching_prac_grp[1]/l_class_acti_grp[1]/l_act_grp[1]/l_teach_number,93,4073
consent_grp[1]/l_teaching_prac_grp[1]/l_class_acti_grp[1]/l_act_grp[1]/l_teach_letter,93,4073
consent_grp[1]/l_teaching_prac_grp[1]/l_class_acti_grp[1]/l_act_grp[1]/l_teach_form,93,4073
consent_grp[1]/l_teaching_prac_grp[1]/l_class_acti_grp[1]/l_act_grp[1]/l_socialise,93,4073
consent_grp[1]/l_teaching_prac_grp[1]/l_class_acti_grp[1]/l_act_grp[1]/l_pro_solve,93,4073
consent_grp[1]/l_teaching_prac_grp[1]/l_class_acti_grp[1]/l_act_grp[1]/l_writing,93,4073
consent_grp[1]/l_teaching_prac_grp[1]/l_class_acti_grp[1]/l_act_grp[1]/l_teach_body,93,4073
consent_grp[1]/l_teaching_prac_grp[1]/l_class_acti_grp[1]/l_act_grp[1]/l_pers_hygiene,93,4073
consent_grp[1]/l_teaching_prac_grp[1]/l_class_acti_grp[1]/l_act_grp[1]/l_art_expre,93,4073
consent_grp[1]/l_teaching_prac_grp[1]/l_class_acti_grp[1]/l_act_grp[1]/l_body_lang,93,4073
consent_grp[1]/l_teaching_prac_grp[1]/l_class_acti_grp[1]/l_act_grp[1]/l_concentration,93,4073
consent_grp[1]/l_teaching_prac_grp[1]/l_class_acti_grp[1]/l_act_grp[1]/l_gross_motor,93,4073
consent_grp[1]/l_teaching_prac_grp[1]/l_class_acti_grp[1]/l_act_grp[1]/l_fine_motor,93,4073
consent_grp[1]/l_teaching_prac_grp[1]/l_class_acti_grp[1]/l_act_grp[1]/l_gender,93,4073
consent_grp[1]/l_teaching_prac_grp[1]/l_class_acti_grp[1]/l_act_grp[1]/l_responsibility,93,4073
consent_grp[1]/l_teaching_prac_grp[1]/l_class_acti_grp[1]/l_act_grp[1]/l_speech,93,4073
consent_grp[1]/l_teaching_prac_grp[1]/l_class_acti_grp[1]/l_act_grp[1]/l_explore_comm,93,4073
consent_grp[1]/l_teaching_prac_grp[1]/l_class_acti_grp[1]/l_act_grp[1]/l_explore_culture,93,4073
consent_grp[1]/l_teaching_prac_grp[1]/l_parent_interact_note,7,4166
consent_grp[1]/l_teaching_prac_grp[1]/l_actively_engaged,111,4173
consent_grp[1]/l_teaching_prac_grp[1]/l_proportion_child,12,4284
consent_grp[1]/l_teaching_prac_grp[1]/l_proportion_child_more,10,4296
consent_grp[1]/l_teaching_prac_grp[1]/l_visit_pupil_house,24,4306
consent_grp[1]/l_teaching_prac_grp[1]/l_visit_parent_house,18,4330
consent_grp[1]/l_teaching_prac_grp[1]/l_receive_parent_supp,17,4348
consent_grp[1]/l_teaching_prac_grp[1]/l_day_teaching_note,9,4365
consent_grp[1]/l_teaching_prac_grp[1]/l_day_grp[1]/tmp_l_labs,50,4372
consent_grp[1]/l_teaching_prac_grp[1]/l_day_grp[1]/l_daily_schedule,50,4372
consent_grp[1]/l_teaching_prac_grp[1]/l_day_grp[1]/l_play_period,50,4372
consent_grp[1]/l_teaching_prac_grp[1]/l_day_grp[1]/l_free_play,50,4372
consent_grp[1]/l_teaching_prac_grp[1]/l_day_grp[1]/l_activities,50,4372
consent_grp[1]/l_teaching_prac_grp[1]/l_per_daily_grp[1]/l_perc_note,131,4424
consent_grp[1]/l_teaching_prac_grp[1]/l_per_daily_grp[1]/l_admin_per,131,4424
consent_grp[1]/l_teaching_prac_grp[1]/l_per_daily_grp[1]/l_class_per,131,4424
consent_grp[1]/l_teaching_prac_grp[1]/l_per_daily_grp[1]/l_teach_per,131,4424
consent_grp[1]/l_teaching_prac_grp[1]/l_per_daily_grp[1]/l_super_per,131,4424
consent_grp[1]/l_teaching_prac_grp[1]/l_per_daily_grp[1]/l_super_oth_per,131,4424
consent_grp[1]/l_teaching_prac_grp[1]/l_per_daily_grp[1]/l_break_per,131,4424
consent_grp[1]/l_teaching_prac_grp[1]/l_discipline_note,2,4555
consent_grp[1]/l_teaching_prac_grp[1]/l_dont_like,40,4557
consent_grp[1]/l_teaching_prac_grp[1]/l_really_bad,25,4597
consent_grp[1]/l_teaching_prac_grp[1]/l_does_good,15,4614
consent_grp[1]/l_teaching_prac_grp[1]/l_praise,22,4636
consent_grp[1]/q_note,14,4658
consent_grp[1]/q_activ_yn,16,4670
consent_grp[1]/q_rpt[1]/q_activ_r,26,4688
consent_grp[1]/q_rpt[1]/q_activ_org_r,6,4714
consent_grp[1]/q_rpt[1]/q_activ_add_r,12,4720
s_int_accom_yn,11,4731
s_int_accom,24,4733
comments,71,4735
