Field name,Total duration (seconds),First appeared (seconds into survey)
instruction,1,2
a_district_id,3,3
a_circuit_id,7,6
a_kg_id,135,13
a_community_id,23,148
a_enum_id,14,171
consent_note,209,184
con_understand,2,394
con_questions,2,395
con_written,2,398
consent_grp[1]/audio_consent,2,399
consent_grp[1]/d_background_note,1,401
consent_grp[1]/section_d[1]/kgt_key,9,402
consent_grp[1]/section_d[1]/kgt_confirm_note,8,411
consent_grp[1]/section_d[1]/d_num_cnt,11,419
consent_grp[1]/section_d[1]/d_cnt_grp[1]/d_cnt_main,25,430
consent_grp[1]/section_d[1]/d_cnt_grp[1]/d_cnt_sec,25,430
consent_grp[1]/section_d[1]/d_work_last,10,455
consent_grp[1]/section_d[1]/d_edu_level,13,465
consent_grp[1]/section_d[1]/d_edu_train,11,478
consent_grp[1]/section_d[1]/d_edu_level_train,10,489
consent_grp[1]/section_d[1]/d_marital_status,5,499
consent_grp[1]/section_d[1]/d_religion,4,504
consent_grp[1]/section_d[1]/d_la_spk_grp[1]/d_la_spk_note,31,508
consent_grp[1]/section_d[1]/d_la_spk_grp[1]/d_la_spk_eng,31,508
consent_grp[1]/section_d[1]/d_la_spk_grp[1]/d_la_spk_dagb,31,508
consent_grp[1]/section_d[1]/d_la_wrt_grp[1]/d_la_wrt_note,10,539
consent_grp[1]/section_d[1]/d_la_wrt_grp[1]/d_la_wrt_eng,10,539
consent_grp[1]/section_d[1]/d_la_wrt_grp[1]/d_la_wrt_dagb,10,539
consent_grp[1]/section_d[1]/d_main_language,39,549
consent_grp[1]/section_d[1]/d_loc_lang_kinderg,7,588
consent_grp[1]/f_moved_yn,19,595
consent_grp[1]/g_nature_wrk_note,1,614
consent_grp[1]/section_g[1]/g_teach_pos,13,615
consent_grp[1]/section_g[1]/g_teach_school,7,628
consent_grp[1]/section_g[1]/g_kg_grade,13,635
consent_grp[1]/section_g[1]/g_class_grp[1]/g_children_note,14,647
consent_grp[1]/section_g[1]/g_class_grp[1]/g_kg_1,14,647
consent_grp[1]/section_g[1]/g_ah_grp[1]/g_ah_note,62,662
consent_grp[1]/section_g[1]/g_ah_grp[1]/g_ah_working,62,662
consent_grp[1]/section_g[1]/g_ah_grp[1]/g_ah_prepping,62,662
consent_grp[1]/section_g[1]/g_eh_grp[1]/g_eh_note,31,724
consent_grp[1]/section_g[1]/g_eh_grp[1]/g_eh_working,31,724
consent_grp[1]/section_g[1]/g_eh_grp[1]/g_eh_prepping,31,724
consent_grp[1]/section_g[1]/g_teach_salary,24,755
consent_grp[1]/section_g[1]/g_salary_freq,10,779
consent_grp[1]/section_g[1]/g_salary_intime,19,789
consent_grp[1]/section_g[1]/g_money_cmp,7,808
consent_grp[1]/section_g[1]/g_job_outside,8,815
consent_grp[1]/section_g[1]/g_extra_money_spec,8,823
consent_grp[1]/section_g[1]/g_sch_pro_grp[1]/tmp_g_sch_pro_lab,291,831
consent_grp[1]/section_g[1]/g_sch_pro_grp[1]/g_class,291,831
consent_grp[1]/section_g[1]/g_sch_pro_grp[1]/g_class_taught,291,831
consent_grp[1]/section_g[1]/g_sch_pro_grp[1]/g_fin_resource,291,831
consent_grp[1]/section_g[1]/g_sch_pro_grp[1]/g_high_expe,291,831
consent_grp[1]/section_g[1]/g_sch_pro_grp[1]/g_change_curri,291,831
consent_grp[1]/section_g[1]/g_sch_pro_grp[1]/g_diff_curri,291,831
consent_grp[1]/section_g[1]/g_sch_pro_grp[1]/g_easy_curri,291,831
consent_grp[1]/section_g[1]/g_sch_pro_grp[1]/g_par_dem_high,291,831
consent_grp[1]/section_g[1]/g_sch_pro_grp[1]/g_par_suff_interest,291,831
consent_grp[1]/section_g[1]/g_sch_pro_grp[1]/g_par_suff_active,291,831
consent_grp[1]/section_g[1]/g_par_supp_grp[1]/g_par_supp_note,3,1122
consent_grp[1]/section_g[1]/g_par_supp_grp[1]/g_home_wrk,14,1124
consent_grp[1]/section_g[1]/g_par_supp_grp[1]/g_behave_val,14,1138
consent_grp[1]/section_g[1]/g_par_supp_grp[1]/g_get_schl,11,1152
consent_grp[1]/section_g[1]/g_par_supp_grp[1]/g_visit_schl,14,1164
consent_grp[1]/section_g[1]/g_par_supp_grp[1]/g_show_respect,12,1177
consent_grp[1]/section_g[1]/g_par_supp_grp[1]/g_best_schl,10,1189
consent_grp[1]/section_g[1]/g_par_supp_grp[1]/g_parti_pta,9,1199
consent_grp[1]/section_g[1]/g_par_supp_grp[1]/g_cont_kg_act,8,1208
consent_grp[1]/section_g[1]/g_lead_respect,13,1215
consent_grp[1]/section_g[1]/g_val_citizen,10,1228
consent_grp[1]/section_h[1]/sec_h_depre_note,43,1238
consent_grp[1]/section_h[1]/h_depression_grp[1]/h_da_note,168,1239
consent_grp[1]/section_h[1]/h_depression_grp[1]/tmp_h_da_lab,168,1239
consent_grp[1]/section_h[1]/h_depression_grp[1]/h_headache,168,1239
consent_grp[1]/section_h[1]/h_depression_grp[1]/h_appetite,168,1239
consent_grp[1]/section_h[1]/h_depression_grp[1]/h_sleep,168,1239
consent_grp[1]/section_h[1]/h_depression_grp[1]/h_frightened,168,1239
consent_grp[1]/section_h[1]/h_depression_grp[1]/h_hands_shake,168,1239
consent_grp[1]/section_h[1]/h_depression_grp[1]/h_nervous,168,1239
consent_grp[1]/section_h[1]/h_depression_grp[1]/h_digestion,168,1239
consent_grp[1]/section_h[1]/h_depression_grp[1]/h_thinking,168,1239
consent_grp[1]/section_h[1]/h_depression_grp[1]/h_unhappy,168,1239
consent_grp[1]/section_h[1]/h_depression_grp[1]/h_cry,168,1239
consent_grp[1]/section_h[1]/h_depression_grp[1]/h_activities,168,1239
consent_grp[1]/section_h[1]/h_depression_grp[1]/h_decisions,168,1239
consent_grp[1]/section_h[1]/h_depression_grp[1]/h_daily_work,168,1239
consent_grp[1]/section_h[1]/h_depression_grp[1]/h_life,168,1239
consent_grp[1]/section_h[1]/h_depression_grp[1]/h_interest,168,1239
consent_grp[1]/section_h[1]/h_depression_grp[1]/h_worthless,168,1239
consent_grp[1]/section_h[1]/h_depression_grp[1]/h_end_life,168,1239
consent_grp[1]/section_h[1]/h_depression_grp[1]/h_tired,168,1239
consent_grp[1]/section_h[1]/h_depression_grp[1]/h_uncomfortable,168,1239
consent_grp[1]/section_h[1]/h_depression_grp[1]/h_easily_tired,168,1239
consent_grp[1]/section_h[1]/sec_h_ext_contr_note,2,1448
consent_grp[1]/section_h[1]/h_ext_control_grp[1]/h_ext_cont_note,1,1450
consent_grp[1]/section_h[1]/h_ext_control_grp[1]/h_pup_learn,24,1451
consent_grp[1]/section_h[1]/h_ext_control_grp[1]/h_discipline,19,1476
consent_grp[1]/section_h[1]/h_ext_control_grp[1]/h_stu_achieve,18,1495
consent_grp[1]/section_h[1]/h_ext_control_grp[1]/h_teach_motiv,13,1513
consent_grp[1]/section_h[1]/h_ext_control_grp[1]/h_good_teach,28,1526
consent_grp[1]/section_h[1]/sec_h_motiv_note,1,1554
consent_grp[1]/section_h[1]/h_motiv_grp[1]/h_motiv_note,2,1555
consent_grp[1]/section_h[1]/h_motiv_grp[1]/h_motiv_help,22,1557
consent_grp[1]/section_h[1]/h_motiv_grp[1]/h_quest_school,29,1579
consent_grp[1]/section_h[1]/h_motiv_grp[1]/h_help_child,10,1608
consent_grp[1]/section_h[1]/h_motiv_grp[1]/h_sch_goal,9,1618
consent_grp[1]/section_h[1]/h_motiv_grp[1]/h_help_emot,9,1626
consent_grp[1]/section_h[1]/h_motiv_grp[1]/h_enjoy_teach,17,1636
consent_grp[1]/section_h[1]/h_motiv_grp[1]/h_develop_society,7,1653
consent_grp[1]/section_h[1]/h_motiv_grp[1]/h_develop_socially,12,1660
consent_grp[1]/section_h[1]/h_motiv_grp[1]/h_perso_clear,6,1672
consent_grp[1]/section_h[1]/h_impor_thing,44,1679
consent_grp[1]/section_h[1]/h_job_satisfaction_grp[1]/h_job_satis_note,17,1723
consent_grp[1]/section_h[1]/h_job_satisfaction_grp[1]/h_look_out,15,1740
consent_grp[1]/section_h[1]/h_job_satisfaction_grp[1]/h_perso_worries,7,1756
consent_grp[1]/section_h[1]/h_job_satisfaction_grp[1]/h_know_col,11,1763
consent_grp[1]/section_h[1]/h_job_satisfaction_grp[1]/h_col_coop,14,1774
consent_grp[1]/section_h[1]/h_job_satisfaction_grp[1]/h_trust_col,6,1788
consent_grp[1]/section_h[1]/h_job_satisfaction_grp[1]/h_enjoy_col,11,1794
consent_grp[1]/section_h[1]/h_job_satisfaction_grp[1]/h_sup_respect,7,1805
consent_grp[1]/section_h[1]/h_job_satisfaction_grp[1]/h_sup_busy,12,1811
consent_grp[1]/section_h[1]/h_job_satisfaction_grp[1]/h_sup_opinion,6,1823
consent_grp[1]/section_h[1]/h_job_satisfaction_grp[1]/h_count_sup,7,1829
consent_grp[1]/section_h[1]/h_job_satisfaction_grp[1]/h_motivated,6,1836
consent_grp[1]/section_h[1]/h_job_satisfaction_grp[1]/h_sup_unpredict,11,1842
consent_grp[1]/section_h[1]/h_job_satisfaction_grp[1]/h_wrk_challenge,8,1853
consent_grp[1]/section_h[1]/h_job_satisfaction_grp[1]/h_wrk_monotonous,83,1861
consent_grp[1]/section_h[1]/h_job_satisfaction_grp[1]/h_wrk_creative,7,1944
consent_grp[1]/section_h[1]/h_job_satisfaction_grp[1]/h_big_impact,8,1951
consent_grp[1]/section_h[1]/h_job_satisfaction_grp[1]/h_little_time,12,1959
consent_grp[1]/section_h[1]/h_job_satisfaction_grp[1]/h_control_satis,15,1971
consent_grp[1]/section_h[1]/h_job_satisfaction_grp[1]/h_look,8,1985
consent_grp[1]/section_h[1]/h_job_satisfaction_grp[1]/h_small_space,14,1994
consent_grp[1]/section_h[1]/h_job_satisfaction_grp[1]/h_new_mat,71,2007
consent_grp[1]/section_h[1]/h_job_satisfaction_grp[1]/h_clean_kinder,12,2079
consent_grp[1]/section_h[1]/h_job_satisfaction_grp[1]/h_loud_kinder,14,2090
consent_grp[1]/section_h[1]/h_job_satisfaction_grp[1]/h_kinder_rules,8,2104
consent_grp[1]/section_h[1]/h_job_satisfaction_grp[1]/h_satisfied_paid,8,2113
consent_grp[1]/section_h[1]/h_burnout_grp[1]/h_burnout_note,12,2121
consent_grp[1]/section_h[1]/h_burnout_grp[1]/h_emotion_drained,39,2132
consent_grp[1]/section_h[1]/h_burnout_grp[1]/h_used_up,19,2171
consent_grp[1]/section_h[1]/h_burnout_grp[1]/h_fatigued,15,2191
consent_grp[1]/section_h[1]/h_burnout_grp[1]/h_child_feel,15,2206
consent_grp[1]/section_h[1]/h_burnout_grp[1]/h_child_impersonal,22,2221
consent_grp[1]/section_h[1]/h_burnout_grp[1]/h_ppl_strain,15,2243
consent_grp[1]/section_h[1]/h_burnout_grp[1]/h_deal_effect,13,2258
consent_grp[1]/section_h[1]/h_burnout_grp[1]/h_burnout,10,2271
consent_grp[1]/section_h[1]/h_burnout_grp[1]/h_pos_influence,10,2281
consent_grp[1]/section_h[1]/h_burnout_grp[1]/h_cold,13,2291
consent_grp[1]/section_h[1]/h_burnout_grp[1]/h_hard,11,2304
consent_grp[1]/section_h[1]/h_burnout_grp[1]/h_energetic,10,2314
consent_grp[1]/section_h[1]/h_burnout_grp[1]/h_frustrated,12,2325
consent_grp[1]/section_h[1]/h_burnout_grp[1]/h_work_hard,11,2336
consent_grp[1]/section_h[1]/h_burnout_grp[1]/h_dont_care,7,2348
consent_grp[1]/section_h[1]/h_burnout_grp[1]/h_put_pressure,11,2355
consent_grp[1]/section_h[1]/h_burnout_grp[1]/h_relax,9,2365
consent_grp[1]/section_h[1]/h_burnout_grp[1]/h_excited,6,2374
consent_grp[1]/section_h[1]/h_burnout_grp[1]/h_accomplished,8,2380
consent_grp[1]/section_h[1]/h_burnout_grp[1]/h_end_of_rop,7,2388
consent_grp[1]/section_h[1]/h_burnout_grp[1]/h_emot_pro_calm,8,2396
consent_grp[1]/i_teacher_knowledge_grp[1]/I_teach_know_note,24,2403
consent_grp[1]/i_teacher_knowledge_grp[1]/i_consonance,38,2427
consent_grp[1]/i_teacher_knowledge_grp[1]/i_vowel,6,2465
consent_grp[1]/i_teacher_knowledge_grp[1]/i_unbelievable,19,2471
consent_grp[1]/i_teacher_knowledge_grp[1]/i_irregular,12,2490
consent_grp[1]/i_teacher_knowledge_grp[1]/i_cat,24,2502
consent_grp[1]/i_teacher_knowledge_grp[1]/i_cough,26,2525
consent_grp[1]/i_teacher_knowledge_grp[1]/i_check,20,2551
consent_grp[1]/i_teacher_knowledge_grp[1]/i_english,18,2572
consent_grp[1]/j_perception_grp[1]/j_perception_note,33,2590
consent_grp[1]/j_perception_grp[1]/j_dev_practice_grp[1]/j_dev_practice_note,8,2623
consent_grp[1]/j_perception_grp[1]/j_dev_practice_grp[1]/j_child_need,7,2631
consent_grp[1]/j_perception_grp[1]/j_dev_practice_grp[1]/j_recog_letter,8,2638
consent_grp[1]/j_perception_grp[1]/j_dev_practice_grp[1]/j_recog_number,7,2646
consent_grp[1]/j_perception_grp[1]/j_dev_practice_grp[1]/j_recog_colour,6,2653
consent_grp[1]/j_perception_grp[1]/j_dev_practice_grp[1]/j_indiv_goal,10,2659
consent_grp[1]/j_perception_grp[1]/j_dev_practice_grp[1]/j_play_materials,7,2668
consent_grp[1]/j_perception_grp[1]/j_dev_practice_grp[1]/j_child_measure,8,2675
consent_grp[1]/j_perception_grp[1]/j_supp_chil_grp[1]/j_supp_chil_note,6,2683
consent_grp[1]/j_perception_grp[1]/j_supp_chil_grp[1]/j_build_relation,7,2689
consent_grp[1]/j_perception_grp[1]/j_supp_chil_grp[1]/j_control_behaviour,6,2696
consent_grp[1]/j_perception_grp[1]/j_supp_chil_grp[1]/j_express_thought,7,2702
consent_grp[1]/j_perception_grp[1]/j_supp_chil_grp[1]/j_resolve_conflicts,8,2709
consent_grp[1]/j_perception_grp[1]/j_supp_chil_grp[1]/j_guidance_style,14,2717
consent_grp[1]/j_perception_grp[1]/j_fam_sensitive_grp[1]/j_fam_sensitive_note,57,2731
consent_grp[1]/j_perception_grp[1]/j_fam_sensitive_grp[1]/j_parent_goal,57,2731
consent_grp[1]/j_perception_grp[1]/j_fam_sensitive_grp[1]/j_work_schedule,57,2731
consent_grp[1]/j_perception_grp[1]/j_fam_sensitive_grp[1]/j_fam_decision,57,2731
consent_grp[1]/j_perception_grp[1]/j_fam_sensitive_grp[1]/j_family_care,57,2731
consent_grp[1]/j_perception_grp[1]/j_fam_sensitive_grp[1]/j_connect_family,57,2731
consent_grp[1]/k_grp[1]/k_instro_note,18,2789
consent_grp[1]/k_grp[1]/k_ts_grp[1]/tmp_k_labels,158,2807
consent_grp[1]/k_grp[1]/k_ts_grp[1]/k_take_priviledges,158,2807
consent_grp[1]/k_grp[1]/k_ts_grp[1]/k_explain_behavior,158,2807
consent_grp[1]/k_grp[1]/k_ts_grp[1]/k_shook,158,2807
consent_grp[1]/k_grp[1]/k_ts_grp[1]/k_shouted,158,2807
consent_grp[1]/k_grp[1]/k_ts_grp[1]/k_gave_something,158,2807
consent_grp[1]/k_grp[1]/k_ts_grp[1]/k_spanked,158,2807
consent_grp[1]/k_grp[1]/k_ts_grp[1]/k_hit_bottom,158,2807
consent_grp[1]/k_grp[1]/k_ts_grp[1]/k_call_dumb,158,2807
consent_grp[1]/k_grp[1]/k_ts_grp[1]/k_hit_face,158,2807
consent_grp[1]/k_grp[1]/k_ts_grp[1]/k_praised,158,2807
consent_grp[1]/k_grp[1]/k_ts_grp[1]/k_affection,158,2807
consent_grp[1]/k_grp[1]/k_ts_grp[1]/k_rewarded,158,2807
consent_grp[1]/l_teaching_prac_grp[1]/l_note,6,2965
consent_grp[1]/l_teaching_prac_grp[1]/l_previos_kinder_act[1]/tmp_l_prac_lab,119,2971
consent_grp[1]/l_teaching_prac_grp[1]/l_previos_kinder_act[1]/l_hygiene_routine,119,2971
consent_grp[1]/l_teaching_prac_grp[1]/l_previos_kinder_act[1]/l_supply,119,2971
consent_grp[1]/l_teaching_prac_grp[1]/l_previos_kinder_act[1]/l_pamper,119,2971
consent_grp[1]/l_teaching_prac_grp[1]/l_previos_kinder_act[1]/l_read,119,2971
consent_grp[1]/l_teaching_prac_grp[1]/l_previos_kinder_act[1]/l_tell,119,2971
consent_grp[1]/l_teaching_prac_grp[1]/l_previos_kinder_act[1]/l_conversatin,119,2971
consent_grp[1]/l_teaching_prac_grp[1]/l_previos_kinder_act[1]/l_sing,119,2971
consent_grp[1]/l_teaching_prac_grp[1]/l_previos_kinder_act[1]/l_dance,119,2971
consent_grp[1]/l_teaching_prac_grp[1]/l_previos_kinder_act[1]/l_visit,119,2971
consent_grp[1]/l_teaching_prac_grp[1]/l_previos_kinder_act[1]/l_play_kg,119,2971
consent_grp[1]/l_teaching_prac_grp[1]/l_previos_kinder_act[1]/l_play_recrea,119,2971
consent_grp[1]/l_teaching_prac_grp[1]/l_previos_kinder_act[1]/l_sleep,119,2971
consent_grp[1]/l_teaching_prac_grp[1]/l_previos_kinder_act[1]/l_run,119,2971
consent_grp[1]/l_teaching_prac_grp[1]/l_previos_kinder_act[1]/l_group_learn,119,2971
consent_grp[1]/l_teaching_prac_grp[1]/l_previos_kinder_act[1]/l_indiv_learn,119,2971
consent_grp[1]/l_teaching_prac_grp[1]/l_class_acti_grp[1]/l_act_grp[1]/tmp_l_class_lab,99,3088
consent_grp[1]/l_teaching_prac_grp[1]/l_class_acti_grp[1]/l_act_grp[1]/l_teach_colour,99,3088
consent_grp[1]/l_teaching_prac_grp[1]/l_class_acti_grp[1]/l_act_grp[1]/l_teach_number,99,3088
consent_grp[1]/l_teaching_prac_grp[1]/l_class_acti_grp[1]/l_act_grp[1]/l_teach_letter,99,3088
consent_grp[1]/l_teaching_prac_grp[1]/l_class_acti_grp[1]/l_act_grp[1]/l_teach_form,99,3088
consent_grp[1]/l_teaching_prac_grp[1]/l_class_acti_grp[1]/l_act_grp[1]/l_socialise,99,3088
consent_grp[1]/l_teaching_prac_grp[1]/l_class_acti_grp[1]/l_act_grp[1]/l_pro_solve,99,3088
consent_grp[1]/l_teaching_prac_grp[1]/l_class_acti_grp[1]/l_act_grp[1]/l_writing,99,3088
consent_grp[1]/l_teaching_prac_grp[1]/l_class_acti_grp[1]/l_act_grp[1]/l_teach_body,99,3088
consent_grp[1]/l_teaching_prac_grp[1]/l_class_acti_grp[1]/l_act_grp[1]/l_pers_hygiene,99,3088
consent_grp[1]/l_teaching_prac_grp[1]/l_class_acti_grp[1]/l_act_grp[1]/l_art_expre,99,3088
consent_grp[1]/l_teaching_prac_grp[1]/l_class_acti_grp[1]/l_act_grp[1]/l_body_lang,99,3088
consent_grp[1]/l_teaching_prac_grp[1]/l_class_acti_grp[1]/l_act_grp[1]/l_concentration,99,3088
consent_grp[1]/l_teaching_prac_grp[1]/l_class_acti_grp[1]/l_act_grp[1]/l_gross_motor,99,3088
consent_grp[1]/l_teaching_prac_grp[1]/l_class_acti_grp[1]/l_act_grp[1]/l_fine_motor,99,3088
consent_grp[1]/l_teaching_prac_grp[1]/l_class_acti_grp[1]/l_act_grp[1]/l_gender,99,3088
consent_grp[1]/l_teaching_prac_grp[1]/l_class_acti_grp[1]/l_act_grp[1]/l_responsibility,99,3088
consent_grp[1]/l_teaching_prac_grp[1]/l_class_acti_grp[1]/l_act_grp[1]/l_speech,99,3088
consent_grp[1]/l_teaching_prac_grp[1]/l_class_acti_grp[1]/l_act_grp[1]/l_explore_comm,99,3088
consent_grp[1]/l_teaching_prac_grp[1]/l_class_acti_grp[1]/l_act_grp[1]/l_explore_culture,99,3088
consent_grp[1]/l_teaching_prac_grp[1]/l_parent_interact_note,9,3189
consent_grp[1]/l_teaching_prac_grp[1]/l_actively_engaged,28,3199
consent_grp[1]/l_teaching_prac_grp[1]/l_proportion_child,23,3227
consent_grp[1]/l_teaching_prac_grp[1]/l_proportion_child_more,17,3249
consent_grp[1]/l_teaching_prac_grp[1]/l_visit_pupil_house,33,3266
consent_grp[1]/l_teaching_prac_grp[1]/l_visit_parent_house,26,3299
consent_grp[1]/l_teaching_prac_grp[1]/l_receive_parent_supp,16,3325
consent_grp[1]/l_teaching_prac_grp[1]/l_day_teaching_note,7,3340
consent_grp[1]/l_teaching_prac_grp[1]/l_day_grp[1]/tmp_l_labs,36,3347
consent_grp[1]/l_teaching_prac_grp[1]/l_day_grp[1]/l_daily_schedule,36,3347
consent_grp[1]/l_teaching_prac_grp[1]/l_day_grp[1]/l_play_period,36,3347
consent_grp[1]/l_teaching_prac_grp[1]/l_day_grp[1]/l_free_play,36,3347
consent_grp[1]/l_teaching_prac_grp[1]/l_day_grp[1]/l_activities,36,3347
consent_grp[1]/l_teaching_prac_grp[1]/l_per_daily_grp[1]/l_perc_note,219,3383
consent_grp[1]/l_teaching_prac_grp[1]/l_per_daily_grp[1]/l_admin_per,219,3383
consent_grp[1]/l_teaching_prac_grp[1]/l_per_daily_grp[1]/l_class_per,219,3383
consent_grp[1]/l_teaching_prac_grp[1]/l_per_daily_grp[1]/l_teach_per,219,3383
consent_grp[1]/l_teaching_prac_grp[1]/l_per_daily_grp[1]/l_super_per,219,3383
consent_grp[1]/l_teaching_prac_grp[1]/l_per_daily_grp[1]/l_super_oth_per,219,3383
consent_grp[1]/l_teaching_prac_grp[1]/l_per_daily_grp[1]/l_break_per,219,3383
consent_grp[1]/l_teaching_prac_grp[1]/l_discipline_note,13,3602
consent_grp[1]/l_teaching_prac_grp[1]/l_dont_like,28,3615
consent_grp[1]/l_teaching_prac_grp[1]/l_really_bad,14,3642
consent_grp[1]/l_teaching_prac_grp[1]/l_does_good,23,3657
consent_grp[1]/l_teaching_prac_grp[1]/l_praise,17,3679
consent_grp[1]/q_note,5,3696
consent_grp[1]/q_activ_yn,19,3701
s_int_accom_yn,18,3720
comments,2,3738
