Field name,Total duration (seconds),First appeared (seconds into survey)
instruction,1,5
a_district_id,3,6
a_circuit_id,6,9
a_kg_id,14,15
a_community_id,2,30
a_enum_id,15,32
consent_note,194,47
con_understand,3,241
con_questions,7,243
con_written,58,251
consent_grp[1]/audio_consent,31,309
consent_grp[1]/d_background_note,1,340
consent_grp[1]/section_d[1]/kgt_key,25,341
consent_grp[1]/section_d[1]/kgt_confirm_note,19,362
consent_grp[1]/section_d[1]/d_num_cnt,12,385
consent_grp[1]/section_d[1]/d_cnt_grp[1]/d_cnt_main,19,397
consent_grp[1]/section_d[1]/d_cnt_grp[1]/d_cnt_sec,19,397
consent_grp[1]/section_d[1]/d_work_last,9,415
consent_grp[1]/section_d[1]/d_edu_level,11,424
consent_grp[1]/section_d[1]/d_edu_train,8,435
consent_grp[1]/section_d[1]/d_edu_level_train,10,443
consent_grp[1]/section_d[1]/d_marital_status,7,453
consent_grp[1]/section_d[1]/d_religion,4,459
consent_grp[1]/section_d[1]/d_la_spk_grp[1]/d_la_spk_note,63,463
consent_grp[1]/section_d[1]/d_la_spk_grp[1]/d_la_spk_eng,63,463
consent_grp[1]/section_d[1]/d_la_spk_grp[1]/d_la_spk_dagb,63,463
consent_grp[1]/section_d[1]/d_la_wrt_grp[1]/d_la_wrt_note,40,526
consent_grp[1]/section_d[1]/d_la_wrt_grp[1]/d_la_wrt_eng,40,526
consent_grp[1]/section_d[1]/d_la_wrt_grp[1]/d_la_wrt_dagb,40,526
consent_grp[1]/section_d[1]/d_main_language,14,566
consent_grp[1]/section_d[1]/d_loc_lang_kinderg,2,580
consent_grp[1]/f_moved_yn,14,582
consent_grp[1]/g_nature_wrk_note,5,596
consent_grp[1]/section_g[1]/g_teach_pos,7,599
consent_grp[1]/section_g[1]/g_teach_school,6,607
consent_grp[1]/section_g[1]/g_kg_grade,16,613
consent_grp[1]/section_g[1]/g_class_grp[1]/g_children_note,25,629
consent_grp[1]/section_g[1]/g_class_grp[1]/g_kg_1,25,629
consent_grp[1]/section_g[1]/g_ah_grp[1]/g_ah_note,58,654
consent_grp[1]/section_g[1]/g_ah_grp[1]/g_ah_working,58,654
consent_grp[1]/section_g[1]/g_ah_grp[1]/g_ah_prepping,58,654
consent_grp[1]/section_g[1]/g_eh_grp[1]/g_eh_note,41,711
consent_grp[1]/section_g[1]/g_eh_grp[1]/g_eh_working,41,711
consent_grp[1]/section_g[1]/g_eh_grp[1]/g_eh_prepping,41,711
consent_grp[1]/section_g[1]/g_teach_salary,25,753
consent_grp[1]/section_g[1]/g_salary_freq,9,778
consent_grp[1]/section_g[1]/g_salary_intime,13,787
consent_grp[1]/section_g[1]/g_money_cmp,8,800
consent_grp[1]/section_g[1]/g_job_outside,13,808
consent_grp[1]/section_g[1]/g_job_outside_income,26,821
consent_grp[1]/section_g[1]/g_earn_grp[1]/g_earn_amt,45,842
consent_grp[1]/section_g[1]/g_earn_grp[1]/g_earn_freq,45,842
consent_grp[1]/section_g[1]/g_extra_money_spec,4,892
consent_grp[1]/section_g[1]/g_sch_pro_grp[1]/tmp_g_sch_pro_lab,187,896
consent_grp[1]/section_g[1]/g_sch_pro_grp[1]/g_class,187,896
consent_grp[1]/section_g[1]/g_sch_pro_grp[1]/g_class_taught,187,896
consent_grp[1]/section_g[1]/g_sch_pro_grp[1]/g_fin_resource,187,896
consent_grp[1]/section_g[1]/g_sch_pro_grp[1]/g_high_expe,187,896
consent_grp[1]/section_g[1]/g_sch_pro_grp[1]/g_change_curri,187,896
consent_grp[1]/section_g[1]/g_sch_pro_grp[1]/g_diff_curri,187,896
consent_grp[1]/section_g[1]/g_sch_pro_grp[1]/g_easy_curri,187,896
consent_grp[1]/section_g[1]/g_sch_pro_grp[1]/g_par_dem_high,187,896
consent_grp[1]/section_g[1]/g_sch_pro_grp[1]/g_par_suff_interest,187,896
consent_grp[1]/section_g[1]/g_sch_pro_grp[1]/g_par_suff_active,187,896
consent_grp[1]/section_g[1]/g_par_supp_grp[1]/g_par_supp_note,12,1083
consent_grp[1]/section_g[1]/g_par_supp_grp[1]/g_home_wrk,38,1093
consent_grp[1]/section_g[1]/g_par_supp_grp[1]/g_behave_val,20,1133
consent_grp[1]/section_g[1]/g_par_supp_grp[1]/g_get_schl,23,1153
consent_grp[1]/section_g[1]/g_par_supp_grp[1]/g_visit_schl,16,1176
consent_grp[1]/section_g[1]/g_par_supp_grp[1]/g_show_respect,26,1192
consent_grp[1]/section_g[1]/g_par_supp_grp[1]/g_best_schl,22,1219
consent_grp[1]/section_g[1]/g_par_supp_grp[1]/g_parti_pta,19,1240
consent_grp[1]/section_g[1]/g_par_supp_grp[1]/g_cont_kg_act,17,1259
consent_grp[1]/section_g[1]/g_lead_respect,19,1276
consent_grp[1]/section_g[1]/g_val_citizen,37,1296
consent_grp[1]/section_h[1]/sec_h_depre_note,3,1333
consent_grp[1]/section_h[1]/h_depression_grp[1]/h_da_note,117,1336
consent_grp[1]/section_h[1]/h_depression_grp[1]/tmp_h_da_lab,117,1336
consent_grp[1]/section_h[1]/h_depression_grp[1]/h_headache,117,1336
consent_grp[1]/section_h[1]/h_depression_grp[1]/h_appetite,117,1336
consent_grp[1]/section_h[1]/h_depression_grp[1]/h_sleep,117,1336
consent_grp[1]/section_h[1]/h_depression_grp[1]/h_frightened,117,1336
consent_grp[1]/section_h[1]/h_depression_grp[1]/h_hands_shake,117,1336
consent_grp[1]/section_h[1]/h_depression_grp[1]/h_nervous,117,1336
consent_grp[1]/section_h[1]/h_depression_grp[1]/h_digestion,117,1336
consent_grp[1]/section_h[1]/h_depression_grp[1]/h_thinking,117,1336
consent_grp[1]/section_h[1]/h_depression_grp[1]/h_unhappy,117,1336
consent_grp[1]/section_h[1]/h_depression_grp[1]/h_cry,117,1336
consent_grp[1]/section_h[1]/h_depression_grp[1]/h_activities,117,1336
consent_grp[1]/section_h[1]/h_depression_grp[1]/h_decisions,117,1336
consent_grp[1]/section_h[1]/h_depression_grp[1]/h_daily_work,117,1336
consent_grp[1]/section_h[1]/h_depression_grp[1]/h_life,117,1336
consent_grp[1]/section_h[1]/h_depression_grp[1]/h_interest,117,1336
consent_grp[1]/section_h[1]/h_depression_grp[1]/h_worthless,117,1336
consent_grp[1]/section_h[1]/h_depression_grp[1]/h_end_life,117,1336
consent_grp[1]/section_h[1]/h_depression_grp[1]/h_tired,117,1336
consent_grp[1]/section_h[1]/h_depression_grp[1]/h_uncomfortable,117,1336
consent_grp[1]/section_h[1]/h_depression_grp[1]/h_easily_tired,117,1336
consent_grp[1]/section_h[1]/sec_h_ext_contr_note,2,1453
consent_grp[1]/section_h[1]/h_ext_control_grp[1]/h_ext_cont_note,3,1455
consent_grp[1]/section_h[1]/h_ext_control_grp[1]/h_pup_learn,11,1457
consent_grp[1]/section_h[1]/h_ext_control_grp[1]/h_discipline,44,1468
consent_grp[1]/section_h[1]/h_ext_control_grp[1]/h_stu_achieve,20,1512
consent_grp[1]/section_h[1]/h_ext_control_grp[1]/h_teach_motiv,19,1532
consent_grp[1]/section_h[1]/h_ext_control_grp[1]/h_good_teach,27,1552
consent_grp[1]/section_h[1]/sec_h_motiv_note,1,1579
consent_grp[1]/section_h[1]/h_motiv_grp[1]/h_motiv_note,2,1580
consent_grp[1]/section_h[1]/h_motiv_grp[1]/h_motiv_help,13,1582
consent_grp[1]/section_h[1]/h_motiv_grp[1]/h_quest_school,4,1595
consent_grp[1]/section_h[1]/h_motiv_grp[1]/h_help_child,9,1598
consent_grp[1]/section_h[1]/h_motiv_grp[1]/h_sch_goal,4,1608
consent_grp[1]/section_h[1]/h_motiv_grp[1]/h_help_emot,3,1612
consent_grp[1]/section_h[1]/h_motiv_grp[1]/h_enjoy_teach,5,1615
consent_grp[1]/section_h[1]/h_motiv_grp[1]/h_develop_society,9,1620
consent_grp[1]/section_h[1]/h_motiv_grp[1]/h_develop_socially,16,1629
consent_grp[1]/section_h[1]/h_motiv_grp[1]/h_perso_clear,8,1634
consent_grp[1]/section_h[1]/h_impor_thing,32,1651
consent_grp[1]/section_h[1]/h_job_satisfaction_grp[1]/h_job_satis_note,3,1685
consent_grp[1]/section_h[1]/h_job_satisfaction_grp[1]/h_look_out,10,1688
consent_grp[1]/section_h[1]/h_job_satisfaction_grp[1]/h_perso_worries,9,1698
consent_grp[1]/section_h[1]/h_job_satisfaction_grp[1]/h_know_col,12,1707
consent_grp[1]/section_h[1]/h_job_satisfaction_grp[1]/h_col_coop,13,1713
consent_grp[1]/section_h[1]/h_job_satisfaction_grp[1]/h_trust_col,5,1732
consent_grp[1]/section_h[1]/h_job_satisfaction_grp[1]/h_enjoy_col,14,1738
consent_grp[1]/section_h[1]/h_job_satisfaction_grp[1]/h_sup_respect,8,1752
consent_grp[1]/section_h[1]/h_job_satisfaction_grp[1]/h_sup_busy,7,1760
consent_grp[1]/section_h[1]/h_job_satisfaction_grp[1]/h_sup_opinion,20,1767
consent_grp[1]/section_h[1]/h_job_satisfaction_grp[1]/h_count_sup,4,1787
consent_grp[1]/section_h[1]/h_job_satisfaction_grp[1]/h_motivated,16,1791
consent_grp[1]/section_h[1]/h_job_satisfaction_grp[1]/h_sup_unpredict,13,1807
consent_grp[1]/section_h[1]/h_job_satisfaction_grp[1]/h_wrk_challenge,12,1820
consent_grp[1]/section_h[1]/h_job_satisfaction_grp[1]/h_wrk_monotonous,12,1832
consent_grp[1]/section_h[1]/h_job_satisfaction_grp[1]/h_wrk_creative,9,1844
consent_grp[1]/section_h[1]/h_job_satisfaction_grp[1]/h_big_impact,12,1853
consent_grp[1]/section_h[1]/h_job_satisfaction_grp[1]/h_little_time,10,1862
consent_grp[1]/section_h[1]/h_job_satisfaction_grp[1]/h_control_satis,22,1875
consent_grp[1]/section_h[1]/h_job_satisfaction_grp[1]/h_look,8,1897
consent_grp[1]/section_h[1]/h_job_satisfaction_grp[1]/h_small_space,5,1905
consent_grp[1]/section_h[1]/h_job_satisfaction_grp[1]/h_new_mat,5,1910
consent_grp[1]/section_h[1]/h_job_satisfaction_grp[1]/h_clean_kinder,5,1915
consent_grp[1]/section_h[1]/h_job_satisfaction_grp[1]/h_loud_kinder,10,1919
consent_grp[1]/section_h[1]/h_job_satisfaction_grp[1]/h_kinder_rules,20,1929
consent_grp[1]/section_h[1]/h_job_satisfaction_grp[1]/h_satisfied_paid,8,1950
consent_grp[1]/section_h[1]/h_burnout_grp[1]/h_burnout_note,14,1958
consent_grp[1]/section_h[1]/h_burnout_grp[1]/h_emotion_drained,13,1972
consent_grp[1]/section_h[1]/h_burnout_grp[1]/h_used_up,2,1985
consent_grp[1]/section_h[1]/h_burnout_grp[1]/h_fatigued,8,1988
consent_grp[1]/section_h[1]/h_burnout_grp[1]/h_child_feel,11,1995
consent_grp[1]/section_h[1]/h_burnout_grp[1]/h_child_impersonal,19,2006
consent_grp[1]/section_h[1]/h_burnout_grp[1]/h_ppl_strain,11,2025
consent_grp[1]/section_h[1]/h_burnout_grp[1]/h_deal_effect,17,2034
consent_grp[1]/section_h[1]/h_burnout_grp[1]/h_burnout,3,2053
consent_grp[1]/section_h[1]/h_burnout_grp[1]/h_pos_influence,19,2057
consent_grp[1]/section_h[1]/h_burnout_grp[1]/h_cold,9,2075
consent_grp[1]/section_h[1]/h_burnout_grp[1]/h_hard,15,2085
consent_grp[1]/section_h[1]/h_burnout_grp[1]/h_energetic,11,2100
consent_grp[1]/section_h[1]/h_burnout_grp[1]/h_frustrated,6,2111
consent_grp[1]/section_h[1]/h_burnout_grp[1]/h_work_hard,8,2117
consent_grp[1]/section_h[1]/h_burnout_grp[1]/h_dont_care,26,2125
consent_grp[1]/section_h[1]/h_burnout_grp[1]/h_put_pressure,22,2129
consent_grp[1]/section_h[1]/h_burnout_grp[1]/h_relax,6,2173
consent_grp[1]/section_h[1]/h_burnout_grp[1]/h_excited,13,2179
consent_grp[1]/section_h[1]/h_burnout_grp[1]/h_accomplished,14,2192
consent_grp[1]/section_h[1]/h_burnout_grp[1]/h_end_of_rop,26,2205
consent_grp[1]/section_h[1]/h_burnout_grp[1]/h_emot_pro_calm,14,2231
consent_grp[1]/i_teacher_knowledge_grp[1]/I_teach_know_note,21,2245
consent_grp[1]/i_teacher_knowledge_grp[1]/i_consonance,10,2266
consent_grp[1]/i_teacher_knowledge_grp[1]/i_vowel,11,2276
consent_grp[1]/i_teacher_knowledge_grp[1]/i_unbelievable,41,2287
consent_grp[1]/i_teacher_knowledge_grp[1]/i_irregular,10,2328
consent_grp[1]/i_teacher_knowledge_grp[1]/i_cat,23,2337
consent_grp[1]/i_teacher_knowledge_grp[1]/i_cough,11,2360
consent_grp[1]/i_teacher_knowledge_grp[1]/i_check,24,2372
consent_grp[1]/i_teacher_knowledge_grp[1]/i_english,32,2395
consent_grp[1]/j_perception_grp[1]/j_perception_note,38,2427
consent_grp[1]/j_perception_grp[1]/j_dev_practice_grp[1]/j_dev_practice_note,7,2465
consent_grp[1]/j_perception_grp[1]/j_dev_practice_grp[1]/j_child_need,17,2472
consent_grp[1]/j_perception_grp[1]/j_dev_practice_grp[1]/j_recog_letter,10,2490
consent_grp[1]/j_perception_grp[1]/j_dev_practice_grp[1]/j_recog_number,5,2500
consent_grp[1]/j_perception_grp[1]/j_dev_practice_grp[1]/j_recog_colour,5,2505
consent_grp[1]/j_perception_grp[1]/j_dev_practice_grp[1]/j_indiv_goal,6,2510
consent_grp[1]/j_perception_grp[1]/j_dev_practice_grp[1]/j_play_materials,4,2516
consent_grp[1]/j_perception_grp[1]/j_dev_practice_grp[1]/j_child_measure,6,2520
consent_grp[1]/j_perception_grp[1]/j_supp_chil_grp[1]/j_supp_chil_note,7,2527
consent_grp[1]/j_perception_grp[1]/j_supp_chil_grp[1]/j_build_relation,19,2529
consent_grp[1]/j_perception_grp[1]/j_supp_chil_grp[1]/j_control_behaviour,5,2552
consent_grp[1]/j_perception_grp[1]/j_supp_chil_grp[1]/j_express_thought,6,2557
consent_grp[1]/j_perception_grp[1]/j_supp_chil_grp[1]/j_resolve_conflicts,6,2563
consent_grp[1]/j_perception_grp[1]/j_supp_chil_grp[1]/j_guidance_style,8,2569
consent_grp[1]/j_perception_grp[1]/j_fam_sensitive_grp[1]/j_fam_sensitive_note,31,2577
consent_grp[1]/j_perception_grp[1]/j_fam_sensitive_grp[1]/j_parent_goal,31,2577
consent_grp[1]/j_perception_grp[1]/j_fam_sensitive_grp[1]/j_work_schedule,31,2577
consent_grp[1]/j_perception_grp[1]/j_fam_sensitive_grp[1]/j_fam_decision,31,2577
consent_grp[1]/j_perception_grp[1]/j_fam_sensitive_grp[1]/j_family_care,31,2577
consent_grp[1]/j_perception_grp[1]/j_fam_sensitive_grp[1]/j_connect_family,31,2577
consent_grp[1]/k_grp[1]/k_instro_note,24,2608
consent_grp[1]/k_grp[1]/k_ts_grp[1]/tmp_k_labels,71,2632
consent_grp[1]/k_grp[1]/k_ts_grp[1]/k_take_priviledges,71,2632
consent_grp[1]/k_grp[1]/k_ts_grp[1]/k_explain_behavior,71,2632
consent_grp[1]/k_grp[1]/k_ts_grp[1]/k_shook,71,2632
consent_grp[1]/k_grp[1]/k_ts_grp[1]/k_shouted,71,2632
consent_grp[1]/k_grp[1]/k_ts_grp[1]/k_gave_something,71,2632
consent_grp[1]/k_grp[1]/k_ts_grp[1]/k_spanked,71,2632
consent_grp[1]/k_grp[1]/k_ts_grp[1]/k_hit_bottom,71,2632
consent_grp[1]/k_grp[1]/k_ts_grp[1]/k_call_dumb,71,2632
consent_grp[1]/k_grp[1]/k_ts_grp[1]/k_hit_face,71,2632
consent_grp[1]/k_grp[1]/k_ts_grp[1]/k_praised,71,2632
consent_grp[1]/k_grp[1]/k_ts_grp[1]/k_affection,71,2632
consent_grp[1]/k_grp[1]/k_ts_grp[1]/k_rewarded,71,2632
consent_grp[1]/l_teaching_prac_grp[1]/l_note,9,2703
consent_grp[1]/l_teaching_prac_grp[1]/l_previos_kinder_act[1]/tmp_l_prac_lab,100,2712
consent_grp[1]/l_teaching_prac_grp[1]/l_previos_kinder_act[1]/l_hygiene_routine,100,2712
consent_grp[1]/l_teaching_prac_grp[1]/l_previos_kinder_act[1]/l_supply,100,2712
consent_grp[1]/l_teaching_prac_grp[1]/l_previos_kinder_act[1]/l_pamper,100,2712
consent_grp[1]/l_teaching_prac_grp[1]/l_previos_kinder_act[1]/l_read,100,2712
consent_grp[1]/l_teaching_prac_grp[1]/l_previos_kinder_act[1]/l_tell,100,2712
consent_grp[1]/l_teaching_prac_grp[1]/l_previos_kinder_act[1]/l_conversatin,100,2712
consent_grp[1]/l_teaching_prac_grp[1]/l_previos_kinder_act[1]/l_sing,100,2712
consent_grp[1]/l_teaching_prac_grp[1]/l_previos_kinder_act[1]/l_dance,100,2712
consent_grp[1]/l_teaching_prac_grp[1]/l_previos_kinder_act[1]/l_visit,100,2712
consent_grp[1]/l_teaching_prac_grp[1]/l_previos_kinder_act[1]/l_play_kg,100,2712
consent_grp[1]/l_teaching_prac_grp[1]/l_previos_kinder_act[1]/l_play_recrea,100,2712
consent_grp[1]/l_teaching_prac_grp[1]/l_previos_kinder_act[1]/l_sleep,100,2712
consent_grp[1]/l_teaching_prac_grp[1]/l_previos_kinder_act[1]/l_run,100,2712
consent_grp[1]/l_teaching_prac_grp[1]/l_previos_kinder_act[1]/l_group_learn,100,2712
consent_grp[1]/l_teaching_prac_grp[1]/l_previos_kinder_act[1]/l_indiv_learn,100,2712
consent_grp[1]/l_teaching_prac_grp[1]/l_class_acti_grp[1]/l_act_grp[1]/tmp_l_class_lab,81,2811
consent_grp[1]/l_teaching_prac_grp[1]/l_class_acti_grp[1]/l_act_grp[1]/l_teach_colour,81,2811
consent_grp[1]/l_teaching_prac_grp[1]/l_class_acti_grp[1]/l_act_grp[1]/l_teach_number,81,2811
consent_grp[1]/l_teaching_prac_grp[1]/l_class_acti_grp[1]/l_act_grp[1]/l_teach_letter,81,2811
consent_grp[1]/l_teaching_prac_grp[1]/l_class_acti_grp[1]/l_act_grp[1]/l_teach_form,81,2811
consent_grp[1]/l_teaching_prac_grp[1]/l_class_acti_grp[1]/l_act_grp[1]/l_socialise,81,2811
consent_grp[1]/l_teaching_prac_grp[1]/l_class_acti_grp[1]/l_act_grp[1]/l_pro_solve,81,2811
consent_grp[1]/l_teaching_prac_grp[1]/l_class_acti_grp[1]/l_act_grp[1]/l_writing,81,2811
consent_grp[1]/l_teaching_prac_grp[1]/l_class_acti_grp[1]/l_act_grp[1]/l_teach_body,81,2811
consent_grp[1]/l_teaching_prac_grp[1]/l_class_acti_grp[1]/l_act_grp[1]/l_pers_hygiene,81,2811
consent_grp[1]/l_teaching_prac_grp[1]/l_class_acti_grp[1]/l_act_grp[1]/l_art_expre,81,2811
consent_grp[1]/l_teaching_prac_grp[1]/l_class_acti_grp[1]/l_act_grp[1]/l_body_lang,81,2811
consent_grp[1]/l_teaching_prac_grp[1]/l_class_acti_grp[1]/l_act_grp[1]/l_concentration,81,2811
consent_grp[1]/l_teaching_prac_grp[1]/l_class_acti_grp[1]/l_act_grp[1]/l_gross_motor,81,2811
consent_grp[1]/l_teaching_prac_grp[1]/l_class_acti_grp[1]/l_act_grp[1]/l_fine_motor,81,2811
consent_grp[1]/l_teaching_prac_grp[1]/l_class_acti_grp[1]/l_act_grp[1]/l_gender,81,2811
consent_grp[1]/l_teaching_prac_grp[1]/l_class_acti_grp[1]/l_act_grp[1]/l_responsibility,81,2811
consent_grp[1]/l_teaching_prac_grp[1]/l_class_acti_grp[1]/l_act_grp[1]/l_speech,81,2811
consent_grp[1]/l_teaching_prac_grp[1]/l_class_acti_grp[1]/l_act_grp[1]/l_explore_comm,81,2811
consent_grp[1]/l_teaching_prac_grp[1]/l_class_acti_grp[1]/l_act_grp[1]/l_explore_culture,81,2811
consent_grp[1]/l_teaching_prac_grp[1]/l_parent_interact_note,13,2892
consent_grp[1]/l_teaching_prac_grp[1]/l_actively_engaged,9,2895
consent_grp[1]/l_teaching_prac_grp[1]/l_proportion_child,20,2902
consent_grp[1]/l_teaching_prac_grp[1]/l_proportion_child_more,21,2934
consent_grp[1]/l_teaching_prac_grp[1]/l_visit_pupil_house,23,2956
consent_grp[1]/l_teaching_prac_grp[1]/l_visit_parent_house,27,2979
consent_grp[1]/l_teaching_prac_grp[1]/l_receive_parent_supp,19,3006
consent_grp[1]/l_teaching_prac_grp[1]/l_day_teaching_note,7,3025
consent_grp[1]/l_teaching_prac_grp[1]/l_day_grp[1]/tmp_l_labs,56,3032
consent_grp[1]/l_teaching_prac_grp[1]/l_day_grp[1]/l_daily_schedule,56,3032
consent_grp[1]/l_teaching_prac_grp[1]/l_day_grp[1]/l_play_period,56,3032
consent_grp[1]/l_teaching_prac_grp[1]/l_day_grp[1]/l_free_play,56,3032
consent_grp[1]/l_teaching_prac_grp[1]/l_day_grp[1]/l_activities,56,3032
consent_grp[1]/l_teaching_prac_grp[1]/l_per_daily_grp[1]/l_perc_note,280,3088
consent_grp[1]/l_teaching_prac_grp[1]/l_per_daily_grp[1]/l_admin_per,280,3088
consent_grp[1]/l_teaching_prac_grp[1]/l_per_daily_grp[1]/l_class_per,280,3088
consent_grp[1]/l_teaching_prac_grp[1]/l_per_daily_grp[1]/l_teach_per,280,3088
consent_grp[1]/l_teaching_prac_grp[1]/l_per_daily_grp[1]/l_super_per,280,3088
consent_grp[1]/l_teaching_prac_grp[1]/l_per_daily_grp[1]/l_super_oth_per,280,3088
consent_grp[1]/l_teaching_prac_grp[1]/l_per_daily_grp[1]/l_break_per,280,3088
consent_grp[1]/l_teaching_prac_grp[1]/tmp_force_note,6,3346
consent_grp[1]/l_teaching_prac_grp[1]/l_discipline_note,6,3373
consent_grp[1]/l_teaching_prac_grp[1]/l_dont_like,32,3375
consent_grp[1]/l_teaching_prac_grp[1]/l_really_bad,27,3412
consent_grp[1]/l_teaching_prac_grp[1]/l_does_good,17,3439
consent_grp[1]/l_teaching_prac_grp[1]/l_praise,31,3456
consent_grp[1]/q_note,35,3484
consent_grp[1]/q_activ_yn,98,3521
s_int_accom_yn,8,3619
comments,9,3628
