Field name,Total duration (seconds),First appeared (seconds into survey)
instruction,2,10
a_district_id,3,11
a_circuit_id,20,14
a_kg_id,5,34
a_community_id,3,38
a_enum_id,78,42
consent_note,197,79
con_understand,5,136
con_questions,2,321
con_written,2,323
consent_grp[1]/audio_consent,2,325
consent_grp[1]/d_background_note,1,327
consent_grp[1]/section_d[1]/kgt_key,15,328
consent_grp[1]/section_d[1]/kgt_confirm_note,3,343
consent_grp[1]/section_d[1]/d_num_cnt,23,346
consent_grp[1]/section_d[1]/d_cnt_grp[1]/d_cnt_main,28,364
consent_grp[1]/section_d[1]/d_cnt_grp[1]/d_cnt_sec,28,364
consent_grp[1]/section_d[1]/d_work_last,11,396
consent_grp[1]/section_d[1]/d_edu_level,13,407
consent_grp[1]/section_d[1]/d_edu_train,12,421
consent_grp[1]/section_d[1]/d_marital_status,5,432
consent_grp[1]/section_d[1]/d_religion,2,437
consent_grp[1]/section_d[1]/d_la_spk_grp[1]/d_la_spk_note,67,439
consent_grp[1]/section_d[1]/d_la_spk_grp[1]/d_la_spk_eng,67,439
consent_grp[1]/section_d[1]/d_la_spk_grp[1]/d_la_spk_grun,67,439
consent_grp[1]/section_d[1]/d_la_wrt_grp[1]/d_la_wrt_note,65,506
consent_grp[1]/section_d[1]/d_la_wrt_grp[1]/d_la_wrt_eng,65,506
consent_grp[1]/section_d[1]/d_la_wrt_grp[1]/d_la_wrt_grun,65,506
consent_grp[1]/section_d[1]/d_main_language,18,571
consent_grp[1]/section_d[1]/d_loc_lang_kinderg,9,589
consent_grp[1]/f_moved_yn,16,598
consent_grp[1]/g_nature_wrk_note,4,614
consent_grp[1]/section_g[1]/g_teach_pos,10,616
consent_grp[1]/section_g[1]/g_teach_school,6,628
consent_grp[1]/section_g[1]/g_kg_grade,12,635
consent_grp[1]/section_g[1]/g_class_grp[1]/g_children_note,15,647
consent_grp[1]/section_g[1]/g_class_grp[1]/g_kg_2,15,647
consent_grp[1]/section_g[1]/g_ah_grp[1]/g_ah_note,48,662
consent_grp[1]/section_g[1]/g_ah_grp[1]/g_ah_working,48,662
consent_grp[1]/section_g[1]/g_ah_grp[1]/g_ah_prepping,48,662
consent_grp[1]/section_g[1]/g_eh_grp[1]/g_eh_note,19,710
consent_grp[1]/section_g[1]/g_eh_grp[1]/g_eh_working,19,710
consent_grp[1]/section_g[1]/g_eh_grp[1]/g_eh_prepping,19,710
consent_grp[1]/section_g[1]/g_teach_salary,34,729
consent_grp[1]/section_g[1]/g_salary_freq,6,763
consent_grp[1]/section_g[1]/g_salary_intime,44,769
consent_grp[1]/section_g[1]/g_money_cmp,11,813
consent_grp[1]/section_g[1]/g_job_outside,13,825
consent_grp[1]/section_g[1]/g_extra_money_spec,16,834
consent_grp[1]/section_g[1]/g_sch_pro_grp[1]/tmp_g_sch_pro_lab,190,853
consent_grp[1]/section_g[1]/g_sch_pro_grp[1]/g_class,190,853
consent_grp[1]/section_g[1]/g_sch_pro_grp[1]/g_class_taught,190,853
consent_grp[1]/section_g[1]/g_sch_pro_grp[1]/g_fin_resource,190,853
consent_grp[1]/section_g[1]/g_sch_pro_grp[1]/g_high_expe,190,853
consent_grp[1]/section_g[1]/g_sch_pro_grp[1]/g_change_curri,190,853
consent_grp[1]/section_g[1]/g_sch_pro_grp[1]/g_diff_curri,190,853
consent_grp[1]/section_g[1]/g_sch_pro_grp[1]/g_easy_curri,190,853
consent_grp[1]/section_g[1]/g_sch_pro_grp[1]/g_par_dem_high,190,853
consent_grp[1]/section_g[1]/g_sch_pro_grp[1]/g_par_suff_interest,190,853
consent_grp[1]/section_g[1]/g_sch_pro_grp[1]/g_par_suff_active,190,853
consent_grp[1]/section_g[1]/g_par_supp_grp[1]/g_par_supp_note,9,1044
consent_grp[1]/section_g[1]/g_par_supp_grp[1]/g_home_wrk,14,1053
consent_grp[1]/section_g[1]/g_par_supp_grp[1]/g_behave_val,27,1066
consent_grp[1]/section_g[1]/g_par_supp_grp[1]/g_get_schl,16,1093
consent_grp[1]/section_g[1]/g_par_supp_grp[1]/g_visit_schl,11,1109
consent_grp[1]/section_g[1]/g_par_supp_grp[1]/g_show_respect,44,1121
consent_grp[1]/section_g[1]/g_par_supp_grp[1]/g_best_schl,11,1165
consent_grp[1]/section_g[1]/g_par_supp_grp[1]/g_parti_pta,9,1176
consent_grp[1]/section_g[1]/g_par_supp_grp[1]/g_cont_kg_act,12,1185
consent_grp[1]/section_g[1]/g_lead_respect,21,1197
consent_grp[1]/section_g[1]/g_val_citizen,21,1218
consent_grp[1]/section_h[1]/sec_h_depre_note,53,1239
consent_grp[1]/section_h[1]/h_depression_grp[1]/h_da_note,155,1292
consent_grp[1]/section_h[1]/h_depression_grp[1]/tmp_h_da_lab,155,1292
consent_grp[1]/section_h[1]/h_depression_grp[1]/h_headache,155,1292
consent_grp[1]/section_h[1]/h_depression_grp[1]/h_appetite,155,1292
consent_grp[1]/section_h[1]/h_depression_grp[1]/h_sleep,155,1292
consent_grp[1]/section_h[1]/h_depression_grp[1]/h_frightened,155,1292
consent_grp[1]/section_h[1]/h_depression_grp[1]/h_hands_shake,155,1292
consent_grp[1]/section_h[1]/h_depression_grp[1]/h_nervous,155,1292
consent_grp[1]/section_h[1]/h_depression_grp[1]/h_digestion,155,1292
consent_grp[1]/section_h[1]/h_depression_grp[1]/h_thinking,155,1292
consent_grp[1]/section_h[1]/h_depression_grp[1]/h_unhappy,155,1292
consent_grp[1]/section_h[1]/h_depression_grp[1]/h_cry,155,1292
consent_grp[1]/section_h[1]/h_depression_grp[1]/h_activities,155,1292
consent_grp[1]/section_h[1]/h_depression_grp[1]/h_decisions,155,1292
consent_grp[1]/section_h[1]/h_depression_grp[1]/h_daily_work,155,1292
consent_grp[1]/section_h[1]/h_depression_grp[1]/h_life,155,1292
consent_grp[1]/section_h[1]/h_depression_grp[1]/h_interest,155,1292
consent_grp[1]/section_h[1]/h_depression_grp[1]/h_worthless,155,1292
consent_grp[1]/section_h[1]/h_depression_grp[1]/h_end_life,155,1292
consent_grp[1]/section_h[1]/h_depression_grp[1]/h_tired,155,1292
consent_grp[1]/section_h[1]/h_depression_grp[1]/h_uncomfortable,155,1292
consent_grp[1]/section_h[1]/h_depression_grp[1]/h_easily_tired,155,1292
consent_grp[1]/section_h[1]/sec_h_ext_contr_note,3,1447
consent_grp[1]/section_h[1]/h_ext_control_grp[1]/h_ext_cont_note,12,1451
consent_grp[1]/section_h[1]/h_ext_control_grp[1]/h_pup_learn,41,1462
consent_grp[1]/section_h[1]/h_ext_control_grp[1]/h_discipline,14,1504
consent_grp[1]/section_h[1]/h_ext_control_grp[1]/h_stu_achieve,12,1518
consent_grp[1]/section_h[1]/h_ext_control_grp[1]/h_teach_motiv,30,1530
consent_grp[1]/section_h[1]/h_ext_control_grp[1]/h_good_teach,36,1557
consent_grp[1]/section_h[1]/sec_h_motiv_note,6,1595
consent_grp[1]/section_h[1]/h_motiv_grp[1]/h_motiv_note,2,1602
consent_grp[1]/section_h[1]/h_motiv_grp[1]/h_motiv_help,13,1604
consent_grp[1]/section_h[1]/h_motiv_grp[1]/h_quest_school,34,1617
consent_grp[1]/section_h[1]/h_motiv_grp[1]/h_help_child,18,1650
consent_grp[1]/section_h[1]/h_motiv_grp[1]/h_sch_goal,17,1668
consent_grp[1]/section_h[1]/h_motiv_grp[1]/h_help_emot,15,1686
consent_grp[1]/section_h[1]/h_motiv_grp[1]/h_enjoy_teach,10,1701
consent_grp[1]/section_h[1]/h_motiv_grp[1]/h_develop_society,12,1711
consent_grp[1]/section_h[1]/h_motiv_grp[1]/h_develop_socially,12,1723
consent_grp[1]/section_h[1]/h_motiv_grp[1]/h_perso_clear,11,1735
consent_grp[1]/section_h[1]/h_impor_thing,33,1746
consent_grp[1]/section_h[1]/h_job_satisfaction_grp[1]/h_job_satis_note,39,1779
consent_grp[1]/section_h[1]/h_job_satisfaction_grp[1]/h_look_out,66,1781
consent_grp[1]/section_h[1]/h_job_satisfaction_grp[1]/h_perso_worries,7,1884
consent_grp[1]/section_h[1]/h_job_satisfaction_grp[1]/h_know_col,64,1891
consent_grp[1]/section_h[1]/h_job_satisfaction_grp[1]/h_col_coop,9,1955
consent_grp[1]/section_h[1]/h_job_satisfaction_grp[1]/h_trust_col,10,1964
consent_grp[1]/section_h[1]/h_job_satisfaction_grp[1]/h_enjoy_col,6,1974
consent_grp[1]/section_h[1]/h_job_satisfaction_grp[1]/h_sup_respect,7,1980
consent_grp[1]/section_h[1]/h_job_satisfaction_grp[1]/h_sup_busy,8,1987
consent_grp[1]/section_h[1]/h_job_satisfaction_grp[1]/h_sup_opinion,10,1995
consent_grp[1]/section_h[1]/h_job_satisfaction_grp[1]/h_count_sup,19,2005
consent_grp[1]/section_h[1]/h_job_satisfaction_grp[1]/h_motivated,18,2016
consent_grp[1]/section_h[1]/h_job_satisfaction_grp[1]/h_sup_unpredict,7,2042
consent_grp[1]/section_h[1]/h_job_satisfaction_grp[1]/h_wrk_challenge,15,2049
consent_grp[1]/section_h[1]/h_job_satisfaction_grp[1]/h_wrk_monotonous,21,2064
consent_grp[1]/section_h[1]/h_job_satisfaction_grp[1]/h_wrk_creative,13,2084
consent_grp[1]/section_h[1]/h_job_satisfaction_grp[1]/h_big_impact,9,2090
consent_grp[1]/section_h[1]/h_job_satisfaction_grp[1]/h_little_time,18,2107
consent_grp[1]/section_h[1]/h_job_satisfaction_grp[1]/h_control_satis,14,2123
consent_grp[1]/section_h[1]/h_job_satisfaction_grp[1]/h_look,21,2139
consent_grp[1]/section_h[1]/h_job_satisfaction_grp[1]/h_small_space,19,2160
consent_grp[1]/section_h[1]/h_job_satisfaction_grp[1]/h_new_mat,9,2180
consent_grp[1]/section_h[1]/h_job_satisfaction_grp[1]/h_clean_kinder,28,2188
consent_grp[1]/section_h[1]/h_job_satisfaction_grp[1]/h_loud_kinder,17,2216
consent_grp[1]/section_h[1]/h_job_satisfaction_grp[1]/h_kinder_rules,16,2233
consent_grp[1]/section_h[1]/h_job_satisfaction_grp[1]/h_satisfied_paid,14,2249
consent_grp[1]/section_h[1]/h_burnout_grp[1]/h_burnout_note,17,2262
consent_grp[1]/section_h[1]/h_burnout_grp[1]/h_emotion_drained,37,2280
consent_grp[1]/section_h[1]/h_burnout_grp[1]/h_used_up,33,2317
consent_grp[1]/section_h[1]/h_burnout_grp[1]/h_fatigued,28,2350
consent_grp[1]/section_h[1]/h_burnout_grp[1]/h_child_feel,44,2378
consent_grp[1]/section_h[1]/h_burnout_grp[1]/h_child_impersonal,16,2422
consent_grp[1]/section_h[1]/h_burnout_grp[1]/h_ppl_strain,10,2438
consent_grp[1]/section_h[1]/h_burnout_grp[1]/h_deal_effect,20,2448
consent_grp[1]/section_h[1]/h_burnout_grp[1]/h_burnout,13,2468
consent_grp[1]/section_h[1]/h_burnout_grp[1]/h_pos_influence,15,2481
consent_grp[1]/section_h[1]/h_burnout_grp[1]/h_cold,19,2496
consent_grp[1]/section_h[1]/h_burnout_grp[1]/h_hard,27,2514
consent_grp[1]/section_h[1]/h_burnout_grp[1]/h_energetic,39,2541
consent_grp[1]/section_h[1]/h_burnout_grp[1]/h_frustrated,15,2581
consent_grp[1]/section_h[1]/h_burnout_grp[1]/h_work_hard,14,2595
consent_grp[1]/section_h[1]/h_burnout_grp[1]/h_dont_care,14,2610
consent_grp[1]/section_h[1]/h_burnout_grp[1]/h_put_pressure,16,2624
consent_grp[1]/section_h[1]/h_burnout_grp[1]/h_relax,13,2639
consent_grp[1]/section_h[1]/h_burnout_grp[1]/h_excited,27,2653
consent_grp[1]/section_h[1]/h_burnout_grp[1]/h_accomplished,24,2677
consent_grp[1]/section_h[1]/h_burnout_grp[1]/h_end_of_rop,142,2704
consent_grp[1]/section_h[1]/h_burnout_grp[1]/h_emot_pro_calm,24,2841
consent_grp[1]/i_teacher_knowledge_grp[1]/I_teach_know_note,11,2870
consent_grp[1]/i_teacher_knowledge_grp[1]/i_consonance,21,2882
consent_grp[1]/i_teacher_knowledge_grp[1]/i_vowel,9,2903
consent_grp[1]/i_teacher_knowledge_grp[1]/i_unbelievable,84,2911
consent_grp[1]/i_teacher_knowledge_grp[1]/i_irregular,25,2995
consent_grp[1]/i_teacher_knowledge_grp[1]/i_cat,26,3020
consent_grp[1]/i_teacher_knowledge_grp[1]/i_cough,54,3046
consent_grp[1]/i_teacher_knowledge_grp[1]/i_check,94,3100
consent_grp[1]/i_teacher_knowledge_grp[1]/i_english,65,3195
consent_grp[1]/j_perception_grp[1]/j_perception_note,43,3260
consent_grp[1]/j_perception_grp[1]/j_dev_practice_grp[1]/j_dev_practice_note,18,3303
consent_grp[1]/j_perception_grp[1]/j_dev_practice_grp[1]/j_child_need,19,3310
consent_grp[1]/j_perception_grp[1]/j_dev_practice_grp[1]/j_recog_letter,11,3340
consent_grp[1]/j_perception_grp[1]/j_dev_practice_grp[1]/j_recog_number,9,3351
consent_grp[1]/j_perception_grp[1]/j_dev_practice_grp[1]/j_recog_colour,8,3360
consent_grp[1]/j_perception_grp[1]/j_dev_practice_grp[1]/j_indiv_goal,10,3368
consent_grp[1]/j_perception_grp[1]/j_dev_practice_grp[1]/j_play_materials,11,3378
consent_grp[1]/j_perception_grp[1]/j_dev_practice_grp[1]/j_child_measure,17,3390
consent_grp[1]/j_perception_grp[1]/j_supp_chil_grp[1]/j_supp_chil_note,8,3406
consent_grp[1]/j_perception_grp[1]/j_supp_chil_grp[1]/j_build_relation,8,3414
consent_grp[1]/j_perception_grp[1]/j_supp_chil_grp[1]/j_control_behaviour,6,3422
consent_grp[1]/j_perception_grp[1]/j_supp_chil_grp[1]/j_express_thought,8,3428
consent_grp[1]/j_perception_grp[1]/j_supp_chil_grp[1]/j_resolve_conflicts,8,3437
consent_grp[1]/j_perception_grp[1]/j_supp_chil_grp[1]/j_guidance_style,42,3445
consent_grp[1]/j_perception_grp[1]/j_fam_sensitive_grp[1]/j_fam_sensitive_note,63,3487
consent_grp[1]/j_perception_grp[1]/j_fam_sensitive_grp[1]/j_parent_goal,63,3487
consent_grp[1]/j_perception_grp[1]/j_fam_sensitive_grp[1]/j_work_schedule,63,3487
consent_grp[1]/j_perception_grp[1]/j_fam_sensitive_grp[1]/j_fam_decision,63,3487
consent_grp[1]/j_perception_grp[1]/j_fam_sensitive_grp[1]/j_family_care,63,3487
consent_grp[1]/j_perception_grp[1]/j_fam_sensitive_grp[1]/j_connect_family,63,3487
consent_grp[1]/k_grp[1]/k_instro_note,20,3550
consent_grp[1]/k_grp[1]/k_ts_grp[1]/tmp_k_labels,192,3551
consent_grp[1]/k_grp[1]/k_ts_grp[1]/k_take_priviledges,192,3551
consent_grp[1]/k_grp[1]/k_ts_grp[1]/k_explain_behavior,192,3551
consent_grp[1]/k_grp[1]/k_ts_grp[1]/k_shook,192,3551
consent_grp[1]/k_grp[1]/k_ts_grp[1]/k_shouted,192,3551
consent_grp[1]/k_grp[1]/k_ts_grp[1]/k_gave_something,192,3551
consent_grp[1]/k_grp[1]/k_ts_grp[1]/k_spanked,192,3551
consent_grp[1]/k_grp[1]/k_ts_grp[1]/k_hit_bottom,192,3551
consent_grp[1]/k_grp[1]/k_ts_grp[1]/k_call_dumb,192,3551
consent_grp[1]/k_grp[1]/k_ts_grp[1]/k_hit_face,192,3551
consent_grp[1]/k_grp[1]/k_ts_grp[1]/k_praised,192,3551
consent_grp[1]/k_grp[1]/k_ts_grp[1]/k_affection,192,3551
consent_grp[1]/k_grp[1]/k_ts_grp[1]/k_rewarded,192,3551
consent_grp[1]/l_teaching_prac_grp[1]/l_note,2,3762
consent_grp[1]/l_teaching_prac_grp[1]/l_previos_kinder_act[1]/tmp_l_prac_lab,187,3764
consent_grp[1]/l_teaching_prac_grp[1]/l_previos_kinder_act[1]/l_hygiene_routine,187,3764
consent_grp[1]/l_teaching_prac_grp[1]/l_previos_kinder_act[1]/l_supply,187,3764
consent_grp[1]/l_teaching_prac_grp[1]/l_previos_kinder_act[1]/l_pamper,187,3764
consent_grp[1]/l_teaching_prac_grp[1]/l_previos_kinder_act[1]/l_read,187,3764
consent_grp[1]/l_teaching_prac_grp[1]/l_previos_kinder_act[1]/l_tell,187,3764
consent_grp[1]/l_teaching_prac_grp[1]/l_previos_kinder_act[1]/l_conversatin,187,3764
consent_grp[1]/l_teaching_prac_grp[1]/l_previos_kinder_act[1]/l_sing,187,3764
consent_grp[1]/l_teaching_prac_grp[1]/l_previos_kinder_act[1]/l_dance,187,3764
consent_grp[1]/l_teaching_prac_grp[1]/l_previos_kinder_act[1]/l_visit,187,3764
consent_grp[1]/l_teaching_prac_grp[1]/l_previos_kinder_act[1]/l_play_kg,187,3764
consent_grp[1]/l_teaching_prac_grp[1]/l_previos_kinder_act[1]/l_play_recrea,187,3764
consent_grp[1]/l_teaching_prac_grp[1]/l_previos_kinder_act[1]/l_sleep,187,3764
consent_grp[1]/l_teaching_prac_grp[1]/l_previos_kinder_act[1]/l_run,187,3764
consent_grp[1]/l_teaching_prac_grp[1]/l_previos_kinder_act[1]/l_group_learn,187,3764
consent_grp[1]/l_teaching_prac_grp[1]/l_previos_kinder_act[1]/l_indiv_learn,187,3764
consent_grp[1]/l_teaching_prac_grp[1]/l_class_acti_grp[1]/l_act_grp[1]/tmp_l_class_lab,65,3951
consent_grp[1]/l_teaching_prac_grp[1]/l_class_acti_grp[1]/l_act_grp[1]/l_teach_colour,65,3951
consent_grp[1]/l_teaching_prac_grp[1]/l_class_acti_grp[1]/l_act_grp[1]/l_teach_number,65,3951
consent_grp[1]/l_teaching_prac_grp[1]/l_class_acti_grp[1]/l_act_grp[1]/l_teach_letter,65,3951
consent_grp[1]/l_teaching_prac_grp[1]/l_class_acti_grp[1]/l_act_grp[1]/l_teach_form,65,3951
consent_grp[1]/l_teaching_prac_grp[1]/l_class_acti_grp[1]/l_act_grp[1]/l_socialise,65,3951
consent_grp[1]/l_teaching_prac_grp[1]/l_class_acti_grp[1]/l_act_grp[1]/l_pro_solve,65,3951
consent_grp[1]/l_teaching_prac_grp[1]/l_class_acti_grp[1]/l_act_grp[1]/l_writing,65,3951
consent_grp[1]/l_teaching_prac_grp[1]/l_class_acti_grp[1]/l_act_grp[1]/l_teach_body,65,3951
consent_grp[1]/l_teaching_prac_grp[1]/l_class_acti_grp[1]/l_act_grp[1]/l_pers_hygiene,65,3951
consent_grp[1]/l_teaching_prac_grp[1]/l_class_acti_grp[1]/l_act_grp[1]/l_art_expre,65,3951
consent_grp[1]/l_teaching_prac_grp[1]/l_class_acti_grp[1]/l_act_grp[1]/l_body_lang,65,3951
consent_grp[1]/l_teaching_prac_grp[1]/l_class_acti_grp[1]/l_act_grp[1]/l_concentration,65,3951
consent_grp[1]/l_teaching_prac_grp[1]/l_class_acti_grp[1]/l_act_grp[1]/l_gross_motor,65,3951
consent_grp[1]/l_teaching_prac_grp[1]/l_class_acti_grp[1]/l_act_grp[1]/l_fine_motor,65,3951
consent_grp[1]/l_teaching_prac_grp[1]/l_class_acti_grp[1]/l_act_grp[1]/l_gender,65,3951
consent_grp[1]/l_teaching_prac_grp[1]/l_class_acti_grp[1]/l_act_grp[1]/l_responsibility,65,3951
consent_grp[1]/l_teaching_prac_grp[1]/l_class_acti_grp[1]/l_act_grp[1]/l_speech,65,3951
consent_grp[1]/l_teaching_prac_grp[1]/l_class_acti_grp[1]/l_act_grp[1]/l_explore_comm,65,3951
consent_grp[1]/l_teaching_prac_grp[1]/l_class_acti_grp[1]/l_act_grp[1]/l_explore_culture,65,3951
consent_grp[1]/l_teaching_prac_grp[1]/l_parent_interact_note,7,4015
consent_grp[1]/l_teaching_prac_grp[1]/l_actively_engaged,27,4018
consent_grp[1]/l_teaching_prac_grp[1]/l_proportion_child,31,4049
consent_grp[1]/l_teaching_prac_grp[1]/l_proportion_child_more,16,4080
consent_grp[1]/l_teaching_prac_grp[1]/l_visit_pupil_house,34,4096
consent_grp[1]/l_teaching_prac_grp[1]/l_visit_parent_house,21,4130
consent_grp[1]/l_teaching_prac_grp[1]/l_receive_parent_supp,18,4151
consent_grp[1]/l_teaching_prac_grp[1]/l_day_teaching_note,5,4169
consent_grp[1]/l_teaching_prac_grp[1]/l_day_grp[1]/tmp_l_labs,49,4174
consent_grp[1]/l_teaching_prac_grp[1]/l_day_grp[1]/l_daily_schedule,49,4174
consent_grp[1]/l_teaching_prac_grp[1]/l_day_grp[1]/l_play_period,49,4174
consent_grp[1]/l_teaching_prac_grp[1]/l_day_grp[1]/l_free_play,49,4174
consent_grp[1]/l_teaching_prac_grp[1]/l_day_grp[1]/l_activities,49,4174
consent_grp[1]/l_teaching_prac_grp[1]/l_per_daily_grp[1]/l_perc_note,330,4222
consent_grp[1]/l_teaching_prac_grp[1]/l_per_daily_grp[1]/l_admin_per,330,4222
consent_grp[1]/l_teaching_prac_grp[1]/l_per_daily_grp[1]/l_class_per,330,4222
consent_grp[1]/l_teaching_prac_grp[1]/l_per_daily_grp[1]/l_teach_per,330,4222
consent_grp[1]/l_teaching_prac_grp[1]/l_per_daily_grp[1]/l_super_per,330,4222
consent_grp[1]/l_teaching_prac_grp[1]/l_per_daily_grp[1]/l_super_oth_per,330,4222
consent_grp[1]/l_teaching_prac_grp[1]/l_per_daily_grp[1]/l_break_per,330,4222
consent_grp[1]/l_teaching_prac_grp[1]/tmp_force_note,10,4509
consent_grp[1]/l_teaching_prac_grp[1]/l_discipline_note,1,4563
consent_grp[1]/l_teaching_prac_grp[1]/l_dont_like,53,4564
consent_grp[1]/l_teaching_prac_grp[1]/l_really_bad,16,4617
consent_grp[1]/l_teaching_prac_grp[1]/l_does_good,32,4633
consent_grp[1]/l_teaching_prac_grp[1]/l_praise,20,4665
consent_grp[1]/q_note,23,4683
consent_grp[1]/q_activ_yn,14,4698
s_int_accom_yn,6,4710
s_int_accom,9,4714
comments,6,4721
