Field name,Total duration (seconds),First appeared (seconds into survey)
instruction,1,2
a_district_id,3,3
a_circuit_id,6,7
a_kg_id,4,13
a_community_id,3,17
a_enum_id,3,20
consent_note,322,23
con_understand,2,345
con_questions,2,347
con_written,2,348
consent_grp[1]/audio_consent,9,350
consent_grp[1]/d_background_note,1,359
consent_grp[1]/section_d[1]/kgt_key,14,360
consent_grp[1]/section_d[1]/kgt_confirm_note,10,375
consent_grp[1]/section_d[1]/d_num_cnt,9,384
consent_grp[1]/section_d[1]/d_cnt_grp[1]/d_cnt_main,23,393
consent_grp[1]/section_d[1]/d_cnt_grp[1]/d_cnt_sec,23,393
consent_grp[1]/section_d[1]/d_work_last,11,416
consent_grp[1]/section_d[1]/d_edu_level,13,427
consent_grp[1]/section_d[1]/d_edu_train,15,440
consent_grp[1]/section_d[1]/d_edu_level_train,4,455
consent_grp[1]/section_d[1]/d_marital_status,6,459
consent_grp[1]/section_d[1]/d_religion,4,465
consent_grp[1]/section_d[1]/d_la_spk_grp[1]/d_la_spk_note,16,469
consent_grp[1]/section_d[1]/d_la_spk_grp[1]/d_la_spk_eng,16,469
consent_grp[1]/section_d[1]/d_la_spk_grp[1]/d_la_spk_dagb,16,469
consent_grp[1]/section_d[1]/d_la_wrt_grp[1]/d_la_wrt_note,7,484
consent_grp[1]/section_d[1]/d_la_wrt_grp[1]/d_la_wrt_eng,7,484
consent_grp[1]/section_d[1]/d_la_wrt_grp[1]/d_la_wrt_dagb,7,484
consent_grp[1]/section_d[1]/d_main_language,13,491
consent_grp[1]/section_d[1]/d_loc_lang_kinderg,17,505
consent_grp[1]/f_moved_yn,9,521
consent_grp[1]/g_nature_wrk_note,1,530
consent_grp[1]/section_g[1]/g_teach_pos,5,532
consent_grp[1]/section_g[1]/g_teach_school,14,536
consent_grp[1]/section_g[1]/g_kg_grade,8,550
consent_grp[1]/section_g[1]/g_class_grp[1]/g_children_note,12,558
consent_grp[1]/section_g[1]/g_class_grp[1]/g_kg_1,12,558
consent_grp[1]/section_g[1]/g_ah_grp[1]/g_ah_note,37,570
consent_grp[1]/section_g[1]/g_ah_grp[1]/g_ah_working,37,570
consent_grp[1]/section_g[1]/g_ah_grp[1]/g_ah_prepping,37,570
consent_grp[1]/section_g[1]/g_eh_grp[1]/g_eh_note,30,608
consent_grp[1]/section_g[1]/g_eh_grp[1]/g_eh_working,30,608
consent_grp[1]/section_g[1]/g_eh_grp[1]/g_eh_prepping,30,608
consent_grp[1]/section_g[1]/g_teach_salary,19,638
consent_grp[1]/section_g[1]/g_salary_freq,4,657
consent_grp[1]/section_g[1]/g_salary_intime,11,661
consent_grp[1]/section_g[1]/g_money_cmp,8,672
consent_grp[1]/section_g[1]/g_job_outside,10,679
consent_grp[1]/section_g[1]/g_extra_money_spec,14,689
consent_grp[1]/section_g[1]/g_sch_pro_grp[1]/tmp_g_sch_pro_lab,101,702
consent_grp[1]/section_g[1]/g_sch_pro_grp[1]/g_class,101,702
consent_grp[1]/section_g[1]/g_sch_pro_grp[1]/g_class_taught,101,702
consent_grp[1]/section_g[1]/g_sch_pro_grp[1]/g_fin_resource,101,702
consent_grp[1]/section_g[1]/g_sch_pro_grp[1]/g_high_expe,101,702
consent_grp[1]/section_g[1]/g_sch_pro_grp[1]/g_change_curri,101,702
consent_grp[1]/section_g[1]/g_sch_pro_grp[1]/g_diff_curri,101,702
consent_grp[1]/section_g[1]/g_sch_pro_grp[1]/g_easy_curri,101,702
consent_grp[1]/section_g[1]/g_sch_pro_grp[1]/g_par_dem_high,101,702
consent_grp[1]/section_g[1]/g_sch_pro_grp[1]/g_par_suff_interest,101,702
consent_grp[1]/section_g[1]/g_sch_pro_grp[1]/g_par_suff_active,101,702
consent_grp[1]/section_g[1]/g_par_supp_grp[1]/g_par_supp_note,6,804
consent_grp[1]/section_g[1]/g_par_supp_grp[1]/g_home_wrk,19,810
consent_grp[1]/section_g[1]/g_par_supp_grp[1]/g_behave_val,18,829
consent_grp[1]/section_g[1]/g_par_supp_grp[1]/g_get_schl,6,847
consent_grp[1]/section_g[1]/g_par_supp_grp[1]/g_visit_schl,9,853
consent_grp[1]/section_g[1]/g_par_supp_grp[1]/g_show_respect,11,861
consent_grp[1]/section_g[1]/g_par_supp_grp[1]/g_best_schl,9,874
consent_grp[1]/section_g[1]/g_par_supp_grp[1]/g_parti_pta,5,882
consent_grp[1]/section_g[1]/g_par_supp_grp[1]/g_cont_kg_act,9,887
consent_grp[1]/section_g[1]/g_lead_respect,15,897
consent_grp[1]/section_g[1]/g_val_citizen,14,912
consent_grp[1]/section_h[1]/sec_h_depre_note,1,926
consent_grp[1]/section_h[1]/h_depression_grp[1]/h_da_note,121,927
consent_grp[1]/section_h[1]/h_depression_grp[1]/tmp_h_da_lab,121,927
consent_grp[1]/section_h[1]/h_depression_grp[1]/h_headache,121,927
consent_grp[1]/section_h[1]/h_depression_grp[1]/h_appetite,121,927
consent_grp[1]/section_h[1]/h_depression_grp[1]/h_sleep,121,927
consent_grp[1]/section_h[1]/h_depression_grp[1]/h_frightened,121,927
consent_grp[1]/section_h[1]/h_depression_grp[1]/h_hands_shake,121,927
consent_grp[1]/section_h[1]/h_depression_grp[1]/h_nervous,121,927
consent_grp[1]/section_h[1]/h_depression_grp[1]/h_digestion,121,927
consent_grp[1]/section_h[1]/h_depression_grp[1]/h_thinking,121,927
consent_grp[1]/section_h[1]/h_depression_grp[1]/h_unhappy,121,927
consent_grp[1]/section_h[1]/h_depression_grp[1]/h_cry,121,927
consent_grp[1]/section_h[1]/h_depression_grp[1]/h_activities,121,927
consent_grp[1]/section_h[1]/h_depression_grp[1]/h_decisions,121,927
consent_grp[1]/section_h[1]/h_depression_grp[1]/h_daily_work,121,927
consent_grp[1]/section_h[1]/h_depression_grp[1]/h_life,121,927
consent_grp[1]/section_h[1]/h_depression_grp[1]/h_interest,121,927
consent_grp[1]/section_h[1]/h_depression_grp[1]/h_worthless,121,927
consent_grp[1]/section_h[1]/h_depression_grp[1]/h_end_life,121,927
consent_grp[1]/section_h[1]/h_depression_grp[1]/h_tired,121,927
consent_grp[1]/section_h[1]/h_depression_grp[1]/h_uncomfortable,121,927
consent_grp[1]/section_h[1]/h_depression_grp[1]/h_easily_tired,121,927
consent_grp[1]/section_h[1]/sec_h_ext_contr_note,14,1049
consent_grp[1]/section_h[1]/h_ext_control_grp[1]/h_ext_cont_note,4,1050
consent_grp[1]/section_h[1]/h_ext_control_grp[1]/h_pup_learn,34,1056
consent_grp[1]/section_h[1]/h_ext_control_grp[1]/h_discipline,17,1102
consent_grp[1]/section_h[1]/h_ext_control_grp[1]/h_stu_achieve,15,1118
consent_grp[1]/section_h[1]/h_ext_control_grp[1]/h_teach_motiv,16,1133
consent_grp[1]/section_h[1]/h_ext_control_grp[1]/h_good_teach,13,1149
consent_grp[1]/section_h[1]/sec_h_motiv_note,4,1161
consent_grp[1]/section_h[1]/h_motiv_grp[1]/h_motiv_note,4,1162
consent_grp[1]/section_h[1]/h_motiv_grp[1]/h_motiv_help,8,1164
consent_grp[1]/section_h[1]/h_motiv_grp[1]/h_quest_school,14,1178
consent_grp[1]/section_h[1]/h_motiv_grp[1]/h_help_child,5,1192
consent_grp[1]/section_h[1]/h_motiv_grp[1]/h_sch_goal,5,1197
consent_grp[1]/section_h[1]/h_motiv_grp[1]/h_help_emot,21,1203
consent_grp[1]/section_h[1]/h_motiv_grp[1]/h_enjoy_teach,8,1208
consent_grp[1]/section_h[1]/h_motiv_grp[1]/h_develop_society,5,1232
consent_grp[1]/section_h[1]/h_motiv_grp[1]/h_develop_socially,9,1237
consent_grp[1]/section_h[1]/h_motiv_grp[1]/h_perso_clear,8,1246
consent_grp[1]/section_h[1]/h_impor_thing,40,1254
consent_grp[1]/section_h[1]/h_job_satisfaction_grp[1]/h_job_satis_note,27,1295
consent_grp[1]/section_h[1]/h_job_satisfaction_grp[1]/h_look_out,20,1296
consent_grp[1]/section_h[1]/h_job_satisfaction_grp[1]/h_perso_worries,7,1342
consent_grp[1]/section_h[1]/h_job_satisfaction_grp[1]/h_know_col,8,1349
consent_grp[1]/section_h[1]/h_job_satisfaction_grp[1]/h_col_coop,5,1357
consent_grp[1]/section_h[1]/h_job_satisfaction_grp[1]/h_trust_col,5,1362
consent_grp[1]/section_h[1]/h_job_satisfaction_grp[1]/h_enjoy_col,5,1367
consent_grp[1]/section_h[1]/h_job_satisfaction_grp[1]/h_sup_respect,5,1372
consent_grp[1]/section_h[1]/h_job_satisfaction_grp[1]/h_sup_busy,8,1377
consent_grp[1]/section_h[1]/h_job_satisfaction_grp[1]/h_sup_opinion,6,1385
consent_grp[1]/section_h[1]/h_job_satisfaction_grp[1]/h_count_sup,7,1392
consent_grp[1]/section_h[1]/h_job_satisfaction_grp[1]/h_motivated,5,1399
consent_grp[1]/section_h[1]/h_job_satisfaction_grp[1]/h_sup_unpredict,6,1403
consent_grp[1]/section_h[1]/h_job_satisfaction_grp[1]/h_wrk_challenge,20,1409
consent_grp[1]/section_h[1]/h_job_satisfaction_grp[1]/h_wrk_monotonous,11,1429
consent_grp[1]/section_h[1]/h_job_satisfaction_grp[1]/h_wrk_creative,3,1439
consent_grp[1]/section_h[1]/h_job_satisfaction_grp[1]/h_big_impact,5,1442
consent_grp[1]/section_h[1]/h_job_satisfaction_grp[1]/h_little_time,7,1447
consent_grp[1]/section_h[1]/h_job_satisfaction_grp[1]/h_control_satis,11,1454
consent_grp[1]/section_h[1]/h_job_satisfaction_grp[1]/h_look,6,1465
consent_grp[1]/section_h[1]/h_job_satisfaction_grp[1]/h_small_space,8,1471
consent_grp[1]/section_h[1]/h_job_satisfaction_grp[1]/h_new_mat,6,1478
consent_grp[1]/section_h[1]/h_job_satisfaction_grp[1]/h_clean_kinder,6,1484
consent_grp[1]/section_h[1]/h_job_satisfaction_grp[1]/h_loud_kinder,8,1490
consent_grp[1]/section_h[1]/h_job_satisfaction_grp[1]/h_kinder_rules,18,1498
consent_grp[1]/section_h[1]/h_job_satisfaction_grp[1]/h_satisfied_paid,9,1516
consent_grp[1]/section_h[1]/h_burnout_grp[1]/h_burnout_note,17,1523
consent_grp[1]/section_h[1]/h_burnout_grp[1]/h_emotion_drained,20,1542
consent_grp[1]/section_h[1]/h_burnout_grp[1]/h_used_up,9,1562
consent_grp[1]/section_h[1]/h_burnout_grp[1]/h_fatigued,12,1571
consent_grp[1]/section_h[1]/h_burnout_grp[1]/h_child_feel,8,1583
consent_grp[1]/section_h[1]/h_burnout_grp[1]/h_child_impersonal,12,1591
consent_grp[1]/section_h[1]/h_burnout_grp[1]/h_ppl_strain,14,1603
consent_grp[1]/section_h[1]/h_burnout_grp[1]/h_deal_effect,9,1616
consent_grp[1]/section_h[1]/h_burnout_grp[1]/h_burnout,6,1625
consent_grp[1]/section_h[1]/h_burnout_grp[1]/h_pos_influence,8,1632
consent_grp[1]/section_h[1]/h_burnout_grp[1]/h_cold,8,1639
consent_grp[1]/section_h[1]/h_burnout_grp[1]/h_hard,9,1648
consent_grp[1]/section_h[1]/h_burnout_grp[1]/h_energetic,5,1656
consent_grp[1]/section_h[1]/h_burnout_grp[1]/h_frustrated,5,1661
consent_grp[1]/section_h[1]/h_burnout_grp[1]/h_work_hard,11,1666
consent_grp[1]/section_h[1]/h_burnout_grp[1]/h_dont_care,6,1677
consent_grp[1]/section_h[1]/h_burnout_grp[1]/h_put_pressure,11,1683
consent_grp[1]/section_h[1]/h_burnout_grp[1]/h_relax,5,1695
consent_grp[1]/section_h[1]/h_burnout_grp[1]/h_excited,5,1700
consent_grp[1]/section_h[1]/h_burnout_grp[1]/h_accomplished,5,1705
consent_grp[1]/section_h[1]/h_burnout_grp[1]/h_end_of_rop,7,1710
consent_grp[1]/section_h[1]/h_burnout_grp[1]/h_emot_pro_calm,6,1717
consent_grp[1]/i_teacher_knowledge_grp[1]/I_teach_know_note,19,1723
consent_grp[1]/i_teacher_knowledge_grp[1]/i_consonance,27,1742
consent_grp[1]/i_teacher_knowledge_grp[1]/i_vowel,9,1769
consent_grp[1]/i_teacher_knowledge_grp[1]/i_unbelievable,12,1778
consent_grp[1]/i_teacher_knowledge_grp[1]/i_irregular,14,1790
consent_grp[1]/i_teacher_knowledge_grp[1]/i_cat,14,1804
consent_grp[1]/i_teacher_knowledge_grp[1]/i_cough,13,1819
consent_grp[1]/i_teacher_knowledge_grp[1]/i_check,12,1832
consent_grp[1]/i_teacher_knowledge_grp[1]/i_english,25,1844
consent_grp[1]/j_perception_grp[1]/j_perception_note,3,1868
consent_grp[1]/j_perception_grp[1]/j_dev_practice_grp[1]/j_dev_practice_note,3,1869
consent_grp[1]/j_perception_grp[1]/j_dev_practice_grp[1]/j_child_need,7,1874
consent_grp[1]/j_perception_grp[1]/j_dev_practice_grp[1]/j_recog_letter,5,1881
consent_grp[1]/j_perception_grp[1]/j_dev_practice_grp[1]/j_recog_number,5,1887
consent_grp[1]/j_perception_grp[1]/j_dev_practice_grp[1]/j_recog_colour,5,1891
consent_grp[1]/j_perception_grp[1]/j_dev_practice_grp[1]/j_indiv_goal,15,1896
consent_grp[1]/j_perception_grp[1]/j_dev_practice_grp[1]/j_play_materials,4,1911
consent_grp[1]/j_perception_grp[1]/j_dev_practice_grp[1]/j_child_measure,7,1916
consent_grp[1]/j_perception_grp[1]/j_supp_chil_grp[1]/j_supp_chil_note,2,1923
consent_grp[1]/j_perception_grp[1]/j_supp_chil_grp[1]/j_build_relation,7,1925
consent_grp[1]/j_perception_grp[1]/j_supp_chil_grp[1]/j_control_behaviour,4,1932
consent_grp[1]/j_perception_grp[1]/j_supp_chil_grp[1]/j_express_thought,4,1935
consent_grp[1]/j_perception_grp[1]/j_supp_chil_grp[1]/j_resolve_conflicts,5,1939
consent_grp[1]/j_perception_grp[1]/j_supp_chil_grp[1]/j_guidance_style,12,1944
consent_grp[1]/j_perception_grp[1]/j_fam_sensitive_grp[1]/j_fam_sensitive_note,47,1955
consent_grp[1]/j_perception_grp[1]/j_fam_sensitive_grp[1]/j_parent_goal,47,1955
consent_grp[1]/j_perception_grp[1]/j_fam_sensitive_grp[1]/j_work_schedule,47,1955
consent_grp[1]/j_perception_grp[1]/j_fam_sensitive_grp[1]/j_fam_decision,47,1955
consent_grp[1]/j_perception_grp[1]/j_fam_sensitive_grp[1]/j_family_care,47,1955
consent_grp[1]/j_perception_grp[1]/j_fam_sensitive_grp[1]/j_connect_family,47,1955
consent_grp[1]/k_grp[1]/k_instro_note,22,2003
consent_grp[1]/k_grp[1]/k_ts_grp[1]/tmp_k_labels,66,2005
consent_grp[1]/k_grp[1]/k_ts_grp[1]/k_take_priviledges,66,2005
consent_grp[1]/k_grp[1]/k_ts_grp[1]/k_explain_behavior,66,2005
consent_grp[1]/k_grp[1]/k_ts_grp[1]/k_shook,66,2005
consent_grp[1]/k_grp[1]/k_ts_grp[1]/k_shouted,66,2005
consent_grp[1]/k_grp[1]/k_ts_grp[1]/k_gave_something,66,2005
consent_grp[1]/k_grp[1]/k_ts_grp[1]/k_spanked,66,2005
consent_grp[1]/k_grp[1]/k_ts_grp[1]/k_hit_bottom,66,2005
consent_grp[1]/k_grp[1]/k_ts_grp[1]/k_call_dumb,66,2005
consent_grp[1]/k_grp[1]/k_ts_grp[1]/k_hit_face,66,2005
consent_grp[1]/k_grp[1]/k_ts_grp[1]/k_praised,66,2005
consent_grp[1]/k_grp[1]/k_ts_grp[1]/k_affection,66,2005
consent_grp[1]/k_grp[1]/k_ts_grp[1]/k_rewarded,66,2005
consent_grp[1]/l_teaching_prac_grp[1]/l_note,6,2091
consent_grp[1]/l_teaching_prac_grp[1]/l_previos_kinder_act[1]/tmp_l_prac_lab,44,2097
consent_grp[1]/l_teaching_prac_grp[1]/l_previos_kinder_act[1]/l_hygiene_routine,44,2097
consent_grp[1]/l_teaching_prac_grp[1]/l_previos_kinder_act[1]/l_supply,44,2097
consent_grp[1]/l_teaching_prac_grp[1]/l_previos_kinder_act[1]/l_pamper,44,2097
consent_grp[1]/l_teaching_prac_grp[1]/l_previos_kinder_act[1]/l_read,44,2097
consent_grp[1]/l_teaching_prac_grp[1]/l_previos_kinder_act[1]/l_tell,44,2097
consent_grp[1]/l_teaching_prac_grp[1]/l_previos_kinder_act[1]/l_conversatin,44,2097
consent_grp[1]/l_teaching_prac_grp[1]/l_previos_kinder_act[1]/l_sing,44,2097
consent_grp[1]/l_teaching_prac_grp[1]/l_previos_kinder_act[1]/l_dance,44,2097
consent_grp[1]/l_teaching_prac_grp[1]/l_previos_kinder_act[1]/l_visit,44,2097
consent_grp[1]/l_teaching_prac_grp[1]/l_previos_kinder_act[1]/l_play_kg,44,2097
consent_grp[1]/l_teaching_prac_grp[1]/l_previos_kinder_act[1]/l_play_recrea,44,2097
consent_grp[1]/l_teaching_prac_grp[1]/l_previos_kinder_act[1]/l_sleep,44,2097
consent_grp[1]/l_teaching_prac_grp[1]/l_previos_kinder_act[1]/l_run,44,2097
consent_grp[1]/l_teaching_prac_grp[1]/l_previos_kinder_act[1]/l_group_learn,44,2097
consent_grp[1]/l_teaching_prac_grp[1]/l_previos_kinder_act[1]/l_indiv_learn,44,2097
consent_grp[1]/l_teaching_prac_grp[1]/l_class_acti_grp[1]/l_act_grp[1]/tmp_l_class_lab,42,2141
consent_grp[1]/l_teaching_prac_grp[1]/l_class_acti_grp[1]/l_act_grp[1]/l_teach_colour,42,2141
consent_grp[1]/l_teaching_prac_grp[1]/l_class_acti_grp[1]/l_act_grp[1]/l_teach_number,42,2141
consent_grp[1]/l_teaching_prac_grp[1]/l_class_acti_grp[1]/l_act_grp[1]/l_teach_letter,42,2141
consent_grp[1]/l_teaching_prac_grp[1]/l_class_acti_grp[1]/l_act_grp[1]/l_teach_form,42,2141
consent_grp[1]/l_teaching_prac_grp[1]/l_class_acti_grp[1]/l_act_grp[1]/l_socialise,42,2141
consent_grp[1]/l_teaching_prac_grp[1]/l_class_acti_grp[1]/l_act_grp[1]/l_pro_solve,42,2141
consent_grp[1]/l_teaching_prac_grp[1]/l_class_acti_grp[1]/l_act_grp[1]/l_writing,42,2141
consent_grp[1]/l_teaching_prac_grp[1]/l_class_acti_grp[1]/l_act_grp[1]/l_teach_body,42,2141
consent_grp[1]/l_teaching_prac_grp[1]/l_class_acti_grp[1]/l_act_grp[1]/l_pers_hygiene,42,2141
consent_grp[1]/l_teaching_prac_grp[1]/l_class_acti_grp[1]/l_act_grp[1]/l_art_expre,42,2141
consent_grp[1]/l_teaching_prac_grp[1]/l_class_acti_grp[1]/l_act_grp[1]/l_body_lang,42,2141
consent_grp[1]/l_teaching_prac_grp[1]/l_class_acti_grp[1]/l_act_grp[1]/l_concentration,42,2141
consent_grp[1]/l_teaching_prac_grp[1]/l_class_acti_grp[1]/l_act_grp[1]/l_gross_motor,42,2141
consent_grp[1]/l_teaching_prac_grp[1]/l_class_acti_grp[1]/l_act_grp[1]/l_fine_motor,42,2141
consent_grp[1]/l_teaching_prac_grp[1]/l_class_acti_grp[1]/l_act_grp[1]/l_gender,42,2141
consent_grp[1]/l_teaching_prac_grp[1]/l_class_acti_grp[1]/l_act_grp[1]/l_responsibility,42,2141
consent_grp[1]/l_teaching_prac_grp[1]/l_class_acti_grp[1]/l_act_grp[1]/l_speech,42,2141
consent_grp[1]/l_teaching_prac_grp[1]/l_class_acti_grp[1]/l_act_grp[1]/l_explore_comm,42,2141
consent_grp[1]/l_teaching_prac_grp[1]/l_class_acti_grp[1]/l_act_grp[1]/l_explore_culture,42,2141
consent_grp[1]/l_teaching_prac_grp[1]/l_parent_interact_note,4,2183
consent_grp[1]/l_teaching_prac_grp[1]/l_actively_engaged,28,2187
consent_grp[1]/l_teaching_prac_grp[1]/l_proportion_child,36,2215
consent_grp[1]/l_teaching_prac_grp[1]/l_proportion_child_more,11,2251
consent_grp[1]/l_teaching_prac_grp[1]/l_visit_pupil_house,25,2262
consent_grp[1]/l_teaching_prac_grp[1]/l_visit_parent_house,16,2287
consent_grp[1]/l_teaching_prac_grp[1]/l_receive_parent_supp,9,2303
consent_grp[1]/l_teaching_prac_grp[1]/l_day_teaching_note,6,2312
consent_grp[1]/l_teaching_prac_grp[1]/l_day_grp[1]/tmp_l_labs,39,2318
consent_grp[1]/l_teaching_prac_grp[1]/l_day_grp[1]/l_daily_schedule,39,2318
consent_grp[1]/l_teaching_prac_grp[1]/l_day_grp[1]/l_play_period,39,2318
consent_grp[1]/l_teaching_prac_grp[1]/l_day_grp[1]/l_free_play,39,2318
consent_grp[1]/l_teaching_prac_grp[1]/l_day_grp[1]/l_activities,39,2318
consent_grp[1]/l_teaching_prac_grp[1]/l_per_daily_grp[1]/l_perc_note,257,2357
consent_grp[1]/l_teaching_prac_grp[1]/l_per_daily_grp[1]/l_admin_per,257,2357
consent_grp[1]/l_teaching_prac_grp[1]/l_per_daily_grp[1]/l_class_per,257,2357
consent_grp[1]/l_teaching_prac_grp[1]/l_per_daily_grp[1]/l_teach_per,257,2357
consent_grp[1]/l_teaching_prac_grp[1]/l_per_daily_grp[1]/l_super_per,257,2357
consent_grp[1]/l_teaching_prac_grp[1]/l_per_daily_grp[1]/l_super_oth_per,257,2357
consent_grp[1]/l_teaching_prac_grp[1]/l_per_daily_grp[1]/l_break_per,257,2357
consent_grp[1]/l_teaching_prac_grp[1]/tmp_force_note,3,2599
consent_grp[1]/l_teaching_prac_grp[1]/l_discipline_note,6,2617
consent_grp[1]/l_teaching_prac_grp[1]/l_dont_like,30,2623
consent_grp[1]/l_teaching_prac_grp[1]/l_really_bad,24,2653
consent_grp[1]/l_teaching_prac_grp[1]/l_does_good,16,2677
consent_grp[1]/l_teaching_prac_grp[1]/l_praise,25,2694
consent_grp[1]/q_note,16,2718
consent_grp[1]/q_activ_yn,13,2734
consent_grp[1]/q_rpt[1]/q_activ_r,47,2747
consent_grp[1]/q_rpt[1]/q_activ_org_r,7,2794
consent_grp[1]/q_rpt[1]/q_activ_org_osp_r,6,2801
consent_grp[1]/q_rpt[1]/q_activ_add_r,21,2808
s_int_accom_yn,9,2818
comments,1,2838
