Field name,Total duration (seconds),First appeared (seconds into survey)
instruction,1,5
a_district_id,3,6
a_circuit_id,7,9
a_kg_id,3,15
a_community_id,2,18
a_enum_id,5,20
consent_note,1,26
con_understand,2,27
con_questions,3,29
con_written,2,31
consent_grp[1]/audio_consent,1,33
consent_grp[1]/d_background_note,1,34
consent_grp[1]/section_d[1]/kgt_key,2,35
consent_grp[1]/section_d[1]/kgt_name_gp[1]/kgt_fsn,23,38
consent_grp[1]/section_d[1]/kgt_name_gp[1]/kgt_msn,23,38
consent_grp[1]/section_d[1]/kgt_name_gp[1]/kgt_lsn,23,38
consent_grp[1]/section_d[1]/kgt_name_gp[1]/kgt_ppn,23,38
consent_grp[1]/section_d[1]/kgt_name_gp[1]/d_sex,23,38
consent_grp[1]/section_d[1]/kgt_confirm_note,3,60
consent_grp[1]/section_d[1]/d_num_cnt,2,63
consent_grp[1]/section_d[1]/d_cnt_grp[1]/d_cnt_main,9,65
consent_grp[1]/section_d[1]/d_age,3,74
consent_grp[1]/section_d[1]/d_teacher_grp[1]/d_been_teacher,4,78
consent_grp[1]/section_d[1]/d_teacher_grp[1]/d_teacher_year,4,78
consent_grp[1]/section_d[1]/d_teacher_grp[1]/d_teacher_month,4,78
consent_grp[1]/section_d[1]/d_been_kinder_grp[1]/d_been_kinder,4,82
consent_grp[1]/section_d[1]/d_been_kinder_grp[1]/d_kinder_year,4,82
consent_grp[1]/section_d[1]/d_been_kinder_grp[1]/d_kinder_month,4,82
consent_grp[1]/section_d[1]/d_work_last,3,86
consent_grp[1]/section_d[1]/d_os_yn,1,89
consent_grp[1]/section_d[1]/d_os_grp[1]/d_os_name,22,91
consent_grp[1]/section_d[1]/d_os_grp[1]/d_os_region,22,91
consent_grp[1]/section_d[1]/d_os_district,6,113
consent_grp[1]/section_d[1]/d_os_comm_sel,80,116
consent_grp[1]/section_d[1]/d_edu_level,12,199
consent_grp[1]/section_d[1]/d_edu_train,10,212
consent_grp[1]/section_d[1]/d_edu_level_fath,18,222
consent_grp[1]/section_d[1]/d_edu_level_mom,4,240
consent_grp[1]/section_d[1]/d_marital_status,3,244
consent_grp[1]/section_d[1]/d_ethnic_group,6,247
consent_grp[1]/section_d[1]/d_religion,9,253
consent_grp[1]/section_d[1]/d_la_spk_grp[1]/d_la_spk_note,13,255
consent_grp[1]/section_d[1]/d_la_spk_grp[1]/d_la_spk_eng,13,255
consent_grp[1]/section_d[1]/d_la_spk_grp[1]/d_la_spk_grun,13,255
consent_grp[1]/section_d[1]/d_religion_oth,2,264
consent_grp[1]/section_d[1]/d_la_wrt_grp[1]/d_la_wrt_note,4,277
consent_grp[1]/section_d[1]/d_la_wrt_grp[1]/d_la_wrt_eng,4,277
consent_grp[1]/section_d[1]/d_la_wrt_grp[1]/d_la_wrt_grun,4,277
consent_grp[1]/section_d[1]/d_main_language,5,281
consent_grp[1]/section_d[1]/d_loc_lang_kinderg,9,286
consent_grp[1]/e_rel_grp[1]/e_hh_note,1,295
consent_grp[1]/e_rel_grp[1]/e_hh_num,5,297
consent_grp[1]/e_rel_grp[1]/e_hh_grp[1]/e_hh_head,24,302
consent_grp[1]/e_rel_grp[1]/e_hh_grp[1]/e_chil_hh,24,302
consent_grp[1]/e_rel_grp[1]/e_hh_grp[1]/e_adult_hh,24,302
consent_grp[1]/e_rel_grp[1]/e_hh_school,11,326
consent_grp[1]/e_rel_grp[1]/e_read_english,6,336
consent_grp[1]/e_rel_grp[1]/e_rate_health,4,342
consent_grp[1]/e_rel_grp[1]/e_live_note,1,346
consent_grp[1]/e_rel_grp[1]/e_rooms_occu,4,348
consent_grp[1]/e_rel_grp[1]/e_own_status,3,351
consent_grp[1]/e_rel_grp[1]/e_electricity_inhouse,2,354
consent_grp[1]/e_rel_grp[1]/e_floor_material,8,356
consent_grp[1]/e_rel_grp[1]/e_interior_floor,22,360
consent_grp[1]/e_rel_grp[1]/e_roof_mat,4,386
consent_grp[1]/e_rel_grp[1]/e_cook_fuel,5,390
consent_grp[1]/e_rel_grp[1]/e_lighting,2,394
consent_grp[1]/e_rel_grp[1]/e_drink_source,6,396
consent_grp[1]/e_rel_grp[1]/e_toilet_facility,1,403
consent_grp[1]/e_rel_grp[1]/e_asset_note,1,404
consent_grp[1]/e_rel_grp[1]/e_hh_own_phone,4,405
consent_grp[1]/e_rel_grp[1]/e_hh_ass_grp[1]/tmp_e_hh_ass_lab,53,409
consent_grp[1]/e_rel_grp[1]/e_hh_ass_grp[1]/e_hh_ass_radio,53,409
consent_grp[1]/e_rel_grp[1]/e_hh_ass_grp[1]/e_hh_ass_refrig,53,409
consent_grp[1]/e_rel_grp[1]/e_hh_ass_grp[1]/e_hh_ass_bike,53,409
consent_grp[1]/e_rel_grp[1]/e_hh_ass_grp[1]/e_hh_ass_tv,53,409
consent_grp[1]/e_rel_grp[1]/e_hh_ass_grp[1]/e_hh_ass_vcr,53,409
consent_grp[1]/e_rel_grp[1]/e_hh_ass_grp[1]/e_hh_ass_motor,53,409
consent_grp[1]/e_rel_grp[1]/e_hh_ass_grp[1]/e_hh_ass_car,53,409
consent_grp[1]/e_rel_grp[1]/e_hh_ass_grp[1]/e_hh_ass_tractor,53,409
consent_grp[1]/e_rel_grp[1]/e_hh_ass_grp[1]/e_hh_ass_farm_equip,53,409
consent_grp[1]/e_rel_grp[1]/e_hh_ass_grp[1]/e_hh_ass_sew_mach,53,409
consent_grp[1]/e_rel_grp[1]/e_hh_ass_grp[1]/e_hh_ass_bed,53,409
consent_grp[1]/e_rel_grp[1]/e_hh_ass_grp[1]/e_hh_ass_mattress,53,409
consent_grp[1]/e_rel_grp[1]/e_hh_ass_grp[1]/e_hh_ass_table_chair,53,409
consent_grp[1]/e_rel_grp[1]/e_hh_ass_grp[1]/e_hh_ass_stool,53,409
consent_grp[1]/e_rel_grp[1]/e_hh_ass_grp[1]/e_hh_ass_sofa,53,409
consent_grp[1]/e_rel_grp[1]/e_hh_ass_grp[1]/e_hh_ass_fan,53,409
consent_grp[1]/e_rel_grp[1]/e_hh_ass_grp[1]/e_hh_ass_lamp,53,409
consent_grp[1]/e_rel_grp[1]/e_hh_ass_grp[1]/e_hh_ass_watch,53,409
consent_grp[1]/e_rel_grp[1]/e_hh_ass_grp[1]/e_hh_ass_mat,53,409
consent_grp[1]/e_rel_grp[1]/e_hh_ass_grp[1]/e_hh_ass_torch,53,409
consent_grp[1]/e_rel_grp[1]/e_hh_ass_grp[1]/e_hh_ass_cabinet,53,409
consent_grp[1]/e_rel_grp[1]/e_hh_ass_grp[1]/e_hh_ass_pot,53,409
consent_grp[1]/e_rel_grp[1]/e_hh_ass_grp[1]/e_hh_ass_itn,53,409
consent_grp[1]/e_rel_grp[1]/e_hh_ass_grp[1]/e_hh_ass_iron_elec,53,409
consent_grp[1]/e_rel_grp[1]/e_hh_ass_grp[1]/e_hh_ass_iron_coal,53,409
consent_grp[1]/e_rel_grp[1]/e_hh_ass_grp[1]/e_hh_ass_iron_gas,53,409
consent_grp[1]/f_rel_grp[1]/f_comm_note,2,462
consent_grp[1]/f_rel_grp[1]/section_f[1]/f_born_comm,8,464
consent_grp[1]/f_rel_grp[1]/section_f[1]/f_school_loc,3,472
consent_grp[1]/f_rel_grp[1]/section_f[1]/f_lived_bef_teach,2,476
consent_grp[1]/f_rel_grp[1]/section_f[1]/f_lived_grp[1]/f_lived_comm,7,477
consent_grp[1]/f_rel_grp[1]/section_f[1]/f_lived_grp[1]/f_lived_comm_year,7,477
consent_grp[1]/f_rel_grp[1]/section_f[1]/f_lived_grp[1]/f_lived_comm_month,7,477
consent_grp[1]/f_rel_grp[1]/section_f[1]/f_fam_lived,6,484
consent_grp[1]/f_rel_grp[1]/section_f[1]/f_emot_support,3,490
consent_grp[1]/f_rel_grp[1]/section_f[1]/f_emot_support_num,6,494
consent_grp[1]/f_rel_grp[1]/section_f[1]/f_lend_money,3,500
consent_grp[1]/f_rel_grp[1]/section_f[1]/f_borrow_money,2,503
consent_grp[1]/f_rel_grp[1]/section_f[1]/f_rel_live_nearby,3,505
consent_grp[1]/f_rel_grp[1]/section_f[1]/f_part_comm,2,508
consent_grp[1]/f_rel_grp[1]/section_f[1]/f_main_trans,4,510
consent_grp[1]/f_rel_grp[1]/section_f[1]/f_min_get_sch_grp[1]/f_min_get_note,6,513
consent_grp[1]/f_rel_grp[1]/section_f[1]/f_min_get_sch_grp[1]/f_h_get_school,6,513
consent_grp[1]/f_rel_grp[1]/section_f[1]/f_min_get_sch_grp[1]/f_m_get_school,6,513
consent_grp[1]/g_nature_wrk_note,3,519
consent_grp[1]/section_g[1]/g_teach_pos,3,522
consent_grp[1]/section_g[1]/g_teach_school,2,524
consent_grp[1]/section_g[1]/g_kg_grade,3,526
consent_grp[1]/section_g[1]/g_class_grp[1]/g_children_note,5,528
consent_grp[1]/section_g[1]/g_class_grp[1]/g_kg_combined,5,528
consent_grp[1]/section_g[1]/g_ah_grp[1]/g_ah_note,5,533
consent_grp[1]/section_g[1]/g_ah_grp[1]/g_ah_working,5,533
consent_grp[1]/section_g[1]/g_ah_grp[1]/g_ah_prepping,5,533
consent_grp[1]/section_g[1]/g_eh_grp[1]/g_eh_note,5,538
consent_grp[1]/section_g[1]/g_eh_grp[1]/g_eh_working,5,538
consent_grp[1]/section_g[1]/g_eh_grp[1]/g_eh_prepping,5,538
consent_grp[1]/section_g[1]/g_teach_salary,7,543
consent_grp[1]/section_g[1]/g_salary_freq,4,550
consent_grp[1]/section_g[1]/g_salary_intime,3,553
consent_grp[1]/section_g[1]/g_money_cmp,3,556
consent_grp[1]/section_g[1]/g_extra_money_spec,2,559
consent_grp[1]/section_g[1]/g_sch_pro_grp[1]/tmp_g_sch_pro_lab,27,561
consent_grp[1]/section_g[1]/g_sch_pro_grp[1]/g_class,27,561
consent_grp[1]/section_g[1]/g_sch_pro_grp[1]/g_class_taught,27,561
consent_grp[1]/section_g[1]/g_sch_pro_grp[1]/g_fin_resource,27,561
consent_grp[1]/section_g[1]/g_sch_pro_grp[1]/g_high_expe,27,561
consent_grp[1]/section_g[1]/g_sch_pro_grp[1]/g_change_curri,27,561
consent_grp[1]/section_g[1]/g_sch_pro_grp[1]/g_diff_curri,27,561
consent_grp[1]/section_g[1]/g_sch_pro_grp[1]/g_easy_curri,27,561
consent_grp[1]/section_g[1]/g_sch_pro_grp[1]/g_par_dem_high,27,561
consent_grp[1]/section_g[1]/g_sch_pro_grp[1]/g_par_suff_interest,27,561
consent_grp[1]/section_g[1]/g_sch_pro_grp[1]/g_par_suff_active,27,561
consent_grp[1]/section_g[1]/g_par_supp_grp[1]/g_par_supp_note,2,588
consent_grp[1]/section_g[1]/g_par_supp_grp[1]/g_home_wrk,2,590
consent_grp[1]/section_g[1]/g_par_supp_grp[1]/g_behave_val,3,591
consent_grp[1]/section_g[1]/g_par_supp_grp[1]/g_get_schl,2,594
consent_grp[1]/section_g[1]/g_par_supp_grp[1]/g_visit_schl,3,596
consent_grp[1]/section_g[1]/g_par_supp_grp[1]/g_show_respect,1,599
consent_grp[1]/section_g[1]/g_par_supp_grp[1]/g_best_schl,2,601
consent_grp[1]/section_g[1]/g_par_supp_grp[1]/g_parti_pta,2,603
consent_grp[1]/section_g[1]/g_par_supp_grp[1]/g_cont_kg_act,2,605
consent_grp[1]/section_g[1]/g_lead_respect,2,606
consent_grp[1]/section_g[1]/g_val_citizen,2,608
consent_grp[1]/section_h[1]/sec_h_depre_note,2,610
consent_grp[1]/section_h[1]/h_depression_grp[1]/h_da_note,30,612
consent_grp[1]/section_h[1]/h_depression_grp[1]/tmp_h_da_lab,30,612
consent_grp[1]/section_h[1]/h_depression_grp[1]/h_headache,30,612
consent_grp[1]/section_h[1]/h_depression_grp[1]/h_appetite,30,612
consent_grp[1]/section_h[1]/h_depression_grp[1]/h_sleep,30,612
consent_grp[1]/section_h[1]/h_depression_grp[1]/h_frightened,30,612
consent_grp[1]/section_h[1]/h_depression_grp[1]/h_hands_shake,30,612
consent_grp[1]/section_h[1]/h_depression_grp[1]/h_nervous,30,612
consent_grp[1]/section_h[1]/h_depression_grp[1]/h_digestion,30,612
consent_grp[1]/section_h[1]/h_depression_grp[1]/h_thinking,30,612
consent_grp[1]/section_h[1]/h_depression_grp[1]/h_unhappy,30,612
consent_grp[1]/section_h[1]/h_depression_grp[1]/h_cry,30,612
consent_grp[1]/section_h[1]/h_depression_grp[1]/h_activities,30,612
consent_grp[1]/section_h[1]/h_depression_grp[1]/h_decisions,30,612
consent_grp[1]/section_h[1]/h_depression_grp[1]/h_daily_work,30,612
consent_grp[1]/section_h[1]/h_depression_grp[1]/h_life,30,612
consent_grp[1]/section_h[1]/h_depression_grp[1]/h_interest,30,612
consent_grp[1]/section_h[1]/h_depression_grp[1]/h_worthless,30,612
consent_grp[1]/section_h[1]/h_depression_grp[1]/h_end_life,30,612
consent_grp[1]/section_h[1]/h_depression_grp[1]/h_tired,30,612
consent_grp[1]/section_h[1]/h_depression_grp[1]/h_uncomfortable,30,612
consent_grp[1]/section_h[1]/h_depression_grp[1]/h_easily_tired,30,612
consent_grp[1]/section_h[1]/sec_h_ext_contr_note,1,642
consent_grp[1]/section_h[1]/h_ext_control_grp[1]/h_ext_cont_note,3,643
consent_grp[1]/section_h[1]/h_ext_control_grp[1]/h_pup_learn,3,646
consent_grp[1]/section_h[1]/h_ext_control_grp[1]/h_discipline,6,650
consent_grp[1]/section_h[1]/h_ext_control_grp[1]/h_stu_achieve,2,656
consent_grp[1]/section_h[1]/h_ext_control_grp[1]/h_teach_motiv,4,658
consent_grp[1]/section_h[1]/h_ext_control_grp[1]/h_good_teach,3,662
consent_grp[1]/section_h[1]/sec_h_motiv_note,2,664
consent_grp[1]/section_h[1]/h_motiv_grp[1]/h_motiv_note,1,666
consent_grp[1]/section_h[1]/h_motiv_grp[1]/h_motiv_help,3,667
consent_grp[1]/section_h[1]/h_motiv_grp[1]/h_quest_school,2,670
consent_grp[1]/section_h[1]/h_motiv_grp[1]/h_help_child,2,672
consent_grp[1]/section_h[1]/h_motiv_grp[1]/h_sch_goal,2,673
consent_grp[1]/section_h[1]/h_motiv_grp[1]/h_help_emot,2,675
consent_grp[1]/section_h[1]/h_motiv_grp[1]/h_enjoy_teach,2,676
consent_grp[1]/section_h[1]/h_motiv_grp[1]/h_develop_society,2,678
consent_grp[1]/section_h[1]/h_motiv_grp[1]/h_develop_socially,2,680
consent_grp[1]/section_h[1]/h_motiv_grp[1]/h_perso_clear,4,681
consent_grp[1]/section_h[1]/h_impor_thing,7,685
consent_grp[1]/section_h[1]/h_job_satisfaction_grp[1]/h_job_satis_note,1,692
consent_grp[1]/section_h[1]/h_job_satisfaction_grp[1]/h_look_out,4,693
consent_grp[1]/section_h[1]/h_job_satisfaction_grp[1]/h_perso_worries,2,697
consent_grp[1]/section_h[1]/h_job_satisfaction_grp[1]/h_know_col,4,699
consent_grp[1]/section_h[1]/h_job_satisfaction_grp[1]/h_col_coop,3,703
consent_grp[1]/section_h[1]/h_job_satisfaction_grp[1]/h_trust_col,1,706
consent_grp[1]/section_h[1]/h_job_satisfaction_grp[1]/h_enjoy_col,2,708
consent_grp[1]/section_h[1]/h_job_satisfaction_grp[1]/h_sup_respect,3,710
consent_grp[1]/section_h[1]/h_job_satisfaction_grp[1]/h_sup_busy,2,712
consent_grp[1]/section_h[1]/h_job_satisfaction_grp[1]/h_sup_opinion,4,714
consent_grp[1]/section_h[1]/h_job_satisfaction_grp[1]/h_count_sup,2,718
consent_grp[1]/section_h[1]/h_job_satisfaction_grp[1]/h_motivated,2,720
consent_grp[1]/section_h[1]/h_job_satisfaction_grp[1]/h_sup_unpredict,3,722
consent_grp[1]/section_h[1]/h_job_satisfaction_grp[1]/h_wrk_challenge,2,725
consent_grp[1]/section_h[1]/h_job_satisfaction_grp[1]/h_wrk_monotonous,3,726
consent_grp[1]/section_h[1]/h_job_satisfaction_grp[1]/h_wrk_creative,3,729
consent_grp[1]/section_h[1]/h_job_satisfaction_grp[1]/h_big_impact,2,732
consent_grp[1]/section_h[1]/h_job_satisfaction_grp[1]/h_little_time,4,734
consent_grp[1]/section_h[1]/h_job_satisfaction_grp[1]/h_control_satis,8,738
consent_grp[1]/section_h[1]/h_job_satisfaction_grp[1]/h_look,7,743
consent_grp[1]/section_h[1]/h_job_satisfaction_grp[1]/h_small_space,2,752
consent_grp[1]/section_h[1]/h_job_satisfaction_grp[1]/h_new_mat,3,754
consent_grp[1]/section_h[1]/h_job_satisfaction_grp[1]/h_clean_kinder,2,757
consent_grp[1]/section_h[1]/h_job_satisfaction_grp[1]/h_loud_kinder,2,758
consent_grp[1]/section_h[1]/h_job_satisfaction_grp[1]/h_kinder_rules,4,761
consent_grp[1]/section_h[1]/h_job_satisfaction_grp[1]/h_satisfied_paid,2,764
consent_grp[1]/section_h[1]/h_burnout_grp[1]/h_burnout_note,1,766
consent_grp[1]/section_h[1]/h_burnout_grp[1]/h_emotion_drained,9,768
consent_grp[1]/section_h[1]/h_burnout_grp[1]/h_used_up,3,776
consent_grp[1]/section_h[1]/h_burnout_grp[1]/h_fatigued,2,779
consent_grp[1]/section_h[1]/h_burnout_grp[1]/h_child_feel,5,781
consent_grp[1]/section_h[1]/h_burnout_grp[1]/h_child_impersonal,2,786
consent_grp[1]/section_h[1]/h_burnout_grp[1]/h_ppl_strain,5,788
consent_grp[1]/section_h[1]/h_burnout_grp[1]/h_deal_effect,3,793
consent_grp[1]/section_h[1]/h_burnout_grp[1]/h_burnout,2,796
consent_grp[1]/section_h[1]/h_burnout_grp[1]/h_pos_influence,3,797
consent_grp[1]/section_h[1]/h_burnout_grp[1]/h_cold,6,801
consent_grp[1]/section_h[1]/h_burnout_grp[1]/h_hard,2,806
consent_grp[1]/section_h[1]/h_burnout_grp[1]/h_energetic,3,808
consent_grp[1]/section_h[1]/h_burnout_grp[1]/h_frustrated,4,812
consent_grp[1]/section_h[1]/h_burnout_grp[1]/h_work_hard,4,816
consent_grp[1]/section_h[1]/h_burnout_grp[1]/h_dont_care,2,819
consent_grp[1]/section_h[1]/h_burnout_grp[1]/h_put_pressure,5,821
consent_grp[1]/section_h[1]/h_burnout_grp[1]/h_relax,2,826
consent_grp[1]/section_h[1]/h_burnout_grp[1]/h_excited,3,828
consent_grp[1]/section_h[1]/h_burnout_grp[1]/h_accomplished,5,831
consent_grp[1]/section_h[1]/h_burnout_grp[1]/h_end_of_rop,3,836
consent_grp[1]/section_h[1]/h_burnout_grp[1]/h_emot_pro_calm,2,839
consent_grp[1]/i_teacher_knowledge_grp[1]/I_teach_know_note,2,842
consent_grp[1]/i_teacher_knowledge_grp[1]/i_consonance,7,843
consent_grp[1]/i_teacher_knowledge_grp[1]/i_vowel,2,850
consent_grp[1]/i_teacher_knowledge_grp[1]/i_unbelievable,3,852
consent_grp[1]/i_teacher_knowledge_grp[1]/i_irregular,2,855
consent_grp[1]/i_teacher_knowledge_grp[1]/i_cat,2,858
consent_grp[1]/i_teacher_knowledge_grp[1]/i_cough,3,859
consent_grp[1]/i_teacher_knowledge_grp[1]/i_check,2,863
consent_grp[1]/i_teacher_knowledge_grp[1]/i_english,2,864
consent_grp[1]/j_perception_grp[1]/j_perception_note,1,866
consent_grp[1]/j_perception_grp[1]/j_dev_practice_grp[1]/j_dev_practice_note,1,867
consent_grp[1]/j_perception_grp[1]/j_dev_practice_grp[1]/j_child_need,8,868
consent_grp[1]/j_perception_grp[1]/j_dev_practice_grp[1]/j_recog_letter,2,876
consent_grp[1]/j_perception_grp[1]/j_dev_practice_grp[1]/j_recog_number,2,878
consent_grp[1]/j_perception_grp[1]/j_dev_practice_grp[1]/j_recog_colour,2,880
consent_grp[1]/j_perception_grp[1]/j_dev_practice_grp[1]/j_indiv_goal,3,881
consent_grp[1]/j_perception_grp[1]/j_dev_practice_grp[1]/j_play_materials,2,884
consent_grp[1]/j_perception_grp[1]/j_dev_practice_grp[1]/j_child_measure,3,886
consent_grp[1]/j_perception_grp[1]/j_supp_chil_grp[1]/j_supp_chil_note,1,890
consent_grp[1]/j_perception_grp[1]/j_supp_chil_grp[1]/j_build_relation,6,891
consent_grp[1]/j_perception_grp[1]/j_supp_chil_grp[1]/j_control_behaviour,2,896
consent_grp[1]/j_perception_grp[1]/j_supp_chil_grp[1]/j_express_thought,2,898
consent_grp[1]/j_perception_grp[1]/j_supp_chil_grp[1]/j_resolve_conflicts,2,899
consent_grp[1]/j_perception_grp[1]/j_supp_chil_grp[1]/j_guidance_style,2,901
consent_grp[1]/j_perception_grp[1]/j_fam_sensitive_grp[1]/j_fam_sensitive_note,13,903
consent_grp[1]/j_perception_grp[1]/j_fam_sensitive_grp[1]/j_parent_goal,13,903
consent_grp[1]/j_perception_grp[1]/j_fam_sensitive_grp[1]/j_work_schedule,13,903
consent_grp[1]/j_perception_grp[1]/j_fam_sensitive_grp[1]/j_fam_decision,13,903
consent_grp[1]/j_perception_grp[1]/j_fam_sensitive_grp[1]/j_family_care,13,903
consent_grp[1]/j_perception_grp[1]/j_fam_sensitive_grp[1]/j_connect_family,13,903
consent_grp[1]/k_grp[1]/k_instro_note,2,916
consent_grp[1]/k_grp[1]/k_ts_grp[1]/tmp_k_labels,24,918
consent_grp[1]/k_grp[1]/k_ts_grp[1]/k_take_priviledges,24,918
consent_grp[1]/k_grp[1]/k_ts_grp[1]/k_explain_behavior,24,918
consent_grp[1]/k_grp[1]/k_ts_grp[1]/k_shook,24,918
consent_grp[1]/k_grp[1]/k_ts_grp[1]/k_shouted,24,918
consent_grp[1]/k_grp[1]/k_ts_grp[1]/k_gave_something,24,918
consent_grp[1]/k_grp[1]/k_ts_grp[1]/k_spanked,24,918
consent_grp[1]/k_grp[1]/k_ts_grp[1]/k_hit_bottom,24,918
consent_grp[1]/k_grp[1]/k_ts_grp[1]/k_call_dumb,24,918
consent_grp[1]/k_grp[1]/k_ts_grp[1]/k_hit_face,24,918
consent_grp[1]/k_grp[1]/k_ts_grp[1]/k_praised,24,918
consent_grp[1]/k_grp[1]/k_ts_grp[1]/k_affection,24,918
consent_grp[1]/k_grp[1]/k_ts_grp[1]/k_rewarded,24,918
consent_grp[1]/l_teaching_prac_grp[1]/l_note,1,942
consent_grp[1]/l_teaching_prac_grp[1]/l_previos_kinder_act[1]/tmp_l_prac_lab,27,943
consent_grp[1]/l_teaching_prac_grp[1]/l_previos_kinder_act[1]/l_hygiene_routine,27,943
consent_grp[1]/l_teaching_prac_grp[1]/l_previos_kinder_act[1]/l_supply,27,943
consent_grp[1]/l_teaching_prac_grp[1]/l_previos_kinder_act[1]/l_pamper,27,943
consent_grp[1]/l_teaching_prac_grp[1]/l_previos_kinder_act[1]/l_read,27,943
consent_grp[1]/l_teaching_prac_grp[1]/l_previos_kinder_act[1]/l_tell,27,943
consent_grp[1]/l_teaching_prac_grp[1]/l_previos_kinder_act[1]/l_conversatin,27,943
consent_grp[1]/l_teaching_prac_grp[1]/l_previos_kinder_act[1]/l_sing,27,943
consent_grp[1]/l_teaching_prac_grp[1]/l_previos_kinder_act[1]/l_dance,27,943
consent_grp[1]/l_teaching_prac_grp[1]/l_previos_kinder_act[1]/l_visit,27,943
consent_grp[1]/l_teaching_prac_grp[1]/l_previos_kinder_act[1]/l_play_kg,27,943
consent_grp[1]/l_teaching_prac_grp[1]/l_previos_kinder_act[1]/l_play_recrea,27,943
consent_grp[1]/l_teaching_prac_grp[1]/l_previos_kinder_act[1]/l_sleep,27,943
consent_grp[1]/l_teaching_prac_grp[1]/l_previos_kinder_act[1]/l_run,27,943
consent_grp[1]/l_teaching_prac_grp[1]/l_previos_kinder_act[1]/l_group_learn,27,943
consent_grp[1]/l_teaching_prac_grp[1]/l_previos_kinder_act[1]/l_indiv_learn,27,943
consent_grp[1]/l_teaching_prac_grp[1]/l_class_acti_grp[1]/l_act_grp[1]/tmp_l_class_lab,38,970
consent_grp[1]/l_teaching_prac_grp[1]/l_class_acti_grp[1]/l_act_grp[1]/l_teach_colour,38,970
consent_grp[1]/l_teaching_prac_grp[1]/l_class_acti_grp[1]/l_act_grp[1]/l_teach_number,38,970
consent_grp[1]/l_teaching_prac_grp[1]/l_class_acti_grp[1]/l_act_grp[1]/l_teach_letter,38,970
consent_grp[1]/l_teaching_prac_grp[1]/l_class_acti_grp[1]/l_act_grp[1]/l_teach_form,38,970
consent_grp[1]/l_teaching_prac_grp[1]/l_class_acti_grp[1]/l_act_grp[1]/l_socialise,38,970
consent_grp[1]/l_teaching_prac_grp[1]/l_class_acti_grp[1]/l_act_grp[1]/l_pro_solve,38,970
consent_grp[1]/l_teaching_prac_grp[1]/l_class_acti_grp[1]/l_act_grp[1]/l_writing,38,970
consent_grp[1]/l_teaching_prac_grp[1]/l_class_acti_grp[1]/l_act_grp[1]/l_teach_body,38,970
consent_grp[1]/l_teaching_prac_grp[1]/l_class_acti_grp[1]/l_act_grp[1]/l_pers_hygiene,38,970
consent_grp[1]/l_teaching_prac_grp[1]/l_class_acti_grp[1]/l_act_grp[1]/l_art_expre,38,970
consent_grp[1]/l_teaching_prac_grp[1]/l_class_acti_grp[1]/l_act_grp[1]/l_body_lang,38,970
consent_grp[1]/l_teaching_prac_grp[1]/l_class_acti_grp[1]/l_act_grp[1]/l_concentration,38,970
consent_grp[1]/l_teaching_prac_grp[1]/l_class_acti_grp[1]/l_act_grp[1]/l_gross_motor,38,970
consent_grp[1]/l_teaching_prac_grp[1]/l_class_acti_grp[1]/l_act_grp[1]/l_fine_motor,38,970
consent_grp[1]/l_teaching_prac_grp[1]/l_class_acti_grp[1]/l_act_grp[1]/l_gender,38,970
consent_grp[1]/l_teaching_prac_grp[1]/l_class_acti_grp[1]/l_act_grp[1]/l_responsibility,38,970
consent_grp[1]/l_teaching_prac_grp[1]/l_class_acti_grp[1]/l_act_grp[1]/l_speech,38,970
consent_grp[1]/l_teaching_prac_grp[1]/l_class_acti_grp[1]/l_act_grp[1]/l_explore_comm,38,970
consent_grp[1]/l_teaching_prac_grp[1]/l_class_acti_grp[1]/l_act_grp[1]/l_explore_culture,38,970
consent_grp[1]/l_teaching_prac_grp[1]/l_parent_interact_note,2,1008
consent_grp[1]/l_teaching_prac_grp[1]/l_actively_engaged,9,1010
consent_grp[1]/l_teaching_prac_grp[1]/l_proportion_child,4,1018
consent_grp[1]/l_teaching_prac_grp[1]/l_proportion_child_more,4,1022
consent_grp[1]/l_teaching_prac_grp[1]/l_visit_pupil_house,6,1026
consent_grp[1]/l_teaching_prac_grp[1]/l_visit_parent_house,4,1032
consent_grp[1]/l_teaching_prac_grp[1]/l_receive_parent_supp,2,1036
consent_grp[1]/l_teaching_prac_grp[1]/l_day_teaching_note,2,1038
consent_grp[1]/l_teaching_prac_grp[1]/l_day_grp[1]/tmp_l_labs,7,1040
consent_grp[1]/l_teaching_prac_grp[1]/l_day_grp[1]/l_daily_schedule,7,1040
consent_grp[1]/l_teaching_prac_grp[1]/l_day_grp[1]/l_play_period,7,1040
consent_grp[1]/l_teaching_prac_grp[1]/l_day_grp[1]/l_free_play,7,1040
consent_grp[1]/l_teaching_prac_grp[1]/l_day_grp[1]/l_activities,7,1040
consent_grp[1]/l_teaching_prac_grp[1]/l_per_daily_grp[1]/l_perc_note,15,1047
consent_grp[1]/l_teaching_prac_grp[1]/l_per_daily_grp[1]/l_admin_per,15,1047
consent_grp[1]/l_teaching_prac_grp[1]/l_per_daily_grp[1]/l_class_per,15,1047
consent_grp[1]/l_teaching_prac_grp[1]/l_per_daily_grp[1]/l_teach_per,15,1047
consent_grp[1]/l_teaching_prac_grp[1]/l_per_daily_grp[1]/l_super_per,15,1047
consent_grp[1]/l_teaching_prac_grp[1]/l_per_daily_grp[1]/l_super_oth_per,15,1047
consent_grp[1]/l_teaching_prac_grp[1]/l_per_daily_grp[1]/l_break_per,15,1047
consent_grp[1]/l_teaching_prac_grp[1]/l_discipline_note,1,1062
consent_grp[1]/l_teaching_prac_grp[1]/l_dont_like,4,1063
consent_grp[1]/l_teaching_prac_grp[1]/l_really_bad,4,1067
consent_grp[1]/l_teaching_prac_grp[1]/l_does_good,7,1071
consent_grp[1]/l_teaching_prac_grp[1]/l_praise,5,1078
consent_grp[1]/q_note,1,1083
consent_grp[1]/q_activ_yn,4,1084
s_int_accom_yn,4,1089
s_int_accom,2,1092
comments,1,1094
