Field name,Total duration (seconds),First appeared (seconds into survey)
instruction,15,5
a_district_id,23,10
a_circuit_id,31,39
a_kg_id,12,71
a_community_id,203,83
a_enum_id,4,286
consent_note,16,291
con_understand,3,307
con_questions,6,310
con_written,3,315
consent_grp[1]/audio_consent,3,318
consent_grp[1]/d_background_note,3,321
consent_grp[1]/section_d[1]/kgt_key,16,325
consent_grp[1]/section_d[1]/kgt_confirm_note,19,340
consent_grp[1]/section_d[1]/d_num_cnt,19,359
consent_grp[1]/section_d[1]/d_cnt_grp[1]/d_cnt_main,11,378
consent_grp[1]/section_d[1]/d_work_last,8,389
consent_grp[1]/section_d[1]/d_edu_level,23,396
consent_grp[1]/section_d[1]/d_edu_train,10,419
consent_grp[1]/section_d[1]/d_edu_level_train,12,429
consent_grp[1]/section_d[1]/d_marital_status,8,441
consent_grp[1]/section_d[1]/d_religion,6,449
consent_grp[1]/section_d[1]/d_la_spk_grp[1]/d_la_spk_note,73,455
consent_grp[1]/section_d[1]/d_la_spk_grp[1]/d_la_spk_eng,73,455
consent_grp[1]/section_d[1]/d_la_spk_grp[1]/d_la_spk_grun,73,455
consent_grp[1]/section_d[1]/d_la_wrt_grp[1]/d_la_wrt_note,20,528
consent_grp[1]/section_d[1]/d_la_wrt_grp[1]/d_la_wrt_eng,20,528
consent_grp[1]/section_d[1]/d_la_wrt_grp[1]/d_la_wrt_grun,20,528
consent_grp[1]/section_d[1]/d_main_language,22,548
consent_grp[1]/section_d[1]/d_loc_lang_kinderg,18,570
consent_grp[1]/f_moved_yn,17,588
consent_grp[1]/f_rel_grp[1]/f_comm_note,6,605
consent_grp[1]/f_rel_grp[1]/section_f[1]/f_born_comm,8,611
consent_grp[1]/f_rel_grp[1]/section_f[1]/f_school_loc,16,619
consent_grp[1]/f_rel_grp[1]/section_f[1]/f_lived_bef_teach,10,635
consent_grp[1]/f_rel_grp[1]/section_f[1]/f_lived_grp[1]/f_lived_comm,34,645
consent_grp[1]/f_rel_grp[1]/section_f[1]/f_lived_grp[1]/f_lived_comm_year,34,645
consent_grp[1]/f_rel_grp[1]/section_f[1]/f_lived_grp[1]/f_lived_comm_month,34,645
consent_grp[1]/f_rel_grp[1]/section_f[1]/f_fam_lived,29,679
consent_grp[1]/f_rel_grp[1]/section_f[1]/f_emot_support,14,708
consent_grp[1]/f_rel_grp[1]/section_f[1]/f_emot_support_num,12,722
consent_grp[1]/f_rel_grp[1]/section_f[1]/f_lend_money,22,734
consent_grp[1]/f_rel_grp[1]/section_f[1]/f_borrow_money,15,756
consent_grp[1]/f_rel_grp[1]/section_f[1]/f_rel_live_nearby,22,771
consent_grp[1]/f_rel_grp[1]/section_f[1]/f_part_comm,9,793
consent_grp[1]/f_rel_grp[1]/section_f[1]/f_main_trans,14,803
consent_grp[1]/f_rel_grp[1]/section_f[1]/f_min_get_sch_grp[1]/f_min_get_note,43,816
consent_grp[1]/f_rel_grp[1]/section_f[1]/f_min_get_sch_grp[1]/f_h_get_school,43,816
consent_grp[1]/f_rel_grp[1]/section_f[1]/f_min_get_sch_grp[1]/f_m_get_school,43,816
consent_grp[1]/g_nature_wrk_note,9,859
consent_grp[1]/section_g[1]/g_teach_pos,9,868
consent_grp[1]/section_g[1]/g_teach_school,10,877
consent_grp[1]/section_g[1]/g_teach_sch_num,13,883
consent_grp[1]/section_g[1]/g_kg_grade,35,901
consent_grp[1]/section_g[1]/g_class_grp[1]/g_children_note,42,936
consent_grp[1]/section_g[1]/g_class_grp[1]/g_kg_2,42,936
consent_grp[1]/section_g[1]/g_ah_grp[1]/g_ah_note,538,978
consent_grp[1]/section_g[1]/g_ah_grp[1]/g_ah_working,538,978
consent_grp[1]/section_g[1]/g_ah_grp[1]/g_ah_prepping,538,978
consent_grp[1]/section_g[1]/g_eh_grp[1]/g_eh_note,228,1386
consent_grp[1]/section_g[1]/g_eh_grp[1]/g_eh_working,228,1386
consent_grp[1]/section_g[1]/g_eh_grp[1]/g_eh_prepping,228,1386
consent_grp[1]/section_g[1]/g_teach_salary,23,1743
consent_grp[1]/section_g[1]/g_salary_freq,12,1767
consent_grp[1]/section_g[1]/g_salary_intime,85,1779
consent_grp[1]/section_g[1]/g_money_cmp,19,1864
consent_grp[1]/section_g[1]/g_job_outside,22,1874
consent_grp[1]/section_g[1]/g_extra_money_spec,24,1893
consent_grp[1]/section_g[1]/g_sch_pro_grp[1]/tmp_g_sch_pro_lab,905,1914
consent_grp[1]/section_g[1]/g_sch_pro_grp[1]/g_class,905,1914
consent_grp[1]/section_g[1]/g_sch_pro_grp[1]/g_class_taught,905,1914
consent_grp[1]/section_g[1]/g_sch_pro_grp[1]/g_fin_resource,905,1914
consent_grp[1]/section_g[1]/g_sch_pro_grp[1]/g_high_expe,905,1914
consent_grp[1]/section_g[1]/g_sch_pro_grp[1]/g_change_curri,905,1914
consent_grp[1]/section_g[1]/g_sch_pro_grp[1]/g_diff_curri,905,1914
consent_grp[1]/section_g[1]/g_sch_pro_grp[1]/g_easy_curri,905,1914
consent_grp[1]/section_g[1]/g_sch_pro_grp[1]/g_par_dem_high,905,1914
consent_grp[1]/section_g[1]/g_sch_pro_grp[1]/g_par_suff_interest,905,1914
consent_grp[1]/section_g[1]/g_sch_pro_grp[1]/g_par_suff_active,905,1914
consent_grp[1]/section_g[1]/g_par_supp_grp[1]/g_par_supp_note,29,2833
consent_grp[1]/section_g[1]/g_par_supp_grp[1]/g_home_wrk,21,2856
consent_grp[1]/section_g[1]/g_par_supp_grp[1]/g_behave_val,31,2875
consent_grp[1]/section_g[1]/g_par_supp_grp[1]/g_get_schl,41,2916
consent_grp[1]/section_g[1]/g_par_supp_grp[1]/g_visit_schl,24,2956
consent_grp[1]/section_g[1]/g_par_supp_grp[1]/g_show_respect,19,2980
consent_grp[1]/section_g[1]/g_par_supp_grp[1]/g_best_schl,11,2999
consent_grp[1]/section_g[1]/g_par_supp_grp[1]/g_parti_pta,56,3010
consent_grp[1]/section_g[1]/g_par_supp_grp[1]/g_cont_kg_act,11,3066
consent_grp[1]/section_g[1]/g_lead_respect,34,3077
consent_grp[1]/section_g[1]/g_val_citizen,17,3111
consent_grp[1]/section_h[1]/sec_h_depre_note,33,3127
consent_grp[1]/section_h[1]/h_depression_grp[1]/h_da_note,133,3160
consent_grp[1]/section_h[1]/h_depression_grp[1]/tmp_h_da_lab,133,3160
consent_grp[1]/section_h[1]/h_depression_grp[1]/h_headache,133,3160
consent_grp[1]/section_h[1]/h_depression_grp[1]/h_appetite,133,3160
consent_grp[1]/section_h[1]/h_depression_grp[1]/h_sleep,133,3160
consent_grp[1]/section_h[1]/h_depression_grp[1]/h_frightened,133,3160
consent_grp[1]/section_h[1]/h_depression_grp[1]/h_hands_shake,133,3160
consent_grp[1]/section_h[1]/h_depression_grp[1]/h_nervous,133,3160
consent_grp[1]/section_h[1]/h_depression_grp[1]/h_digestion,133,3160
consent_grp[1]/section_h[1]/h_depression_grp[1]/h_thinking,133,3160
consent_grp[1]/section_h[1]/h_depression_grp[1]/h_unhappy,133,3160
consent_grp[1]/section_h[1]/h_depression_grp[1]/h_cry,133,3160
consent_grp[1]/section_h[1]/h_depression_grp[1]/h_activities,133,3160
consent_grp[1]/section_h[1]/h_depression_grp[1]/h_decisions,133,3160
consent_grp[1]/section_h[1]/h_depression_grp[1]/h_daily_work,133,3160
consent_grp[1]/section_h[1]/h_depression_grp[1]/h_life,133,3160
consent_grp[1]/section_h[1]/h_depression_grp[1]/h_interest,133,3160
consent_grp[1]/section_h[1]/h_depression_grp[1]/h_worthless,133,3160
consent_grp[1]/section_h[1]/h_depression_grp[1]/h_end_life,133,3160
consent_grp[1]/section_h[1]/h_depression_grp[1]/h_tired,133,3160
consent_grp[1]/section_h[1]/h_depression_grp[1]/h_uncomfortable,133,3160
consent_grp[1]/section_h[1]/h_depression_grp[1]/h_easily_tired,133,3160
consent_grp[1]/section_h[1]/sec_h_ext_contr_note,2,3293
consent_grp[1]/section_h[1]/h_ext_control_grp[1]/h_ext_cont_note,14,3296
consent_grp[1]/section_h[1]/h_ext_control_grp[1]/h_pup_learn,111,3298
consent_grp[1]/section_h[1]/h_ext_control_grp[1]/h_discipline,19,3421
consent_grp[1]/section_h[1]/h_ext_control_grp[1]/h_stu_achieve,14,3440
consent_grp[1]/section_h[1]/h_ext_control_grp[1]/h_teach_motiv,15,3453
consent_grp[1]/section_h[1]/h_ext_control_grp[1]/h_good_teach,53,3468
consent_grp[1]/section_h[1]/sec_h_motiv_note,2,3521
consent_grp[1]/section_h[1]/h_motiv_grp[1]/h_motiv_note,4,3523
consent_grp[1]/section_h[1]/h_motiv_grp[1]/h_motiv_help,14,3527
consent_grp[1]/section_h[1]/h_motiv_grp[1]/h_quest_school,38,3541
consent_grp[1]/section_h[1]/h_motiv_grp[1]/h_help_child,74,3551
consent_grp[1]/section_h[1]/h_motiv_grp[1]/h_sch_goal,25,3652
consent_grp[1]/section_h[1]/h_motiv_grp[1]/h_help_emot,8,3677
consent_grp[1]/section_h[1]/h_motiv_grp[1]/h_enjoy_teach,42,3685
consent_grp[1]/section_h[1]/h_motiv_grp[1]/h_develop_society,12,3727
consent_grp[1]/section_h[1]/h_motiv_grp[1]/h_develop_socially,56,3739
consent_grp[1]/section_h[1]/h_motiv_grp[1]/h_perso_clear,35,3795
consent_grp[1]/section_h[1]/h_impor_thing,79,3830
consent_grp[1]/section_h[1]/h_job_satisfaction_grp[1]/h_job_satis_note,13,3909
consent_grp[1]/section_h[1]/h_job_satisfaction_grp[1]/h_look_out,29,3923
consent_grp[1]/section_h[1]/h_job_satisfaction_grp[1]/h_perso_worries,16,3951
consent_grp[1]/section_h[1]/h_job_satisfaction_grp[1]/h_know_col,29,3968
consent_grp[1]/section_h[1]/h_job_satisfaction_grp[1]/h_col_coop,16,3997
consent_grp[1]/section_h[1]/h_job_satisfaction_grp[1]/h_trust_col,16,4013
consent_grp[1]/section_h[1]/h_job_satisfaction_grp[1]/h_enjoy_col,8,4029
consent_grp[1]/section_h[1]/h_job_satisfaction_grp[1]/h_sup_respect,18,4037
consent_grp[1]/section_h[1]/h_job_satisfaction_grp[1]/h_sup_busy,19,4055
consent_grp[1]/section_h[1]/h_job_satisfaction_grp[1]/h_sup_opinion,43,4074
consent_grp[1]/section_h[1]/h_job_satisfaction_grp[1]/h_count_sup,61,4117
consent_grp[1]/section_h[1]/h_job_satisfaction_grp[1]/h_motivated,55,4178
consent_grp[1]/section_h[1]/h_job_satisfaction_grp[1]/h_sup_unpredict,33,4232
consent_grp[1]/section_h[1]/h_job_satisfaction_grp[1]/h_wrk_challenge,48,4240
consent_grp[1]/section_h[1]/h_job_satisfaction_grp[1]/h_wrk_monotonous,71,4314
consent_grp[1]/section_h[1]/h_job_satisfaction_grp[1]/h_wrk_creative,8,4385
consent_grp[1]/section_h[1]/h_job_satisfaction_grp[1]/h_big_impact,11,4393
consent_grp[1]/section_h[1]/h_job_satisfaction_grp[1]/h_little_time,12,4404
consent_grp[1]/section_h[1]/h_job_satisfaction_grp[1]/h_control_satis,21,4416
consent_grp[1]/section_h[1]/h_job_satisfaction_grp[1]/h_look,40,4437
consent_grp[1]/section_h[1]/h_job_satisfaction_grp[1]/h_small_space,59,4469
consent_grp[1]/section_h[1]/h_job_satisfaction_grp[1]/h_new_mat,17,4534
consent_grp[1]/section_h[1]/h_job_satisfaction_grp[1]/h_clean_kinder,16,4552
consent_grp[1]/section_h[1]/h_job_satisfaction_grp[1]/h_loud_kinder,26,4568
consent_grp[1]/section_h[1]/h_job_satisfaction_grp[1]/h_kinder_rules,21,4593
consent_grp[1]/section_h[1]/h_job_satisfaction_grp[1]/h_satisfied_paid,19,4615
consent_grp[1]/section_h[1]/h_burnout_grp[1]/h_burnout_note,13,4634
consent_grp[1]/section_h[1]/h_burnout_grp[1]/h_emotion_drained,58,4647
consent_grp[1]/section_h[1]/h_burnout_grp[1]/h_used_up,61,4705
consent_grp[1]/section_h[1]/h_burnout_grp[1]/h_fatigued,12,4766
consent_grp[1]/section_h[1]/h_burnout_grp[1]/h_child_feel,20,4778
consent_grp[1]/section_h[1]/h_burnout_grp[1]/h_child_impersonal,23,4798
consent_grp[1]/section_h[1]/h_burnout_grp[1]/h_ppl_strain,41,4821
consent_grp[1]/section_h[1]/h_burnout_grp[1]/h_deal_effect,28,4862
consent_grp[1]/section_h[1]/h_burnout_grp[1]/h_burnout,10,4890
consent_grp[1]/section_h[1]/h_burnout_grp[1]/h_pos_influence,44,4901
consent_grp[1]/section_h[1]/h_burnout_grp[1]/h_cold,13,4945
consent_grp[1]/section_h[1]/h_burnout_grp[1]/h_hard,8,4957
consent_grp[1]/section_h[1]/h_burnout_grp[1]/h_energetic,23,4965
consent_grp[1]/section_h[1]/h_burnout_grp[1]/h_frustrated,23,4988
consent_grp[1]/section_h[1]/h_burnout_grp[1]/h_work_hard,6,5011
consent_grp[1]/section_h[1]/h_burnout_grp[1]/h_dont_care,6,5017
consent_grp[1]/section_h[1]/h_burnout_grp[1]/h_put_pressure,15,5023
consent_grp[1]/section_h[1]/h_burnout_grp[1]/h_relax,38,5037
consent_grp[1]/section_h[1]/h_burnout_grp[1]/h_excited,39,5075
consent_grp[1]/section_h[1]/h_burnout_grp[1]/h_accomplished,60,5114
consent_grp[1]/section_h[1]/h_burnout_grp[1]/h_end_of_rop,14,5174
consent_grp[1]/section_h[1]/h_burnout_grp[1]/h_emot_pro_calm,36,5188
consent_grp[1]/i_teacher_knowledge_grp[1]/I_teach_know_note,41,5224
consent_grp[1]/i_teacher_knowledge_grp[1]/i_consonance,113,5244
consent_grp[1]/i_teacher_knowledge_grp[1]/i_vowel,16,5378
consent_grp[1]/i_teacher_knowledge_grp[1]/i_unbelievable,32,5394
consent_grp[1]/i_teacher_knowledge_grp[1]/i_irregular,8,5427
consent_grp[1]/i_teacher_knowledge_grp[1]/i_cat,12,5435
consent_grp[1]/i_teacher_knowledge_grp[1]/i_cough,23,5447
consent_grp[1]/i_teacher_knowledge_grp[1]/i_check,20,5470
consent_grp[1]/i_teacher_knowledge_grp[1]/i_english,15,5490
consent_grp[1]/j_perception_grp[1]/j_perception_note,33,5505
consent_grp[1]/j_perception_grp[1]/j_dev_practice_grp[1]/j_dev_practice_note,8,5539
consent_grp[1]/j_perception_grp[1]/j_dev_practice_grp[1]/j_child_need,21,5547
consent_grp[1]/j_perception_grp[1]/j_dev_practice_grp[1]/j_recog_letter,11,5568
consent_grp[1]/j_perception_grp[1]/j_dev_practice_grp[1]/j_recog_number,7,5578
consent_grp[1]/j_perception_grp[1]/j_dev_practice_grp[1]/j_recog_colour,5,5585
consent_grp[1]/j_perception_grp[1]/j_dev_practice_grp[1]/j_indiv_goal,8,5590
consent_grp[1]/j_perception_grp[1]/j_dev_practice_grp[1]/j_play_materials,7,5599
consent_grp[1]/j_perception_grp[1]/j_dev_practice_grp[1]/j_child_measure,7,5606
consent_grp[1]/j_perception_grp[1]/j_supp_chil_grp[1]/j_supp_chil_note,14,5613
consent_grp[1]/j_perception_grp[1]/j_supp_chil_grp[1]/j_build_relation,21,5619
consent_grp[1]/j_perception_grp[1]/j_supp_chil_grp[1]/j_control_behaviour,6,5648
consent_grp[1]/j_perception_grp[1]/j_supp_chil_grp[1]/j_express_thought,7,5655
consent_grp[1]/j_perception_grp[1]/j_supp_chil_grp[1]/j_resolve_conflicts,16,5662
consent_grp[1]/j_perception_grp[1]/j_supp_chil_grp[1]/j_guidance_style,20,5677
consent_grp[1]/j_perception_grp[1]/j_fam_sensitive_grp[1]/j_fam_sensitive_note,275,5697
consent_grp[1]/j_perception_grp[1]/j_fam_sensitive_grp[1]/j_parent_goal,275,5697
consent_grp[1]/j_perception_grp[1]/j_fam_sensitive_grp[1]/j_work_schedule,275,5697
consent_grp[1]/j_perception_grp[1]/j_fam_sensitive_grp[1]/j_fam_decision,275,5697
consent_grp[1]/j_perception_grp[1]/j_fam_sensitive_grp[1]/j_family_care,275,5697
consent_grp[1]/j_perception_grp[1]/j_fam_sensitive_grp[1]/j_connect_family,275,5697
consent_grp[1]/k_grp[1]/k_instro_note,156,5972
consent_grp[1]/k_grp[1]/k_ts_grp[1]/tmp_k_labels,70,6066
consent_grp[1]/k_grp[1]/k_ts_grp[1]/k_take_priviledges,70,6066
consent_grp[1]/k_grp[1]/k_ts_grp[1]/k_explain_behavior,70,6066
consent_grp[1]/k_grp[1]/k_ts_grp[1]/k_shook,70,6066
consent_grp[1]/k_grp[1]/k_ts_grp[1]/k_shouted,70,6066
consent_grp[1]/k_grp[1]/k_ts_grp[1]/k_gave_something,70,6066
consent_grp[1]/k_grp[1]/k_ts_grp[1]/k_spanked,70,6066
consent_grp[1]/k_grp[1]/k_ts_grp[1]/k_hit_bottom,70,6066
consent_grp[1]/k_grp[1]/k_ts_grp[1]/k_call_dumb,70,6066
consent_grp[1]/k_grp[1]/k_ts_grp[1]/k_hit_face,70,6066
consent_grp[1]/k_grp[1]/k_ts_grp[1]/k_praised,70,6066
consent_grp[1]/k_grp[1]/k_ts_grp[1]/k_affection,70,6066
consent_grp[1]/k_grp[1]/k_ts_grp[1]/k_rewarded,70,6066
consent_grp[1]/l_teaching_prac_grp[1]/l_note,31,6091
consent_grp[1]/l_teaching_prac_grp[1]/l_previos_kinder_act[1]/tmp_l_prac_lab,118,6099
consent_grp[1]/l_teaching_prac_grp[1]/l_previos_kinder_act[1]/l_hygiene_routine,118,6099
consent_grp[1]/l_teaching_prac_grp[1]/l_previos_kinder_act[1]/l_supply,118,6099
consent_grp[1]/l_teaching_prac_grp[1]/l_previos_kinder_act[1]/l_pamper,118,6099
consent_grp[1]/l_teaching_prac_grp[1]/l_previos_kinder_act[1]/l_read,118,6099
consent_grp[1]/l_teaching_prac_grp[1]/l_previos_kinder_act[1]/l_tell,118,6099
consent_grp[1]/l_teaching_prac_grp[1]/l_previos_kinder_act[1]/l_conversatin,118,6099
consent_grp[1]/l_teaching_prac_grp[1]/l_previos_kinder_act[1]/l_sing,118,6099
consent_grp[1]/l_teaching_prac_grp[1]/l_previos_kinder_act[1]/l_dance,118,6099
consent_grp[1]/l_teaching_prac_grp[1]/l_previos_kinder_act[1]/l_visit,118,6099
consent_grp[1]/l_teaching_prac_grp[1]/l_previos_kinder_act[1]/l_play_kg,118,6099
consent_grp[1]/l_teaching_prac_grp[1]/l_previos_kinder_act[1]/l_play_recrea,118,6099
consent_grp[1]/l_teaching_prac_grp[1]/l_previos_kinder_act[1]/l_sleep,118,6099
consent_grp[1]/l_teaching_prac_grp[1]/l_previos_kinder_act[1]/l_run,118,6099
consent_grp[1]/l_teaching_prac_grp[1]/l_previos_kinder_act[1]/l_group_learn,118,6099
consent_grp[1]/l_teaching_prac_grp[1]/l_previos_kinder_act[1]/l_indiv_learn,118,6099
consent_grp[1]/l_teaching_prac_grp[1]/l_class_acti_grp[1]/l_act_grp[1]/tmp_l_class_lab,110,6347
consent_grp[1]/l_teaching_prac_grp[1]/l_class_acti_grp[1]/l_act_grp[1]/l_teach_colour,110,6347
consent_grp[1]/l_teaching_prac_grp[1]/l_class_acti_grp[1]/l_act_grp[1]/l_teach_number,110,6347
consent_grp[1]/l_teaching_prac_grp[1]/l_class_acti_grp[1]/l_act_grp[1]/l_teach_letter,110,6347
consent_grp[1]/l_teaching_prac_grp[1]/l_class_acti_grp[1]/l_act_grp[1]/l_teach_form,110,6347
consent_grp[1]/l_teaching_prac_grp[1]/l_class_acti_grp[1]/l_act_grp[1]/l_socialise,110,6347
consent_grp[1]/l_teaching_prac_grp[1]/l_class_acti_grp[1]/l_act_grp[1]/l_pro_solve,110,6347
consent_grp[1]/l_teaching_prac_grp[1]/l_class_acti_grp[1]/l_act_grp[1]/l_writing,110,6347
consent_grp[1]/l_teaching_prac_grp[1]/l_class_acti_grp[1]/l_act_grp[1]/l_teach_body,110,6347
consent_grp[1]/l_teaching_prac_grp[1]/l_class_acti_grp[1]/l_act_grp[1]/l_pers_hygiene,110,6347
consent_grp[1]/l_teaching_prac_grp[1]/l_class_acti_grp[1]/l_act_grp[1]/l_art_expre,110,6347
consent_grp[1]/l_teaching_prac_grp[1]/l_class_acti_grp[1]/l_act_grp[1]/l_body_lang,110,6347
consent_grp[1]/l_teaching_prac_grp[1]/l_class_acti_grp[1]/l_act_grp[1]/l_concentration,110,6347
consent_grp[1]/l_teaching_prac_grp[1]/l_class_acti_grp[1]/l_act_grp[1]/l_gross_motor,110,6347
consent_grp[1]/l_teaching_prac_grp[1]/l_class_acti_grp[1]/l_act_grp[1]/l_fine_motor,110,6347
consent_grp[1]/l_teaching_prac_grp[1]/l_class_acti_grp[1]/l_act_grp[1]/l_gender,110,6347
consent_grp[1]/l_teaching_prac_grp[1]/l_class_acti_grp[1]/l_act_grp[1]/l_responsibility,110,6347
consent_grp[1]/l_teaching_prac_grp[1]/l_class_acti_grp[1]/l_act_grp[1]/l_speech,110,6347
consent_grp[1]/l_teaching_prac_grp[1]/l_class_acti_grp[1]/l_act_grp[1]/l_explore_comm,110,6347
consent_grp[1]/l_teaching_prac_grp[1]/l_class_acti_grp[1]/l_act_grp[1]/l_explore_culture,110,6347
consent_grp[1]/l_teaching_prac_grp[1]/l_parent_interact_note,4,6457
consent_grp[1]/l_teaching_prac_grp[1]/l_actively_engaged,28,6461
consent_grp[1]/l_teaching_prac_grp[1]/l_proportion_child,12,6489
consent_grp[1]/l_teaching_prac_grp[1]/l_proportion_child_more,8,6501
consent_grp[1]/l_teaching_prac_grp[1]/l_visit_pupil_house,27,6508
consent_grp[1]/l_teaching_prac_grp[1]/l_visit_parent_house,15,6536
consent_grp[1]/l_teaching_prac_grp[1]/l_receive_parent_supp,14,6551
consent_grp[1]/l_teaching_prac_grp[1]/l_day_teaching_note,4,6565
consent_grp[1]/l_teaching_prac_grp[1]/l_day_grp[1]/tmp_l_labs,50,6569
consent_grp[1]/l_teaching_prac_grp[1]/l_day_grp[1]/l_daily_schedule,50,6569
consent_grp[1]/l_teaching_prac_grp[1]/l_day_grp[1]/l_play_period,50,6569
consent_grp[1]/l_teaching_prac_grp[1]/l_day_grp[1]/l_free_play,50,6569
consent_grp[1]/l_teaching_prac_grp[1]/l_day_grp[1]/l_activities,50,6569
consent_grp[1]/l_teaching_prac_grp[1]/l_per_daily_grp[1]/l_perc_note,535,6619
consent_grp[1]/l_teaching_prac_grp[1]/l_per_daily_grp[1]/l_admin_per,535,6619
consent_grp[1]/l_teaching_prac_grp[1]/l_per_daily_grp[1]/l_class_per,535,6619
consent_grp[1]/l_teaching_prac_grp[1]/l_per_daily_grp[1]/l_teach_per,535,6619
consent_grp[1]/l_teaching_prac_grp[1]/l_per_daily_grp[1]/l_super_per,535,6619
consent_grp[1]/l_teaching_prac_grp[1]/l_per_daily_grp[1]/l_super_oth_per,535,6619
consent_grp[1]/l_teaching_prac_grp[1]/l_per_daily_grp[1]/l_break_per,535,6619
consent_grp[1]/l_teaching_prac_grp[1]/l_discipline_note,1,7155
consent_grp[1]/l_teaching_prac_grp[1]/l_dont_like,28,7156
consent_grp[1]/l_teaching_prac_grp[1]/l_really_bad,27,7184
consent_grp[1]/l_teaching_prac_grp[1]/l_does_good,25,7210
consent_grp[1]/l_teaching_prac_grp[1]/l_praise,11,7237
consent_grp[1]/q_note,21,7247
consent_grp[1]/q_activ_yn,10,7268
consent_grp[1]/q_rpt[1]/q_activ_r,15,7278
consent_grp[1]/q_rpt[1]/q_activ_org_r,6,7294
consent_grp[1]/q_rpt[1]/q_activ_add_r,6,7299
s_int_accom_yn,5,7305
comments,5,7310
