Field name,Total duration (seconds),First appeared (seconds into survey)
instruction,1,4
a_district_id,2,5
a_circuit_id,4,7
a_kg_id,4,11
a_community_id,6,15
a_enum_id,3,21
consent_note,2,24
con_understand,2,26
con_questions,2,27
con_written,1,29
consent_grp[1]/audio_consent,1,30
consent_grp[1]/d_background_note,1,32
consent_grp[1]/section_d[1]/kgt_key,14,33
consent_grp[1]/section_d[1]/kgt_name_gp[1]/kgt_fsn,80,47
consent_grp[1]/section_d[1]/kgt_name_gp[1]/kgt_msn,68,47
consent_grp[1]/section_d[1]/kgt_name_gp[1]/kgt_lsn,68,47
consent_grp[1]/section_d[1]/kgt_name_gp[1]/kgt_ppn,68,47
consent_grp[1]/section_d[1]/kgt_name_gp[1]/d_sex,68,47
consent_grp[1]/section_d[1]/kgt_confirm_note,3,115
consent_grp[1]/section_d[1]/d_num_cnt,2,117
consent_grp[1]/section_d[1]/d_cnt_grp[1]/d_cnt_main,11,119
consent_grp[1]/section_d[1]/d_age,6,130
consent_grp[1]/section_d[1]/d_teacher_grp[1]/d_been_teacher,14,136
consent_grp[1]/section_d[1]/d_teacher_grp[1]/d_teacher_year,14,136
consent_grp[1]/section_d[1]/d_teacher_grp[1]/d_teacher_month,14,136
consent_grp[1]/section_d[1]/d_been_kinder_grp[1]/d_been_kinder,13,150
consent_grp[1]/section_d[1]/d_been_kinder_grp[1]/d_kinder_year,13,150
consent_grp[1]/section_d[1]/d_been_kinder_grp[1]/d_kinder_month,13,150
consent_grp[1]/section_d[1]/d_work_last,4,160
consent_grp[1]/section_d[1]/d_os_yn,3,166
consent_grp[1]/section_d[1]/d_os_grp[1]/d_os_name,27,169
consent_grp[1]/section_d[1]/d_os_grp[1]/d_os_region,27,169
consent_grp[1]/section_d[1]/d_os_district,3,196
consent_grp[1]/section_d[1]/d_os_comm_sel,15,199
consent_grp[1]/section_d[1]/d_edu_level,16,214
consent_grp[1]/section_d[1]/d_edu_train,14,230
consent_grp[1]/section_d[1]/d_edu_level_train,12,238
consent_grp[1]/section_d[1]/d_edu_level_fath,19,256
consent_grp[1]/section_d[1]/d_edu_level_mom,2,275
consent_grp[1]/section_d[1]/d_marital_status,3,277
consent_grp[1]/section_d[1]/d_ethnic_group,3,280
consent_grp[1]/section_d[1]/d_religion,3,283
consent_grp[1]/section_d[1]/d_la_spk_grp[1]/d_la_spk_note,29,286
consent_grp[1]/section_d[1]/d_la_spk_grp[1]/d_la_spk_eng,29,286
consent_grp[1]/section_d[1]/d_la_spk_grp[1]/d_la_spk_grun,29,286
consent_grp[1]/section_d[1]/d_la_wrt_grp[1]/d_la_wrt_note,11,315
consent_grp[1]/section_d[1]/d_la_wrt_grp[1]/d_la_wrt_eng,11,315
consent_grp[1]/section_d[1]/d_la_wrt_grp[1]/d_la_wrt_grun,11,315
consent_grp[1]/section_d[1]/d_main_language,3,326
consent_grp[1]/section_d[1]/d_loc_lang_kinderg,5,329
consent_grp[1]/e_rel_grp[1]/e_hh_note,1,334
consent_grp[1]/e_rel_grp[1]/e_hh_num,8,335
consent_grp[1]/e_rel_grp[1]/e_hh_grp[1]/e_hh_head,24,344
consent_grp[1]/e_rel_grp[1]/e_hh_grp[1]/e_chil_hh,24,344
consent_grp[1]/e_rel_grp[1]/e_hh_grp[1]/e_adult_hh,24,344
consent_grp[1]/e_rel_grp[1]/e_hh_school,6,367
consent_grp[1]/e_rel_grp[1]/e_read_english,4,373
consent_grp[1]/e_rel_grp[1]/e_rate_health,8,377
consent_grp[1]/e_rel_grp[1]/e_live_note,2,385
consent_grp[1]/e_rel_grp[1]/e_rooms_occu,27,388
consent_grp[1]/e_rel_grp[1]/e_own_status,2,415
consent_grp[1]/e_rel_grp[1]/e_electricity_inhouse,2,417
consent_grp[1]/e_rel_grp[1]/e_floor_material,5,419
consent_grp[1]/e_rel_grp[1]/e_interior_floor,4,424
consent_grp[1]/e_rel_grp[1]/e_roof_mat,5,428
consent_grp[1]/e_rel_grp[1]/e_cook_fuel,5,433
consent_grp[1]/e_rel_grp[1]/e_lighting,3,437
consent_grp[1]/e_rel_grp[1]/e_drink_source,12,440
consent_grp[1]/e_rel_grp[1]/e_toilet_facility,10,452
consent_grp[1]/e_rel_grp[1]/e_asset_note,1,463
consent_grp[1]/e_rel_grp[1]/e_hh_own_phone,6,464
consent_grp[1]/e_rel_grp[1]/e_hh_ass_grp[1]/tmp_e_hh_ass_lab,68,470
consent_grp[1]/e_rel_grp[1]/e_hh_ass_grp[1]/e_hh_ass_radio,68,470
consent_grp[1]/e_rel_grp[1]/e_hh_ass_grp[1]/e_hh_ass_refrig,68,470
consent_grp[1]/e_rel_grp[1]/e_hh_ass_grp[1]/e_hh_ass_bike,68,470
consent_grp[1]/e_rel_grp[1]/e_hh_ass_grp[1]/e_hh_ass_tv,68,470
consent_grp[1]/e_rel_grp[1]/e_hh_ass_grp[1]/e_hh_ass_vcr,68,470
consent_grp[1]/e_rel_grp[1]/e_hh_ass_grp[1]/e_hh_ass_motor,68,470
consent_grp[1]/e_rel_grp[1]/e_hh_ass_grp[1]/e_hh_ass_car,68,470
consent_grp[1]/e_rel_grp[1]/e_hh_ass_grp[1]/e_hh_ass_tractor,68,470
consent_grp[1]/e_rel_grp[1]/e_hh_ass_grp[1]/e_hh_ass_farm_equip,68,470
consent_grp[1]/e_rel_grp[1]/e_hh_ass_grp[1]/e_hh_ass_sew_mach,68,470
consent_grp[1]/e_rel_grp[1]/e_hh_ass_grp[1]/e_hh_ass_bed,68,470
consent_grp[1]/e_rel_grp[1]/e_hh_ass_grp[1]/e_hh_ass_mattress,68,470
consent_grp[1]/e_rel_grp[1]/e_hh_ass_grp[1]/e_hh_ass_table_chair,68,470
consent_grp[1]/e_rel_grp[1]/e_hh_ass_grp[1]/e_hh_ass_stool,68,470
consent_grp[1]/e_rel_grp[1]/e_hh_ass_grp[1]/e_hh_ass_sofa,68,470
consent_grp[1]/e_rel_grp[1]/e_hh_ass_grp[1]/e_hh_ass_fan,68,470
consent_grp[1]/e_rel_grp[1]/e_hh_ass_grp[1]/e_hh_ass_lamp,68,470
consent_grp[1]/e_rel_grp[1]/e_hh_ass_grp[1]/e_hh_ass_watch,68,470
consent_grp[1]/e_rel_grp[1]/e_hh_ass_grp[1]/e_hh_ass_mat,68,470
consent_grp[1]/e_rel_grp[1]/e_hh_ass_grp[1]/e_hh_ass_torch,68,470
consent_grp[1]/e_rel_grp[1]/e_hh_ass_grp[1]/e_hh_ass_cabinet,68,470
consent_grp[1]/e_rel_grp[1]/e_hh_ass_grp[1]/e_hh_ass_pot,68,470
consent_grp[1]/e_rel_grp[1]/e_hh_ass_grp[1]/e_hh_ass_itn,68,470
consent_grp[1]/e_rel_grp[1]/e_hh_ass_grp[1]/e_hh_ass_iron_elec,68,470
consent_grp[1]/e_rel_grp[1]/e_hh_ass_grp[1]/e_hh_ass_iron_coal,68,470
consent_grp[1]/e_rel_grp[1]/e_hh_ass_grp[1]/e_hh_ass_iron_gas,68,470
consent_grp[1]/f_rel_grp[1]/f_comm_note,3,538
consent_grp[1]/f_rel_grp[1]/section_f[1]/f_born_comm,5,540
consent_grp[1]/f_rel_grp[1]/section_f[1]/f_school_loc,7,546
consent_grp[1]/f_rel_grp[1]/section_f[1]/f_lived_bef_teach,10,553
consent_grp[1]/f_rel_grp[1]/section_f[1]/f_lived_grp[1]/f_lived_comm,12,563
consent_grp[1]/f_rel_grp[1]/section_f[1]/f_lived_grp[1]/f_lived_comm_year,12,563
consent_grp[1]/f_rel_grp[1]/section_f[1]/f_lived_grp[1]/f_lived_comm_month,12,563
consent_grp[1]/f_rel_grp[1]/section_f[1]/f_fam_lived,8,575
consent_grp[1]/f_rel_grp[1]/section_f[1]/f_emot_support,21,583
consent_grp[1]/f_rel_grp[1]/section_f[1]/f_emot_support_num,4,602
consent_grp[1]/f_rel_grp[1]/section_f[1]/f_lend_money,22,608
consent_grp[1]/f_rel_grp[1]/section_f[1]/f_borrow_money,8,629
consent_grp[1]/f_rel_grp[1]/section_f[1]/f_rel_live_nearby,10,637
consent_grp[1]/f_rel_grp[1]/section_f[1]/f_part_comm,2,648
consent_grp[1]/f_rel_grp[1]/section_f[1]/f_main_trans,4,649
consent_grp[1]/f_rel_grp[1]/section_f[1]/f_min_get_sch_grp[1]/f_min_get_note,9,653
consent_grp[1]/f_rel_grp[1]/section_f[1]/f_min_get_sch_grp[1]/f_h_get_school,9,653
consent_grp[1]/f_rel_grp[1]/section_f[1]/f_min_get_sch_grp[1]/f_m_get_school,9,653
consent_grp[1]/g_nature_wrk_note,1,662
consent_grp[1]/section_g[1]/g_teach_pos,2,663
consent_grp[1]/section_g[1]/g_teach_school,7,665
consent_grp[1]/section_g[1]/g_kg_grade,7,673
consent_grp[1]/section_g[1]/g_class_grp[1]/g_children_note,8,680
consent_grp[1]/section_g[1]/g_class_grp[1]/g_kg_2,8,680
consent_grp[1]/section_g[1]/g_ah_grp[1]/g_ah_note,38,688
consent_grp[1]/section_g[1]/g_ah_grp[1]/g_ah_working,38,688
consent_grp[1]/section_g[1]/g_ah_grp[1]/g_ah_prepping,38,688
consent_grp[1]/section_g[1]/g_eh_grp[1]/g_eh_note,35,725
consent_grp[1]/section_g[1]/g_eh_grp[1]/g_eh_working,35,725
consent_grp[1]/section_g[1]/g_eh_grp[1]/g_eh_prepping,35,725
consent_grp[1]/section_g[1]/g_teach_salary,7,760
consent_grp[1]/section_g[1]/g_salary_freq,6,767
consent_grp[1]/section_g[1]/g_salary_intime,3,773
consent_grp[1]/section_g[1]/g_money_cmp,2,775
consent_grp[1]/section_g[1]/g_extra_money_spec,9,778
consent_grp[1]/section_g[1]/g_sch_pro_grp[1]/tmp_g_sch_pro_lab,75,787
consent_grp[1]/section_g[1]/g_sch_pro_grp[1]/g_class,75,787
consent_grp[1]/section_g[1]/g_sch_pro_grp[1]/g_class_taught,75,787
consent_grp[1]/section_g[1]/g_sch_pro_grp[1]/g_fin_resource,75,787
consent_grp[1]/section_g[1]/g_sch_pro_grp[1]/g_high_expe,75,787
consent_grp[1]/section_g[1]/g_sch_pro_grp[1]/g_change_curri,75,787
consent_grp[1]/section_g[1]/g_sch_pro_grp[1]/g_diff_curri,75,787
consent_grp[1]/section_g[1]/g_sch_pro_grp[1]/g_easy_curri,75,787
consent_grp[1]/section_g[1]/g_sch_pro_grp[1]/g_par_dem_high,75,787
consent_grp[1]/section_g[1]/g_sch_pro_grp[1]/g_par_suff_interest,75,787
consent_grp[1]/section_g[1]/g_sch_pro_grp[1]/g_par_suff_active,75,787
consent_grp[1]/section_g[1]/g_par_supp_grp[1]/g_par_supp_note,5,861
consent_grp[1]/section_g[1]/g_par_supp_grp[1]/g_home_wrk,29,864
consent_grp[1]/section_g[1]/g_par_supp_grp[1]/g_behave_val,8,895
consent_grp[1]/section_g[1]/g_par_supp_grp[1]/g_get_schl,5,903
consent_grp[1]/section_g[1]/g_par_supp_grp[1]/g_visit_schl,7,908
consent_grp[1]/section_g[1]/g_par_supp_grp[1]/g_show_respect,6,915
consent_grp[1]/section_g[1]/g_par_supp_grp[1]/g_best_schl,6,921
consent_grp[1]/section_g[1]/g_par_supp_grp[1]/g_parti_pta,5,927
consent_grp[1]/section_g[1]/g_par_supp_grp[1]/g_cont_kg_act,8,932
consent_grp[1]/section_g[1]/g_lead_respect,24,940
consent_grp[1]/section_g[1]/g_val_citizen,16,963
consent_grp[1]/section_h[1]/sec_h_depre_note,2,979
consent_grp[1]/section_h[1]/h_depression_grp[1]/h_da_note,73,982
consent_grp[1]/section_h[1]/h_depression_grp[1]/tmp_h_da_lab,73,982
consent_grp[1]/section_h[1]/h_depression_grp[1]/h_headache,73,982
consent_grp[1]/section_h[1]/h_depression_grp[1]/h_appetite,73,982
consent_grp[1]/section_h[1]/h_depression_grp[1]/h_sleep,73,982
consent_grp[1]/section_h[1]/h_depression_grp[1]/h_frightened,73,982
consent_grp[1]/section_h[1]/h_depression_grp[1]/h_hands_shake,73,982
consent_grp[1]/section_h[1]/h_depression_grp[1]/h_nervous,73,982
consent_grp[1]/section_h[1]/h_depression_grp[1]/h_digestion,73,982
consent_grp[1]/section_h[1]/h_depression_grp[1]/h_thinking,73,982
consent_grp[1]/section_h[1]/h_depression_grp[1]/h_unhappy,73,982
consent_grp[1]/section_h[1]/h_depression_grp[1]/h_cry,73,982
consent_grp[1]/section_h[1]/h_depression_grp[1]/h_activities,73,982
consent_grp[1]/section_h[1]/h_depression_grp[1]/h_decisions,73,982
consent_grp[1]/section_h[1]/h_depression_grp[1]/h_daily_work,73,982
consent_grp[1]/section_h[1]/h_depression_grp[1]/h_life,73,982
consent_grp[1]/section_h[1]/h_depression_grp[1]/h_interest,73,982
consent_grp[1]/section_h[1]/h_depression_grp[1]/h_worthless,73,982
consent_grp[1]/section_h[1]/h_depression_grp[1]/h_end_life,73,982
consent_grp[1]/section_h[1]/h_depression_grp[1]/h_tired,73,982
consent_grp[1]/section_h[1]/h_depression_grp[1]/h_uncomfortable,73,982
consent_grp[1]/section_h[1]/h_depression_grp[1]/h_easily_tired,73,982
consent_grp[1]/section_h[1]/sec_h_ext_contr_note,5,1055
consent_grp[1]/section_h[1]/h_ext_control_grp[1]/h_ext_cont_note,3,1060
consent_grp[1]/section_h[1]/h_ext_control_grp[1]/h_pup_learn,21,1063
consent_grp[1]/section_h[1]/h_ext_control_grp[1]/h_discipline,9,1083
consent_grp[1]/section_h[1]/h_ext_control_grp[1]/h_stu_achieve,7,1092
consent_grp[1]/section_h[1]/h_ext_control_grp[1]/h_teach_motiv,9,1099
consent_grp[1]/section_h[1]/h_ext_control_grp[1]/h_good_teach,9,1108
consent_grp[1]/section_h[1]/sec_h_motiv_note,1,1117
consent_grp[1]/section_h[1]/h_motiv_grp[1]/h_motiv_note,2,1118
consent_grp[1]/section_h[1]/h_motiv_grp[1]/h_motiv_help,5,1120
consent_grp[1]/section_h[1]/h_motiv_grp[1]/h_quest_school,7,1125
consent_grp[1]/section_h[1]/h_motiv_grp[1]/h_help_child,6,1132
consent_grp[1]/section_h[1]/h_motiv_grp[1]/h_sch_goal,11,1138
consent_grp[1]/section_h[1]/h_motiv_grp[1]/h_help_emot,10,1149
consent_grp[1]/section_h[1]/h_motiv_grp[1]/h_enjoy_teach,5,1158
consent_grp[1]/section_h[1]/h_motiv_grp[1]/h_develop_society,7,1164
consent_grp[1]/section_h[1]/h_motiv_grp[1]/h_develop_socially,7,1171
consent_grp[1]/section_h[1]/h_motiv_grp[1]/h_perso_clear,4,1179
consent_grp[1]/section_h[1]/h_impor_thing,38,1183
consent_grp[1]/section_h[1]/h_job_satisfaction_grp[1]/h_job_satis_note,12,1221
consent_grp[1]/section_h[1]/h_job_satisfaction_grp[1]/h_look_out,8,1233
consent_grp[1]/section_h[1]/h_job_satisfaction_grp[1]/h_perso_worries,14,1241
consent_grp[1]/section_h[1]/h_job_satisfaction_grp[1]/h_know_col,16,1247
consent_grp[1]/section_h[1]/h_job_satisfaction_grp[1]/h_col_coop,10,1271
consent_grp[1]/section_h[1]/h_job_satisfaction_grp[1]/h_trust_col,12,1280
consent_grp[1]/section_h[1]/h_job_satisfaction_grp[1]/h_enjoy_col,5,1292
consent_grp[1]/section_h[1]/h_job_satisfaction_grp[1]/h_sup_respect,5,1297
consent_grp[1]/section_h[1]/h_job_satisfaction_grp[1]/h_sup_busy,4,1302
consent_grp[1]/section_h[1]/h_job_satisfaction_grp[1]/h_sup_opinion,9,1306
consent_grp[1]/section_h[1]/h_job_satisfaction_grp[1]/h_count_sup,8,1315
consent_grp[1]/section_h[1]/h_job_satisfaction_grp[1]/h_motivated,7,1323
consent_grp[1]/section_h[1]/h_job_satisfaction_grp[1]/h_sup_unpredict,5,1330
consent_grp[1]/section_h[1]/h_job_satisfaction_grp[1]/h_wrk_challenge,10,1334
consent_grp[1]/section_h[1]/h_job_satisfaction_grp[1]/h_wrk_monotonous,7,1345
consent_grp[1]/section_h[1]/h_job_satisfaction_grp[1]/h_wrk_creative,4,1352
consent_grp[1]/section_h[1]/h_job_satisfaction_grp[1]/h_big_impact,4,1356
consent_grp[1]/section_h[1]/h_job_satisfaction_grp[1]/h_little_time,20,1360
consent_grp[1]/section_h[1]/h_job_satisfaction_grp[1]/h_control_satis,17,1380
consent_grp[1]/section_h[1]/h_job_satisfaction_grp[1]/h_look,5,1397
consent_grp[1]/section_h[1]/h_job_satisfaction_grp[1]/h_small_space,11,1403
consent_grp[1]/section_h[1]/h_job_satisfaction_grp[1]/h_new_mat,5,1414
consent_grp[1]/section_h[1]/h_job_satisfaction_grp[1]/h_clean_kinder,6,1418
consent_grp[1]/section_h[1]/h_job_satisfaction_grp[1]/h_loud_kinder,10,1424
consent_grp[1]/section_h[1]/h_job_satisfaction_grp[1]/h_kinder_rules,8,1434
consent_grp[1]/section_h[1]/h_job_satisfaction_grp[1]/h_satisfied_paid,7,1442
consent_grp[1]/section_h[1]/h_burnout_grp[1]/h_burnout_note,1,1449
consent_grp[1]/section_h[1]/h_burnout_grp[1]/h_emotion_drained,23,1450
consent_grp[1]/section_h[1]/h_burnout_grp[1]/h_used_up,14,1474
consent_grp[1]/section_h[1]/h_burnout_grp[1]/h_fatigued,13,1488
consent_grp[1]/section_h[1]/h_burnout_grp[1]/h_child_feel,7,1501
consent_grp[1]/section_h[1]/h_burnout_grp[1]/h_child_impersonal,8,1508
consent_grp[1]/section_h[1]/h_burnout_grp[1]/h_ppl_strain,9,1516
consent_grp[1]/section_h[1]/h_burnout_grp[1]/h_deal_effect,10,1526
consent_grp[1]/section_h[1]/h_burnout_grp[1]/h_burnout,5,1535
consent_grp[1]/section_h[1]/h_burnout_grp[1]/h_pos_influence,8,1540
consent_grp[1]/section_h[1]/h_burnout_grp[1]/h_cold,14,1548
consent_grp[1]/section_h[1]/h_burnout_grp[1]/h_hard,5,1562
consent_grp[1]/section_h[1]/h_burnout_grp[1]/h_energetic,9,1568
consent_grp[1]/section_h[1]/h_burnout_grp[1]/h_frustrated,4,1576
consent_grp[1]/section_h[1]/h_burnout_grp[1]/h_work_hard,4,1580
consent_grp[1]/section_h[1]/h_burnout_grp[1]/h_dont_care,4,1585
consent_grp[1]/section_h[1]/h_burnout_grp[1]/h_put_pressure,5,1588
consent_grp[1]/section_h[1]/h_burnout_grp[1]/h_relax,11,1593
consent_grp[1]/section_h[1]/h_burnout_grp[1]/h_excited,5,1604
consent_grp[1]/section_h[1]/h_burnout_grp[1]/h_accomplished,7,1609
consent_grp[1]/section_h[1]/h_burnout_grp[1]/h_end_of_rop,8,1616
consent_grp[1]/section_h[1]/h_burnout_grp[1]/h_emot_pro_calm,10,1624
consent_grp[1]/i_teacher_knowledge_grp[1]/I_teach_know_note,2,1635
consent_grp[1]/i_teacher_knowledge_grp[1]/i_consonance,169,1636
consent_grp[1]/i_teacher_knowledge_grp[1]/i_vowel,12,1805
consent_grp[1]/i_teacher_knowledge_grp[1]/i_unbelievable,21,1817
consent_grp[1]/i_teacher_knowledge_grp[1]/i_irregular,25,1838
consent_grp[1]/i_teacher_knowledge_grp[1]/i_cat,8,1864
consent_grp[1]/i_teacher_knowledge_grp[1]/i_cough,9,1871
consent_grp[1]/i_teacher_knowledge_grp[1]/i_check,10,1880
consent_grp[1]/i_teacher_knowledge_grp[1]/i_english,13,1891
consent_grp[1]/j_perception_grp[1]/j_perception_note,1,1903
consent_grp[1]/j_perception_grp[1]/j_dev_practice_grp[1]/j_dev_practice_note,5,1905
consent_grp[1]/j_perception_grp[1]/j_dev_practice_grp[1]/j_child_need,15,1910
consent_grp[1]/j_perception_grp[1]/j_dev_practice_grp[1]/j_recog_letter,8,1925
consent_grp[1]/j_perception_grp[1]/j_dev_practice_grp[1]/j_recog_number,2,1933
consent_grp[1]/j_perception_grp[1]/j_dev_practice_grp[1]/j_recog_colour,3,1935
consent_grp[1]/j_perception_grp[1]/j_dev_practice_grp[1]/j_indiv_goal,2,1938
consent_grp[1]/j_perception_grp[1]/j_dev_practice_grp[1]/j_play_materials,4,1940
consent_grp[1]/j_perception_grp[1]/j_dev_practice_grp[1]/j_child_measure,8,1943
consent_grp[1]/j_perception_grp[1]/j_supp_chil_grp[1]/j_supp_chil_note,2,1951
consent_grp[1]/j_perception_grp[1]/j_supp_chil_grp[1]/j_build_relation,7,1953
consent_grp[1]/j_perception_grp[1]/j_supp_chil_grp[1]/j_control_behaviour,4,1959
consent_grp[1]/j_perception_grp[1]/j_supp_chil_grp[1]/j_express_thought,4,1964
consent_grp[1]/j_perception_grp[1]/j_supp_chil_grp[1]/j_resolve_conflicts,3,1968
consent_grp[1]/j_perception_grp[1]/j_supp_chil_grp[1]/j_guidance_style,3,1970
consent_grp[1]/j_perception_grp[1]/j_fam_sensitive_grp[1]/j_fam_sensitive_note,22,1973
consent_grp[1]/j_perception_grp[1]/j_fam_sensitive_grp[1]/j_parent_goal,22,1973
consent_grp[1]/j_perception_grp[1]/j_fam_sensitive_grp[1]/j_work_schedule,22,1973
consent_grp[1]/j_perception_grp[1]/j_fam_sensitive_grp[1]/j_fam_decision,22,1973
consent_grp[1]/j_perception_grp[1]/j_fam_sensitive_grp[1]/j_family_care,22,1973
consent_grp[1]/j_perception_grp[1]/j_fam_sensitive_grp[1]/j_connect_family,22,1973
consent_grp[1]/k_grp[1]/k_instro_note,1,1995
consent_grp[1]/k_grp[1]/k_ts_grp[1]/tmp_k_labels,57,1997
consent_grp[1]/k_grp[1]/k_ts_grp[1]/k_take_priviledges,57,1997
consent_grp[1]/k_grp[1]/k_ts_grp[1]/k_explain_behavior,57,1997
consent_grp[1]/k_grp[1]/k_ts_grp[1]/k_shook,57,1997
consent_grp[1]/k_grp[1]/k_ts_grp[1]/k_shouted,57,1997
consent_grp[1]/k_grp[1]/k_ts_grp[1]/k_gave_something,57,1997
consent_grp[1]/k_grp[1]/k_ts_grp[1]/k_spanked,57,1997
consent_grp[1]/k_grp[1]/k_ts_grp[1]/k_hit_bottom,57,1997
consent_grp[1]/k_grp[1]/k_ts_grp[1]/k_call_dumb,57,1997
consent_grp[1]/k_grp[1]/k_ts_grp[1]/k_hit_face,57,1997
consent_grp[1]/k_grp[1]/k_ts_grp[1]/k_praised,57,1997
consent_grp[1]/k_grp[1]/k_ts_grp[1]/k_affection,57,1997
consent_grp[1]/k_grp[1]/k_ts_grp[1]/k_rewarded,57,1997
consent_grp[1]/l_teaching_prac_grp[1]/l_note,2,2054
consent_grp[1]/l_teaching_prac_grp[1]/l_previos_kinder_act[1]/tmp_l_prac_lab,53,2056
consent_grp[1]/l_teaching_prac_grp[1]/l_previos_kinder_act[1]/l_hygiene_routine,53,2056
consent_grp[1]/l_teaching_prac_grp[1]/l_previos_kinder_act[1]/l_supply,53,2056
consent_grp[1]/l_teaching_prac_grp[1]/l_previos_kinder_act[1]/l_pamper,53,2056
consent_grp[1]/l_teaching_prac_grp[1]/l_previos_kinder_act[1]/l_read,53,2056
consent_grp[1]/l_teaching_prac_grp[1]/l_previos_kinder_act[1]/l_tell,53,2056
consent_grp[1]/l_teaching_prac_grp[1]/l_previos_kinder_act[1]/l_conversatin,53,2056
consent_grp[1]/l_teaching_prac_grp[1]/l_previos_kinder_act[1]/l_sing,53,2056
consent_grp[1]/l_teaching_prac_grp[1]/l_previos_kinder_act[1]/l_dance,53,2056
consent_grp[1]/l_teaching_prac_grp[1]/l_previos_kinder_act[1]/l_visit,53,2056
consent_grp[1]/l_teaching_prac_grp[1]/l_previos_kinder_act[1]/l_play_kg,53,2056
consent_grp[1]/l_teaching_prac_grp[1]/l_previos_kinder_act[1]/l_play_recrea,53,2056
consent_grp[1]/l_teaching_prac_grp[1]/l_previos_kinder_act[1]/l_sleep,53,2056
consent_grp[1]/l_teaching_prac_grp[1]/l_previos_kinder_act[1]/l_run,53,2056
consent_grp[1]/l_teaching_prac_grp[1]/l_previos_kinder_act[1]/l_group_learn,53,2056
consent_grp[1]/l_teaching_prac_grp[1]/l_previos_kinder_act[1]/l_indiv_learn,53,2056
consent_grp[1]/l_teaching_prac_grp[1]/l_class_acti_grp[1]/l_act_grp[1]/tmp_l_class_lab,29,2108
consent_grp[1]/l_teaching_prac_grp[1]/l_class_acti_grp[1]/l_act_grp[1]/l_teach_colour,29,2108
consent_grp[1]/l_teaching_prac_grp[1]/l_class_acti_grp[1]/l_act_grp[1]/l_teach_number,29,2108
consent_grp[1]/l_teaching_prac_grp[1]/l_class_acti_grp[1]/l_act_grp[1]/l_teach_letter,29,2108
consent_grp[1]/l_teaching_prac_grp[1]/l_class_acti_grp[1]/l_act_grp[1]/l_teach_form,29,2108
consent_grp[1]/l_teaching_prac_grp[1]/l_class_acti_grp[1]/l_act_grp[1]/l_socialise,29,2108
consent_grp[1]/l_teaching_prac_grp[1]/l_class_acti_grp[1]/l_act_grp[1]/l_pro_solve,29,2108
consent_grp[1]/l_teaching_prac_grp[1]/l_class_acti_grp[1]/l_act_grp[1]/l_writing,29,2108
consent_grp[1]/l_teaching_prac_grp[1]/l_class_acti_grp[1]/l_act_grp[1]/l_teach_body,29,2108
consent_grp[1]/l_teaching_prac_grp[1]/l_class_acti_grp[1]/l_act_grp[1]/l_pers_hygiene,29,2108
consent_grp[1]/l_teaching_prac_grp[1]/l_class_acti_grp[1]/l_act_grp[1]/l_art_expre,29,2108
consent_grp[1]/l_teaching_prac_grp[1]/l_class_acti_grp[1]/l_act_grp[1]/l_body_lang,29,2108
consent_grp[1]/l_teaching_prac_grp[1]/l_class_acti_grp[1]/l_act_grp[1]/l_concentration,29,2108
consent_grp[1]/l_teaching_prac_grp[1]/l_class_acti_grp[1]/l_act_grp[1]/l_gross_motor,29,2108
consent_grp[1]/l_teaching_prac_grp[1]/l_class_acti_grp[1]/l_act_grp[1]/l_fine_motor,29,2108
consent_grp[1]/l_teaching_prac_grp[1]/l_class_acti_grp[1]/l_act_grp[1]/l_gender,29,2108
consent_grp[1]/l_teaching_prac_grp[1]/l_class_acti_grp[1]/l_act_grp[1]/l_responsibility,29,2108
consent_grp[1]/l_teaching_prac_grp[1]/l_class_acti_grp[1]/l_act_grp[1]/l_speech,29,2108
consent_grp[1]/l_teaching_prac_grp[1]/l_class_acti_grp[1]/l_act_grp[1]/l_explore_comm,29,2108
consent_grp[1]/l_teaching_prac_grp[1]/l_class_acti_grp[1]/l_act_grp[1]/l_explore_culture,29,2108
consent_grp[1]/l_teaching_prac_grp[1]/l_parent_interact_note,1,2138
consent_grp[1]/l_teaching_prac_grp[1]/l_actively_engaged,31,2139
consent_grp[1]/l_teaching_prac_grp[1]/l_proportion_child,13,2170
consent_grp[1]/l_teaching_prac_grp[1]/l_proportion_child_more,6,2183
consent_grp[1]/l_teaching_prac_grp[1]/l_visit_pupil_house,20,2188
consent_grp[1]/l_teaching_prac_grp[1]/l_visit_parent_house,4,2208
consent_grp[1]/l_teaching_prac_grp[1]/l_receive_parent_supp,23,2212
consent_grp[1]/l_teaching_prac_grp[1]/l_day_teaching_note,5,2235
consent_grp[1]/l_teaching_prac_grp[1]/l_day_grp[1]/tmp_l_labs,93,2236
consent_grp[1]/l_teaching_prac_grp[1]/l_day_grp[1]/l_daily_schedule,93,2236
consent_grp[1]/l_teaching_prac_grp[1]/l_day_grp[1]/l_play_period,93,2236
consent_grp[1]/l_teaching_prac_grp[1]/l_day_grp[1]/l_free_play,93,2236
consent_grp[1]/l_teaching_prac_grp[1]/l_day_grp[1]/l_activities,93,2236
consent_grp[1]/l_teaching_prac_grp[1]/l_per_daily_grp[1]/l_perc_note,58,2269
consent_grp[1]/l_teaching_prac_grp[1]/l_per_daily_grp[1]/l_admin_per,58,2269
consent_grp[1]/l_teaching_prac_grp[1]/l_per_daily_grp[1]/l_class_per,58,2269
consent_grp[1]/l_teaching_prac_grp[1]/l_per_daily_grp[1]/l_teach_per,58,2269
consent_grp[1]/l_teaching_prac_grp[1]/l_per_daily_grp[1]/l_super_per,58,2269
consent_grp[1]/l_teaching_prac_grp[1]/l_per_daily_grp[1]/l_super_oth_per,58,2269
consent_grp[1]/l_teaching_prac_grp[1]/l_per_daily_grp[1]/l_break_per,58,2269
consent_grp[1]/l_teaching_prac_grp[1]/tmp_force_note,2,2386
consent_grp[1]/l_teaching_prac_grp[1]/l_discipline_note,1,2393
consent_grp[1]/l_teaching_prac_grp[1]/l_dont_like,49,2394
consent_grp[1]/l_teaching_prac_grp[1]/l_really_bad,23,2434
consent_grp[1]/l_teaching_prac_grp[1]/l_does_good,2,2466
consent_grp[1]/l_teaching_prac_grp[1]/l_praise,2,2467
consent_grp[1]/q_note,2,2470
consent_grp[1]/q_activ_yn,12,2472
s_int_accom_yn,2,2484
s_int_accom,4,2486
comments,6,2490
