Field name,Total duration (seconds),First appeared (seconds into survey)
instruction,1,5
a_district_id,6,6
a_circuit_id,18,10
a_kg_id,18,21
a_community_id,7,48
a_enum_id,8,53
consent_note,1,62
con_understand,3,64
con_questions,2,66
con_written,2,68
consent_grp[1]/audio_consent,32,70
consent_grp[1]/d_background_note,1,102
consent_grp[1]/section_d[1]/kgt_key,7,104
consent_grp[1]/section_d[1]/kgt_confirm_note,16,111
consent_grp[1]/section_d[1]/d_num_cnt,12,127
consent_grp[1]/section_d[1]/d_cnt_grp[1]/d_cnt_main,32,139
consent_grp[1]/section_d[1]/d_cnt_grp[1]/d_cnt_sec,32,139
consent_grp[1]/section_d[1]/d_work_last,9,172
consent_grp[1]/section_d[1]/d_edu_level,16,181
consent_grp[1]/section_d[1]/d_edu_train,26,197
consent_grp[1]/section_d[1]/d_edu_level_train,14,223
consent_grp[1]/section_d[1]/d_marital_status,7,237
consent_grp[1]/section_d[1]/d_religion,5,244
consent_grp[1]/section_d[1]/d_la_spk_grp[1]/d_la_spk_note,48,249
consent_grp[1]/section_d[1]/d_la_spk_grp[1]/d_la_spk_eng,48,249
consent_grp[1]/section_d[1]/d_la_spk_grp[1]/d_la_spk_grun,48,249
consent_grp[1]/section_d[1]/d_la_wrt_grp[1]/d_la_wrt_note,20,297
consent_grp[1]/section_d[1]/d_la_wrt_grp[1]/d_la_wrt_eng,20,297
consent_grp[1]/section_d[1]/d_la_wrt_grp[1]/d_la_wrt_grun,20,297
consent_grp[1]/section_d[1]/d_main_language,28,317
consent_grp[1]/section_d[1]/d_loc_lang_kinderg,22,346
consent_grp[1]/f_moved_yn,80,368
consent_grp[1]/g_nature_wrk_note,4,448
consent_grp[1]/section_g[1]/g_teach_pos,9,452
consent_grp[1]/section_g[1]/g_teach_school,6,461
consent_grp[1]/section_g[1]/g_kg_grade,7,467
consent_grp[1]/section_g[1]/g_class_grp[1]/g_children_note,33,474
consent_grp[1]/section_g[1]/g_class_grp[1]/g_kg_2,33,474
consent_grp[1]/section_g[1]/g_ah_grp[1]/g_ah_note,58,507
consent_grp[1]/section_g[1]/g_ah_grp[1]/g_ah_working,58,507
consent_grp[1]/section_g[1]/g_ah_grp[1]/g_ah_prepping,58,507
consent_grp[1]/section_g[1]/g_eh_grp[1]/g_eh_note,53,565
consent_grp[1]/section_g[1]/g_eh_grp[1]/g_eh_working,53,565
consent_grp[1]/section_g[1]/g_eh_grp[1]/g_eh_prepping,53,565
consent_grp[1]/section_g[1]/g_teach_salary,29,618
consent_grp[1]/section_g[1]/g_salary_freq,13,647
consent_grp[1]/section_g[1]/g_salary_intime,14,659
consent_grp[1]/section_g[1]/g_money_cmp,24,673
consent_grp[1]/section_g[1]/g_money_cmp_hrs,5,686
consent_grp[1]/section_g[1]/g_job_outside,59,695
consent_grp[1]/section_g[1]/g_job_outside_income,57,761
consent_grp[1]/section_g[1]/g_earn_grp[1]/g_earn_amt,25,818
consent_grp[1]/section_g[1]/g_earn_grp[1]/g_earn_freq,25,818
consent_grp[1]/section_g[1]/g_extra_money_spec,19,844
consent_grp[1]/section_g[1]/g_sch_pro_grp[1]/tmp_g_sch_pro_lab,122,863
consent_grp[1]/section_g[1]/g_sch_pro_grp[1]/g_class,122,863
consent_grp[1]/section_g[1]/g_sch_pro_grp[1]/g_class_taught,122,863
consent_grp[1]/section_g[1]/g_sch_pro_grp[1]/g_fin_resource,122,863
consent_grp[1]/section_g[1]/g_sch_pro_grp[1]/g_high_expe,122,863
consent_grp[1]/section_g[1]/g_sch_pro_grp[1]/g_change_curri,122,863
consent_grp[1]/section_g[1]/g_sch_pro_grp[1]/g_diff_curri,122,863
consent_grp[1]/section_g[1]/g_sch_pro_grp[1]/g_easy_curri,122,863
consent_grp[1]/section_g[1]/g_sch_pro_grp[1]/g_par_dem_high,122,863
consent_grp[1]/section_g[1]/g_sch_pro_grp[1]/g_par_suff_interest,122,863
consent_grp[1]/section_g[1]/g_sch_pro_grp[1]/g_par_suff_active,122,863
consent_grp[1]/section_g[1]/g_par_supp_grp[1]/g_par_supp_note,10,985
consent_grp[1]/section_g[1]/g_par_supp_grp[1]/g_home_wrk,15,995
consent_grp[1]/section_g[1]/g_par_supp_grp[1]/g_behave_val,18,1010
consent_grp[1]/section_g[1]/g_par_supp_grp[1]/g_get_schl,9,1029
consent_grp[1]/section_g[1]/g_par_supp_grp[1]/g_visit_schl,10,1037
consent_grp[1]/section_g[1]/g_par_supp_grp[1]/g_show_respect,11,1047
consent_grp[1]/section_g[1]/g_par_supp_grp[1]/g_best_schl,23,1058
consent_grp[1]/section_g[1]/g_par_supp_grp[1]/g_parti_pta,7,1081
consent_grp[1]/section_g[1]/g_par_supp_grp[1]/g_cont_kg_act,9,1088
consent_grp[1]/section_g[1]/g_lead_respect,15,1097
consent_grp[1]/section_g[1]/g_val_citizen,13,1112
consent_grp[1]/section_h[1]/sec_h_depre_note,34,1125
consent_grp[1]/section_h[1]/h_depression_grp[1]/h_da_note,149,1159
consent_grp[1]/section_h[1]/h_depression_grp[1]/tmp_h_da_lab,149,1159
consent_grp[1]/section_h[1]/h_depression_grp[1]/h_headache,149,1159
consent_grp[1]/section_h[1]/h_depression_grp[1]/h_appetite,149,1159
consent_grp[1]/section_h[1]/h_depression_grp[1]/h_sleep,149,1159
consent_grp[1]/section_h[1]/h_depression_grp[1]/h_frightened,149,1159
consent_grp[1]/section_h[1]/h_depression_grp[1]/h_hands_shake,149,1159
consent_grp[1]/section_h[1]/h_depression_grp[1]/h_nervous,149,1159
consent_grp[1]/section_h[1]/h_depression_grp[1]/h_digestion,149,1159
consent_grp[1]/section_h[1]/h_depression_grp[1]/h_thinking,149,1159
consent_grp[1]/section_h[1]/h_depression_grp[1]/h_unhappy,149,1159
consent_grp[1]/section_h[1]/h_depression_grp[1]/h_cry,149,1159
consent_grp[1]/section_h[1]/h_depression_grp[1]/h_activities,149,1159
consent_grp[1]/section_h[1]/h_depression_grp[1]/h_decisions,149,1159
consent_grp[1]/section_h[1]/h_depression_grp[1]/h_daily_work,149,1159
consent_grp[1]/section_h[1]/h_depression_grp[1]/h_life,149,1159
consent_grp[1]/section_h[1]/h_depression_grp[1]/h_interest,149,1159
consent_grp[1]/section_h[1]/h_depression_grp[1]/h_worthless,149,1159
consent_grp[1]/section_h[1]/h_depression_grp[1]/h_end_life,149,1159
consent_grp[1]/section_h[1]/h_depression_grp[1]/h_tired,149,1159
consent_grp[1]/section_h[1]/h_depression_grp[1]/h_uncomfortable,149,1159
consent_grp[1]/section_h[1]/h_depression_grp[1]/h_easily_tired,149,1159
consent_grp[1]/section_h[1]/sec_h_ext_contr_note,10,1308
consent_grp[1]/section_h[1]/h_ext_control_grp[1]/h_ext_cont_note,4,1311
consent_grp[1]/section_h[1]/h_ext_control_grp[1]/h_pup_learn,106,1313
consent_grp[1]/section_h[1]/h_ext_control_grp[1]/h_discipline,18,1428
consent_grp[1]/section_h[1]/h_ext_control_grp[1]/h_stu_achieve,12,1446
consent_grp[1]/section_h[1]/h_ext_control_grp[1]/h_teach_motiv,26,1457
consent_grp[1]/section_h[1]/h_ext_control_grp[1]/h_good_teach,39,1484
consent_grp[1]/section_h[1]/sec_h_motiv_note,2,1522
consent_grp[1]/section_h[1]/h_motiv_grp[1]/h_motiv_note,1,1524
consent_grp[1]/section_h[1]/h_motiv_grp[1]/h_motiv_help,8,1525
consent_grp[1]/section_h[1]/h_motiv_grp[1]/h_quest_school,15,1534
consent_grp[1]/section_h[1]/h_motiv_grp[1]/h_help_child,5,1549
consent_grp[1]/section_h[1]/h_motiv_grp[1]/h_sch_goal,10,1555
consent_grp[1]/section_h[1]/h_motiv_grp[1]/h_help_emot,10,1564
consent_grp[1]/section_h[1]/h_motiv_grp[1]/h_enjoy_teach,7,1574
consent_grp[1]/section_h[1]/h_motiv_grp[1]/h_develop_society,8,1582
consent_grp[1]/section_h[1]/h_motiv_grp[1]/h_develop_socially,6,1589
consent_grp[1]/section_h[1]/h_motiv_grp[1]/h_perso_clear,9,1595
consent_grp[1]/section_h[1]/h_impor_thing,37,1604
consent_grp[1]/section_h[1]/h_job_satisfaction_grp[1]/h_job_satis_note,12,1641
consent_grp[1]/section_h[1]/h_job_satisfaction_grp[1]/h_look_out,47,1654
consent_grp[1]/section_h[1]/h_job_satisfaction_grp[1]/h_perso_worries,8,1700
consent_grp[1]/section_h[1]/h_job_satisfaction_grp[1]/h_know_col,8,1708
consent_grp[1]/section_h[1]/h_job_satisfaction_grp[1]/h_col_coop,7,1717
consent_grp[1]/section_h[1]/h_job_satisfaction_grp[1]/h_trust_col,8,1723
consent_grp[1]/section_h[1]/h_job_satisfaction_grp[1]/h_enjoy_col,5,1731
consent_grp[1]/section_h[1]/h_job_satisfaction_grp[1]/h_sup_respect,5,1736
consent_grp[1]/section_h[1]/h_job_satisfaction_grp[1]/h_sup_busy,9,1741
consent_grp[1]/section_h[1]/h_job_satisfaction_grp[1]/h_sup_opinion,9,1750
consent_grp[1]/section_h[1]/h_job_satisfaction_grp[1]/h_count_sup,18,1759
consent_grp[1]/section_h[1]/h_job_satisfaction_grp[1]/h_motivated,6,1777
consent_grp[1]/section_h[1]/h_job_satisfaction_grp[1]/h_sup_unpredict,53,1783
consent_grp[1]/section_h[1]/h_job_satisfaction_grp[1]/h_wrk_challenge,23,1835
consent_grp[1]/section_h[1]/h_job_satisfaction_grp[1]/h_wrk_monotonous,15,1858
consent_grp[1]/section_h[1]/h_job_satisfaction_grp[1]/h_wrk_creative,7,1873
consent_grp[1]/section_h[1]/h_job_satisfaction_grp[1]/h_big_impact,7,1881
consent_grp[1]/section_h[1]/h_job_satisfaction_grp[1]/h_little_time,10,1887
consent_grp[1]/section_h[1]/h_job_satisfaction_grp[1]/h_control_satis,18,1898
consent_grp[1]/section_h[1]/h_job_satisfaction_grp[1]/h_look,13,1916
consent_grp[1]/section_h[1]/h_job_satisfaction_grp[1]/h_small_space,13,1929
consent_grp[1]/section_h[1]/h_job_satisfaction_grp[1]/h_new_mat,8,1943
consent_grp[1]/section_h[1]/h_job_satisfaction_grp[1]/h_clean_kinder,21,1950
consent_grp[1]/section_h[1]/h_job_satisfaction_grp[1]/h_loud_kinder,42,1971
consent_grp[1]/section_h[1]/h_job_satisfaction_grp[1]/h_kinder_rules,8,2013
consent_grp[1]/section_h[1]/h_job_satisfaction_grp[1]/h_satisfied_paid,9,2021
consent_grp[1]/section_h[1]/h_burnout_grp[1]/h_burnout_note,9,2031
consent_grp[1]/section_h[1]/h_burnout_grp[1]/h_emotion_drained,31,2040
consent_grp[1]/section_h[1]/h_burnout_grp[1]/h_used_up,8,2071
consent_grp[1]/section_h[1]/h_burnout_grp[1]/h_fatigued,10,2079
consent_grp[1]/section_h[1]/h_burnout_grp[1]/h_child_feel,8,2090
consent_grp[1]/section_h[1]/h_burnout_grp[1]/h_child_impersonal,34,2098
consent_grp[1]/section_h[1]/h_burnout_grp[1]/h_ppl_strain,11,2132
consent_grp[1]/section_h[1]/h_burnout_grp[1]/h_deal_effect,16,2143
consent_grp[1]/section_h[1]/h_burnout_grp[1]/h_burnout,10,2160
consent_grp[1]/section_h[1]/h_burnout_grp[1]/h_pos_influence,8,2170
consent_grp[1]/section_h[1]/h_burnout_grp[1]/h_cold,82,2178
consent_grp[1]/section_h[1]/h_burnout_grp[1]/h_hard,15,2260
consent_grp[1]/section_h[1]/h_burnout_grp[1]/h_energetic,6,2275
consent_grp[1]/section_h[1]/h_burnout_grp[1]/h_frustrated,6,2281
consent_grp[1]/section_h[1]/h_burnout_grp[1]/h_work_hard,7,2287
consent_grp[1]/section_h[1]/h_burnout_grp[1]/h_dont_care,6,2294
consent_grp[1]/section_h[1]/h_burnout_grp[1]/h_put_pressure,16,2300
consent_grp[1]/section_h[1]/h_burnout_grp[1]/h_relax,9,2316
consent_grp[1]/section_h[1]/h_burnout_grp[1]/h_excited,6,2324
consent_grp[1]/section_h[1]/h_burnout_grp[1]/h_accomplished,20,2331
consent_grp[1]/section_h[1]/h_burnout_grp[1]/h_end_of_rop,33,2350
consent_grp[1]/section_h[1]/h_burnout_grp[1]/h_emot_pro_calm,15,2384
consent_grp[1]/i_teacher_knowledge_grp[1]/I_teach_know_note,58,2398
consent_grp[1]/i_teacher_knowledge_grp[1]/i_consonance,46,2456
consent_grp[1]/i_teacher_knowledge_grp[1]/i_vowel,7,2503
consent_grp[1]/i_teacher_knowledge_grp[1]/i_unbelievable,26,2510
consent_grp[1]/i_teacher_knowledge_grp[1]/i_irregular,16,2529
consent_grp[1]/i_teacher_knowledge_grp[1]/i_cat,40,2552
consent_grp[1]/i_teacher_knowledge_grp[1]/i_cough,28,2592
consent_grp[1]/i_teacher_knowledge_grp[1]/i_check,23,2620
consent_grp[1]/i_teacher_knowledge_grp[1]/i_english,29,2643
consent_grp[1]/j_perception_grp[1]/j_perception_note,46,2672
consent_grp[1]/j_perception_grp[1]/j_dev_practice_grp[1]/j_dev_practice_note,7,2718
consent_grp[1]/j_perception_grp[1]/j_dev_practice_grp[1]/j_child_need,26,2725
consent_grp[1]/j_perception_grp[1]/j_dev_practice_grp[1]/j_recog_letter,13,2751
consent_grp[1]/j_perception_grp[1]/j_dev_practice_grp[1]/j_recog_number,7,2764
consent_grp[1]/j_perception_grp[1]/j_dev_practice_grp[1]/j_recog_colour,6,2770
consent_grp[1]/j_perception_grp[1]/j_dev_practice_grp[1]/j_indiv_goal,17,2777
consent_grp[1]/j_perception_grp[1]/j_dev_practice_grp[1]/j_play_materials,7,2793
consent_grp[1]/j_perception_grp[1]/j_dev_practice_grp[1]/j_child_measure,8,2800
consent_grp[1]/j_perception_grp[1]/j_supp_chil_grp[1]/j_supp_chil_note,14,2808
consent_grp[1]/j_perception_grp[1]/j_supp_chil_grp[1]/j_build_relation,17,2814
consent_grp[1]/j_perception_grp[1]/j_supp_chil_grp[1]/j_control_behaviour,7,2839
consent_grp[1]/j_perception_grp[1]/j_supp_chil_grp[1]/j_express_thought,5,2846
consent_grp[1]/j_perception_grp[1]/j_supp_chil_grp[1]/j_resolve_conflicts,7,2852
consent_grp[1]/j_perception_grp[1]/j_supp_chil_grp[1]/j_guidance_style,31,2858
consent_grp[1]/j_perception_grp[1]/j_fam_sensitive_grp[1]/j_fam_sensitive_note,108,2889
consent_grp[1]/j_perception_grp[1]/j_fam_sensitive_grp[1]/j_parent_goal,108,2889
consent_grp[1]/j_perception_grp[1]/j_fam_sensitive_grp[1]/j_work_schedule,108,2889
consent_grp[1]/j_perception_grp[1]/j_fam_sensitive_grp[1]/j_fam_decision,108,2889
consent_grp[1]/j_perception_grp[1]/j_fam_sensitive_grp[1]/j_family_care,108,2889
consent_grp[1]/j_perception_grp[1]/j_fam_sensitive_grp[1]/j_connect_family,108,2889
consent_grp[1]/k_grp[1]/k_instro_note,16,2997
consent_grp[1]/k_grp[1]/k_ts_grp[1]/tmp_k_labels,124,3014
consent_grp[1]/k_grp[1]/k_ts_grp[1]/k_take_priviledges,124,3014
consent_grp[1]/k_grp[1]/k_ts_grp[1]/k_explain_behavior,124,3014
consent_grp[1]/k_grp[1]/k_ts_grp[1]/k_shook,124,3014
consent_grp[1]/k_grp[1]/k_ts_grp[1]/k_shouted,124,3014
consent_grp[1]/k_grp[1]/k_ts_grp[1]/k_gave_something,124,3014
consent_grp[1]/k_grp[1]/k_ts_grp[1]/k_spanked,124,3014
consent_grp[1]/k_grp[1]/k_ts_grp[1]/k_hit_bottom,124,3014
consent_grp[1]/k_grp[1]/k_ts_grp[1]/k_call_dumb,124,3014
consent_grp[1]/k_grp[1]/k_ts_grp[1]/k_hit_face,124,3014
consent_grp[1]/k_grp[1]/k_ts_grp[1]/k_praised,124,3014
consent_grp[1]/k_grp[1]/k_ts_grp[1]/k_affection,124,3014
consent_grp[1]/k_grp[1]/k_ts_grp[1]/k_rewarded,124,3014
consent_grp[1]/l_teaching_prac_grp[1]/l_note,3,3138
consent_grp[1]/l_teaching_prac_grp[1]/l_previos_kinder_act[1]/tmp_l_prac_lab,82,3141
consent_grp[1]/l_teaching_prac_grp[1]/l_previos_kinder_act[1]/l_hygiene_routine,82,3141
consent_grp[1]/l_teaching_prac_grp[1]/l_previos_kinder_act[1]/l_supply,82,3141
consent_grp[1]/l_teaching_prac_grp[1]/l_previos_kinder_act[1]/l_pamper,82,3141
consent_grp[1]/l_teaching_prac_grp[1]/l_previos_kinder_act[1]/l_read,82,3141
consent_grp[1]/l_teaching_prac_grp[1]/l_previos_kinder_act[1]/l_tell,82,3141
consent_grp[1]/l_teaching_prac_grp[1]/l_previos_kinder_act[1]/l_conversatin,82,3141
consent_grp[1]/l_teaching_prac_grp[1]/l_previos_kinder_act[1]/l_sing,82,3141
consent_grp[1]/l_teaching_prac_grp[1]/l_previos_kinder_act[1]/l_dance,82,3141
consent_grp[1]/l_teaching_prac_grp[1]/l_previos_kinder_act[1]/l_visit,82,3141
consent_grp[1]/l_teaching_prac_grp[1]/l_previos_kinder_act[1]/l_play_kg,82,3141
consent_grp[1]/l_teaching_prac_grp[1]/l_previos_kinder_act[1]/l_play_recrea,82,3141
consent_grp[1]/l_teaching_prac_grp[1]/l_previos_kinder_act[1]/l_sleep,82,3141
consent_grp[1]/l_teaching_prac_grp[1]/l_previos_kinder_act[1]/l_run,82,3141
consent_grp[1]/l_teaching_prac_grp[1]/l_previos_kinder_act[1]/l_group_learn,82,3141
consent_grp[1]/l_teaching_prac_grp[1]/l_previos_kinder_act[1]/l_indiv_learn,82,3141
consent_grp[1]/l_teaching_prac_grp[1]/l_class_acti_grp[1]/l_act_grp[1]/tmp_l_class_lab,59,3223
consent_grp[1]/l_teaching_prac_grp[1]/l_class_acti_grp[1]/l_act_grp[1]/l_teach_colour,59,3223
consent_grp[1]/l_teaching_prac_grp[1]/l_class_acti_grp[1]/l_act_grp[1]/l_teach_number,59,3223
consent_grp[1]/l_teaching_prac_grp[1]/l_class_acti_grp[1]/l_act_grp[1]/l_teach_letter,59,3223
consent_grp[1]/l_teaching_prac_grp[1]/l_class_acti_grp[1]/l_act_grp[1]/l_teach_form,59,3223
consent_grp[1]/l_teaching_prac_grp[1]/l_class_acti_grp[1]/l_act_grp[1]/l_socialise,59,3223
consent_grp[1]/l_teaching_prac_grp[1]/l_class_acti_grp[1]/l_act_grp[1]/l_pro_solve,59,3223
consent_grp[1]/l_teaching_prac_grp[1]/l_class_acti_grp[1]/l_act_grp[1]/l_writing,59,3223
consent_grp[1]/l_teaching_prac_grp[1]/l_class_acti_grp[1]/l_act_grp[1]/l_teach_body,59,3223
consent_grp[1]/l_teaching_prac_grp[1]/l_class_acti_grp[1]/l_act_grp[1]/l_pers_hygiene,59,3223
consent_grp[1]/l_teaching_prac_grp[1]/l_class_acti_grp[1]/l_act_grp[1]/l_art_expre,59,3223
consent_grp[1]/l_teaching_prac_grp[1]/l_class_acti_grp[1]/l_act_grp[1]/l_body_lang,59,3223
consent_grp[1]/l_teaching_prac_grp[1]/l_class_acti_grp[1]/l_act_grp[1]/l_concentration,59,3223
consent_grp[1]/l_teaching_prac_grp[1]/l_class_acti_grp[1]/l_act_grp[1]/l_gross_motor,59,3223
consent_grp[1]/l_teaching_prac_grp[1]/l_class_acti_grp[1]/l_act_grp[1]/l_fine_motor,59,3223
consent_grp[1]/l_teaching_prac_grp[1]/l_class_acti_grp[1]/l_act_grp[1]/l_gender,59,3223
consent_grp[1]/l_teaching_prac_grp[1]/l_class_acti_grp[1]/l_act_grp[1]/l_responsibility,59,3223
consent_grp[1]/l_teaching_prac_grp[1]/l_class_acti_grp[1]/l_act_grp[1]/l_speech,59,3223
consent_grp[1]/l_teaching_prac_grp[1]/l_class_acti_grp[1]/l_act_grp[1]/l_explore_comm,59,3223
consent_grp[1]/l_teaching_prac_grp[1]/l_class_acti_grp[1]/l_act_grp[1]/l_explore_culture,59,3223
consent_grp[1]/l_teaching_prac_grp[1]/l_parent_interact_note,2,3281
consent_grp[1]/l_teaching_prac_grp[1]/l_actively_engaged,40,3283
consent_grp[1]/l_teaching_prac_grp[1]/l_proportion_child,34,3323
consent_grp[1]/l_teaching_prac_grp[1]/l_proportion_child_more,16,3352
consent_grp[1]/l_teaching_prac_grp[1]/l_visit_pupil_house,34,3372
consent_grp[1]/l_teaching_prac_grp[1]/l_visit_parent_house,28,3407
consent_grp[1]/l_teaching_prac_grp[1]/l_receive_parent_supp,38,3435
consent_grp[1]/l_teaching_prac_grp[1]/l_day_teaching_note,6,3473
consent_grp[1]/l_teaching_prac_grp[1]/l_day_grp[1]/tmp_l_labs,46,3479
consent_grp[1]/l_teaching_prac_grp[1]/l_day_grp[1]/l_daily_schedule,46,3479
consent_grp[1]/l_teaching_prac_grp[1]/l_day_grp[1]/l_play_period,46,3479
consent_grp[1]/l_teaching_prac_grp[1]/l_day_grp[1]/l_free_play,46,3479
consent_grp[1]/l_teaching_prac_grp[1]/l_day_grp[1]/l_activities,46,3479
consent_grp[1]/l_teaching_prac_grp[1]/l_per_daily_grp[1]/l_perc_note,254,3525
consent_grp[1]/l_teaching_prac_grp[1]/l_per_daily_grp[1]/l_admin_per,254,3525
consent_grp[1]/l_teaching_prac_grp[1]/l_per_daily_grp[1]/l_class_per,254,3525
consent_grp[1]/l_teaching_prac_grp[1]/l_per_daily_grp[1]/l_teach_per,254,3525
consent_grp[1]/l_teaching_prac_grp[1]/l_per_daily_grp[1]/l_super_per,254,3525
consent_grp[1]/l_teaching_prac_grp[1]/l_per_daily_grp[1]/l_super_oth_per,254,3525
consent_grp[1]/l_teaching_prac_grp[1]/l_per_daily_grp[1]/l_break_per,254,3525
consent_grp[1]/l_teaching_prac_grp[1]/l_discipline_note,2,3779
consent_grp[1]/l_teaching_prac_grp[1]/l_dont_like,40,3780
consent_grp[1]/l_teaching_prac_grp[1]/l_really_bad,49,3819
consent_grp[1]/l_teaching_prac_grp[1]/l_does_good,9,3869
consent_grp[1]/l_teaching_prac_grp[1]/l_praise,16,3878
consent_grp[1]/q_note,6,3895
consent_grp[1]/q_activ_yn,15,3901
consent_grp[1]/q_rpt[1]/q_activ_r,29,3916
consent_grp[1]/q_rpt[1]/q_activ_org_r,5,3945
consent_grp[1]/q_rpt[1]/q_activ_add_r,7,3950
s_int_accom_yn,5,3957
s_int_accom,6,3962
comments,42,3967
