Field name,Total duration (seconds),First appeared (seconds into survey)
instruction,1,18
a_district_id,3,19
a_circuit_id,12,22
a_kg_id,14,34
a_community_id,4,48
a_enum_id,4,52
consent_note,249,57
con_understand,2,306
con_questions,1,307
con_written,3,308
consent_grp[1]/audio_consent,32,312
consent_grp[1]/d_background_note,1,343
consent_grp[1]/section_d[1]/kgt_key,20,345
consent_grp[1]/section_d[1]/kgt_confirm_note,9,365
consent_grp[1]/section_d[1]/d_num_cnt,20,374
consent_grp[1]/section_d[1]/d_cnt_grp[1]/d_cnt_main,145,393
consent_grp[1]/section_d[1]/d_work_last,8,538
consent_grp[1]/section_d[1]/d_edu_level,7,546
consent_grp[1]/section_d[1]/d_edu_train,16,553
consent_grp[1]/section_d[1]/d_marital_status,8,569
consent_grp[1]/section_d[1]/d_religion,5,577
consent_grp[1]/section_d[1]/d_la_spk_grp[1]/d_la_spk_note,29,582
consent_grp[1]/section_d[1]/d_la_spk_grp[1]/d_la_spk_eng,29,582
consent_grp[1]/section_d[1]/d_la_spk_grp[1]/d_la_spk_grun,29,582
consent_grp[1]/section_d[1]/d_la_wrt_grp[1]/d_la_wrt_note,18,611
consent_grp[1]/section_d[1]/d_la_wrt_grp[1]/d_la_wrt_eng,18,611
consent_grp[1]/section_d[1]/d_la_wrt_grp[1]/d_la_wrt_grun,18,611
consent_grp[1]/section_d[1]/d_main_language,16,629
consent_grp[1]/section_d[1]/d_loc_lang_kinderg,6,646
consent_grp[1]/f_moved_yn,20,652
consent_grp[1]/g_nature_wrk_note,4,672
consent_grp[1]/section_g[1]/g_teach_pos,11,676
consent_grp[1]/section_g[1]/g_teach_school,5,687
consent_grp[1]/section_g[1]/g_kg_grade,6,692
consent_grp[1]/section_g[1]/g_class_grp[1]/g_children_note,25,698
consent_grp[1]/section_g[1]/g_class_grp[1]/g_kg_1,25,698
consent_grp[1]/section_g[1]/g_ah_grp[1]/g_ah_note,42,723
consent_grp[1]/section_g[1]/g_ah_grp[1]/g_ah_working,42,723
consent_grp[1]/section_g[1]/g_ah_grp[1]/g_ah_prepping,42,723
consent_grp[1]/section_g[1]/g_eh_grp[1]/g_eh_note,23,765
consent_grp[1]/section_g[1]/g_eh_grp[1]/g_eh_working,23,765
consent_grp[1]/section_g[1]/g_eh_grp[1]/g_eh_prepping,23,765
consent_grp[1]/section_g[1]/g_teach_salary,22,788
consent_grp[1]/section_g[1]/g_salary_freq,12,810
consent_grp[1]/section_g[1]/g_salary_intime,13,822
consent_grp[1]/section_g[1]/g_money_cmp,12,835
consent_grp[1]/section_g[1]/g_job_outside,13,847
consent_grp[1]/section_g[1]/g_extra_money_spec,9,860
consent_grp[1]/section_g[1]/g_sch_pro_grp[1]/tmp_g_sch_pro_lab,101,870
consent_grp[1]/section_g[1]/g_sch_pro_grp[1]/g_class,101,870
consent_grp[1]/section_g[1]/g_sch_pro_grp[1]/g_class_taught,101,870
consent_grp[1]/section_g[1]/g_sch_pro_grp[1]/g_fin_resource,101,870
consent_grp[1]/section_g[1]/g_sch_pro_grp[1]/g_high_expe,101,870
consent_grp[1]/section_g[1]/g_sch_pro_grp[1]/g_change_curri,101,870
consent_grp[1]/section_g[1]/g_sch_pro_grp[1]/g_diff_curri,101,870
consent_grp[1]/section_g[1]/g_sch_pro_grp[1]/g_easy_curri,101,870
consent_grp[1]/section_g[1]/g_sch_pro_grp[1]/g_par_dem_high,101,870
consent_grp[1]/section_g[1]/g_sch_pro_grp[1]/g_par_suff_interest,101,870
consent_grp[1]/section_g[1]/g_sch_pro_grp[1]/g_par_suff_active,101,870
consent_grp[1]/section_g[1]/g_par_supp_grp[1]/g_par_supp_note,9,971
consent_grp[1]/section_g[1]/g_par_supp_grp[1]/g_home_wrk,15,975
consent_grp[1]/section_g[1]/g_par_supp_grp[1]/g_behave_val,10,995
consent_grp[1]/section_g[1]/g_par_supp_grp[1]/g_get_schl,8,1005
consent_grp[1]/section_g[1]/g_par_supp_grp[1]/g_visit_schl,22,1013
consent_grp[1]/section_g[1]/g_par_supp_grp[1]/g_show_respect,8,1035
consent_grp[1]/section_g[1]/g_par_supp_grp[1]/g_best_schl,8,1043
consent_grp[1]/section_g[1]/g_par_supp_grp[1]/g_parti_pta,7,1051
consent_grp[1]/section_g[1]/g_par_supp_grp[1]/g_cont_kg_act,12,1058
consent_grp[1]/section_g[1]/g_lead_respect,22,1070
consent_grp[1]/section_g[1]/g_val_citizen,14,1092
consent_grp[1]/section_h[1]/sec_h_depre_note,44,1106
consent_grp[1]/section_h[1]/h_depression_grp[1]/h_da_note,84,1149
consent_grp[1]/section_h[1]/h_depression_grp[1]/tmp_h_da_lab,84,1149
consent_grp[1]/section_h[1]/h_depression_grp[1]/h_headache,84,1149
consent_grp[1]/section_h[1]/h_depression_grp[1]/h_appetite,84,1149
consent_grp[1]/section_h[1]/h_depression_grp[1]/h_sleep,84,1149
consent_grp[1]/section_h[1]/h_depression_grp[1]/h_frightened,84,1149
consent_grp[1]/section_h[1]/h_depression_grp[1]/h_hands_shake,84,1149
consent_grp[1]/section_h[1]/h_depression_grp[1]/h_nervous,84,1149
consent_grp[1]/section_h[1]/h_depression_grp[1]/h_digestion,84,1149
consent_grp[1]/section_h[1]/h_depression_grp[1]/h_thinking,84,1149
consent_grp[1]/section_h[1]/h_depression_grp[1]/h_unhappy,84,1149
consent_grp[1]/section_h[1]/h_depression_grp[1]/h_cry,84,1149
consent_grp[1]/section_h[1]/h_depression_grp[1]/h_activities,84,1149
consent_grp[1]/section_h[1]/h_depression_grp[1]/h_decisions,84,1149
consent_grp[1]/section_h[1]/h_depression_grp[1]/h_daily_work,84,1149
consent_grp[1]/section_h[1]/h_depression_grp[1]/h_life,84,1149
consent_grp[1]/section_h[1]/h_depression_grp[1]/h_interest,84,1149
consent_grp[1]/section_h[1]/h_depression_grp[1]/h_worthless,84,1149
consent_grp[1]/section_h[1]/h_depression_grp[1]/h_end_life,84,1149
consent_grp[1]/section_h[1]/h_depression_grp[1]/h_tired,84,1149
consent_grp[1]/section_h[1]/h_depression_grp[1]/h_uncomfortable,84,1149
consent_grp[1]/section_h[1]/h_depression_grp[1]/h_easily_tired,84,1149
consent_grp[1]/section_h[1]/sec_h_ext_contr_note,14,1233
consent_grp[1]/section_h[1]/h_ext_control_grp[1]/h_ext_cont_note,3,1247
consent_grp[1]/section_h[1]/h_ext_control_grp[1]/h_pup_learn,42,1249
consent_grp[1]/section_h[1]/h_ext_control_grp[1]/h_discipline,16,1291
consent_grp[1]/section_h[1]/h_ext_control_grp[1]/h_stu_achieve,11,1307
consent_grp[1]/section_h[1]/h_ext_control_grp[1]/h_teach_motiv,14,1317
consent_grp[1]/section_h[1]/h_ext_control_grp[1]/h_good_teach,11,1331
consent_grp[1]/section_h[1]/sec_h_motiv_note,1,1342
consent_grp[1]/section_h[1]/h_motiv_grp[1]/h_motiv_note,7,1344
consent_grp[1]/section_h[1]/h_motiv_grp[1]/h_motiv_help,11,1351
consent_grp[1]/section_h[1]/h_motiv_grp[1]/h_quest_school,8,1362
consent_grp[1]/section_h[1]/h_motiv_grp[1]/h_help_child,7,1371
consent_grp[1]/section_h[1]/h_motiv_grp[1]/h_sch_goal,7,1378
consent_grp[1]/section_h[1]/h_motiv_grp[1]/h_help_emot,13,1385
consent_grp[1]/section_h[1]/h_motiv_grp[1]/h_enjoy_teach,5,1398
consent_grp[1]/section_h[1]/h_motiv_grp[1]/h_develop_society,6,1404
consent_grp[1]/section_h[1]/h_motiv_grp[1]/h_develop_socially,5,1410
consent_grp[1]/section_h[1]/h_motiv_grp[1]/h_perso_clear,4,1415
consent_grp[1]/section_h[1]/h_impor_thing,38,1420
consent_grp[1]/section_h[1]/h_job_satisfaction_grp[1]/h_job_satis_note,21,1458
consent_grp[1]/section_h[1]/h_job_satisfaction_grp[1]/h_look_out,16,1478
consent_grp[1]/section_h[1]/h_job_satisfaction_grp[1]/h_perso_worries,6,1495
consent_grp[1]/section_h[1]/h_job_satisfaction_grp[1]/h_know_col,39,1501
consent_grp[1]/section_h[1]/h_job_satisfaction_grp[1]/h_col_coop,8,1540
consent_grp[1]/section_h[1]/h_job_satisfaction_grp[1]/h_trust_col,7,1548
consent_grp[1]/section_h[1]/h_job_satisfaction_grp[1]/h_enjoy_col,6,1555
consent_grp[1]/section_h[1]/h_job_satisfaction_grp[1]/h_sup_respect,5,1561
consent_grp[1]/section_h[1]/h_job_satisfaction_grp[1]/h_sup_busy,8,1565
consent_grp[1]/section_h[1]/h_job_satisfaction_grp[1]/h_sup_opinion,5,1573
consent_grp[1]/section_h[1]/h_job_satisfaction_grp[1]/h_count_sup,11,1578
consent_grp[1]/section_h[1]/h_job_satisfaction_grp[1]/h_motivated,23,1589
consent_grp[1]/section_h[1]/h_job_satisfaction_grp[1]/h_sup_unpredict,8,1612
consent_grp[1]/section_h[1]/h_job_satisfaction_grp[1]/h_wrk_challenge,7,1620
consent_grp[1]/section_h[1]/h_job_satisfaction_grp[1]/h_wrk_monotonous,9,1626
consent_grp[1]/section_h[1]/h_job_satisfaction_grp[1]/h_wrk_creative,9,1635
consent_grp[1]/section_h[1]/h_job_satisfaction_grp[1]/h_big_impact,7,1644
consent_grp[1]/section_h[1]/h_job_satisfaction_grp[1]/h_little_time,28,1651
consent_grp[1]/section_h[1]/h_job_satisfaction_grp[1]/h_control_satis,13,1679
consent_grp[1]/section_h[1]/h_job_satisfaction_grp[1]/h_look,8,1692
consent_grp[1]/section_h[1]/h_job_satisfaction_grp[1]/h_small_space,10,1699
consent_grp[1]/section_h[1]/h_job_satisfaction_grp[1]/h_new_mat,5,1710
consent_grp[1]/section_h[1]/h_job_satisfaction_grp[1]/h_clean_kinder,7,1715
consent_grp[1]/section_h[1]/h_job_satisfaction_grp[1]/h_loud_kinder,6,1721
consent_grp[1]/section_h[1]/h_job_satisfaction_grp[1]/h_kinder_rules,7,1727
consent_grp[1]/section_h[1]/h_job_satisfaction_grp[1]/h_satisfied_paid,25,1734
consent_grp[1]/section_h[1]/h_burnout_grp[1]/h_burnout_note,13,1760
consent_grp[1]/section_h[1]/h_burnout_grp[1]/h_emotion_drained,22,1772
consent_grp[1]/section_h[1]/h_burnout_grp[1]/h_used_up,45,1795
consent_grp[1]/section_h[1]/h_burnout_grp[1]/h_fatigued,19,1840
consent_grp[1]/section_h[1]/h_burnout_grp[1]/h_child_feel,18,1859
consent_grp[1]/section_h[1]/h_burnout_grp[1]/h_child_impersonal,11,1877
consent_grp[1]/section_h[1]/h_burnout_grp[1]/h_ppl_strain,7,1888
consent_grp[1]/section_h[1]/h_burnout_grp[1]/h_deal_effect,12,1894
consent_grp[1]/section_h[1]/h_burnout_grp[1]/h_burnout,10,1907
consent_grp[1]/section_h[1]/h_burnout_grp[1]/h_pos_influence,29,1917
consent_grp[1]/section_h[1]/h_burnout_grp[1]/h_cold,17,1946
consent_grp[1]/section_h[1]/h_burnout_grp[1]/h_hard,7,1963
consent_grp[1]/section_h[1]/h_burnout_grp[1]/h_energetic,7,1970
consent_grp[1]/section_h[1]/h_burnout_grp[1]/h_frustrated,5,1977
consent_grp[1]/section_h[1]/h_burnout_grp[1]/h_work_hard,5,1983
consent_grp[1]/section_h[1]/h_burnout_grp[1]/h_dont_care,7,1988
consent_grp[1]/section_h[1]/h_burnout_grp[1]/h_put_pressure,7,1994
consent_grp[1]/section_h[1]/h_burnout_grp[1]/h_relax,8,2001
consent_grp[1]/section_h[1]/h_burnout_grp[1]/h_excited,5,2009
consent_grp[1]/section_h[1]/h_burnout_grp[1]/h_accomplished,8,2015
consent_grp[1]/section_h[1]/h_burnout_grp[1]/h_end_of_rop,15,2023
consent_grp[1]/section_h[1]/h_burnout_grp[1]/h_emot_pro_calm,9,2037
consent_grp[1]/i_teacher_knowledge_grp[1]/I_teach_know_note,19,2047
consent_grp[1]/i_teacher_knowledge_grp[1]/i_consonance,15,2066
consent_grp[1]/i_teacher_knowledge_grp[1]/i_vowel,10,2081
consent_grp[1]/i_teacher_knowledge_grp[1]/i_unbelievable,40,2091
consent_grp[1]/i_teacher_knowledge_grp[1]/i_irregular,14,2131
consent_grp[1]/i_teacher_knowledge_grp[1]/i_cat,10,2145
consent_grp[1]/i_teacher_knowledge_grp[1]/i_cough,13,2155
consent_grp[1]/i_teacher_knowledge_grp[1]/i_check,9,2168
consent_grp[1]/i_teacher_knowledge_grp[1]/i_english,14,2177
consent_grp[1]/j_perception_grp[1]/j_perception_note,65,2191
consent_grp[1]/j_perception_grp[1]/j_dev_practice_grp[1]/j_dev_practice_note,7,2256
consent_grp[1]/j_perception_grp[1]/j_dev_practice_grp[1]/j_child_need,14,2258
consent_grp[1]/j_perception_grp[1]/j_dev_practice_grp[1]/j_recog_letter,6,2277
consent_grp[1]/j_perception_grp[1]/j_dev_practice_grp[1]/j_recog_number,5,2283
consent_grp[1]/j_perception_grp[1]/j_dev_practice_grp[1]/j_recog_colour,6,2288
consent_grp[1]/j_perception_grp[1]/j_dev_practice_grp[1]/j_indiv_goal,7,2294
consent_grp[1]/j_perception_grp[1]/j_dev_practice_grp[1]/j_play_materials,6,2301
consent_grp[1]/j_perception_grp[1]/j_dev_practice_grp[1]/j_child_measure,7,2306
consent_grp[1]/j_perception_grp[1]/j_supp_chil_grp[1]/j_supp_chil_note,4,2314
consent_grp[1]/j_perception_grp[1]/j_supp_chil_grp[1]/j_build_relation,8,2318
consent_grp[1]/j_perception_grp[1]/j_supp_chil_grp[1]/j_control_behaviour,5,2326
consent_grp[1]/j_perception_grp[1]/j_supp_chil_grp[1]/j_express_thought,5,2330
consent_grp[1]/j_perception_grp[1]/j_supp_chil_grp[1]/j_resolve_conflicts,7,2336
consent_grp[1]/j_perception_grp[1]/j_supp_chil_grp[1]/j_guidance_style,8,2342
consent_grp[1]/j_perception_grp[1]/j_fam_sensitive_grp[1]/j_fam_sensitive_note,31,2350
consent_grp[1]/j_perception_grp[1]/j_fam_sensitive_grp[1]/j_parent_goal,31,2350
consent_grp[1]/j_perception_grp[1]/j_fam_sensitive_grp[1]/j_work_schedule,31,2350
consent_grp[1]/j_perception_grp[1]/j_fam_sensitive_grp[1]/j_fam_decision,31,2350
consent_grp[1]/j_perception_grp[1]/j_fam_sensitive_grp[1]/j_family_care,31,2350
consent_grp[1]/j_perception_grp[1]/j_fam_sensitive_grp[1]/j_connect_family,31,2350
consent_grp[1]/k_grp[1]/k_instro_note,24,2381
consent_grp[1]/k_grp[1]/k_ts_grp[1]/tmp_k_labels,64,2405
consent_grp[1]/k_grp[1]/k_ts_grp[1]/k_take_priviledges,64,2405
consent_grp[1]/k_grp[1]/k_ts_grp[1]/k_explain_behavior,64,2405
consent_grp[1]/k_grp[1]/k_ts_grp[1]/k_shook,64,2405
consent_grp[1]/k_grp[1]/k_ts_grp[1]/k_shouted,64,2405
consent_grp[1]/k_grp[1]/k_ts_grp[1]/k_gave_something,64,2405
consent_grp[1]/k_grp[1]/k_ts_grp[1]/k_spanked,64,2405
consent_grp[1]/k_grp[1]/k_ts_grp[1]/k_hit_bottom,64,2405
consent_grp[1]/k_grp[1]/k_ts_grp[1]/k_call_dumb,64,2405
consent_grp[1]/k_grp[1]/k_ts_grp[1]/k_hit_face,64,2405
consent_grp[1]/k_grp[1]/k_ts_grp[1]/k_praised,64,2405
consent_grp[1]/k_grp[1]/k_ts_grp[1]/k_affection,64,2405
consent_grp[1]/k_grp[1]/k_ts_grp[1]/k_rewarded,64,2405
consent_grp[1]/l_teaching_prac_grp[1]/l_note,7,2469
consent_grp[1]/l_teaching_prac_grp[1]/l_previos_kinder_act[1]/tmp_l_prac_lab,62,2477
consent_grp[1]/l_teaching_prac_grp[1]/l_previos_kinder_act[1]/l_hygiene_routine,62,2477
consent_grp[1]/l_teaching_prac_grp[1]/l_previos_kinder_act[1]/l_supply,62,2477
consent_grp[1]/l_teaching_prac_grp[1]/l_previos_kinder_act[1]/l_pamper,62,2477
consent_grp[1]/l_teaching_prac_grp[1]/l_previos_kinder_act[1]/l_read,62,2477
consent_grp[1]/l_teaching_prac_grp[1]/l_previos_kinder_act[1]/l_tell,62,2477
consent_grp[1]/l_teaching_prac_grp[1]/l_previos_kinder_act[1]/l_conversatin,62,2477
consent_grp[1]/l_teaching_prac_grp[1]/l_previos_kinder_act[1]/l_sing,62,2477
consent_grp[1]/l_teaching_prac_grp[1]/l_previos_kinder_act[1]/l_dance,62,2477
consent_grp[1]/l_teaching_prac_grp[1]/l_previos_kinder_act[1]/l_visit,62,2477
consent_grp[1]/l_teaching_prac_grp[1]/l_previos_kinder_act[1]/l_play_kg,62,2477
consent_grp[1]/l_teaching_prac_grp[1]/l_previos_kinder_act[1]/l_play_recrea,62,2477
consent_grp[1]/l_teaching_prac_grp[1]/l_previos_kinder_act[1]/l_sleep,62,2477
consent_grp[1]/l_teaching_prac_grp[1]/l_previos_kinder_act[1]/l_run,62,2477
consent_grp[1]/l_teaching_prac_grp[1]/l_previos_kinder_act[1]/l_group_learn,62,2477
consent_grp[1]/l_teaching_prac_grp[1]/l_previos_kinder_act[1]/l_indiv_learn,62,2477
consent_grp[1]/l_teaching_prac_grp[1]/l_class_acti_grp[1]/l_act_grp[1]/tmp_l_class_lab,69,2539
consent_grp[1]/l_teaching_prac_grp[1]/l_class_acti_grp[1]/l_act_grp[1]/l_teach_colour,69,2539
consent_grp[1]/l_teaching_prac_grp[1]/l_class_acti_grp[1]/l_act_grp[1]/l_teach_number,69,2539
consent_grp[1]/l_teaching_prac_grp[1]/l_class_acti_grp[1]/l_act_grp[1]/l_teach_letter,69,2539
consent_grp[1]/l_teaching_prac_grp[1]/l_class_acti_grp[1]/l_act_grp[1]/l_teach_form,69,2539
consent_grp[1]/l_teaching_prac_grp[1]/l_class_acti_grp[1]/l_act_grp[1]/l_socialise,69,2539
consent_grp[1]/l_teaching_prac_grp[1]/l_class_acti_grp[1]/l_act_grp[1]/l_pro_solve,69,2539
consent_grp[1]/l_teaching_prac_grp[1]/l_class_acti_grp[1]/l_act_grp[1]/l_writing,69,2539
consent_grp[1]/l_teaching_prac_grp[1]/l_class_acti_grp[1]/l_act_grp[1]/l_teach_body,69,2539
consent_grp[1]/l_teaching_prac_grp[1]/l_class_acti_grp[1]/l_act_grp[1]/l_pers_hygiene,69,2539
consent_grp[1]/l_teaching_prac_grp[1]/l_class_acti_grp[1]/l_act_grp[1]/l_art_expre,69,2539
consent_grp[1]/l_teaching_prac_grp[1]/l_class_acti_grp[1]/l_act_grp[1]/l_body_lang,69,2539
consent_grp[1]/l_teaching_prac_grp[1]/l_class_acti_grp[1]/l_act_grp[1]/l_concentration,69,2539
consent_grp[1]/l_teaching_prac_grp[1]/l_class_acti_grp[1]/l_act_grp[1]/l_gross_motor,69,2539
consent_grp[1]/l_teaching_prac_grp[1]/l_class_acti_grp[1]/l_act_grp[1]/l_fine_motor,69,2539
consent_grp[1]/l_teaching_prac_grp[1]/l_class_acti_grp[1]/l_act_grp[1]/l_gender,69,2539
consent_grp[1]/l_teaching_prac_grp[1]/l_class_acti_grp[1]/l_act_grp[1]/l_responsibility,69,2539
consent_grp[1]/l_teaching_prac_grp[1]/l_class_acti_grp[1]/l_act_grp[1]/l_speech,69,2539
consent_grp[1]/l_teaching_prac_grp[1]/l_class_acti_grp[1]/l_act_grp[1]/l_explore_comm,69,2539
consent_grp[1]/l_teaching_prac_grp[1]/l_class_acti_grp[1]/l_act_grp[1]/l_explore_culture,69,2539
consent_grp[1]/l_teaching_prac_grp[1]/l_parent_interact_note,8,2609
consent_grp[1]/l_teaching_prac_grp[1]/l_actively_engaged,13,2616
consent_grp[1]/l_teaching_prac_grp[1]/l_proportion_child,13,2630
consent_grp[1]/l_teaching_prac_grp[1]/l_proportion_child_more,19,2643
consent_grp[1]/l_teaching_prac_grp[1]/l_visit_pupil_house,33,2662
consent_grp[1]/l_teaching_prac_grp[1]/l_visit_parent_house,4,2695
consent_grp[1]/l_teaching_prac_grp[1]/l_receive_parent_supp,30,2699
consent_grp[1]/l_teaching_prac_grp[1]/l_day_teaching_note,13,2729
consent_grp[1]/l_teaching_prac_grp[1]/l_day_grp[1]/tmp_l_labs,31,2732
consent_grp[1]/l_teaching_prac_grp[1]/l_day_grp[1]/l_daily_schedule,31,2732
consent_grp[1]/l_teaching_prac_grp[1]/l_day_grp[1]/l_play_period,31,2732
consent_grp[1]/l_teaching_prac_grp[1]/l_day_grp[1]/l_free_play,31,2732
consent_grp[1]/l_teaching_prac_grp[1]/l_day_grp[1]/l_activities,31,2732
consent_grp[1]/l_teaching_prac_grp[1]/l_per_daily_grp[1]/l_perc_note,204,2773
consent_grp[1]/l_teaching_prac_grp[1]/l_per_daily_grp[1]/l_admin_per,204,2773
consent_grp[1]/l_teaching_prac_grp[1]/l_per_daily_grp[1]/l_class_per,204,2773
consent_grp[1]/l_teaching_prac_grp[1]/l_per_daily_grp[1]/l_teach_per,204,2773
consent_grp[1]/l_teaching_prac_grp[1]/l_per_daily_grp[1]/l_super_per,204,2773
consent_grp[1]/l_teaching_prac_grp[1]/l_per_daily_grp[1]/l_super_oth_per,204,2773
consent_grp[1]/l_teaching_prac_grp[1]/l_per_daily_grp[1]/l_break_per,204,2773
consent_grp[1]/l_teaching_prac_grp[1]/tmp_force_note,7,2900
consent_grp[1]/l_teaching_prac_grp[1]/l_discipline_note,2,2984
consent_grp[1]/l_teaching_prac_grp[1]/l_dont_like,25,2986
consent_grp[1]/l_teaching_prac_grp[1]/l_really_bad,21,3009
consent_grp[1]/l_teaching_prac_grp[1]/l_does_good,14,3031
consent_grp[1]/l_teaching_prac_grp[1]/l_praise,21,3045
consent_grp[1]/q_note,7,3066
consent_grp[1]/q_activ_yn,40,3073
consent_grp[1]/q_rpt[1]/q_activ_r,31,3113
consent_grp[1]/q_rpt[1]/q_activ_org_r,4,3122
consent_grp[1]/q_rpt[1]/q_activ_add_r,4,3149
s_int_accom_yn,2,3153
s_int_accom,2,3155
comments,1,3157
