Field name,Total duration (seconds),First appeared (seconds into survey)
instruction,1,54
a_district_id,4,55
a_circuit_id,420,59
a_kg_id,8,480
a_community_id,3,488
a_enum_id,6,491
consent_note,2,497
con_understand,2,498
con_questions,26,501
con_written,4,503
consent_grp[1]/audio_consent,3,504
consent_grp[1]/d_background_note,5,506
consent_grp[1]/section_d[1]/kgt_key,75,509
consent_grp[1]/section_d[1]/kgt_confirm_note,33,582
consent_grp[1]/section_d[1]/d_num_cnt,15,586
consent_grp[1]/section_d[1]/d_cnt_grp[1]/d_cnt_main,10,663
consent_grp[1]/section_d[1]/d_work_last,12,672
consent_grp[1]/section_d[1]/d_edu_level,7,685
consent_grp[1]/section_d[1]/d_edu_train,14,692
consent_grp[1]/section_d[1]/d_edu_level_train,20,706
consent_grp[1]/section_d[1]/d_marital_status,11,726
consent_grp[1]/section_d[1]/d_religion,7,737
consent_grp[1]/section_d[1]/d_la_spk_grp[1]/d_la_spk_note,46,744
consent_grp[1]/section_d[1]/d_la_spk_grp[1]/d_la_spk_eng,46,744
consent_grp[1]/section_d[1]/d_la_spk_grp[1]/d_la_spk_dagb,46,744
consent_grp[1]/section_d[1]/d_la_wrt_grp[1]/d_la_wrt_note,17,790
consent_grp[1]/section_d[1]/d_la_wrt_grp[1]/d_la_wrt_eng,17,790
consent_grp[1]/section_d[1]/d_la_wrt_grp[1]/d_la_wrt_dagb,17,790
consent_grp[1]/section_d[1]/d_main_language,18,807
consent_grp[1]/section_d[1]/d_loc_lang_kinderg,25,825
consent_grp[1]/f_moved_yn,26,849
consent_grp[1]/g_nature_wrk_note,8,875
consent_grp[1]/section_g[1]/g_teach_pos,11,884
consent_grp[1]/section_g[1]/g_teach_school,7,894
consent_grp[1]/section_g[1]/g_kg_grade,7,902
consent_grp[1]/section_g[1]/g_class_grp[1]/g_children_note,11,909
consent_grp[1]/section_g[1]/g_class_grp[1]/g_kg_2,11,909
consent_grp[1]/section_g[1]/g_ah_grp[1]/g_ah_note,68,920
consent_grp[1]/section_g[1]/g_ah_grp[1]/g_ah_working,68,920
consent_grp[1]/section_g[1]/g_ah_grp[1]/g_ah_prepping,68,920
consent_grp[1]/section_g[1]/g_eh_grp[1]/g_eh_note,58,988
consent_grp[1]/section_g[1]/g_eh_grp[1]/g_eh_working,58,988
consent_grp[1]/section_g[1]/g_eh_grp[1]/g_eh_prepping,58,988
consent_grp[1]/section_g[1]/g_teach_salary,15,1046
consent_grp[1]/section_g[1]/g_salary_freq,25,1061
consent_grp[1]/section_g[1]/g_salary_intime,54,1086
consent_grp[1]/section_g[1]/g_money_cmp,10,1140
consent_grp[1]/section_g[1]/g_job_outside,12,1149
consent_grp[1]/section_g[1]/g_job_outside_income,29,1161
consent_grp[1]/section_g[1]/g_earn_grp[1]/g_earn_amt,50,1185
consent_grp[1]/section_g[1]/g_earn_grp[1]/g_earn_freq,50,1185
consent_grp[1]/section_g[1]/g_extra_money_spec,14,1227
consent_grp[1]/section_g[1]/g_sch_pro_grp[1]/tmp_g_sch_pro_lab,160,1254
consent_grp[1]/section_g[1]/g_sch_pro_grp[1]/g_class,160,1254
consent_grp[1]/section_g[1]/g_sch_pro_grp[1]/g_class_taught,160,1254
consent_grp[1]/section_g[1]/g_sch_pro_grp[1]/g_fin_resource,160,1254
consent_grp[1]/section_g[1]/g_sch_pro_grp[1]/g_high_expe,160,1254
consent_grp[1]/section_g[1]/g_sch_pro_grp[1]/g_change_curri,160,1254
consent_grp[1]/section_g[1]/g_sch_pro_grp[1]/g_diff_curri,160,1254
consent_grp[1]/section_g[1]/g_sch_pro_grp[1]/g_easy_curri,160,1254
consent_grp[1]/section_g[1]/g_sch_pro_grp[1]/g_par_dem_high,160,1254
consent_grp[1]/section_g[1]/g_sch_pro_grp[1]/g_par_suff_interest,160,1254
consent_grp[1]/section_g[1]/g_sch_pro_grp[1]/g_par_suff_active,160,1254
consent_grp[1]/section_g[1]/g_par_supp_grp[1]/g_par_supp_note,26,1415
consent_grp[1]/section_g[1]/g_par_supp_grp[1]/g_home_wrk,18,1436
consent_grp[1]/section_g[1]/g_par_supp_grp[1]/g_behave_val,32,1453
consent_grp[1]/section_g[1]/g_par_supp_grp[1]/g_get_schl,20,1491
consent_grp[1]/section_g[1]/g_par_supp_grp[1]/g_visit_schl,16,1510
consent_grp[1]/section_g[1]/g_par_supp_grp[1]/g_show_respect,18,1527
consent_grp[1]/section_g[1]/g_par_supp_grp[1]/g_best_schl,18,1545
consent_grp[1]/section_g[1]/g_par_supp_grp[1]/g_parti_pta,9,1563
consent_grp[1]/section_g[1]/g_par_supp_grp[1]/g_cont_kg_act,9,1572
consent_grp[1]/section_g[1]/g_lead_respect,15,1580
consent_grp[1]/section_g[1]/g_val_citizen,13,1596
consent_grp[1]/section_h[1]/sec_h_depre_note,51,1609
consent_grp[1]/section_h[1]/h_depression_grp[1]/h_da_note,129,1660
consent_grp[1]/section_h[1]/h_depression_grp[1]/tmp_h_da_lab,129,1660
consent_grp[1]/section_h[1]/h_depression_grp[1]/h_headache,129,1660
consent_grp[1]/section_h[1]/h_depression_grp[1]/h_appetite,129,1660
consent_grp[1]/section_h[1]/h_depression_grp[1]/h_sleep,129,1660
consent_grp[1]/section_h[1]/h_depression_grp[1]/h_frightened,129,1660
consent_grp[1]/section_h[1]/h_depression_grp[1]/h_hands_shake,129,1660
consent_grp[1]/section_h[1]/h_depression_grp[1]/h_nervous,129,1660
consent_grp[1]/section_h[1]/h_depression_grp[1]/h_digestion,129,1660
consent_grp[1]/section_h[1]/h_depression_grp[1]/h_thinking,129,1660
consent_grp[1]/section_h[1]/h_depression_grp[1]/h_unhappy,129,1660
consent_grp[1]/section_h[1]/h_depression_grp[1]/h_cry,129,1660
consent_grp[1]/section_h[1]/h_depression_grp[1]/h_activities,129,1660
consent_grp[1]/section_h[1]/h_depression_grp[1]/h_decisions,129,1660
consent_grp[1]/section_h[1]/h_depression_grp[1]/h_daily_work,129,1660
consent_grp[1]/section_h[1]/h_depression_grp[1]/h_life,129,1660
consent_grp[1]/section_h[1]/h_depression_grp[1]/h_interest,129,1660
consent_grp[1]/section_h[1]/h_depression_grp[1]/h_worthless,129,1660
consent_grp[1]/section_h[1]/h_depression_grp[1]/h_end_life,129,1660
consent_grp[1]/section_h[1]/h_depression_grp[1]/h_tired,129,1660
consent_grp[1]/section_h[1]/h_depression_grp[1]/h_uncomfortable,129,1660
consent_grp[1]/section_h[1]/h_depression_grp[1]/h_easily_tired,129,1660
consent_grp[1]/section_h[1]/sec_h_ext_contr_note,21,1788
consent_grp[1]/section_h[1]/h_ext_control_grp[1]/h_ext_cont_note,11,1809
consent_grp[1]/section_h[1]/h_ext_control_grp[1]/h_pup_learn,54,1820
consent_grp[1]/section_h[1]/h_ext_control_grp[1]/h_discipline,13,1875
consent_grp[1]/section_h[1]/h_ext_control_grp[1]/h_stu_achieve,11,1888
consent_grp[1]/section_h[1]/h_ext_control_grp[1]/h_teach_motiv,14,1899
consent_grp[1]/section_h[1]/h_ext_control_grp[1]/h_good_teach,27,1913
consent_grp[1]/section_h[1]/sec_h_motiv_note,2,1940
consent_grp[1]/section_h[1]/h_motiv_grp[1]/h_motiv_note,9,1942
consent_grp[1]/section_h[1]/h_motiv_grp[1]/h_motiv_help,20,1951
consent_grp[1]/section_h[1]/h_motiv_grp[1]/h_quest_school,36,1971
consent_grp[1]/section_h[1]/h_motiv_grp[1]/h_help_child,8,2007
consent_grp[1]/section_h[1]/h_motiv_grp[1]/h_sch_goal,12,2015
consent_grp[1]/section_h[1]/h_motiv_grp[1]/h_help_emot,14,2027
consent_grp[1]/section_h[1]/h_motiv_grp[1]/h_enjoy_teach,5,2041
consent_grp[1]/section_h[1]/h_motiv_grp[1]/h_develop_society,10,2046
consent_grp[1]/section_h[1]/h_motiv_grp[1]/h_develop_socially,23,2057
consent_grp[1]/section_h[1]/h_motiv_grp[1]/h_perso_clear,7,2080
consent_grp[1]/section_h[1]/h_impor_thing,65,2086
consent_grp[1]/section_h[1]/h_job_satisfaction_grp[1]/h_job_satis_note,44,2151
consent_grp[1]/section_h[1]/h_job_satisfaction_grp[1]/h_look_out,13,2195
consent_grp[1]/section_h[1]/h_job_satisfaction_grp[1]/h_perso_worries,8,2207
consent_grp[1]/section_h[1]/h_job_satisfaction_grp[1]/h_know_col,9,2215
consent_grp[1]/section_h[1]/h_job_satisfaction_grp[1]/h_col_coop,9,2225
consent_grp[1]/section_h[1]/h_job_satisfaction_grp[1]/h_trust_col,8,2233
consent_grp[1]/section_h[1]/h_job_satisfaction_grp[1]/h_enjoy_col,8,2241
consent_grp[1]/section_h[1]/h_job_satisfaction_grp[1]/h_sup_respect,7,2249
consent_grp[1]/section_h[1]/h_job_satisfaction_grp[1]/h_sup_busy,9,2256
consent_grp[1]/section_h[1]/h_job_satisfaction_grp[1]/h_sup_opinion,8,2264
consent_grp[1]/section_h[1]/h_job_satisfaction_grp[1]/h_count_sup,6,2273
consent_grp[1]/section_h[1]/h_job_satisfaction_grp[1]/h_motivated,11,2279
consent_grp[1]/section_h[1]/h_job_satisfaction_grp[1]/h_sup_unpredict,7,2289
consent_grp[1]/section_h[1]/h_job_satisfaction_grp[1]/h_wrk_challenge,8,2296
consent_grp[1]/section_h[1]/h_job_satisfaction_grp[1]/h_wrk_monotonous,13,2304
consent_grp[1]/section_h[1]/h_job_satisfaction_grp[1]/h_wrk_creative,5,2317
consent_grp[1]/section_h[1]/h_job_satisfaction_grp[1]/h_big_impact,7,2322
consent_grp[1]/section_h[1]/h_job_satisfaction_grp[1]/h_little_time,10,2329
consent_grp[1]/section_h[1]/h_job_satisfaction_grp[1]/h_control_satis,17,2338
consent_grp[1]/section_h[1]/h_job_satisfaction_grp[1]/h_look,7,2356
consent_grp[1]/section_h[1]/h_job_satisfaction_grp[1]/h_small_space,7,2363
consent_grp[1]/section_h[1]/h_job_satisfaction_grp[1]/h_new_mat,7,2370
consent_grp[1]/section_h[1]/h_job_satisfaction_grp[1]/h_clean_kinder,12,2377
consent_grp[1]/section_h[1]/h_job_satisfaction_grp[1]/h_loud_kinder,9,2389
consent_grp[1]/section_h[1]/h_job_satisfaction_grp[1]/h_kinder_rules,8,2398
consent_grp[1]/section_h[1]/h_job_satisfaction_grp[1]/h_satisfied_paid,9,2405
consent_grp[1]/section_h[1]/h_burnout_grp[1]/h_burnout_note,38,2414
consent_grp[1]/section_h[1]/h_burnout_grp[1]/h_emotion_drained,25,2452
consent_grp[1]/section_h[1]/h_burnout_grp[1]/h_used_up,23,2477
consent_grp[1]/section_h[1]/h_burnout_grp[1]/h_fatigued,33,2500
consent_grp[1]/section_h[1]/h_burnout_grp[1]/h_child_feel,21,2533
consent_grp[1]/section_h[1]/h_burnout_grp[1]/h_child_impersonal,12,2554
consent_grp[1]/section_h[1]/h_burnout_grp[1]/h_ppl_strain,13,2565
consent_grp[1]/section_h[1]/h_burnout_grp[1]/h_deal_effect,20,2578
consent_grp[1]/section_h[1]/h_burnout_grp[1]/h_burnout,9,2598
consent_grp[1]/section_h[1]/h_burnout_grp[1]/h_pos_influence,12,2607
consent_grp[1]/section_h[1]/h_burnout_grp[1]/h_cold,28,2619
consent_grp[1]/section_h[1]/h_burnout_grp[1]/h_hard,18,2647
consent_grp[1]/section_h[1]/h_burnout_grp[1]/h_energetic,7,2664
consent_grp[1]/section_h[1]/h_burnout_grp[1]/h_frustrated,5,2671
consent_grp[1]/section_h[1]/h_burnout_grp[1]/h_work_hard,6,2676
consent_grp[1]/section_h[1]/h_burnout_grp[1]/h_dont_care,56,2682
consent_grp[1]/section_h[1]/h_burnout_grp[1]/h_put_pressure,9,2737
consent_grp[1]/section_h[1]/h_burnout_grp[1]/h_relax,9,2747
consent_grp[1]/section_h[1]/h_burnout_grp[1]/h_excited,7,2756
consent_grp[1]/section_h[1]/h_burnout_grp[1]/h_accomplished,24,2763
consent_grp[1]/section_h[1]/h_burnout_grp[1]/h_end_of_rop,6,2787
consent_grp[1]/section_h[1]/h_burnout_grp[1]/h_emot_pro_calm,9,2793
consent_grp[1]/i_teacher_knowledge_grp[1]/I_teach_know_note,50,2801
consent_grp[1]/i_teacher_knowledge_grp[1]/i_consonance,14,2852
consent_grp[1]/i_teacher_knowledge_grp[1]/i_vowel,8,2866
consent_grp[1]/i_teacher_knowledge_grp[1]/i_unbelievable,33,2874
consent_grp[1]/i_teacher_knowledge_grp[1]/i_irregular,8,2906
consent_grp[1]/i_teacher_knowledge_grp[1]/i_cat,9,2914
consent_grp[1]/i_teacher_knowledge_grp[1]/i_cough,14,2924
consent_grp[1]/i_teacher_knowledge_grp[1]/i_check,22,2937
consent_grp[1]/i_teacher_knowledge_grp[1]/i_english,22,2959
consent_grp[1]/j_perception_grp[1]/j_perception_note,97,2981
consent_grp[1]/j_perception_grp[1]/j_dev_practice_grp[1]/j_dev_practice_note,14,3078
consent_grp[1]/j_perception_grp[1]/j_dev_practice_grp[1]/j_child_need,14,3088
consent_grp[1]/j_perception_grp[1]/j_dev_practice_grp[1]/j_recog_letter,6,3107
consent_grp[1]/j_perception_grp[1]/j_dev_practice_grp[1]/j_recog_number,6,3113
consent_grp[1]/j_perception_grp[1]/j_dev_practice_grp[1]/j_recog_colour,5,3119
consent_grp[1]/j_perception_grp[1]/j_dev_practice_grp[1]/j_indiv_goal,18,3124
consent_grp[1]/j_perception_grp[1]/j_dev_practice_grp[1]/j_play_materials,7,3142
consent_grp[1]/j_perception_grp[1]/j_dev_practice_grp[1]/j_child_measure,7,3149
consent_grp[1]/j_perception_grp[1]/j_supp_chil_grp[1]/j_supp_chil_note,7,3156
consent_grp[1]/j_perception_grp[1]/j_supp_chil_grp[1]/j_build_relation,9,3163
consent_grp[1]/j_perception_grp[1]/j_supp_chil_grp[1]/j_control_behaviour,6,3172
consent_grp[1]/j_perception_grp[1]/j_supp_chil_grp[1]/j_express_thought,6,3178
consent_grp[1]/j_perception_grp[1]/j_supp_chil_grp[1]/j_resolve_conflicts,7,3184
consent_grp[1]/j_perception_grp[1]/j_supp_chil_grp[1]/j_guidance_style,26,3191
consent_grp[1]/j_perception_grp[1]/j_fam_sensitive_grp[1]/j_fam_sensitive_note,81,3217
consent_grp[1]/j_perception_grp[1]/j_fam_sensitive_grp[1]/j_parent_goal,81,3217
consent_grp[1]/j_perception_grp[1]/j_fam_sensitive_grp[1]/j_work_schedule,81,3217
consent_grp[1]/j_perception_grp[1]/j_fam_sensitive_grp[1]/j_fam_decision,81,3217
consent_grp[1]/j_perception_grp[1]/j_fam_sensitive_grp[1]/j_family_care,81,3217
consent_grp[1]/j_perception_grp[1]/j_fam_sensitive_grp[1]/j_connect_family,81,3217
consent_grp[1]/k_grp[1]/k_instro_note,26,3287
consent_grp[1]/k_grp[1]/k_ts_grp[1]/tmp_k_labels,111,3324
consent_grp[1]/k_grp[1]/k_ts_grp[1]/k_take_priviledges,111,3324
consent_grp[1]/k_grp[1]/k_ts_grp[1]/k_explain_behavior,111,3324
consent_grp[1]/k_grp[1]/k_ts_grp[1]/k_shook,111,3324
consent_grp[1]/k_grp[1]/k_ts_grp[1]/k_shouted,111,3324
consent_grp[1]/k_grp[1]/k_ts_grp[1]/k_gave_something,111,3324
consent_grp[1]/k_grp[1]/k_ts_grp[1]/k_spanked,111,3324
consent_grp[1]/k_grp[1]/k_ts_grp[1]/k_hit_bottom,111,3324
consent_grp[1]/k_grp[1]/k_ts_grp[1]/k_call_dumb,111,3324
consent_grp[1]/k_grp[1]/k_ts_grp[1]/k_hit_face,111,3324
consent_grp[1]/k_grp[1]/k_ts_grp[1]/k_praised,111,3324
consent_grp[1]/k_grp[1]/k_ts_grp[1]/k_affection,111,3324
consent_grp[1]/k_grp[1]/k_ts_grp[1]/k_rewarded,111,3324
consent_grp[1]/l_teaching_prac_grp[1]/l_note,6,3435
consent_grp[1]/l_teaching_prac_grp[1]/l_previos_kinder_act[1]/tmp_l_prac_lab,81,3440
consent_grp[1]/l_teaching_prac_grp[1]/l_previos_kinder_act[1]/l_hygiene_routine,81,3440
consent_grp[1]/l_teaching_prac_grp[1]/l_previos_kinder_act[1]/l_supply,81,3440
consent_grp[1]/l_teaching_prac_grp[1]/l_previos_kinder_act[1]/l_pamper,81,3440
consent_grp[1]/l_teaching_prac_grp[1]/l_previos_kinder_act[1]/l_read,81,3440
consent_grp[1]/l_teaching_prac_grp[1]/l_previos_kinder_act[1]/l_tell,81,3440
consent_grp[1]/l_teaching_prac_grp[1]/l_previos_kinder_act[1]/l_conversatin,81,3440
consent_grp[1]/l_teaching_prac_grp[1]/l_previos_kinder_act[1]/l_sing,81,3440
consent_grp[1]/l_teaching_prac_grp[1]/l_previos_kinder_act[1]/l_dance,81,3440
consent_grp[1]/l_teaching_prac_grp[1]/l_previos_kinder_act[1]/l_visit,81,3440
consent_grp[1]/l_teaching_prac_grp[1]/l_previos_kinder_act[1]/l_play_kg,81,3440
consent_grp[1]/l_teaching_prac_grp[1]/l_previos_kinder_act[1]/l_play_recrea,81,3440
consent_grp[1]/l_teaching_prac_grp[1]/l_previos_kinder_act[1]/l_sleep,81,3440
consent_grp[1]/l_teaching_prac_grp[1]/l_previos_kinder_act[1]/l_run,81,3440
consent_grp[1]/l_teaching_prac_grp[1]/l_previos_kinder_act[1]/l_group_learn,81,3440
consent_grp[1]/l_teaching_prac_grp[1]/l_previos_kinder_act[1]/l_indiv_learn,81,3440
consent_grp[1]/l_teaching_prac_grp[1]/l_class_acti_grp[1]/l_act_grp[1]/tmp_l_class_lab,111,3521
consent_grp[1]/l_teaching_prac_grp[1]/l_class_acti_grp[1]/l_act_grp[1]/l_teach_colour,111,3521
consent_grp[1]/l_teaching_prac_grp[1]/l_class_acti_grp[1]/l_act_grp[1]/l_teach_number,111,3521
consent_grp[1]/l_teaching_prac_grp[1]/l_class_acti_grp[1]/l_act_grp[1]/l_teach_letter,111,3521
consent_grp[1]/l_teaching_prac_grp[1]/l_class_acti_grp[1]/l_act_grp[1]/l_teach_form,111,3521
consent_grp[1]/l_teaching_prac_grp[1]/l_class_acti_grp[1]/l_act_grp[1]/l_socialise,111,3521
consent_grp[1]/l_teaching_prac_grp[1]/l_class_acti_grp[1]/l_act_grp[1]/l_pro_solve,111,3521
consent_grp[1]/l_teaching_prac_grp[1]/l_class_acti_grp[1]/l_act_grp[1]/l_writing,111,3521
consent_grp[1]/l_teaching_prac_grp[1]/l_class_acti_grp[1]/l_act_grp[1]/l_teach_body,111,3521
consent_grp[1]/l_teaching_prac_grp[1]/l_class_acti_grp[1]/l_act_grp[1]/l_pers_hygiene,111,3521
consent_grp[1]/l_teaching_prac_grp[1]/l_class_acti_grp[1]/l_act_grp[1]/l_art_expre,111,3521
consent_grp[1]/l_teaching_prac_grp[1]/l_class_acti_grp[1]/l_act_grp[1]/l_body_lang,111,3521
consent_grp[1]/l_teaching_prac_grp[1]/l_class_acti_grp[1]/l_act_grp[1]/l_concentration,111,3521
consent_grp[1]/l_teaching_prac_grp[1]/l_class_acti_grp[1]/l_act_grp[1]/l_gross_motor,111,3521
consent_grp[1]/l_teaching_prac_grp[1]/l_class_acti_grp[1]/l_act_grp[1]/l_fine_motor,111,3521
consent_grp[1]/l_teaching_prac_grp[1]/l_class_acti_grp[1]/l_act_grp[1]/l_gender,111,3521
consent_grp[1]/l_teaching_prac_grp[1]/l_class_acti_grp[1]/l_act_grp[1]/l_responsibility,111,3521
consent_grp[1]/l_teaching_prac_grp[1]/l_class_acti_grp[1]/l_act_grp[1]/l_speech,111,3521
consent_grp[1]/l_teaching_prac_grp[1]/l_class_acti_grp[1]/l_act_grp[1]/l_explore_comm,111,3521
consent_grp[1]/l_teaching_prac_grp[1]/l_class_acti_grp[1]/l_act_grp[1]/l_explore_culture,111,3521
consent_grp[1]/l_teaching_prac_grp[1]/l_parent_interact_note,8,3632
consent_grp[1]/l_teaching_prac_grp[1]/l_actively_engaged,31,3641
consent_grp[1]/l_teaching_prac_grp[1]/l_proportion_child,62,3672
consent_grp[1]/l_teaching_prac_grp[1]/l_proportion_child_more,84,3693
consent_grp[1]/l_teaching_prac_grp[1]/l_visit_pupil_house,45,3818
consent_grp[1]/l_teaching_prac_grp[1]/l_visit_parent_house,14,3863
consent_grp[1]/l_teaching_prac_grp[1]/l_receive_parent_supp,32,3877
consent_grp[1]/l_teaching_prac_grp[1]/l_day_teaching_note,9,3909
consent_grp[1]/l_teaching_prac_grp[1]/l_day_grp[1]/tmp_l_labs,62,3918
consent_grp[1]/l_teaching_prac_grp[1]/l_day_grp[1]/l_daily_schedule,62,3918
consent_grp[1]/l_teaching_prac_grp[1]/l_day_grp[1]/l_play_period,62,3918
consent_grp[1]/l_teaching_prac_grp[1]/l_day_grp[1]/l_free_play,62,3918
consent_grp[1]/l_teaching_prac_grp[1]/l_day_grp[1]/l_activities,62,3918
consent_grp[1]/l_teaching_prac_grp[1]/l_per_daily_grp[1]/l_perc_note,236,3980
consent_grp[1]/l_teaching_prac_grp[1]/l_per_daily_grp[1]/l_admin_per,236,3980
consent_grp[1]/l_teaching_prac_grp[1]/l_per_daily_grp[1]/l_class_per,236,3980
consent_grp[1]/l_teaching_prac_grp[1]/l_per_daily_grp[1]/l_teach_per,236,3980
consent_grp[1]/l_teaching_prac_grp[1]/l_per_daily_grp[1]/l_super_per,236,3980
consent_grp[1]/l_teaching_prac_grp[1]/l_per_daily_grp[1]/l_super_oth_per,236,3980
consent_grp[1]/l_teaching_prac_grp[1]/l_per_daily_grp[1]/l_break_per,236,3980
consent_grp[1]/l_teaching_prac_grp[1]/l_discipline_note,18,4216
consent_grp[1]/l_teaching_prac_grp[1]/l_dont_like,29,4234
consent_grp[1]/l_teaching_prac_grp[1]/l_really_bad,41,4258
consent_grp[1]/l_teaching_prac_grp[1]/l_does_good,25,4302
consent_grp[1]/l_teaching_prac_grp[1]/l_praise,62,4329
consent_grp[1]/q_note,22,4391
consent_grp[1]/q_activ_yn,12,4413
consent_grp[1]/q_rpt[1]/q_activ_r,19,4425
consent_grp[1]/q_rpt[1]/q_activ_org_r,7,4445
consent_grp[1]/q_rpt[1]/q_activ_org_osp_r,5,4452
consent_grp[1]/q_rpt[1]/q_activ_add_r,14,4457
s_int_accom_yn,4,4471
comments,2,4475
