Field name,Total duration (seconds),First appeared (seconds into survey)
instruction,3,9
a_district_id,4,11
a_circuit_id,6,16
a_kg_id,9,21
a_community_id,3,30
a_enum_id,5,33
consent_note,197,38
con_understand,3,235
con_questions,2,238
con_written,33,240
consent_grp[1]/audio_consent,77,274
consent_grp[1]/d_background_note,2,350
consent_grp[1]/section_d[1]/kgt_key,10,352
consent_grp[1]/section_d[1]/kgt_name_gp[1]/kgt_fsn,153,362
consent_grp[1]/section_d[1]/kgt_name_gp[1]/kgt_msn,153,362
consent_grp[1]/section_d[1]/kgt_name_gp[1]/kgt_lsn,153,362
consent_grp[1]/section_d[1]/kgt_name_gp[1]/kgt_ppn,153,362
consent_grp[1]/section_d[1]/kgt_name_gp[1]/d_sex,153,362
consent_grp[1]/section_d[1]/kgt_confirm_note,8,515
consent_grp[1]/section_d[1]/d_num_cnt,4,523
consent_grp[1]/section_d[1]/d_cnt_grp[1]/d_cnt_main,10,527
consent_grp[1]/section_d[1]/d_age,11,536
consent_grp[1]/section_d[1]/d_teacher_grp[1]/d_been_teacher,23,545
consent_grp[1]/section_d[1]/d_teacher_grp[1]/d_teacher_year,23,545
consent_grp[1]/section_d[1]/d_teacher_grp[1]/d_teacher_month,23,545
consent_grp[1]/section_d[1]/d_been_kinder_grp[1]/d_been_kinder,65,569
consent_grp[1]/section_d[1]/d_been_kinder_grp[1]/d_kinder_year,65,569
consent_grp[1]/section_d[1]/d_been_kinder_grp[1]/d_kinder_month,65,569
consent_grp[1]/section_d[1]/d_work_last,17,634
consent_grp[1]/section_d[1]/d_os_yn,9,651
consent_grp[1]/section_d[1]/d_os_grp[1]/d_os_name,40,661
consent_grp[1]/section_d[1]/d_os_grp[1]/d_os_region,40,661
consent_grp[1]/section_d[1]/d_os_district,10,700
consent_grp[1]/section_d[1]/d_os_comm,14,711
consent_grp[1]/section_d[1]/d_edu_level,10,725
consent_grp[1]/section_d[1]/d_edu_train,18,735
consent_grp[1]/section_d[1]/d_edu_level_fath,8,753
consent_grp[1]/section_d[1]/d_edu_level_mom,6,761
consent_grp[1]/section_d[1]/d_marital_status,6,768
consent_grp[1]/section_d[1]/d_ethnic_group,6,774
consent_grp[1]/section_d[1]/d_religion,4,779
consent_grp[1]/section_d[1]/d_la_spk_grp[1]/d_la_spk_note,37,783
consent_grp[1]/section_d[1]/d_la_spk_grp[1]/d_la_spk_eng,37,783
consent_grp[1]/section_d[1]/d_la_spk_grp[1]/d_la_spk_dagb,37,783
consent_grp[1]/section_d[1]/d_la_wrt_grp[1]/d_la_wrt_note,33,820
consent_grp[1]/section_d[1]/d_la_wrt_grp[1]/d_la_wrt_eng,33,820
consent_grp[1]/section_d[1]/d_la_wrt_grp[1]/d_la_wrt_dagb,33,820
consent_grp[1]/section_d[1]/d_main_language,45,853
consent_grp[1]/section_d[1]/d_loc_lang_kinderg,13,898
consent_grp[1]/e_rel_grp[1]/e_hh_note,7,911
consent_grp[1]/e_rel_grp[1]/e_hh_num,12,918
consent_grp[1]/e_rel_grp[1]/e_hh_grp[1]/e_hh_head,71,930
consent_grp[1]/e_rel_grp[1]/e_hh_grp[1]/e_chil_hh,71,930
consent_grp[1]/e_rel_grp[1]/e_hh_grp[1]/e_adult_hh,71,930
consent_grp[1]/e_rel_grp[1]/e_hh_school,43,976
consent_grp[1]/e_rel_grp[1]/e_read_english,33,1017
consent_grp[1]/e_rel_grp[1]/e_rate_health,23,1078
consent_grp[1]/e_rel_grp[1]/e_live_note,8,1101
consent_grp[1]/e_rel_grp[1]/e_rooms_occu,13,1109
consent_grp[1]/e_rel_grp[1]/e_own_status,13,1122
consent_grp[1]/e_rel_grp[1]/e_electricity_inhouse,6,1135
consent_grp[1]/e_rel_grp[1]/e_floor_material,18,1140
consent_grp[1]/e_rel_grp[1]/e_interior_floor,25,1159
consent_grp[1]/e_rel_grp[1]/e_roof_mat,21,1184
consent_grp[1]/e_rel_grp[1]/e_cook_fuel,12,1205
consent_grp[1]/e_rel_grp[1]/e_lighting,13,1218
consent_grp[1]/e_rel_grp[1]/e_drink_source,24,1230
consent_grp[1]/e_rel_grp[1]/e_toilet_facility,18,1254
consent_grp[1]/e_rel_grp[1]/e_asset_note,11,1272
consent_grp[1]/e_rel_grp[1]/e_hh_own_phone,21,1283
consent_grp[1]/e_rel_grp[1]/e_hh_ass_grp[1]/tmp_e_hh_ass_lab,115,1304
consent_grp[1]/e_rel_grp[1]/e_hh_ass_grp[1]/e_hh_ass_radio,115,1304
consent_grp[1]/e_rel_grp[1]/e_hh_ass_grp[1]/e_hh_ass_refrig,115,1304
consent_grp[1]/e_rel_grp[1]/e_hh_ass_grp[1]/e_hh_ass_bike,115,1304
consent_grp[1]/e_rel_grp[1]/e_hh_ass_grp[1]/e_hh_ass_tv,115,1304
consent_grp[1]/e_rel_grp[1]/e_hh_ass_grp[1]/e_hh_ass_vcr,115,1304
consent_grp[1]/e_rel_grp[1]/e_hh_ass_grp[1]/e_hh_ass_motor,115,1304
consent_grp[1]/e_rel_grp[1]/e_hh_ass_grp[1]/e_hh_ass_car,115,1304
consent_grp[1]/e_rel_grp[1]/e_hh_ass_grp[1]/e_hh_ass_tractor,115,1304
consent_grp[1]/e_rel_grp[1]/e_hh_ass_grp[1]/e_hh_ass_farm_equip,115,1304
consent_grp[1]/e_rel_grp[1]/e_hh_ass_grp[1]/e_hh_ass_sew_mach,115,1304
consent_grp[1]/e_rel_grp[1]/e_hh_ass_grp[1]/e_hh_ass_bed,115,1304
consent_grp[1]/e_rel_grp[1]/e_hh_ass_grp[1]/e_hh_ass_mattress,115,1304
consent_grp[1]/e_rel_grp[1]/e_hh_ass_grp[1]/e_hh_ass_table_chair,115,1304
consent_grp[1]/e_rel_grp[1]/e_hh_ass_grp[1]/e_hh_ass_stool,115,1304
consent_grp[1]/e_rel_grp[1]/e_hh_ass_grp[1]/e_hh_ass_sofa,115,1304
consent_grp[1]/e_rel_grp[1]/e_hh_ass_grp[1]/e_hh_ass_fan,115,1304
consent_grp[1]/e_rel_grp[1]/e_hh_ass_grp[1]/e_hh_ass_lamp,115,1304
consent_grp[1]/e_rel_grp[1]/e_hh_ass_grp[1]/e_hh_ass_watch,115,1304
consent_grp[1]/e_rel_grp[1]/e_hh_ass_grp[1]/e_hh_ass_mat,115,1304
consent_grp[1]/e_rel_grp[1]/e_hh_ass_grp[1]/e_hh_ass_torch,115,1304
consent_grp[1]/e_rel_grp[1]/e_hh_ass_grp[1]/e_hh_ass_cabinet,115,1304
consent_grp[1]/e_rel_grp[1]/e_hh_ass_grp[1]/e_hh_ass_pot,115,1304
consent_grp[1]/e_rel_grp[1]/e_hh_ass_grp[1]/e_hh_ass_itn,115,1304
consent_grp[1]/e_rel_grp[1]/e_hh_ass_grp[1]/e_hh_ass_iron_elec,115,1304
consent_grp[1]/e_rel_grp[1]/e_hh_ass_grp[1]/e_hh_ass_iron_coal,115,1304
consent_grp[1]/e_rel_grp[1]/e_hh_ass_grp[1]/e_hh_ass_iron_gas,115,1304
consent_grp[1]/f_rel_grp[1]/f_comm_note,6,1419
consent_grp[1]/f_rel_grp[1]/section_f[1]/f_born_comm,45,1425
consent_grp[1]/f_rel_grp[1]/section_f[1]/f_school_loc,16,1433
consent_grp[1]/f_rel_grp[1]/section_f[1]/f_lived_bef_teach,15,1478
consent_grp[1]/f_rel_grp[1]/section_f[1]/f_lived_grp[1]/f_lived_comm,60,1501
consent_grp[1]/f_rel_grp[1]/section_f[1]/f_lived_grp[1]/f_lived_comm_year,60,1501
consent_grp[1]/f_rel_grp[1]/section_f[1]/f_lived_grp[1]/f_lived_comm_month,60,1501
consent_grp[1]/f_rel_grp[1]/section_f[1]/f_fam_lived,9,1561
consent_grp[1]/f_rel_grp[1]/section_f[1]/f_emot_support,33,1570
consent_grp[1]/f_rel_grp[1]/section_f[1]/f_emot_support_num,15,1603
consent_grp[1]/f_rel_grp[1]/section_f[1]/f_lend_money,19,1618
consent_grp[1]/f_rel_grp[1]/section_f[1]/f_borrow_money,10,1637
consent_grp[1]/f_rel_grp[1]/section_f[1]/f_rel_live_nearby,12,1648
consent_grp[1]/f_rel_grp[1]/section_f[1]/f_part_comm,12,1660
consent_grp[1]/f_rel_grp[1]/section_f[1]/f_main_trans,11,1671
consent_grp[1]/f_rel_grp[1]/section_f[1]/f_min_get_sch_grp[1]/f_min_get_note,17,1683
consent_grp[1]/f_rel_grp[1]/section_f[1]/f_min_get_sch_grp[1]/f_h_get_school,17,1683
consent_grp[1]/f_rel_grp[1]/section_f[1]/f_min_get_sch_grp[1]/f_m_get_school,17,1683
consent_grp[1]/g_nature_wrk_note,6,1696
consent_grp[1]/section_g[1]/g_teach_pos,7,1706
consent_grp[1]/section_g[1]/g_teach_school,10,1713
consent_grp[1]/section_g[1]/g_kg_grade,17,1722
consent_grp[1]/section_g[1]/g_class_grp[1]/g_children_note,15,1739
consent_grp[1]/section_g[1]/g_class_grp[1]/g_kg_2,15,1739
consent_grp[1]/section_g[1]/g_ah_grp[1]/g_ah_note,180,1754
consent_grp[1]/section_g[1]/g_ah_grp[1]/g_ah_working,180,1754
consent_grp[1]/section_g[1]/g_ah_grp[1]/g_ah_prepping,180,1754
consent_grp[1]/section_g[1]/g_eh_grp[1]/g_eh_note,103,1935
consent_grp[1]/section_g[1]/g_eh_grp[1]/g_eh_working,103,1935
consent_grp[1]/section_g[1]/g_eh_grp[1]/g_eh_prepping,103,1935
consent_grp[1]/section_g[1]/g_teach_salary,31,2037
consent_grp[1]/section_g[1]/g_salary_freq,13,2065
consent_grp[1]/section_g[1]/g_salary_intime,15,2082
consent_grp[1]/section_g[1]/g_money_cmp,10,2096
consent_grp[1]/section_g[1]/g_job_outside,11,2106
consent_grp[1]/section_g[1]/g_extra_money_spec,12,2117
consent_grp[1]/section_g[1]/g_sch_pro_grp[1]/tmp_g_sch_pro_lab,149,2129
consent_grp[1]/section_g[1]/g_sch_pro_grp[1]/g_class,149,2129
consent_grp[1]/section_g[1]/g_sch_pro_grp[1]/g_class_taught,149,2129
consent_grp[1]/section_g[1]/g_sch_pro_grp[1]/g_fin_resource,149,2129
consent_grp[1]/section_g[1]/g_sch_pro_grp[1]/g_high_expe,149,2129
consent_grp[1]/section_g[1]/g_sch_pro_grp[1]/g_change_curri,149,2129
consent_grp[1]/section_g[1]/g_sch_pro_grp[1]/g_diff_curri,149,2129
consent_grp[1]/section_g[1]/g_sch_pro_grp[1]/g_easy_curri,149,2129
consent_grp[1]/section_g[1]/g_sch_pro_grp[1]/g_par_dem_high,149,2129
consent_grp[1]/section_g[1]/g_sch_pro_grp[1]/g_par_suff_interest,149,2129
consent_grp[1]/section_g[1]/g_sch_pro_grp[1]/g_par_suff_active,149,2129
consent_grp[1]/section_g[1]/g_par_supp_grp[1]/g_par_supp_note,16,2278
consent_grp[1]/section_g[1]/g_par_supp_grp[1]/g_home_wrk,11,2293
consent_grp[1]/section_g[1]/g_par_supp_grp[1]/g_behave_val,13,2304
consent_grp[1]/section_g[1]/g_par_supp_grp[1]/g_get_schl,9,2317
consent_grp[1]/section_g[1]/g_par_supp_grp[1]/g_visit_schl,13,2326
consent_grp[1]/section_g[1]/g_par_supp_grp[1]/g_show_respect,12,2339
consent_grp[1]/section_g[1]/g_par_supp_grp[1]/g_best_schl,23,2351
consent_grp[1]/section_g[1]/g_par_supp_grp[1]/g_parti_pta,18,2375
consent_grp[1]/section_g[1]/g_par_supp_grp[1]/g_cont_kg_act,10,2393
consent_grp[1]/section_g[1]/g_lead_respect,17,2402
consent_grp[1]/section_g[1]/g_val_citizen,22,2420
consent_grp[1]/section_h[1]/sec_h_depre_note,49,2442
consent_grp[1]/section_h[1]/h_depression_grp[1]/h_da_note,127,2490
consent_grp[1]/section_h[1]/h_depression_grp[1]/tmp_h_da_lab,127,2490
consent_grp[1]/section_h[1]/h_depression_grp[1]/h_headache,127,2490
consent_grp[1]/section_h[1]/h_depression_grp[1]/h_appetite,127,2490
consent_grp[1]/section_h[1]/h_depression_grp[1]/h_sleep,127,2490
consent_grp[1]/section_h[1]/h_depression_grp[1]/h_frightened,127,2490
consent_grp[1]/section_h[1]/h_depression_grp[1]/h_hands_shake,127,2490
consent_grp[1]/section_h[1]/h_depression_grp[1]/h_nervous,127,2490
consent_grp[1]/section_h[1]/h_depression_grp[1]/h_digestion,127,2490
consent_grp[1]/section_h[1]/h_depression_grp[1]/h_thinking,127,2490
consent_grp[1]/section_h[1]/h_depression_grp[1]/h_unhappy,127,2490
consent_grp[1]/section_h[1]/h_depression_grp[1]/h_cry,127,2490
consent_grp[1]/section_h[1]/h_depression_grp[1]/h_activities,127,2490
consent_grp[1]/section_h[1]/h_depression_grp[1]/h_decisions,127,2490
consent_grp[1]/section_h[1]/h_depression_grp[1]/h_daily_work,127,2490
consent_grp[1]/section_h[1]/h_depression_grp[1]/h_life,127,2490
consent_grp[1]/section_h[1]/h_depression_grp[1]/h_interest,127,2490
consent_grp[1]/section_h[1]/h_depression_grp[1]/h_worthless,127,2490
consent_grp[1]/section_h[1]/h_depression_grp[1]/h_end_life,127,2490
consent_grp[1]/section_h[1]/h_depression_grp[1]/h_tired,127,2490
consent_grp[1]/section_h[1]/h_depression_grp[1]/h_uncomfortable,127,2490
consent_grp[1]/section_h[1]/h_depression_grp[1]/h_easily_tired,127,2490
consent_grp[1]/section_h[1]/sec_h_ext_contr_note,19,2618
consent_grp[1]/section_h[1]/h_ext_control_grp[1]/h_ext_cont_note,15,2636
consent_grp[1]/section_h[1]/h_ext_control_grp[1]/h_pup_learn,34,2651
consent_grp[1]/section_h[1]/h_ext_control_grp[1]/h_discipline,34,2685
consent_grp[1]/section_h[1]/h_ext_control_grp[1]/h_stu_achieve,27,2719
consent_grp[1]/section_h[1]/h_ext_control_grp[1]/h_teach_motiv,22,2745
consent_grp[1]/section_h[1]/h_ext_control_grp[1]/h_good_teach,18,2767
consent_grp[1]/section_h[1]/sec_h_motiv_note,3,2785
consent_grp[1]/section_h[1]/h_motiv_grp[1]/h_motiv_note,10,2788
consent_grp[1]/section_h[1]/h_motiv_grp[1]/h_motiv_help,30,2794
consent_grp[1]/section_h[1]/h_motiv_grp[1]/h_quest_school,40,2828
consent_grp[1]/section_h[1]/h_motiv_grp[1]/h_help_child,11,2868
consent_grp[1]/section_h[1]/h_motiv_grp[1]/h_sch_goal,15,2879
consent_grp[1]/section_h[1]/h_motiv_grp[1]/h_help_emot,12,2894
consent_grp[1]/section_h[1]/h_motiv_grp[1]/h_enjoy_teach,16,2907
consent_grp[1]/section_h[1]/h_motiv_grp[1]/h_develop_society,15,2923
consent_grp[1]/section_h[1]/h_motiv_grp[1]/h_develop_socially,14,2937
consent_grp[1]/section_h[1]/h_motiv_grp[1]/h_perso_clear,13,2951
consent_grp[1]/section_h[1]/h_impor_thing,45,2964
consent_grp[1]/section_h[1]/h_job_satisfaction_grp[1]/h_job_satis_note,32,3009
consent_grp[1]/section_h[1]/h_job_satisfaction_grp[1]/h_look_out,29,3041
consent_grp[1]/section_h[1]/h_job_satisfaction_grp[1]/h_perso_worries,10,3070
consent_grp[1]/section_h[1]/h_job_satisfaction_grp[1]/h_know_col,18,3081
consent_grp[1]/section_h[1]/h_job_satisfaction_grp[1]/h_col_coop,43,3099
consent_grp[1]/section_h[1]/h_job_satisfaction_grp[1]/h_trust_col,16,3141
consent_grp[1]/section_h[1]/h_job_satisfaction_grp[1]/h_enjoy_col,9,3157
consent_grp[1]/section_h[1]/h_job_satisfaction_grp[1]/h_sup_respect,7,3166
consent_grp[1]/section_h[1]/h_job_satisfaction_grp[1]/h_sup_busy,9,3173
consent_grp[1]/section_h[1]/h_job_satisfaction_grp[1]/h_sup_opinion,10,3182
consent_grp[1]/section_h[1]/h_job_satisfaction_grp[1]/h_count_sup,8,3192
consent_grp[1]/section_h[1]/h_job_satisfaction_grp[1]/h_motivated,8,3200
consent_grp[1]/section_h[1]/h_job_satisfaction_grp[1]/h_sup_unpredict,7,3208
consent_grp[1]/section_h[1]/h_job_satisfaction_grp[1]/h_wrk_challenge,9,3216
consent_grp[1]/section_h[1]/h_job_satisfaction_grp[1]/h_wrk_monotonous,17,3224
consent_grp[1]/section_h[1]/h_job_satisfaction_grp[1]/h_wrk_creative,9,3241
consent_grp[1]/section_h[1]/h_job_satisfaction_grp[1]/h_big_impact,19,3250
consent_grp[1]/section_h[1]/h_job_satisfaction_grp[1]/h_little_time,26,3270
consent_grp[1]/section_h[1]/h_job_satisfaction_grp[1]/h_control_satis,16,3295
consent_grp[1]/section_h[1]/h_job_satisfaction_grp[1]/h_look,14,3312
consent_grp[1]/section_h[1]/h_job_satisfaction_grp[1]/h_small_space,16,3326
consent_grp[1]/section_h[1]/h_job_satisfaction_grp[1]/h_new_mat,9,3342
consent_grp[1]/section_h[1]/h_job_satisfaction_grp[1]/h_clean_kinder,15,3351
consent_grp[1]/section_h[1]/h_job_satisfaction_grp[1]/h_loud_kinder,21,3365
consent_grp[1]/section_h[1]/h_job_satisfaction_grp[1]/h_kinder_rules,9,3387
consent_grp[1]/section_h[1]/h_job_satisfaction_grp[1]/h_satisfied_paid,12,3396
consent_grp[1]/section_h[1]/h_burnout_grp[1]/h_burnout_note,15,3408
consent_grp[1]/section_h[1]/h_burnout_grp[1]/h_emotion_drained,16,3423
consent_grp[1]/section_h[1]/h_burnout_grp[1]/h_used_up,16,3439
consent_grp[1]/section_h[1]/h_burnout_grp[1]/h_fatigued,13,3455
consent_grp[1]/section_h[1]/h_burnout_grp[1]/h_child_feel,22,3468
consent_grp[1]/section_h[1]/h_burnout_grp[1]/h_child_impersonal,13,3489
consent_grp[1]/section_h[1]/h_burnout_grp[1]/h_ppl_strain,16,3502
consent_grp[1]/section_h[1]/h_burnout_grp[1]/h_deal_effect,36,3518
consent_grp[1]/section_h[1]/h_burnout_grp[1]/h_burnout,7,3554
consent_grp[1]/section_h[1]/h_burnout_grp[1]/h_pos_influence,12,3561
consent_grp[1]/section_h[1]/h_burnout_grp[1]/h_cold,19,3573
consent_grp[1]/section_h[1]/h_burnout_grp[1]/h_hard,9,3592
consent_grp[1]/section_h[1]/h_burnout_grp[1]/h_energetic,27,3600
consent_grp[1]/section_h[1]/h_burnout_grp[1]/h_frustrated,8,3627
consent_grp[1]/section_h[1]/h_burnout_grp[1]/h_work_hard,28,3635
consent_grp[1]/section_h[1]/h_burnout_grp[1]/h_dont_care,9,3664
consent_grp[1]/section_h[1]/h_burnout_grp[1]/h_put_pressure,9,3673
consent_grp[1]/section_h[1]/h_burnout_grp[1]/h_relax,24,3682
consent_grp[1]/section_h[1]/h_burnout_grp[1]/h_excited,12,3706
consent_grp[1]/section_h[1]/h_burnout_grp[1]/h_accomplished,35,3717
consent_grp[1]/section_h[1]/h_burnout_grp[1]/h_end_of_rop,15,3753
consent_grp[1]/section_h[1]/h_burnout_grp[1]/h_emot_pro_calm,34,3768
consent_grp[1]/i_teacher_knowledge_grp[1]/I_teach_know_note,13,3802
consent_grp[1]/i_teacher_knowledge_grp[1]/i_consonance,40,3815
consent_grp[1]/i_teacher_knowledge_grp[1]/i_vowel,10,3855
consent_grp[1]/i_teacher_knowledge_grp[1]/i_unbelievable,24,3866
consent_grp[1]/i_teacher_knowledge_grp[1]/i_irregular,14,3889
consent_grp[1]/i_teacher_knowledge_grp[1]/i_cat,14,3903
consent_grp[1]/i_teacher_knowledge_grp[1]/i_cough,15,3917
consent_grp[1]/i_teacher_knowledge_grp[1]/i_check,13,3932
consent_grp[1]/i_teacher_knowledge_grp[1]/i_english,26,3945
consent_grp[1]/j_perception_grp[1]/j_perception_note,36,3971
consent_grp[1]/j_perception_grp[1]/j_dev_practice_grp[1]/j_dev_practice_note,12,4007
consent_grp[1]/j_perception_grp[1]/j_dev_practice_grp[1]/j_child_need,23,4019
consent_grp[1]/j_perception_grp[1]/j_dev_practice_grp[1]/j_recog_letter,16,4042
consent_grp[1]/j_perception_grp[1]/j_dev_practice_grp[1]/j_recog_number,7,4058
consent_grp[1]/j_perception_grp[1]/j_dev_practice_grp[1]/j_recog_colour,6,4065
consent_grp[1]/j_perception_grp[1]/j_dev_practice_grp[1]/j_indiv_goal,11,4071
consent_grp[1]/j_perception_grp[1]/j_dev_practice_grp[1]/j_play_materials,14,4082
consent_grp[1]/j_perception_grp[1]/j_dev_practice_grp[1]/j_child_measure,9,4095
consent_grp[1]/j_perception_grp[1]/j_supp_chil_grp[1]/j_supp_chil_note,8,4104
consent_grp[1]/j_perception_grp[1]/j_supp_chil_grp[1]/j_build_relation,17,4112
consent_grp[1]/j_perception_grp[1]/j_supp_chil_grp[1]/j_control_behaviour,7,4129
consent_grp[1]/j_perception_grp[1]/j_supp_chil_grp[1]/j_express_thought,7,4136
consent_grp[1]/j_perception_grp[1]/j_supp_chil_grp[1]/j_resolve_conflicts,15,4143
consent_grp[1]/j_perception_grp[1]/j_supp_chil_grp[1]/j_guidance_style,13,4157
consent_grp[1]/j_perception_grp[1]/j_fam_sensitive_grp[1]/j_fam_sensitive_note,101,4171
consent_grp[1]/j_perception_grp[1]/j_fam_sensitive_grp[1]/j_parent_goal,101,4171
consent_grp[1]/j_perception_grp[1]/j_fam_sensitive_grp[1]/j_work_schedule,101,4171
consent_grp[1]/j_perception_grp[1]/j_fam_sensitive_grp[1]/j_fam_decision,101,4171
consent_grp[1]/j_perception_grp[1]/j_fam_sensitive_grp[1]/j_family_care,101,4171
consent_grp[1]/j_perception_grp[1]/j_fam_sensitive_grp[1]/j_connect_family,101,4171
consent_grp[1]/k_grp[1]/k_instro_note,49,4271
consent_grp[1]/k_grp[1]/k_ts_grp[1]/tmp_k_labels,183,4299
consent_grp[1]/k_grp[1]/k_ts_grp[1]/k_take_priviledges,183,4299
consent_grp[1]/k_grp[1]/k_ts_grp[1]/k_explain_behavior,183,4299
consent_grp[1]/k_grp[1]/k_ts_grp[1]/k_shook,183,4299
consent_grp[1]/k_grp[1]/k_ts_grp[1]/k_shouted,183,4299
consent_grp[1]/k_grp[1]/k_ts_grp[1]/k_gave_something,183,4299
consent_grp[1]/k_grp[1]/k_ts_grp[1]/k_spanked,183,4299
consent_grp[1]/k_grp[1]/k_ts_grp[1]/k_hit_bottom,183,4299
consent_grp[1]/k_grp[1]/k_ts_grp[1]/k_call_dumb,183,4299
consent_grp[1]/k_grp[1]/k_ts_grp[1]/k_hit_face,183,4299
consent_grp[1]/k_grp[1]/k_ts_grp[1]/k_praised,183,4299
consent_grp[1]/k_grp[1]/k_ts_grp[1]/k_affection,183,4299
consent_grp[1]/k_grp[1]/k_ts_grp[1]/k_rewarded,183,4299
consent_grp[1]/l_teaching_prac_grp[1]/l_note,7,4504
consent_grp[1]/l_teaching_prac_grp[1]/l_previos_kinder_act[1]/tmp_l_prac_lab,77,4510
consent_grp[1]/l_teaching_prac_grp[1]/l_previos_kinder_act[1]/l_hygiene_routine,77,4510
consent_grp[1]/l_teaching_prac_grp[1]/l_previos_kinder_act[1]/l_supply,77,4510
consent_grp[1]/l_teaching_prac_grp[1]/l_previos_kinder_act[1]/l_pamper,77,4510
consent_grp[1]/l_teaching_prac_grp[1]/l_previos_kinder_act[1]/l_read,77,4510
consent_grp[1]/l_teaching_prac_grp[1]/l_previos_kinder_act[1]/l_tell,77,4510
consent_grp[1]/l_teaching_prac_grp[1]/l_previos_kinder_act[1]/l_conversatin,77,4510
consent_grp[1]/l_teaching_prac_grp[1]/l_previos_kinder_act[1]/l_sing,77,4510
consent_grp[1]/l_teaching_prac_grp[1]/l_previos_kinder_act[1]/l_dance,77,4510
consent_grp[1]/l_teaching_prac_grp[1]/l_previos_kinder_act[1]/l_visit,77,4510
consent_grp[1]/l_teaching_prac_grp[1]/l_previos_kinder_act[1]/l_play_kg,77,4510
consent_grp[1]/l_teaching_prac_grp[1]/l_previos_kinder_act[1]/l_play_recrea,77,4511
consent_grp[1]/l_teaching_prac_grp[1]/l_previos_kinder_act[1]/l_sleep,77,4511
consent_grp[1]/l_teaching_prac_grp[1]/l_previos_kinder_act[1]/l_run,77,4511
consent_grp[1]/l_teaching_prac_grp[1]/l_previos_kinder_act[1]/l_group_learn,77,4511
consent_grp[1]/l_teaching_prac_grp[1]/l_previos_kinder_act[1]/l_indiv_learn,77,4511
consent_grp[1]/l_teaching_prac_grp[1]/l_class_acti_grp[1]/l_act_grp[1]/tmp_l_class_lab,61,4587
consent_grp[1]/l_teaching_prac_grp[1]/l_class_acti_grp[1]/l_act_grp[1]/l_teach_colour,61,4587
consent_grp[1]/l_teaching_prac_grp[1]/l_class_acti_grp[1]/l_act_grp[1]/l_teach_number,61,4587
consent_grp[1]/l_teaching_prac_grp[1]/l_class_acti_grp[1]/l_act_grp[1]/l_teach_letter,61,4587
consent_grp[1]/l_teaching_prac_grp[1]/l_class_acti_grp[1]/l_act_grp[1]/l_teach_form,61,4587
consent_grp[1]/l_teaching_prac_grp[1]/l_class_acti_grp[1]/l_act_grp[1]/l_socialise,61,4587
consent_grp[1]/l_teaching_prac_grp[1]/l_class_acti_grp[1]/l_act_grp[1]/l_pro_solve,61,4587
consent_grp[1]/l_teaching_prac_grp[1]/l_class_acti_grp[1]/l_act_grp[1]/l_writing,61,4587
consent_grp[1]/l_teaching_prac_grp[1]/l_class_acti_grp[1]/l_act_grp[1]/l_teach_body,61,4587
consent_grp[1]/l_teaching_prac_grp[1]/l_class_acti_grp[1]/l_act_grp[1]/l_pers_hygiene,61,4587
consent_grp[1]/l_teaching_prac_grp[1]/l_class_acti_grp[1]/l_act_grp[1]/l_art_expre,61,4587
consent_grp[1]/l_teaching_prac_grp[1]/l_class_acti_grp[1]/l_act_grp[1]/l_body_lang,61,4587
consent_grp[1]/l_teaching_prac_grp[1]/l_class_acti_grp[1]/l_act_grp[1]/l_concentration,61,4587
consent_grp[1]/l_teaching_prac_grp[1]/l_class_acti_grp[1]/l_act_grp[1]/l_gross_motor,61,4587
consent_grp[1]/l_teaching_prac_grp[1]/l_class_acti_grp[1]/l_act_grp[1]/l_fine_motor,61,4587
consent_grp[1]/l_teaching_prac_grp[1]/l_class_acti_grp[1]/l_act_grp[1]/l_gender,61,4587
consent_grp[1]/l_teaching_prac_grp[1]/l_class_acti_grp[1]/l_act_grp[1]/l_responsibility,61,4587
consent_grp[1]/l_teaching_prac_grp[1]/l_class_acti_grp[1]/l_act_grp[1]/l_speech,61,4587
consent_grp[1]/l_teaching_prac_grp[1]/l_class_acti_grp[1]/l_act_grp[1]/l_explore_comm,61,4587
consent_grp[1]/l_teaching_prac_grp[1]/l_class_acti_grp[1]/l_act_grp[1]/l_explore_culture,61,4587
consent_grp[1]/l_teaching_prac_grp[1]/l_parent_interact_note,4,4649
consent_grp[1]/l_teaching_prac_grp[1]/l_actively_engaged,15,4653
consent_grp[1]/l_teaching_prac_grp[1]/l_proportion_child,25,4668
consent_grp[1]/l_teaching_prac_grp[1]/l_proportion_child_more,18,4693
consent_grp[1]/l_teaching_prac_grp[1]/l_visit_pupil_house,30,4709
consent_grp[1]/l_teaching_prac_grp[1]/l_visit_parent_house,27,4739
consent_grp[1]/l_teaching_prac_grp[1]/l_receive_parent_supp,15,4768
consent_grp[1]/l_teaching_prac_grp[1]/l_day_teaching_note,26,4784
consent_grp[1]/l_teaching_prac_grp[1]/l_day_grp[1]/tmp_l_labs,68,4810
consent_grp[1]/l_teaching_prac_grp[1]/l_day_grp[1]/l_daily_schedule,68,4810
consent_grp[1]/l_teaching_prac_grp[1]/l_day_grp[1]/l_play_period,68,4810
consent_grp[1]/l_teaching_prac_grp[1]/l_day_grp[1]/l_free_play,68,4810
consent_grp[1]/l_teaching_prac_grp[1]/l_day_grp[1]/l_activities,68,4810
consent_grp[1]/l_teaching_prac_grp[1]/l_per_daily_grp[1]/l_perc_note,256,4878
consent_grp[1]/l_teaching_prac_grp[1]/l_per_daily_grp[1]/l_admin_per,256,4878
consent_grp[1]/l_teaching_prac_grp[1]/l_per_daily_grp[1]/l_class_per,256,4878
consent_grp[1]/l_teaching_prac_grp[1]/l_per_daily_grp[1]/l_teach_per,256,4878
consent_grp[1]/l_teaching_prac_grp[1]/l_per_daily_grp[1]/l_super_per,256,4878
consent_grp[1]/l_teaching_prac_grp[1]/l_per_daily_grp[1]/l_super_oth_per,256,4878
consent_grp[1]/l_teaching_prac_grp[1]/l_per_daily_grp[1]/l_break_per,256,4878
consent_grp[1]/l_teaching_prac_grp[1]/tmp_force_note,14,5114
consent_grp[1]/l_teaching_prac_grp[1]/l_discipline_note,4,5148
consent_grp[1]/l_teaching_prac_grp[1]/l_dont_like,29,5152
consent_grp[1]/l_teaching_prac_grp[1]/l_really_bad,24,5181
consent_grp[1]/l_teaching_prac_grp[1]/l_does_good,13,5204
consent_grp[1]/l_teaching_prac_grp[1]/l_praise,12,5218
consent_grp[1]/q_note,21,5229
consent_grp[1]/q_activ_yn,15,5251
consent_grp[1]/q_rpt[1]/q_activ_r,32,5265
consent_grp[1]/q_rpt[1]/q_activ_osp_r,26,5297
consent_grp[1]/q_rpt[1]/q_activ_org_r,15,5323
consent_grp[1]/q_rpt[1]/q_activ_org_osp_r,17,5338
consent_grp[1]/q_rpt[1]/q_activ_add_r,16,5355
s_int_accom_yn,3,5371
comments,1,5374
