Field name,Total duration (seconds),First appeared (seconds into survey)
instruction,3,5
a_district_id,3,8
a_circuit_id,5,11
a_kg_id,5,16
a_community_id,2,20
a_enum_id,11,23
consent_note,1,34
con_understand,3,35
con_questions,2,38
con_written,1,40
consent_grp[1]/audio_consent,1,41
consent_grp[1]/d_background_note,1,43
consent_grp[1]/section_d[1]/kgt_key,4,44
consent_grp[1]/section_d[1]/kgt_name_gp[1]/kgt_fsn,39,48
consent_grp[1]/section_d[1]/kgt_name_gp[1]/kgt_msn,39,48
consent_grp[1]/section_d[1]/kgt_name_gp[1]/kgt_lsn,39,48
consent_grp[1]/section_d[1]/kgt_name_gp[1]/kgt_ppn,39,48
consent_grp[1]/section_d[1]/kgt_name_gp[1]/d_sex,39,48
consent_grp[1]/section_d[1]/kgt_confirm_note,3,87
consent_grp[1]/section_d[1]/d_num_cnt,4,91
consent_grp[1]/section_d[1]/d_cnt_grp[1]/d_cnt_main,20,95
consent_grp[1]/section_d[1]/d_cnt_grp[1]/d_cnt_sec,20,95
consent_grp[1]/section_d[1]/d_age,5,115
consent_grp[1]/section_d[1]/d_teacher_grp[1]/d_been_teacher,6,120
consent_grp[1]/section_d[1]/d_teacher_grp[1]/d_teacher_year,6,120
consent_grp[1]/section_d[1]/d_teacher_grp[1]/d_teacher_month,6,120
consent_grp[1]/section_d[1]/d_been_kinder_grp[1]/d_been_kinder,7,126
consent_grp[1]/section_d[1]/d_been_kinder_grp[1]/d_kinder_year,7,126
consent_grp[1]/section_d[1]/d_been_kinder_grp[1]/d_kinder_month,7,126
consent_grp[1]/section_d[1]/d_work_last,2,132
consent_grp[1]/section_d[1]/d_os_yn,1,134
consent_grp[1]/section_d[1]/d_os_grp[1]/d_os_name,40,135
consent_grp[1]/section_d[1]/d_os_grp[1]/d_os_region,40,135
consent_grp[1]/section_d[1]/d_os_district,14,175
consent_grp[1]/section_d[1]/d_os_comm_sel,162,179
consent_grp[1]/section_d[1]/d_edu_level,75,352
consent_grp[1]/section_d[1]/d_edu_train,2,427
consent_grp[1]/section_d[1]/d_edu_level_train,2,429
consent_grp[1]/section_d[1]/d_edu_level_fath,2,432
consent_grp[1]/section_d[1]/d_edu_level_mom,1,434
consent_grp[1]/section_d[1]/d_marital_status,3,435
consent_grp[1]/section_d[1]/d_ethnic_group,4,438
consent_grp[1]/section_d[1]/d_religion,2,442
consent_grp[1]/section_d[1]/d_la_spk_grp[1]/d_la_spk_note,43,444
consent_grp[1]/section_d[1]/d_la_spk_grp[1]/d_la_spk_eng,43,444
consent_grp[1]/section_d[1]/d_la_spk_grp[1]/d_la_spk_grun,43,444
consent_grp[1]/section_d[1]/d_la_wrt_grp[1]/d_la_wrt_note,18,487
consent_grp[1]/section_d[1]/d_la_wrt_grp[1]/d_la_wrt_eng,18,487
consent_grp[1]/section_d[1]/d_la_wrt_grp[1]/d_la_wrt_grun,18,487
consent_grp[1]/section_d[1]/d_main_language,2,505
consent_grp[1]/section_d[1]/d_loc_lang_kinderg,4,507
consent_grp[1]/e_rel_grp[1]/e_hh_note,3,511
consent_grp[1]/e_rel_grp[1]/e_hh_num,5,514
consent_grp[1]/e_rel_grp[1]/e_hh_grp[1]/e_hh_head,18,519
consent_grp[1]/e_rel_grp[1]/e_hh_grp[1]/e_chil_hh,18,519
consent_grp[1]/e_rel_grp[1]/e_hh_grp[1]/e_adult_hh,18,519
consent_grp[1]/e_rel_grp[1]/e_hh_school,3,538
consent_grp[1]/e_rel_grp[1]/e_read_english,2,540
consent_grp[1]/e_rel_grp[1]/e_rate_health,2,542
consent_grp[1]/e_rel_grp[1]/e_live_note,1,544
consent_grp[1]/e_rel_grp[1]/e_rooms_occu,2,545
consent_grp[1]/e_rel_grp[1]/e_own_status,4,547
consent_grp[1]/e_rel_grp[1]/e_electricity_inhouse,3,551
consent_grp[1]/e_rel_grp[1]/e_floor_material,2,554
consent_grp[1]/e_rel_grp[1]/e_interior_floor,2,556
consent_grp[1]/e_rel_grp[1]/e_roof_mat,2,558
consent_grp[1]/e_rel_grp[1]/e_cook_fuel,1,560
consent_grp[1]/e_rel_grp[1]/e_lighting,5,561
consent_grp[1]/e_rel_grp[1]/e_drink_source,5,566
consent_grp[1]/e_rel_grp[1]/e_toilet_facility,3,571
consent_grp[1]/e_rel_grp[1]/e_asset_note,1,574
consent_grp[1]/e_rel_grp[1]/e_hh_own_phone,3,575
consent_grp[1]/e_rel_grp[1]/e_hh_ass_grp[1]/tmp_e_hh_ass_lab,51,579
consent_grp[1]/e_rel_grp[1]/e_hh_ass_grp[1]/e_hh_ass_radio,51,579
consent_grp[1]/e_rel_grp[1]/e_hh_ass_grp[1]/e_hh_ass_refrig,51,579
consent_grp[1]/e_rel_grp[1]/e_hh_ass_grp[1]/e_hh_ass_bike,51,579
consent_grp[1]/e_rel_grp[1]/e_hh_ass_grp[1]/e_hh_ass_tv,51,579
consent_grp[1]/e_rel_grp[1]/e_hh_ass_grp[1]/e_hh_ass_vcr,51,579
consent_grp[1]/e_rel_grp[1]/e_hh_ass_grp[1]/e_hh_ass_motor,51,579
consent_grp[1]/e_rel_grp[1]/e_hh_ass_grp[1]/e_hh_ass_car,51,579
consent_grp[1]/e_rel_grp[1]/e_hh_ass_grp[1]/e_hh_ass_tractor,51,579
consent_grp[1]/e_rel_grp[1]/e_hh_ass_grp[1]/e_hh_ass_farm_equip,51,579
consent_grp[1]/e_rel_grp[1]/e_hh_ass_grp[1]/e_hh_ass_sew_mach,51,579
consent_grp[1]/e_rel_grp[1]/e_hh_ass_grp[1]/e_hh_ass_bed,51,579
consent_grp[1]/e_rel_grp[1]/e_hh_ass_grp[1]/e_hh_ass_mattress,51,579
consent_grp[1]/e_rel_grp[1]/e_hh_ass_grp[1]/e_hh_ass_table_chair,51,579
consent_grp[1]/e_rel_grp[1]/e_hh_ass_grp[1]/e_hh_ass_stool,51,579
consent_grp[1]/e_rel_grp[1]/e_hh_ass_grp[1]/e_hh_ass_sofa,51,579
consent_grp[1]/e_rel_grp[1]/e_hh_ass_grp[1]/e_hh_ass_fan,51,579
consent_grp[1]/e_rel_grp[1]/e_hh_ass_grp[1]/e_hh_ass_lamp,51,579
consent_grp[1]/e_rel_grp[1]/e_hh_ass_grp[1]/e_hh_ass_watch,51,579
consent_grp[1]/e_rel_grp[1]/e_hh_ass_grp[1]/e_hh_ass_mat,51,579
consent_grp[1]/e_rel_grp[1]/e_hh_ass_grp[1]/e_hh_ass_torch,51,579
consent_grp[1]/e_rel_grp[1]/e_hh_ass_grp[1]/e_hh_ass_cabinet,51,579
consent_grp[1]/e_rel_grp[1]/e_hh_ass_grp[1]/e_hh_ass_pot,51,579
consent_grp[1]/e_rel_grp[1]/e_hh_ass_grp[1]/e_hh_ass_itn,51,579
consent_grp[1]/e_rel_grp[1]/e_hh_ass_grp[1]/e_hh_ass_iron_elec,51,579
consent_grp[1]/e_rel_grp[1]/e_hh_ass_grp[1]/e_hh_ass_iron_coal,51,579
consent_grp[1]/e_rel_grp[1]/e_hh_ass_grp[1]/e_hh_ass_iron_gas,51,579
consent_grp[1]/f_rel_grp[1]/f_comm_note,2,630
consent_grp[1]/f_rel_grp[1]/section_f[1]/f_born_comm,3,632
consent_grp[1]/f_rel_grp[1]/section_f[1]/f_school_loc,3,634
consent_grp[1]/f_rel_grp[1]/section_f[1]/f_lived_bef_teach,1,638
consent_grp[1]/f_rel_grp[1]/section_f[1]/f_lived_grp[1]/f_lived_comm,5,639
consent_grp[1]/f_rel_grp[1]/section_f[1]/f_lived_grp[1]/f_lived_comm_year,5,639
consent_grp[1]/f_rel_grp[1]/section_f[1]/f_lived_grp[1]/f_lived_comm_month,5,639
consent_grp[1]/f_rel_grp[1]/section_f[1]/f_fam_lived,3,645
consent_grp[1]/f_rel_grp[1]/section_f[1]/f_emot_support,2,647
consent_grp[1]/f_rel_grp[1]/section_f[1]/f_lend_money,2,649
consent_grp[1]/f_rel_grp[1]/section_f[1]/f_borrow_money,2,651
consent_grp[1]/f_rel_grp[1]/section_f[1]/f_rel_live_nearby,11,653
consent_grp[1]/f_rel_grp[1]/section_f[1]/f_part_comm,6,664
consent_grp[1]/f_rel_grp[1]/section_f[1]/f_main_trans,12,668
consent_grp[1]/f_rel_grp[1]/section_f[1]/f_min_get_sch_grp[1]/f_min_get_note,6,682
consent_grp[1]/f_rel_grp[1]/section_f[1]/f_min_get_sch_grp[1]/f_h_get_school,6,682
consent_grp[1]/f_rel_grp[1]/section_f[1]/f_min_get_sch_grp[1]/f_m_get_school,6,682
consent_grp[1]/g_nature_wrk_note,9,689
consent_grp[1]/section_g[1]/g_teach_pos,2,697
consent_grp[1]/section_g[1]/g_teach_school,6,699
consent_grp[1]/section_g[1]/g_kg_grade,2,705
consent_grp[1]/section_g[1]/g_class_grp[1]/g_children_note,3,707
consent_grp[1]/section_g[1]/g_class_grp[1]/g_kg_2,3,707
consent_grp[1]/section_g[1]/g_ah_grp[1]/g_ah_note,6,710
consent_grp[1]/section_g[1]/g_ah_grp[1]/g_ah_working,6,710
consent_grp[1]/section_g[1]/g_ah_grp[1]/g_ah_prepping,6,710
consent_grp[1]/section_g[1]/g_eh_grp[1]/g_eh_note,4,716
consent_grp[1]/section_g[1]/g_eh_grp[1]/g_eh_working,4,716
consent_grp[1]/section_g[1]/g_eh_grp[1]/g_eh_prepping,4,716
consent_grp[1]/section_g[1]/g_teach_salary,5,720
consent_grp[1]/section_g[1]/g_salary_freq,2,725
consent_grp[1]/section_g[1]/g_salary_intime,6,727
consent_grp[1]/section_g[1]/g_money_cmp,2,733
consent_grp[1]/section_g[1]/g_job_outside,3,736
consent_grp[1]/section_g[1]/g_extra_money_spec,7,737
consent_grp[1]/section_g[1]/g_sch_pro_grp[1]/tmp_g_sch_pro_lab,50,746
consent_grp[1]/section_g[1]/g_sch_pro_grp[1]/g_class,50,746
consent_grp[1]/section_g[1]/g_sch_pro_grp[1]/g_class_taught,50,746
consent_grp[1]/section_g[1]/g_sch_pro_grp[1]/g_fin_resource,50,746
consent_grp[1]/section_g[1]/g_sch_pro_grp[1]/g_high_expe,50,746
consent_grp[1]/section_g[1]/g_sch_pro_grp[1]/g_change_curri,50,746
consent_grp[1]/section_g[1]/g_sch_pro_grp[1]/g_diff_curri,50,746
consent_grp[1]/section_g[1]/g_sch_pro_grp[1]/g_easy_curri,50,746
consent_grp[1]/section_g[1]/g_sch_pro_grp[1]/g_par_dem_high,50,746
consent_grp[1]/section_g[1]/g_sch_pro_grp[1]/g_par_suff_interest,50,746
consent_grp[1]/section_g[1]/g_sch_pro_grp[1]/g_par_suff_active,50,746
consent_grp[1]/section_g[1]/g_par_supp_grp[1]/g_par_supp_note,2,796
consent_grp[1]/section_g[1]/g_par_supp_grp[1]/g_home_wrk,5,798
consent_grp[1]/section_g[1]/g_par_supp_grp[1]/g_behave_val,2,802
consent_grp[1]/section_g[1]/g_par_supp_grp[1]/g_get_schl,2,805
consent_grp[1]/section_g[1]/g_par_supp_grp[1]/g_visit_schl,2,806
consent_grp[1]/section_g[1]/g_par_supp_grp[1]/g_show_respect,2,808
consent_grp[1]/section_g[1]/g_par_supp_grp[1]/g_best_schl,1,809
consent_grp[1]/section_g[1]/g_par_supp_grp[1]/g_parti_pta,1,811
consent_grp[1]/section_g[1]/g_par_supp_grp[1]/g_cont_kg_act,1,812
consent_grp[1]/section_g[1]/g_lead_respect,2,813
consent_grp[1]/section_g[1]/g_val_citizen,1,815
consent_grp[1]/section_h[1]/sec_h_depre_note,1,817
consent_grp[1]/section_h[1]/h_depression_grp[1]/h_da_note,31,818
consent_grp[1]/section_h[1]/h_depression_grp[1]/tmp_h_da_lab,31,818
consent_grp[1]/section_h[1]/h_depression_grp[1]/h_headache,31,818
consent_grp[1]/section_h[1]/h_depression_grp[1]/h_appetite,31,818
consent_grp[1]/section_h[1]/h_depression_grp[1]/h_sleep,31,818
consent_grp[1]/section_h[1]/h_depression_grp[1]/h_frightened,31,818
consent_grp[1]/section_h[1]/h_depression_grp[1]/h_hands_shake,31,818
consent_grp[1]/section_h[1]/h_depression_grp[1]/h_nervous,31,818
consent_grp[1]/section_h[1]/h_depression_grp[1]/h_digestion,31,818
consent_grp[1]/section_h[1]/h_depression_grp[1]/h_thinking,31,818
consent_grp[1]/section_h[1]/h_depression_grp[1]/h_unhappy,31,818
consent_grp[1]/section_h[1]/h_depression_grp[1]/h_cry,31,818
consent_grp[1]/section_h[1]/h_depression_grp[1]/h_activities,31,818
consent_grp[1]/section_h[1]/h_depression_grp[1]/h_decisions,31,818
consent_grp[1]/section_h[1]/h_depression_grp[1]/h_daily_work,31,818
consent_grp[1]/section_h[1]/h_depression_grp[1]/h_life,31,818
consent_grp[1]/section_h[1]/h_depression_grp[1]/h_interest,31,818
consent_grp[1]/section_h[1]/h_depression_grp[1]/h_worthless,31,818
consent_grp[1]/section_h[1]/h_depression_grp[1]/h_end_life,31,818
consent_grp[1]/section_h[1]/h_depression_grp[1]/h_tired,31,818
consent_grp[1]/section_h[1]/h_depression_grp[1]/h_uncomfortable,31,818
consent_grp[1]/section_h[1]/h_depression_grp[1]/h_easily_tired,31,818
consent_grp[1]/section_h[1]/sec_h_ext_contr_note,1,849
consent_grp[1]/section_h[1]/h_ext_control_grp[1]/h_ext_cont_note,1,850
consent_grp[1]/section_h[1]/h_ext_control_grp[1]/h_pup_learn,4,851
consent_grp[1]/section_h[1]/h_ext_control_grp[1]/h_discipline,2,855
consent_grp[1]/section_h[1]/h_ext_control_grp[1]/h_stu_achieve,2,857
consent_grp[1]/section_h[1]/h_ext_control_grp[1]/h_teach_motiv,3,859
consent_grp[1]/section_h[1]/h_ext_control_grp[1]/h_good_teach,2,862
consent_grp[1]/section_h[1]/sec_h_motiv_note,1,864
consent_grp[1]/section_h[1]/h_motiv_grp[1]/h_motiv_note,4,865
consent_grp[1]/section_h[1]/h_motiv_grp[1]/h_motiv_help,4,869
consent_grp[1]/section_h[1]/h_motiv_grp[1]/h_quest_school,2,873
consent_grp[1]/section_h[1]/h_motiv_grp[1]/h_help_child,1,875
consent_grp[1]/section_h[1]/h_motiv_grp[1]/h_sch_goal,2,876
consent_grp[1]/section_h[1]/h_motiv_grp[1]/h_help_emot,1,878
consent_grp[1]/section_h[1]/h_motiv_grp[1]/h_enjoy_teach,1,880
consent_grp[1]/section_h[1]/h_motiv_grp[1]/h_develop_society,1,881
consent_grp[1]/section_h[1]/h_motiv_grp[1]/h_develop_socially,2,882
consent_grp[1]/section_h[1]/h_motiv_grp[1]/h_perso_clear,2,884
consent_grp[1]/section_h[1]/h_impor_thing,7,886
consent_grp[1]/section_h[1]/h_job_satisfaction_grp[1]/h_job_satis_note,1,894
consent_grp[1]/section_h[1]/h_job_satisfaction_grp[1]/h_look_out,3,895
consent_grp[1]/section_h[1]/h_job_satisfaction_grp[1]/h_perso_worries,2,897
consent_grp[1]/section_h[1]/h_job_satisfaction_grp[1]/h_know_col,4,900
consent_grp[1]/section_h[1]/h_job_satisfaction_grp[1]/h_col_coop,2,903
consent_grp[1]/section_h[1]/h_job_satisfaction_grp[1]/h_trust_col,2,905
consent_grp[1]/section_h[1]/h_job_satisfaction_grp[1]/h_enjoy_col,2,907
consent_grp[1]/section_h[1]/h_job_satisfaction_grp[1]/h_sup_respect,1,909
consent_grp[1]/section_h[1]/h_job_satisfaction_grp[1]/h_sup_busy,2,910
consent_grp[1]/section_h[1]/h_job_satisfaction_grp[1]/h_sup_opinion,2,912
consent_grp[1]/section_h[1]/h_job_satisfaction_grp[1]/h_count_sup,2,914
consent_grp[1]/section_h[1]/h_job_satisfaction_grp[1]/h_motivated,1,916
consent_grp[1]/section_h[1]/h_job_satisfaction_grp[1]/h_sup_unpredict,1,917
consent_grp[1]/section_h[1]/h_job_satisfaction_grp[1]/h_wrk_challenge,1,918
consent_grp[1]/section_h[1]/h_job_satisfaction_grp[1]/h_wrk_monotonous,1,920
consent_grp[1]/section_h[1]/h_job_satisfaction_grp[1]/h_wrk_creative,1,921
consent_grp[1]/section_h[1]/h_job_satisfaction_grp[1]/h_big_impact,2,922
consent_grp[1]/section_h[1]/h_job_satisfaction_grp[1]/h_little_time,1,924
consent_grp[1]/section_h[1]/h_job_satisfaction_grp[1]/h_control_satis,2,925
consent_grp[1]/section_h[1]/h_job_satisfaction_grp[1]/h_look,1,927
consent_grp[1]/section_h[1]/h_job_satisfaction_grp[1]/h_small_space,1,928
consent_grp[1]/section_h[1]/h_job_satisfaction_grp[1]/h_new_mat,2,929
consent_grp[1]/section_h[1]/h_job_satisfaction_grp[1]/h_clean_kinder,2,931
consent_grp[1]/section_h[1]/h_job_satisfaction_grp[1]/h_loud_kinder,2,933
consent_grp[1]/section_h[1]/h_job_satisfaction_grp[1]/h_kinder_rules,2,934
consent_grp[1]/section_h[1]/h_job_satisfaction_grp[1]/h_satisfied_paid,3,936
consent_grp[1]/section_h[1]/h_burnout_grp[1]/h_burnout_note,3,939
consent_grp[1]/section_h[1]/h_burnout_grp[1]/h_emotion_drained,6,942
consent_grp[1]/section_h[1]/h_burnout_grp[1]/h_used_up,2,948
consent_grp[1]/section_h[1]/h_burnout_grp[1]/h_fatigued,1,950
consent_grp[1]/section_h[1]/h_burnout_grp[1]/h_child_feel,1,951
consent_grp[1]/section_h[1]/h_burnout_grp[1]/h_child_impersonal,3,953
consent_grp[1]/section_h[1]/h_burnout_grp[1]/h_ppl_strain,1,955
consent_grp[1]/section_h[1]/h_burnout_grp[1]/h_deal_effect,4,957
consent_grp[1]/section_h[1]/h_burnout_grp[1]/h_burnout,3,960
consent_grp[1]/section_h[1]/h_burnout_grp[1]/h_pos_influence,1,963
consent_grp[1]/section_h[1]/h_burnout_grp[1]/h_cold,2,965
consent_grp[1]/section_h[1]/h_burnout_grp[1]/h_hard,1,967
consent_grp[1]/section_h[1]/h_burnout_grp[1]/h_energetic,2,968
consent_grp[1]/section_h[1]/h_burnout_grp[1]/h_frustrated,2,970
consent_grp[1]/section_h[1]/h_burnout_grp[1]/h_work_hard,4,972
consent_grp[1]/section_h[1]/h_burnout_grp[1]/h_dont_care,3,976
consent_grp[1]/section_h[1]/h_burnout_grp[1]/h_put_pressure,2,979
consent_grp[1]/section_h[1]/h_burnout_grp[1]/h_relax,4,981
consent_grp[1]/section_h[1]/h_burnout_grp[1]/h_excited,5,984
consent_grp[1]/section_h[1]/h_burnout_grp[1]/h_accomplished,3,989
consent_grp[1]/section_h[1]/h_burnout_grp[1]/h_end_of_rop,2,992
consent_grp[1]/section_h[1]/h_burnout_grp[1]/h_emot_pro_calm,3,995
consent_grp[1]/i_teacher_knowledge_grp[1]/I_teach_know_note,2,998
consent_grp[1]/i_teacher_knowledge_grp[1]/i_consonance,5,1000
consent_grp[1]/i_teacher_knowledge_grp[1]/i_vowel,1,1005
consent_grp[1]/i_teacher_knowledge_grp[1]/i_unbelievable,3,1006
consent_grp[1]/i_teacher_knowledge_grp[1]/i_irregular,2,1009
consent_grp[1]/i_teacher_knowledge_grp[1]/i_cat,2,1010
consent_grp[1]/i_teacher_knowledge_grp[1]/i_cough,3,1012
consent_grp[1]/i_teacher_knowledge_grp[1]/i_check,1,1015
consent_grp[1]/i_teacher_knowledge_grp[1]/i_english,1,1017
consent_grp[1]/j_perception_grp[1]/j_perception_note,1,1018
consent_grp[1]/j_perception_grp[1]/j_dev_practice_grp[1]/j_dev_practice_note,1,1019
consent_grp[1]/j_perception_grp[1]/j_dev_practice_grp[1]/j_child_need,3,1020
consent_grp[1]/j_perception_grp[1]/j_dev_practice_grp[1]/j_recog_letter,2,1023
consent_grp[1]/j_perception_grp[1]/j_dev_practice_grp[1]/j_recog_number,2,1025
consent_grp[1]/j_perception_grp[1]/j_dev_practice_grp[1]/j_recog_colour,1,1027
consent_grp[1]/j_perception_grp[1]/j_dev_practice_grp[1]/j_indiv_goal,3,1028
consent_grp[1]/j_perception_grp[1]/j_dev_practice_grp[1]/j_play_materials,1,1031
consent_grp[1]/j_perception_grp[1]/j_dev_practice_grp[1]/j_child_measure,1,1032
consent_grp[1]/j_perception_grp[1]/j_supp_chil_grp[1]/j_supp_chil_note,1,1033
consent_grp[1]/j_perception_grp[1]/j_supp_chil_grp[1]/j_build_relation,2,1035
consent_grp[1]/j_perception_grp[1]/j_supp_chil_grp[1]/j_control_behaviour,1,1037
consent_grp[1]/j_perception_grp[1]/j_supp_chil_grp[1]/j_express_thought,2,1038
consent_grp[1]/j_perception_grp[1]/j_supp_chil_grp[1]/j_resolve_conflicts,1,1040
consent_grp[1]/j_perception_grp[1]/j_supp_chil_grp[1]/j_guidance_style,2,1041
consent_grp[1]/j_perception_grp[1]/j_fam_sensitive_grp[1]/j_fam_sensitive_note,22,1043
consent_grp[1]/j_perception_grp[1]/j_fam_sensitive_grp[1]/j_parent_goal,22,1043
consent_grp[1]/j_perception_grp[1]/j_fam_sensitive_grp[1]/j_work_schedule,22,1043
consent_grp[1]/j_perception_grp[1]/j_fam_sensitive_grp[1]/j_fam_decision,22,1043
consent_grp[1]/j_perception_grp[1]/j_fam_sensitive_grp[1]/j_family_care,22,1043
consent_grp[1]/j_perception_grp[1]/j_fam_sensitive_grp[1]/j_connect_family,22,1043
consent_grp[1]/k_grp[1]/k_instro_note,3,1065
consent_grp[1]/k_grp[1]/k_ts_grp[1]/tmp_k_labels,16,1067
consent_grp[1]/k_grp[1]/k_ts_grp[1]/k_take_priviledges,16,1067
consent_grp[1]/k_grp[1]/k_ts_grp[1]/k_explain_behavior,16,1067
consent_grp[1]/k_grp[1]/k_ts_grp[1]/k_shook,16,1067
consent_grp[1]/k_grp[1]/k_ts_grp[1]/k_shouted,16,1067
consent_grp[1]/k_grp[1]/k_ts_grp[1]/k_gave_something,16,1067
consent_grp[1]/k_grp[1]/k_ts_grp[1]/k_spanked,16,1067
consent_grp[1]/k_grp[1]/k_ts_grp[1]/k_hit_bottom,16,1067
consent_grp[1]/k_grp[1]/k_ts_grp[1]/k_call_dumb,16,1068
consent_grp[1]/k_grp[1]/k_ts_grp[1]/k_hit_face,16,1068
consent_grp[1]/k_grp[1]/k_ts_grp[1]/k_praised,16,1068
consent_grp[1]/k_grp[1]/k_ts_grp[1]/k_affection,16,1068
consent_grp[1]/k_grp[1]/k_ts_grp[1]/k_rewarded,16,1068
consent_grp[1]/l_teaching_prac_grp[1]/l_note,3,1084
consent_grp[1]/l_teaching_prac_grp[1]/l_previos_kinder_act[1]/tmp_l_prac_lab,25,1087
consent_grp[1]/l_teaching_prac_grp[1]/l_previos_kinder_act[1]/l_hygiene_routine,25,1087
consent_grp[1]/l_teaching_prac_grp[1]/l_previos_kinder_act[1]/l_supply,25,1087
consent_grp[1]/l_teaching_prac_grp[1]/l_previos_kinder_act[1]/l_pamper,25,1087
consent_grp[1]/l_teaching_prac_grp[1]/l_previos_kinder_act[1]/l_read,25,1087
consent_grp[1]/l_teaching_prac_grp[1]/l_previos_kinder_act[1]/l_tell,25,1087
consent_grp[1]/l_teaching_prac_grp[1]/l_previos_kinder_act[1]/l_conversatin,25,1087
consent_grp[1]/l_teaching_prac_grp[1]/l_previos_kinder_act[1]/l_sing,25,1087
consent_grp[1]/l_teaching_prac_grp[1]/l_previos_kinder_act[1]/l_dance,25,1087
consent_grp[1]/l_teaching_prac_grp[1]/l_previos_kinder_act[1]/l_visit,25,1087
consent_grp[1]/l_teaching_prac_grp[1]/l_previos_kinder_act[1]/l_play_kg,25,1087
consent_grp[1]/l_teaching_prac_grp[1]/l_previos_kinder_act[1]/l_play_recrea,25,1087
consent_grp[1]/l_teaching_prac_grp[1]/l_previos_kinder_act[1]/l_sleep,25,1087
consent_grp[1]/l_teaching_prac_grp[1]/l_previos_kinder_act[1]/l_run,25,1087
consent_grp[1]/l_teaching_prac_grp[1]/l_previos_kinder_act[1]/l_group_learn,25,1087
consent_grp[1]/l_teaching_prac_grp[1]/l_previos_kinder_act[1]/l_indiv_learn,25,1087
consent_grp[1]/l_teaching_prac_grp[1]/l_class_acti_grp[1]/l_act_grp[1]/tmp_l_class_lab,16,1111
consent_grp[1]/l_teaching_prac_grp[1]/l_class_acti_grp[1]/l_act_grp[1]/l_teach_colour,16,1111
consent_grp[1]/l_teaching_prac_grp[1]/l_class_acti_grp[1]/l_act_grp[1]/l_teach_number,16,1111
consent_grp[1]/l_teaching_prac_grp[1]/l_class_acti_grp[1]/l_act_grp[1]/l_teach_letter,16,1111
consent_grp[1]/l_teaching_prac_grp[1]/l_class_acti_grp[1]/l_act_grp[1]/l_teach_form,16,1111
consent_grp[1]/l_teaching_prac_grp[1]/l_class_acti_grp[1]/l_act_grp[1]/l_socialise,16,1111
consent_grp[1]/l_teaching_prac_grp[1]/l_class_acti_grp[1]/l_act_grp[1]/l_pro_solve,16,1111
consent_grp[1]/l_teaching_prac_grp[1]/l_class_acti_grp[1]/l_act_grp[1]/l_writing,16,1111
consent_grp[1]/l_teaching_prac_grp[1]/l_class_acti_grp[1]/l_act_grp[1]/l_teach_body,16,1111
consent_grp[1]/l_teaching_prac_grp[1]/l_class_acti_grp[1]/l_act_grp[1]/l_pers_hygiene,16,1111
consent_grp[1]/l_teaching_prac_grp[1]/l_class_acti_grp[1]/l_act_grp[1]/l_art_expre,16,1111
consent_grp[1]/l_teaching_prac_grp[1]/l_class_acti_grp[1]/l_act_grp[1]/l_body_lang,16,1111
consent_grp[1]/l_teaching_prac_grp[1]/l_class_acti_grp[1]/l_act_grp[1]/l_concentration,16,1111
consent_grp[1]/l_teaching_prac_grp[1]/l_class_acti_grp[1]/l_act_grp[1]/l_gross_motor,16,1111
consent_grp[1]/l_teaching_prac_grp[1]/l_class_acti_grp[1]/l_act_grp[1]/l_fine_motor,16,1111
consent_grp[1]/l_teaching_prac_grp[1]/l_class_acti_grp[1]/l_act_grp[1]/l_gender,16,1111
consent_grp[1]/l_teaching_prac_grp[1]/l_class_acti_grp[1]/l_act_grp[1]/l_responsibility,16,1111
consent_grp[1]/l_teaching_prac_grp[1]/l_class_acti_grp[1]/l_act_grp[1]/l_speech,16,1111
consent_grp[1]/l_teaching_prac_grp[1]/l_class_acti_grp[1]/l_act_grp[1]/l_explore_comm,16,1111
consent_grp[1]/l_teaching_prac_grp[1]/l_class_acti_grp[1]/l_act_grp[1]/l_explore_culture,16,1111
consent_grp[1]/l_teaching_prac_grp[1]/l_parent_interact_note,2,1127
consent_grp[1]/l_teaching_prac_grp[1]/l_actively_engaged,4,1129
consent_grp[1]/l_teaching_prac_grp[1]/l_proportion_child,6,1133
consent_grp[1]/l_teaching_prac_grp[1]/l_proportion_child_more,1,1139
consent_grp[1]/l_teaching_prac_grp[1]/l_visit_pupil_house,2,1140
consent_grp[1]/l_teaching_prac_grp[1]/l_visit_parent_house,1,1142
consent_grp[1]/l_teaching_prac_grp[1]/l_receive_parent_supp,1,1144
consent_grp[1]/l_teaching_prac_grp[1]/l_day_teaching_note,1,1145
consent_grp[1]/l_teaching_prac_grp[1]/l_day_grp[1]/tmp_l_labs,5,1146
consent_grp[1]/l_teaching_prac_grp[1]/l_day_grp[1]/l_daily_schedule,5,1146
consent_grp[1]/l_teaching_prac_grp[1]/l_day_grp[1]/l_play_period,5,1146
consent_grp[1]/l_teaching_prac_grp[1]/l_day_grp[1]/l_free_play,5,1146
consent_grp[1]/l_teaching_prac_grp[1]/l_day_grp[1]/l_activities,5,1146
consent_grp[1]/l_teaching_prac_grp[1]/l_per_daily_grp[1]/l_perc_note,13,1150
consent_grp[1]/l_teaching_prac_grp[1]/l_per_daily_grp[1]/l_admin_per,13,1150
consent_grp[1]/l_teaching_prac_grp[1]/l_per_daily_grp[1]/l_class_per,13,1150
consent_grp[1]/l_teaching_prac_grp[1]/l_per_daily_grp[1]/l_teach_per,13,1150
consent_grp[1]/l_teaching_prac_grp[1]/l_per_daily_grp[1]/l_super_per,13,1150
consent_grp[1]/l_teaching_prac_grp[1]/l_per_daily_grp[1]/l_super_oth_per,13,1150
consent_grp[1]/l_teaching_prac_grp[1]/l_per_daily_grp[1]/l_break_per,13,1150
consent_grp[1]/l_teaching_prac_grp[1]/l_discipline_note,3,1164
consent_grp[1]/l_teaching_prac_grp[1]/l_dont_like,4,1167
consent_grp[1]/l_teaching_prac_grp[1]/l_really_bad,3,1170
consent_grp[1]/l_teaching_prac_grp[1]/l_does_good,12,1173
consent_grp[1]/l_teaching_prac_grp[1]/l_praise,2,1185
consent_grp[1]/q_note,1,1187
consent_grp[1]/q_activ_yn,1,1189
consent_grp[1]/q_rpt[1]/q_activ_r,4,1190
consent_grp[1]/q_rpt[1]/q_activ_org_r,3,1194
consent_grp[1]/q_rpt[1]/q_activ_add_r,1,1197
consent_grp[1]/q_rpt[2]/q_activ_r,3,1198
consent_grp[1]/q_rpt[2]/q_activ_org_r,4,1201
consent_grp[1]/q_rpt[2]/q_activ_add_r,1,1206
s_int_accom_yn,1,1207
s_int_accom,8,1208
comments,2,1217
