Field name,Total duration (seconds),First appeared (seconds into survey)
instruction,2,3
a_district_id,2,5
a_circuit_id,6,7
a_kg_id,65,13
a_community_id,4,18
a_enum_id,7,20
consent_note,3,26
con_understand,8,27
con_questions,3,33
con_written,3,35
consent_grp[1]/audio_consent,3,36
consent_grp[1]/d_background_note,12,37
consent_grp[1]/section_d[1]/kgt_key,10,38
consent_grp[1]/section_d[1]/kgt_confirm_note,9,131
consent_grp[1]/section_d[1]/d_num_cnt,19,140
consent_grp[1]/section_d[1]/d_cnt_grp[1]/d_cnt_main,12,158
consent_grp[1]/section_d[1]/d_work_last,17,170
consent_grp[1]/section_d[1]/d_edu_level,27,187
consent_grp[1]/section_d[1]/d_edu_train,12,214
consent_grp[1]/section_d[1]/d_edu_level_train,31,226
consent_grp[1]/section_d[1]/d_marital_status,10,255
consent_grp[1]/section_d[1]/d_religion,4,267
consent_grp[1]/section_d[1]/d_la_spk_grp[1]/d_la_spk_note,38,272
consent_grp[1]/section_d[1]/d_la_spk_grp[1]/d_la_spk_eng,38,272
consent_grp[1]/section_d[1]/d_la_spk_grp[1]/d_la_spk_grun,38,272
consent_grp[1]/section_d[1]/d_la_wrt_grp[1]/d_la_wrt_note,11,310
consent_grp[1]/section_d[1]/d_la_wrt_grp[1]/d_la_wrt_eng,11,310
consent_grp[1]/section_d[1]/d_la_wrt_grp[1]/d_la_wrt_grun,11,310
consent_grp[1]/section_d[1]/d_main_language,16,321
consent_grp[1]/section_d[1]/d_loc_lang_kinderg,7,336
consent_grp[1]/f_moved_yn,13,345
consent_grp[1]/g_nature_wrk_note,10,357
consent_grp[1]/section_g[1]/g_teach_pos,11,368
consent_grp[1]/section_g[1]/g_teach_school,19,379
consent_grp[1]/section_g[1]/g_teach_sch_num,21,396
consent_grp[1]/section_g[1]/g_kg_grade,15,419
consent_grp[1]/section_g[1]/g_class_grp[1]/g_children_note,30,434
consent_grp[1]/section_g[1]/g_class_grp[1]/g_kg_1,30,434
consent_grp[1]/section_g[1]/g_ah_grp[1]/g_ah_note,63,445
consent_grp[1]/section_g[1]/g_ah_grp[1]/g_ah_working,63,445
consent_grp[1]/section_g[1]/g_ah_grp[1]/g_ah_prepping,63,445
consent_grp[1]/section_g[1]/g_eh_grp[1]/g_eh_note,84,525
consent_grp[1]/section_g[1]/g_eh_grp[1]/g_eh_working,84,525
consent_grp[1]/section_g[1]/g_eh_grp[1]/g_eh_prepping,84,525
consent_grp[1]/section_g[1]/g_teach_salary,36,607
consent_grp[1]/section_g[1]/g_salary_freq,8,647
consent_grp[1]/section_g[1]/g_salary_intime,13,655
consent_grp[1]/section_g[1]/g_money_cmp,8,668
consent_grp[1]/section_g[1]/g_job_outside,10,676
consent_grp[1]/section_g[1]/g_extra_money_spec,8,686
consent_grp[1]/section_g[1]/g_sch_pro_grp[1]/tmp_g_sch_pro_lab,125,695
consent_grp[1]/section_g[1]/g_sch_pro_grp[1]/g_class,125,695
consent_grp[1]/section_g[1]/g_sch_pro_grp[1]/g_class_taught,125,695
consent_grp[1]/section_g[1]/g_sch_pro_grp[1]/g_fin_resource,125,695
consent_grp[1]/section_g[1]/g_sch_pro_grp[1]/g_high_expe,125,695
consent_grp[1]/section_g[1]/g_sch_pro_grp[1]/g_change_curri,125,695
consent_grp[1]/section_g[1]/g_sch_pro_grp[1]/g_diff_curri,125,695
consent_grp[1]/section_g[1]/g_sch_pro_grp[1]/g_easy_curri,125,695
consent_grp[1]/section_g[1]/g_sch_pro_grp[1]/g_par_dem_high,125,695
consent_grp[1]/section_g[1]/g_sch_pro_grp[1]/g_par_suff_interest,125,695
consent_grp[1]/section_g[1]/g_sch_pro_grp[1]/g_par_suff_active,125,695
consent_grp[1]/section_g[1]/g_par_supp_grp[1]/g_par_supp_note,13,820
consent_grp[1]/section_g[1]/g_par_supp_grp[1]/g_home_wrk,17,833
consent_grp[1]/section_g[1]/g_par_supp_grp[1]/g_behave_val,8,850
consent_grp[1]/section_g[1]/g_par_supp_grp[1]/g_get_schl,7,858
consent_grp[1]/section_g[1]/g_par_supp_grp[1]/g_visit_schl,13,864
consent_grp[1]/section_g[1]/g_par_supp_grp[1]/g_show_respect,7,877
consent_grp[1]/section_g[1]/g_par_supp_grp[1]/g_best_schl,11,884
consent_grp[1]/section_g[1]/g_par_supp_grp[1]/g_parti_pta,10,895
consent_grp[1]/section_g[1]/g_par_supp_grp[1]/g_cont_kg_act,26,906
consent_grp[1]/section_g[1]/g_lead_respect,14,932
consent_grp[1]/section_g[1]/g_val_citizen,41,946
consent_grp[1]/section_h[1]/sec_h_depre_note,11,987
consent_grp[1]/section_h[1]/h_depression_grp[1]/h_da_note,196,999
consent_grp[1]/section_h[1]/h_depression_grp[1]/tmp_h_da_lab,196,999
consent_grp[1]/section_h[1]/h_depression_grp[1]/h_headache,196,999
consent_grp[1]/section_h[1]/h_depression_grp[1]/h_appetite,196,999
consent_grp[1]/section_h[1]/h_depression_grp[1]/h_sleep,196,999
consent_grp[1]/section_h[1]/h_depression_grp[1]/h_frightened,196,999
consent_grp[1]/section_h[1]/h_depression_grp[1]/h_hands_shake,196,999
consent_grp[1]/section_h[1]/h_depression_grp[1]/h_nervous,196,999
consent_grp[1]/section_h[1]/h_depression_grp[1]/h_digestion,196,999
consent_grp[1]/section_h[1]/h_depression_grp[1]/h_thinking,196,999
consent_grp[1]/section_h[1]/h_depression_grp[1]/h_unhappy,196,999
consent_grp[1]/section_h[1]/h_depression_grp[1]/h_cry,196,999
consent_grp[1]/section_h[1]/h_depression_grp[1]/h_activities,196,999
consent_grp[1]/section_h[1]/h_depression_grp[1]/h_decisions,196,999
consent_grp[1]/section_h[1]/h_depression_grp[1]/h_daily_work,196,999
consent_grp[1]/section_h[1]/h_depression_grp[1]/h_life,196,999
consent_grp[1]/section_h[1]/h_depression_grp[1]/h_interest,196,999
consent_grp[1]/section_h[1]/h_depression_grp[1]/h_worthless,196,999
consent_grp[1]/section_h[1]/h_depression_grp[1]/h_end_life,196,999
consent_grp[1]/section_h[1]/h_depression_grp[1]/h_tired,196,999
consent_grp[1]/section_h[1]/h_depression_grp[1]/h_uncomfortable,196,999
consent_grp[1]/section_h[1]/h_depression_grp[1]/h_easily_tired,196,999
consent_grp[1]/section_h[1]/sec_h_ext_contr_note,11,1194
consent_grp[1]/section_h[1]/h_ext_control_grp[1]/h_ext_cont_note,1,1206
consent_grp[1]/section_h[1]/h_ext_control_grp[1]/h_pup_learn,31,1206
consent_grp[1]/section_h[1]/h_ext_control_grp[1]/h_discipline,10,1238
consent_grp[1]/section_h[1]/h_ext_control_grp[1]/h_stu_achieve,9,1248
consent_grp[1]/section_h[1]/h_ext_control_grp[1]/h_teach_motiv,16,1257
consent_grp[1]/section_h[1]/h_ext_control_grp[1]/h_good_teach,11,1273
consent_grp[1]/section_h[1]/sec_h_motiv_note,3,1284
consent_grp[1]/section_h[1]/h_motiv_grp[1]/h_motiv_note,7,1285
consent_grp[1]/section_h[1]/h_motiv_grp[1]/h_motiv_help,9,1294
consent_grp[1]/section_h[1]/h_motiv_grp[1]/h_quest_school,17,1303
consent_grp[1]/section_h[1]/h_motiv_grp[1]/h_help_child,5,1320
consent_grp[1]/section_h[1]/h_motiv_grp[1]/h_sch_goal,8,1325
consent_grp[1]/section_h[1]/h_motiv_grp[1]/h_help_emot,9,1333
consent_grp[1]/section_h[1]/h_motiv_grp[1]/h_enjoy_teach,3,1342
consent_grp[1]/section_h[1]/h_motiv_grp[1]/h_develop_society,6,1345
consent_grp[1]/section_h[1]/h_motiv_grp[1]/h_develop_socially,7,1351
consent_grp[1]/section_h[1]/h_motiv_grp[1]/h_perso_clear,5,1357
consent_grp[1]/section_h[1]/h_impor_thing,60,1362
consent_grp[1]/section_h[1]/h_job_satisfaction_grp[1]/h_job_satis_note,26,1422
consent_grp[1]/section_h[1]/h_job_satisfaction_grp[1]/h_look_out,24,1448
consent_grp[1]/section_h[1]/h_job_satisfaction_grp[1]/h_perso_worries,7,1472
consent_grp[1]/section_h[1]/h_job_satisfaction_grp[1]/h_know_col,6,1479
consent_grp[1]/section_h[1]/h_job_satisfaction_grp[1]/h_col_coop,11,1485
consent_grp[1]/section_h[1]/h_job_satisfaction_grp[1]/h_trust_col,10,1496
consent_grp[1]/section_h[1]/h_job_satisfaction_grp[1]/h_enjoy_col,6,1505
consent_grp[1]/section_h[1]/h_job_satisfaction_grp[1]/h_sup_respect,5,1512
consent_grp[1]/section_h[1]/h_job_satisfaction_grp[1]/h_sup_busy,8,1517
consent_grp[1]/section_h[1]/h_job_satisfaction_grp[1]/h_sup_opinion,5,1525
consent_grp[1]/section_h[1]/h_job_satisfaction_grp[1]/h_count_sup,66,1530
consent_grp[1]/section_h[1]/h_job_satisfaction_grp[1]/h_motivated,4,1596
consent_grp[1]/section_h[1]/h_job_satisfaction_grp[1]/h_sup_unpredict,16,1600
consent_grp[1]/section_h[1]/h_job_satisfaction_grp[1]/h_wrk_challenge,7,1616
consent_grp[1]/section_h[1]/h_job_satisfaction_grp[1]/h_wrk_monotonous,18,1623
consent_grp[1]/section_h[1]/h_job_satisfaction_grp[1]/h_wrk_creative,4,1641
consent_grp[1]/section_h[1]/h_job_satisfaction_grp[1]/h_big_impact,5,1645
consent_grp[1]/section_h[1]/h_job_satisfaction_grp[1]/h_little_time,7,1649
consent_grp[1]/section_h[1]/h_job_satisfaction_grp[1]/h_control_satis,14,1656
consent_grp[1]/section_h[1]/h_job_satisfaction_grp[1]/h_look,7,1669
consent_grp[1]/section_h[1]/h_job_satisfaction_grp[1]/h_small_space,14,1676
consent_grp[1]/section_h[1]/h_job_satisfaction_grp[1]/h_new_mat,5,1691
consent_grp[1]/section_h[1]/h_job_satisfaction_grp[1]/h_clean_kinder,8,1696
consent_grp[1]/section_h[1]/h_job_satisfaction_grp[1]/h_loud_kinder,7,1704
consent_grp[1]/section_h[1]/h_job_satisfaction_grp[1]/h_kinder_rules,6,1712
consent_grp[1]/section_h[1]/h_job_satisfaction_grp[1]/h_satisfied_paid,7,1717
consent_grp[1]/section_h[1]/h_burnout_grp[1]/h_burnout_note,15,1724
consent_grp[1]/section_h[1]/h_burnout_grp[1]/h_emotion_drained,27,1739
consent_grp[1]/section_h[1]/h_burnout_grp[1]/h_used_up,11,1766
consent_grp[1]/section_h[1]/h_burnout_grp[1]/h_fatigued,13,1777
consent_grp[1]/section_h[1]/h_burnout_grp[1]/h_child_feel,12,1790
consent_grp[1]/section_h[1]/h_burnout_grp[1]/h_child_impersonal,9,1803
consent_grp[1]/section_h[1]/h_burnout_grp[1]/h_ppl_strain,10,1812
consent_grp[1]/section_h[1]/h_burnout_grp[1]/h_deal_effect,8,1822
consent_grp[1]/section_h[1]/h_burnout_grp[1]/h_burnout,8,1830
consent_grp[1]/section_h[1]/h_burnout_grp[1]/h_pos_influence,9,1838
consent_grp[1]/section_h[1]/h_burnout_grp[1]/h_cold,17,1847
consent_grp[1]/section_h[1]/h_burnout_grp[1]/h_hard,8,1865
consent_grp[1]/section_h[1]/h_burnout_grp[1]/h_energetic,7,1872
consent_grp[1]/section_h[1]/h_burnout_grp[1]/h_frustrated,10,1880
consent_grp[1]/section_h[1]/h_burnout_grp[1]/h_work_hard,8,1890
consent_grp[1]/section_h[1]/h_burnout_grp[1]/h_dont_care,14,1898
consent_grp[1]/section_h[1]/h_burnout_grp[1]/h_put_pressure,10,1912
consent_grp[1]/section_h[1]/h_burnout_grp[1]/h_relax,9,1922
consent_grp[1]/section_h[1]/h_burnout_grp[1]/h_excited,6,1931
consent_grp[1]/section_h[1]/h_burnout_grp[1]/h_accomplished,22,1937
consent_grp[1]/section_h[1]/h_burnout_grp[1]/h_end_of_rop,27,1945
consent_grp[1]/section_h[1]/h_burnout_grp[1]/h_emot_pro_calm,10,1983
consent_grp[1]/i_teacher_knowledge_grp[1]/I_teach_know_note,37,1996
consent_grp[1]/i_teacher_knowledge_grp[1]/i_consonance,68,2032
consent_grp[1]/i_teacher_knowledge_grp[1]/i_vowel,6,2100
consent_grp[1]/i_teacher_knowledge_grp[1]/i_unbelievable,15,2106
consent_grp[1]/i_teacher_knowledge_grp[1]/i_irregular,44,2121
consent_grp[1]/i_teacher_knowledge_grp[1]/i_cat,31,2164
consent_grp[1]/i_teacher_knowledge_grp[1]/i_cough,18,2195
consent_grp[1]/i_teacher_knowledge_grp[1]/i_check,20,2213
consent_grp[1]/i_teacher_knowledge_grp[1]/i_english,72,2233
consent_grp[1]/j_perception_grp[1]/j_perception_note,26,2305
consent_grp[1]/j_perception_grp[1]/j_dev_practice_grp[1]/j_dev_practice_note,3,2321
consent_grp[1]/j_perception_grp[1]/j_dev_practice_grp[1]/j_child_need,39,2335
consent_grp[1]/j_perception_grp[1]/j_dev_practice_grp[1]/j_recog_letter,9,2374
consent_grp[1]/j_perception_grp[1]/j_dev_practice_grp[1]/j_recog_number,3,2383
consent_grp[1]/j_perception_grp[1]/j_dev_practice_grp[1]/j_recog_colour,3,2387
consent_grp[1]/j_perception_grp[1]/j_dev_practice_grp[1]/j_indiv_goal,7,2389
consent_grp[1]/j_perception_grp[1]/j_dev_practice_grp[1]/j_play_materials,4,2396
consent_grp[1]/j_perception_grp[1]/j_dev_practice_grp[1]/j_child_measure,7,2400
consent_grp[1]/j_perception_grp[1]/j_supp_chil_grp[1]/j_supp_chil_note,21,2407
consent_grp[1]/j_perception_grp[1]/j_supp_chil_grp[1]/j_build_relation,24,2419
consent_grp[1]/j_perception_grp[1]/j_supp_chil_grp[1]/j_control_behaviour,11,2453
consent_grp[1]/j_perception_grp[1]/j_supp_chil_grp[1]/j_express_thought,11,2463
consent_grp[1]/j_perception_grp[1]/j_supp_chil_grp[1]/j_resolve_conflicts,6,2474
consent_grp[1]/j_perception_grp[1]/j_supp_chil_grp[1]/j_guidance_style,25,2481
consent_grp[1]/j_perception_grp[1]/j_fam_sensitive_grp[1]/j_fam_sensitive_note,58,2505
consent_grp[1]/j_perception_grp[1]/j_fam_sensitive_grp[1]/j_parent_goal,58,2505
consent_grp[1]/j_perception_grp[1]/j_fam_sensitive_grp[1]/j_work_schedule,58,2505
consent_grp[1]/j_perception_grp[1]/j_fam_sensitive_grp[1]/j_fam_decision,58,2505
consent_grp[1]/j_perception_grp[1]/j_fam_sensitive_grp[1]/j_family_care,58,2505
consent_grp[1]/j_perception_grp[1]/j_fam_sensitive_grp[1]/j_connect_family,58,2505
consent_grp[1]/k_grp[1]/k_instro_note,9,2564
consent_grp[1]/k_grp[1]/k_ts_grp[1]/tmp_k_labels,90,2572
consent_grp[1]/k_grp[1]/k_ts_grp[1]/k_take_priviledges,90,2572
consent_grp[1]/k_grp[1]/k_ts_grp[1]/k_explain_behavior,90,2572
consent_grp[1]/k_grp[1]/k_ts_grp[1]/k_shook,90,2572
consent_grp[1]/k_grp[1]/k_ts_grp[1]/k_shouted,90,2572
consent_grp[1]/k_grp[1]/k_ts_grp[1]/k_gave_something,90,2572
consent_grp[1]/k_grp[1]/k_ts_grp[1]/k_spanked,90,2572
consent_grp[1]/k_grp[1]/k_ts_grp[1]/k_hit_bottom,90,2572
consent_grp[1]/k_grp[1]/k_ts_grp[1]/k_call_dumb,90,2572
consent_grp[1]/k_grp[1]/k_ts_grp[1]/k_hit_face,90,2572
consent_grp[1]/k_grp[1]/k_ts_grp[1]/k_praised,90,2572
consent_grp[1]/k_grp[1]/k_ts_grp[1]/k_affection,90,2572
consent_grp[1]/k_grp[1]/k_ts_grp[1]/k_rewarded,90,2572
consent_grp[1]/l_teaching_prac_grp[1]/l_note,9,2662
consent_grp[1]/l_teaching_prac_grp[1]/l_previos_kinder_act[1]/tmp_l_prac_lab,77,2663
consent_grp[1]/l_teaching_prac_grp[1]/l_previos_kinder_act[1]/l_hygiene_routine,77,2663
consent_grp[1]/l_teaching_prac_grp[1]/l_previos_kinder_act[1]/l_supply,77,2663
consent_grp[1]/l_teaching_prac_grp[1]/l_previos_kinder_act[1]/l_pamper,77,2663
consent_grp[1]/l_teaching_prac_grp[1]/l_previos_kinder_act[1]/l_read,77,2663
consent_grp[1]/l_teaching_prac_grp[1]/l_previos_kinder_act[1]/l_tell,77,2663
consent_grp[1]/l_teaching_prac_grp[1]/l_previos_kinder_act[1]/l_conversatin,77,2663
consent_grp[1]/l_teaching_prac_grp[1]/l_previos_kinder_act[1]/l_sing,77,2663
consent_grp[1]/l_teaching_prac_grp[1]/l_previos_kinder_act[1]/l_dance,77,2663
consent_grp[1]/l_teaching_prac_grp[1]/l_previos_kinder_act[1]/l_visit,77,2663
consent_grp[1]/l_teaching_prac_grp[1]/l_previos_kinder_act[1]/l_play_kg,77,2663
consent_grp[1]/l_teaching_prac_grp[1]/l_previos_kinder_act[1]/l_play_recrea,77,2663
consent_grp[1]/l_teaching_prac_grp[1]/l_previos_kinder_act[1]/l_sleep,77,2663
consent_grp[1]/l_teaching_prac_grp[1]/l_previos_kinder_act[1]/l_run,77,2663
consent_grp[1]/l_teaching_prac_grp[1]/l_previos_kinder_act[1]/l_group_learn,77,2663
consent_grp[1]/l_teaching_prac_grp[1]/l_previos_kinder_act[1]/l_indiv_learn,77,2663
consent_grp[1]/l_teaching_prac_grp[1]/l_class_acti_grp[1]/l_act_grp[1]/tmp_l_class_lab,59,2747
consent_grp[1]/l_teaching_prac_grp[1]/l_class_acti_grp[1]/l_act_grp[1]/l_teach_colour,59,2747
consent_grp[1]/l_teaching_prac_grp[1]/l_class_acti_grp[1]/l_act_grp[1]/l_teach_number,59,2747
consent_grp[1]/l_teaching_prac_grp[1]/l_class_acti_grp[1]/l_act_grp[1]/l_teach_letter,59,2747
consent_grp[1]/l_teaching_prac_grp[1]/l_class_acti_grp[1]/l_act_grp[1]/l_teach_form,59,2747
consent_grp[1]/l_teaching_prac_grp[1]/l_class_acti_grp[1]/l_act_grp[1]/l_socialise,59,2747
consent_grp[1]/l_teaching_prac_grp[1]/l_class_acti_grp[1]/l_act_grp[1]/l_pro_solve,59,2747
consent_grp[1]/l_teaching_prac_grp[1]/l_class_acti_grp[1]/l_act_grp[1]/l_writing,59,2747
consent_grp[1]/l_teaching_prac_grp[1]/l_class_acti_grp[1]/l_act_grp[1]/l_teach_body,59,2747
consent_grp[1]/l_teaching_prac_grp[1]/l_class_acti_grp[1]/l_act_grp[1]/l_pers_hygiene,59,2747
consent_grp[1]/l_teaching_prac_grp[1]/l_class_acti_grp[1]/l_act_grp[1]/l_art_expre,59,2747
consent_grp[1]/l_teaching_prac_grp[1]/l_class_acti_grp[1]/l_act_grp[1]/l_body_lang,59,2747
consent_grp[1]/l_teaching_prac_grp[1]/l_class_acti_grp[1]/l_act_grp[1]/l_concentration,59,2747
consent_grp[1]/l_teaching_prac_grp[1]/l_class_acti_grp[1]/l_act_grp[1]/l_gross_motor,59,2747
consent_grp[1]/l_teaching_prac_grp[1]/l_class_acti_grp[1]/l_act_grp[1]/l_fine_motor,59,2747
consent_grp[1]/l_teaching_prac_grp[1]/l_class_acti_grp[1]/l_act_grp[1]/l_gender,59,2747
consent_grp[1]/l_teaching_prac_grp[1]/l_class_acti_grp[1]/l_act_grp[1]/l_responsibility,59,2747
consent_grp[1]/l_teaching_prac_grp[1]/l_class_acti_grp[1]/l_act_grp[1]/l_speech,59,2747
consent_grp[1]/l_teaching_prac_grp[1]/l_class_acti_grp[1]/l_act_grp[1]/l_explore_comm,59,2747
consent_grp[1]/l_teaching_prac_grp[1]/l_class_acti_grp[1]/l_act_grp[1]/l_explore_culture,59,2747
consent_grp[1]/l_teaching_prac_grp[1]/l_parent_interact_note,7,2806
consent_grp[1]/l_teaching_prac_grp[1]/l_actively_engaged,32,2813
consent_grp[1]/l_teaching_prac_grp[1]/l_proportion_child,30,2844
consent_grp[1]/l_teaching_prac_grp[1]/l_proportion_child_more,14,2874
consent_grp[1]/l_teaching_prac_grp[1]/l_visit_pupil_house,33,2888
consent_grp[1]/l_teaching_prac_grp[1]/l_visit_parent_house,19,2921
consent_grp[1]/l_teaching_prac_grp[1]/l_receive_parent_supp,34,2941
consent_grp[1]/l_teaching_prac_grp[1]/l_day_teaching_note,12,2974
consent_grp[1]/l_teaching_prac_grp[1]/l_day_grp[1]/tmp_l_labs,45,2986
consent_grp[1]/l_teaching_prac_grp[1]/l_day_grp[1]/l_daily_schedule,45,2986
consent_grp[1]/l_teaching_prac_grp[1]/l_day_grp[1]/l_play_period,45,2986
consent_grp[1]/l_teaching_prac_grp[1]/l_day_grp[1]/l_free_play,45,2986
consent_grp[1]/l_teaching_prac_grp[1]/l_day_grp[1]/l_activities,45,2986
consent_grp[1]/l_teaching_prac_grp[1]/l_per_daily_grp[1]/l_perc_note,166,3031
consent_grp[1]/l_teaching_prac_grp[1]/l_per_daily_grp[1]/l_admin_per,166,3031
consent_grp[1]/l_teaching_prac_grp[1]/l_per_daily_grp[1]/l_class_per,166,3031
consent_grp[1]/l_teaching_prac_grp[1]/l_per_daily_grp[1]/l_teach_per,166,3031
consent_grp[1]/l_teaching_prac_grp[1]/l_per_daily_grp[1]/l_super_per,166,3031
consent_grp[1]/l_teaching_prac_grp[1]/l_per_daily_grp[1]/l_super_oth_per,166,3031
consent_grp[1]/l_teaching_prac_grp[1]/l_per_daily_grp[1]/l_break_per,166,3031
consent_grp[1]/l_teaching_prac_grp[1]/l_discipline_note,5,3197
consent_grp[1]/l_teaching_prac_grp[1]/l_dont_like,61,3199
consent_grp[1]/l_teaching_prac_grp[1]/l_really_bad,24,3263
consent_grp[1]/l_teaching_prac_grp[1]/l_does_good,36,3287
consent_grp[1]/l_teaching_prac_grp[1]/l_praise,11,3323
consent_grp[1]/q_note,16,3333
consent_grp[1]/q_activ_yn,34,3347
consent_grp[1]/q_rpt[1]/q_activ_r,110,3372
consent_grp[1]/q_rpt[1]/q_activ_org_r,84,3478
consent_grp[1]/q_rpt[1]/q_activ_add_r,15,3552
consent_grp[1]/q_rpt[2]/q_activ_r,14,3562
consent_grp[1]/q_rpt[2]/q_activ_org_r,6,3573
consent_grp[1]/q_rpt[2]/q_activ_add_r,4,3575
consent_grp[1]/q_rpt[3]/q_activ_r,16,3577
consent_grp[1]/q_rpt[3]/q_activ_osp_r,4,3612
consent_grp[1]/q_rpt[3]/q_activ_org_r,4,3619
consent_grp[1]/q_rpt[3]/q_activ_add_r,5,3622
s_int_accom_yn,10,3624
s_int_accom,6,3656
comments,4,3658
