Field name,Total duration (seconds),First appeared (seconds into survey)
instruction,2,17
a_district_id,3,19
a_circuit_id,24,23
a_kg_id,20,47
a_community_id,4,67
a_enum_id,15,71
consent_note,1,86
con_understand,54,88
con_questions,2,142
con_written,2,144
consent_grp[1]/audio_consent,4,145
consent_grp[1]/d_background_note,1,149
consent_grp[1]/section_d[1]/kgt_key,22,150
consent_grp[1]/section_d[1]/kgt_name_gp[1]/kgt_fsn,59,172
consent_grp[1]/section_d[1]/kgt_name_gp[1]/kgt_msn,59,172
consent_grp[1]/section_d[1]/kgt_name_gp[1]/kgt_lsn,59,172
consent_grp[1]/section_d[1]/kgt_name_gp[1]/kgt_ppn,59,172
consent_grp[1]/section_d[1]/kgt_name_gp[1]/d_sex,59,172
consent_grp[1]/section_d[1]/kgt_confirm_note,8,231
consent_grp[1]/section_d[1]/d_num_cnt,13,238
consent_grp[1]/section_d[1]/d_cnt_grp[1]/d_cnt_main,10,253
consent_grp[1]/section_d[1]/d_age,21,262
consent_grp[1]/section_d[1]/d_teacher_grp[1]/d_been_teacher,41,283
consent_grp[1]/section_d[1]/d_teacher_grp[1]/d_teacher_year,41,283
consent_grp[1]/section_d[1]/d_teacher_grp[1]/d_teacher_month,41,283
consent_grp[1]/section_d[1]/d_been_kinder_grp[1]/d_been_kinder,31,324
consent_grp[1]/section_d[1]/d_been_kinder_grp[1]/d_kinder_year,31,324
consent_grp[1]/section_d[1]/d_been_kinder_grp[1]/d_kinder_month,31,324
consent_grp[1]/section_d[1]/d_work_last,15,355
consent_grp[1]/section_d[1]/d_os_yn,14,370
consent_grp[1]/section_d[1]/d_os_grp[1]/d_os_name,78,383
consent_grp[1]/section_d[1]/d_os_grp[1]/d_os_region,78,383
consent_grp[1]/section_d[1]/d_os_district,14,461
consent_grp[1]/section_d[1]/d_os_comm,12,475
consent_grp[1]/section_d[1]/d_edu_level,27,488
consent_grp[1]/section_d[1]/d_edu_train,17,509
consent_grp[1]/section_d[1]/d_edu_level_fath,15,531
consent_grp[1]/section_d[1]/d_edu_level_mom,6,546
consent_grp[1]/section_d[1]/d_marital_status,5,553
consent_grp[1]/section_d[1]/d_ethnic_group,8,557
consent_grp[1]/section_d[1]/d_religion,5,565
consent_grp[1]/section_d[1]/d_la_spk_grp[1]/d_la_spk_note,72,570
consent_grp[1]/section_d[1]/d_la_spk_grp[1]/d_la_spk_eng,72,570
consent_grp[1]/section_d[1]/d_la_spk_grp[1]/d_la_spk_dagb,72,570
consent_grp[1]/section_d[1]/d_la_wrt_grp[1]/d_la_wrt_note,19,642
consent_grp[1]/section_d[1]/d_la_wrt_grp[1]/d_la_wrt_eng,19,642
consent_grp[1]/section_d[1]/d_la_wrt_grp[1]/d_la_wrt_dagb,19,642
consent_grp[1]/section_d[1]/d_main_language,21,661
consent_grp[1]/section_d[1]/d_loc_lang_kinderg,14,682
consent_grp[1]/e_rel_grp[1]/e_hh_note,8,696
consent_grp[1]/e_rel_grp[1]/e_hh_num,20,704
consent_grp[1]/e_rel_grp[1]/e_hh_grp[1]/e_hh_head,36,724
consent_grp[1]/e_rel_grp[1]/e_hh_grp[1]/e_chil_hh,36,724
consent_grp[1]/e_rel_grp[1]/e_hh_grp[1]/e_adult_hh,36,724
consent_grp[1]/e_rel_grp[1]/e_hh_school,20,760
consent_grp[1]/e_rel_grp[1]/e_read_english,10,780
consent_grp[1]/e_rel_grp[1]/e_rate_health,15,790
consent_grp[1]/e_rel_grp[1]/e_live_note,7,805
consent_grp[1]/e_rel_grp[1]/e_rooms_occu,13,812
consent_grp[1]/e_rel_grp[1]/e_own_status,19,824
consent_grp[1]/e_rel_grp[1]/e_electricity_inhouse,5,843
consent_grp[1]/e_rel_grp[1]/e_floor_material,12,848
consent_grp[1]/e_rel_grp[1]/e_interior_floor,24,859
consent_grp[1]/e_rel_grp[1]/e_roof_mat,20,883
consent_grp[1]/e_rel_grp[1]/e_cook_fuel,10,904
consent_grp[1]/e_rel_grp[1]/e_lighting,8,913
consent_grp[1]/e_rel_grp[1]/e_drink_source,32,921
consent_grp[1]/e_rel_grp[1]/e_toilet_facility,9,953
consent_grp[1]/e_rel_grp[1]/e_asset_note,11,963
consent_grp[1]/e_rel_grp[1]/e_hh_own_phone,17,974
consent_grp[1]/e_rel_grp[1]/e_hh_ass_grp[1]/tmp_e_hh_ass_lab,120,991
consent_grp[1]/e_rel_grp[1]/e_hh_ass_grp[1]/e_hh_ass_radio,120,991
consent_grp[1]/e_rel_grp[1]/e_hh_ass_grp[1]/e_hh_ass_refrig,120,991
consent_grp[1]/e_rel_grp[1]/e_hh_ass_grp[1]/e_hh_ass_bike,120,991
consent_grp[1]/e_rel_grp[1]/e_hh_ass_grp[1]/e_hh_ass_tv,120,991
consent_grp[1]/e_rel_grp[1]/e_hh_ass_grp[1]/e_hh_ass_vcr,120,991
consent_grp[1]/e_rel_grp[1]/e_hh_ass_grp[1]/e_hh_ass_motor,120,991
consent_grp[1]/e_rel_grp[1]/e_hh_ass_grp[1]/e_hh_ass_car,120,991
consent_grp[1]/e_rel_grp[1]/e_hh_ass_grp[1]/e_hh_ass_tractor,120,991
consent_grp[1]/e_rel_grp[1]/e_hh_ass_grp[1]/e_hh_ass_farm_equip,120,991
consent_grp[1]/e_rel_grp[1]/e_hh_ass_grp[1]/e_hh_ass_sew_mach,120,991
consent_grp[1]/e_rel_grp[1]/e_hh_ass_grp[1]/e_hh_ass_bed,120,991
consent_grp[1]/e_rel_grp[1]/e_hh_ass_grp[1]/e_hh_ass_mattress,120,991
consent_grp[1]/e_rel_grp[1]/e_hh_ass_grp[1]/e_hh_ass_table_chair,120,991
consent_grp[1]/e_rel_grp[1]/e_hh_ass_grp[1]/e_hh_ass_stool,120,991
consent_grp[1]/e_rel_grp[1]/e_hh_ass_grp[1]/e_hh_ass_sofa,120,991
consent_grp[1]/e_rel_grp[1]/e_hh_ass_grp[1]/e_hh_ass_fan,120,991
consent_grp[1]/e_rel_grp[1]/e_hh_ass_grp[1]/e_hh_ass_lamp,120,991
consent_grp[1]/e_rel_grp[1]/e_hh_ass_grp[1]/e_hh_ass_watch,120,991
consent_grp[1]/e_rel_grp[1]/e_hh_ass_grp[1]/e_hh_ass_mat,120,991
consent_grp[1]/e_rel_grp[1]/e_hh_ass_grp[1]/e_hh_ass_torch,120,991
consent_grp[1]/e_rel_grp[1]/e_hh_ass_grp[1]/e_hh_ass_cabinet,120,991
consent_grp[1]/e_rel_grp[1]/e_hh_ass_grp[1]/e_hh_ass_pot,120,991
consent_grp[1]/e_rel_grp[1]/e_hh_ass_grp[1]/e_hh_ass_itn,120,991
consent_grp[1]/e_rel_grp[1]/e_hh_ass_grp[1]/e_hh_ass_iron_elec,120,991
consent_grp[1]/e_rel_grp[1]/e_hh_ass_grp[1]/e_hh_ass_iron_coal,120,991
consent_grp[1]/e_rel_grp[1]/e_hh_ass_grp[1]/e_hh_ass_iron_gas,120,991
consent_grp[1]/f_rel_grp[1]/f_comm_note,9,1111
consent_grp[1]/f_rel_grp[1]/section_f[1]/f_born_comm,11,1120
consent_grp[1]/f_rel_grp[1]/section_f[1]/f_school_loc,7,1131
consent_grp[1]/f_rel_grp[1]/section_f[1]/f_lived_bef_teach,18,1139
consent_grp[1]/f_rel_grp[1]/section_f[1]/f_lived_grp[1]/f_lived_comm,13,1157
consent_grp[1]/f_rel_grp[1]/section_f[1]/f_lived_grp[1]/f_lived_comm_year,13,1157
consent_grp[1]/f_rel_grp[1]/section_f[1]/f_lived_grp[1]/f_lived_comm_month,13,1157
consent_grp[1]/f_rel_grp[1]/section_f[1]/f_fam_lived,9,1170
consent_grp[1]/f_rel_grp[1]/section_f[1]/f_emot_support,16,1180
consent_grp[1]/f_rel_grp[1]/section_f[1]/f_emot_support_num,20,1192
consent_grp[1]/f_rel_grp[1]/section_f[1]/f_lend_money,20,1215
consent_grp[1]/f_rel_grp[1]/section_f[1]/f_borrow_money,14,1233
consent_grp[1]/f_rel_grp[1]/section_f[1]/f_rel_live_nearby,21,1250
consent_grp[1]/f_rel_grp[1]/section_f[1]/f_part_comm,16,1271
consent_grp[1]/f_rel_grp[1]/section_f[1]/f_main_trans,8,1287
consent_grp[1]/f_rel_grp[1]/section_f[1]/f_min_get_sch_grp[1]/f_min_get_note,25,1295
consent_grp[1]/f_rel_grp[1]/section_f[1]/f_min_get_sch_grp[1]/f_h_get_school,25,1295
consent_grp[1]/f_rel_grp[1]/section_f[1]/f_min_get_sch_grp[1]/f_m_get_school,25,1295
consent_grp[1]/g_nature_wrk_note,9,1320
consent_grp[1]/section_g[1]/g_teach_pos,9,1328
consent_grp[1]/section_g[1]/g_teach_school,7,1337
consent_grp[1]/section_g[1]/g_kg_grade,10,1344
consent_grp[1]/section_g[1]/g_class_grp[1]/g_children_note,27,1354
consent_grp[1]/section_g[1]/g_class_grp[1]/g_kg_2,27,1354
consent_grp[1]/section_g[1]/g_ah_grp[1]/g_ah_note,97,1381
consent_grp[1]/section_g[1]/g_ah_grp[1]/g_ah_working,97,1381
consent_grp[1]/section_g[1]/g_ah_grp[1]/g_ah_prepping,97,1381
consent_grp[1]/section_g[1]/g_eh_grp[1]/g_eh_note,61,1451
consent_grp[1]/section_g[1]/g_eh_grp[1]/g_eh_working,61,1451
consent_grp[1]/section_g[1]/g_eh_grp[1]/g_eh_prepping,61,1451
consent_grp[1]/section_g[1]/g_teach_salary,61,1539
consent_grp[1]/section_g[1]/g_salary_freq,13,1600
consent_grp[1]/section_g[1]/g_salary_intime,20,1613
consent_grp[1]/section_g[1]/g_money_cmp,8,1632
consent_grp[1]/section_g[1]/g_job_outside,11,1640
consent_grp[1]/section_g[1]/g_extra_money_spec,12,1651
consent_grp[1]/section_g[1]/g_sch_pro_grp[1]/tmp_g_sch_pro_lab,186,1664
consent_grp[1]/section_g[1]/g_sch_pro_grp[1]/g_class,186,1664
consent_grp[1]/section_g[1]/g_sch_pro_grp[1]/g_class_taught,186,1664
consent_grp[1]/section_g[1]/g_sch_pro_grp[1]/g_fin_resource,186,1664
consent_grp[1]/section_g[1]/g_sch_pro_grp[1]/g_high_expe,186,1664
consent_grp[1]/section_g[1]/g_sch_pro_grp[1]/g_change_curri,186,1664
consent_grp[1]/section_g[1]/g_sch_pro_grp[1]/g_diff_curri,186,1664
consent_grp[1]/section_g[1]/g_sch_pro_grp[1]/g_easy_curri,186,1664
consent_grp[1]/section_g[1]/g_sch_pro_grp[1]/g_par_dem_high,186,1664
consent_grp[1]/section_g[1]/g_sch_pro_grp[1]/g_par_suff_interest,186,1664
consent_grp[1]/section_g[1]/g_sch_pro_grp[1]/g_par_suff_active,186,1664
consent_grp[1]/section_g[1]/g_par_supp_grp[1]/g_par_supp_note,13,1850
consent_grp[1]/section_g[1]/g_par_supp_grp[1]/g_home_wrk,22,1860
consent_grp[1]/section_g[1]/g_par_supp_grp[1]/g_behave_val,48,1885
consent_grp[1]/section_g[1]/g_par_supp_grp[1]/g_get_schl,16,1932
consent_grp[1]/section_g[1]/g_par_supp_grp[1]/g_visit_schl,10,1949
consent_grp[1]/section_g[1]/g_par_supp_grp[1]/g_show_respect,8,1959
consent_grp[1]/section_g[1]/g_par_supp_grp[1]/g_best_schl,10,1967
consent_grp[1]/section_g[1]/g_par_supp_grp[1]/g_parti_pta,13,1977
consent_grp[1]/section_g[1]/g_par_supp_grp[1]/g_cont_kg_act,8,1990
consent_grp[1]/section_g[1]/g_lead_respect,21,1998
consent_grp[1]/section_g[1]/g_val_citizen,22,2019
consent_grp[1]/section_h[1]/sec_h_depre_note,73,2041
consent_grp[1]/section_h[1]/h_depression_grp[1]/h_da_note,109,2114
consent_grp[1]/section_h[1]/h_depression_grp[1]/tmp_h_da_lab,109,2114
consent_grp[1]/section_h[1]/h_depression_grp[1]/h_headache,109,2114
consent_grp[1]/section_h[1]/h_depression_grp[1]/h_appetite,109,2114
consent_grp[1]/section_h[1]/h_depression_grp[1]/h_sleep,109,2114
consent_grp[1]/section_h[1]/h_depression_grp[1]/h_frightened,109,2114
consent_grp[1]/section_h[1]/h_depression_grp[1]/h_hands_shake,109,2114
consent_grp[1]/section_h[1]/h_depression_grp[1]/h_nervous,109,2114
consent_grp[1]/section_h[1]/h_depression_grp[1]/h_digestion,109,2114
consent_grp[1]/section_h[1]/h_depression_grp[1]/h_thinking,109,2114
consent_grp[1]/section_h[1]/h_depression_grp[1]/h_unhappy,109,2114
consent_grp[1]/section_h[1]/h_depression_grp[1]/h_cry,109,2114
consent_grp[1]/section_h[1]/h_depression_grp[1]/h_activities,109,2114
consent_grp[1]/section_h[1]/h_depression_grp[1]/h_decisions,109,2114
consent_grp[1]/section_h[1]/h_depression_grp[1]/h_daily_work,109,2114
consent_grp[1]/section_h[1]/h_depression_grp[1]/h_life,109,2114
consent_grp[1]/section_h[1]/h_depression_grp[1]/h_interest,109,2114
consent_grp[1]/section_h[1]/h_depression_grp[1]/h_worthless,109,2114
consent_grp[1]/section_h[1]/h_depression_grp[1]/h_end_life,109,2114
consent_grp[1]/section_h[1]/h_depression_grp[1]/h_tired,109,2114
consent_grp[1]/section_h[1]/h_depression_grp[1]/h_uncomfortable,109,2114
consent_grp[1]/section_h[1]/h_depression_grp[1]/h_easily_tired,109,2114
consent_grp[1]/section_h[1]/sec_h_ext_contr_note,11,2223
consent_grp[1]/section_h[1]/h_ext_control_grp[1]/h_ext_cont_note,16,2233
consent_grp[1]/section_h[1]/h_ext_control_grp[1]/h_pup_learn,35,2249
consent_grp[1]/section_h[1]/h_ext_control_grp[1]/h_discipline,17,2284
consent_grp[1]/section_h[1]/h_ext_control_grp[1]/h_stu_achieve,13,2302
consent_grp[1]/section_h[1]/h_ext_control_grp[1]/h_teach_motiv,15,2315
consent_grp[1]/section_h[1]/h_ext_control_grp[1]/h_good_teach,16,2330
consent_grp[1]/section_h[1]/sec_h_motiv_note,21,2346
consent_grp[1]/section_h[1]/h_motiv_grp[1]/h_motiv_note,11,2367
consent_grp[1]/section_h[1]/h_motiv_grp[1]/h_motiv_help,33,2378
consent_grp[1]/section_h[1]/h_motiv_grp[1]/h_quest_school,15,2411
consent_grp[1]/section_h[1]/h_motiv_grp[1]/h_help_child,73,2426
consent_grp[1]/section_h[1]/h_motiv_grp[1]/h_sch_goal,9,2500
consent_grp[1]/section_h[1]/h_motiv_grp[1]/h_help_emot,14,2508
consent_grp[1]/section_h[1]/h_motiv_grp[1]/h_enjoy_teach,9,2523
consent_grp[1]/section_h[1]/h_motiv_grp[1]/h_develop_society,13,2531
consent_grp[1]/section_h[1]/h_motiv_grp[1]/h_develop_socially,7,2544
consent_grp[1]/section_h[1]/h_motiv_grp[1]/h_perso_clear,9,2551
consent_grp[1]/section_h[1]/h_impor_thing,43,2560
consent_grp[1]/section_h[1]/h_job_satisfaction_grp[1]/h_job_satis_note,39,2602
consent_grp[1]/section_h[1]/h_job_satisfaction_grp[1]/h_look_out,31,2642
consent_grp[1]/section_h[1]/h_job_satisfaction_grp[1]/h_perso_worries,25,2673
consent_grp[1]/section_h[1]/h_job_satisfaction_grp[1]/h_know_col,19,2698
consent_grp[1]/section_h[1]/h_job_satisfaction_grp[1]/h_col_coop,9,2716
consent_grp[1]/section_h[1]/h_job_satisfaction_grp[1]/h_trust_col,7,2726
consent_grp[1]/section_h[1]/h_job_satisfaction_grp[1]/h_enjoy_col,10,2733
consent_grp[1]/section_h[1]/h_job_satisfaction_grp[1]/h_sup_respect,10,2743
consent_grp[1]/section_h[1]/h_job_satisfaction_grp[1]/h_sup_busy,12,2753
consent_grp[1]/section_h[1]/h_job_satisfaction_grp[1]/h_sup_opinion,10,2765
consent_grp[1]/section_h[1]/h_job_satisfaction_grp[1]/h_count_sup,8,2776
consent_grp[1]/section_h[1]/h_job_satisfaction_grp[1]/h_motivated,8,2784
consent_grp[1]/section_h[1]/h_job_satisfaction_grp[1]/h_sup_unpredict,17,2792
consent_grp[1]/section_h[1]/h_job_satisfaction_grp[1]/h_wrk_challenge,16,2809
consent_grp[1]/section_h[1]/h_job_satisfaction_grp[1]/h_wrk_monotonous,8,2824
consent_grp[1]/section_h[1]/h_job_satisfaction_grp[1]/h_wrk_creative,5,2833
consent_grp[1]/section_h[1]/h_job_satisfaction_grp[1]/h_big_impact,8,2838
consent_grp[1]/section_h[1]/h_job_satisfaction_grp[1]/h_little_time,8,2845
consent_grp[1]/section_h[1]/h_job_satisfaction_grp[1]/h_control_satis,18,2854
consent_grp[1]/section_h[1]/h_job_satisfaction_grp[1]/h_look,12,2872
consent_grp[1]/section_h[1]/h_job_satisfaction_grp[1]/h_small_space,51,2884
consent_grp[1]/section_h[1]/h_job_satisfaction_grp[1]/h_new_mat,11,2934
consent_grp[1]/section_h[1]/h_job_satisfaction_grp[1]/h_clean_kinder,8,2946
consent_grp[1]/section_h[1]/h_job_satisfaction_grp[1]/h_loud_kinder,12,2954
consent_grp[1]/section_h[1]/h_job_satisfaction_grp[1]/h_kinder_rules,10,2966
consent_grp[1]/section_h[1]/h_job_satisfaction_grp[1]/h_satisfied_paid,7,2976
consent_grp[1]/section_h[1]/h_burnout_grp[1]/h_burnout_note,14,2982
consent_grp[1]/section_h[1]/h_burnout_grp[1]/h_emotion_drained,47,2996
consent_grp[1]/section_h[1]/h_burnout_grp[1]/h_used_up,20,3043
consent_grp[1]/section_h[1]/h_burnout_grp[1]/h_fatigued,15,3063
consent_grp[1]/section_h[1]/h_burnout_grp[1]/h_child_feel,17,3078
consent_grp[1]/section_h[1]/h_burnout_grp[1]/h_child_impersonal,21,3096
consent_grp[1]/section_h[1]/h_burnout_grp[1]/h_ppl_strain,16,3117
consent_grp[1]/section_h[1]/h_burnout_grp[1]/h_deal_effect,10,3133
consent_grp[1]/section_h[1]/h_burnout_grp[1]/h_burnout,8,3143
consent_grp[1]/section_h[1]/h_burnout_grp[1]/h_pos_influence,10,3151
consent_grp[1]/section_h[1]/h_burnout_grp[1]/h_cold,16,3161
consent_grp[1]/section_h[1]/h_burnout_grp[1]/h_hard,19,3177
consent_grp[1]/section_h[1]/h_burnout_grp[1]/h_energetic,5,3196
consent_grp[1]/section_h[1]/h_burnout_grp[1]/h_frustrated,7,3201
consent_grp[1]/section_h[1]/h_burnout_grp[1]/h_work_hard,4,3208
consent_grp[1]/section_h[1]/h_burnout_grp[1]/h_dont_care,10,3212
consent_grp[1]/section_h[1]/h_burnout_grp[1]/h_put_pressure,11,3222
consent_grp[1]/section_h[1]/h_burnout_grp[1]/h_relax,7,3233
consent_grp[1]/section_h[1]/h_burnout_grp[1]/h_excited,6,3240
consent_grp[1]/section_h[1]/h_burnout_grp[1]/h_accomplished,7,3246
consent_grp[1]/section_h[1]/h_burnout_grp[1]/h_end_of_rop,32,3253
consent_grp[1]/section_h[1]/h_burnout_grp[1]/h_emot_pro_calm,7,3285
consent_grp[1]/i_teacher_knowledge_grp[1]/I_teach_know_note,78,3292
consent_grp[1]/i_teacher_knowledge_grp[1]/i_consonance,43,3370
consent_grp[1]/i_teacher_knowledge_grp[1]/i_vowel,25,3413
consent_grp[1]/i_teacher_knowledge_grp[1]/i_unbelievable,33,3438
consent_grp[1]/i_teacher_knowledge_grp[1]/i_irregular,23,3471
consent_grp[1]/i_teacher_knowledge_grp[1]/i_cat,16,3495
consent_grp[1]/i_teacher_knowledge_grp[1]/i_cough,11,3511
consent_grp[1]/i_teacher_knowledge_grp[1]/i_check,15,3522
consent_grp[1]/i_teacher_knowledge_grp[1]/i_english,14,3536
consent_grp[1]/j_perception_grp[1]/j_perception_note,45,3550
consent_grp[1]/j_perception_grp[1]/j_dev_practice_grp[1]/j_dev_practice_note,21,3595
consent_grp[1]/j_perception_grp[1]/j_dev_practice_grp[1]/j_child_need,36,3603
consent_grp[1]/j_perception_grp[1]/j_dev_practice_grp[1]/j_recog_letter,10,3652
consent_grp[1]/j_perception_grp[1]/j_dev_practice_grp[1]/j_recog_number,11,3662
consent_grp[1]/j_perception_grp[1]/j_dev_practice_grp[1]/j_recog_colour,12,3673
consent_grp[1]/j_perception_grp[1]/j_dev_practice_grp[1]/j_indiv_goal,17,3685
consent_grp[1]/j_perception_grp[1]/j_dev_practice_grp[1]/j_play_materials,9,3702
consent_grp[1]/j_perception_grp[1]/j_dev_practice_grp[1]/j_child_measure,8,3711
consent_grp[1]/j_perception_grp[1]/j_supp_chil_grp[1]/j_supp_chil_note,7,3719
consent_grp[1]/j_perception_grp[1]/j_supp_chil_grp[1]/j_build_relation,7,3726
consent_grp[1]/j_perception_grp[1]/j_supp_chil_grp[1]/j_control_behaviour,6,3732
consent_grp[1]/j_perception_grp[1]/j_supp_chil_grp[1]/j_express_thought,6,3738
consent_grp[1]/j_perception_grp[1]/j_supp_chil_grp[1]/j_resolve_conflicts,6,3744
consent_grp[1]/j_perception_grp[1]/j_supp_chil_grp[1]/j_guidance_style,9,3750
consent_grp[1]/j_perception_grp[1]/j_fam_sensitive_grp[1]/j_fam_sensitive_note,49,3759
consent_grp[1]/j_perception_grp[1]/j_fam_sensitive_grp[1]/j_parent_goal,49,3759
consent_grp[1]/j_perception_grp[1]/j_fam_sensitive_grp[1]/j_work_schedule,49,3759
consent_grp[1]/j_perception_grp[1]/j_fam_sensitive_grp[1]/j_fam_decision,49,3759
consent_grp[1]/j_perception_grp[1]/j_fam_sensitive_grp[1]/j_family_care,49,3759
consent_grp[1]/j_perception_grp[1]/j_fam_sensitive_grp[1]/j_connect_family,49,3759
consent_grp[1]/k_grp[1]/k_instro_note,81,3808
consent_grp[1]/k_grp[1]/k_ts_grp[1]/tmp_k_labels,116,3847
consent_grp[1]/k_grp[1]/k_ts_grp[1]/k_take_priviledges,116,3847
consent_grp[1]/k_grp[1]/k_ts_grp[1]/k_explain_behavior,116,3847
consent_grp[1]/k_grp[1]/k_ts_grp[1]/k_shook,116,3847
consent_grp[1]/k_grp[1]/k_ts_grp[1]/k_shouted,116,3847
consent_grp[1]/k_grp[1]/k_ts_grp[1]/k_gave_something,116,3847
consent_grp[1]/k_grp[1]/k_ts_grp[1]/k_spanked,116,3847
consent_grp[1]/k_grp[1]/k_ts_grp[1]/k_hit_bottom,116,3847
consent_grp[1]/k_grp[1]/k_ts_grp[1]/k_call_dumb,116,3847
consent_grp[1]/k_grp[1]/k_ts_grp[1]/k_hit_face,116,3847
consent_grp[1]/k_grp[1]/k_ts_grp[1]/k_praised,116,3847
consent_grp[1]/k_grp[1]/k_ts_grp[1]/k_affection,116,3847
consent_grp[1]/k_grp[1]/k_ts_grp[1]/k_rewarded,116,3847
consent_grp[1]/l_teaching_prac_grp[1]/l_note,8,4005
consent_grp[1]/l_teaching_prac_grp[1]/l_previos_kinder_act[1]/tmp_l_prac_lab,104,4012
consent_grp[1]/l_teaching_prac_grp[1]/l_previos_kinder_act[1]/l_hygiene_routine,104,4012
consent_grp[1]/l_teaching_prac_grp[1]/l_previos_kinder_act[1]/l_supply,104,4012
consent_grp[1]/l_teaching_prac_grp[1]/l_previos_kinder_act[1]/l_pamper,104,4012
consent_grp[1]/l_teaching_prac_grp[1]/l_previos_kinder_act[1]/l_read,104,4012
consent_grp[1]/l_teaching_prac_grp[1]/l_previos_kinder_act[1]/l_tell,104,4012
consent_grp[1]/l_teaching_prac_grp[1]/l_previos_kinder_act[1]/l_conversatin,104,4012
consent_grp[1]/l_teaching_prac_grp[1]/l_previos_kinder_act[1]/l_sing,104,4012
consent_grp[1]/l_teaching_prac_grp[1]/l_previos_kinder_act[1]/l_dance,104,4012
consent_grp[1]/l_teaching_prac_grp[1]/l_previos_kinder_act[1]/l_visit,104,4012
consent_grp[1]/l_teaching_prac_grp[1]/l_previos_kinder_act[1]/l_play_kg,104,4012
consent_grp[1]/l_teaching_prac_grp[1]/l_previos_kinder_act[1]/l_play_recrea,104,4012
consent_grp[1]/l_teaching_prac_grp[1]/l_previos_kinder_act[1]/l_sleep,104,4012
consent_grp[1]/l_teaching_prac_grp[1]/l_previos_kinder_act[1]/l_run,104,4012
consent_grp[1]/l_teaching_prac_grp[1]/l_previos_kinder_act[1]/l_group_learn,104,4012
consent_grp[1]/l_teaching_prac_grp[1]/l_previos_kinder_act[1]/l_indiv_learn,104,4012
consent_grp[1]/l_teaching_prac_grp[1]/l_class_acti_grp[1]/l_act_grp[1]/tmp_l_class_lab,102,4117
consent_grp[1]/l_teaching_prac_grp[1]/l_class_acti_grp[1]/l_act_grp[1]/l_teach_colour,102,4117
consent_grp[1]/l_teaching_prac_grp[1]/l_class_acti_grp[1]/l_act_grp[1]/l_teach_number,102,4117
consent_grp[1]/l_teaching_prac_grp[1]/l_class_acti_grp[1]/l_act_grp[1]/l_teach_letter,102,4117
consent_grp[1]/l_teaching_prac_grp[1]/l_class_acti_grp[1]/l_act_grp[1]/l_teach_form,102,4117
consent_grp[1]/l_teaching_prac_grp[1]/l_class_acti_grp[1]/l_act_grp[1]/l_socialise,102,4117
consent_grp[1]/l_teaching_prac_grp[1]/l_class_acti_grp[1]/l_act_grp[1]/l_pro_solve,102,4117
consent_grp[1]/l_teaching_prac_grp[1]/l_class_acti_grp[1]/l_act_grp[1]/l_writing,102,4117
consent_grp[1]/l_teaching_prac_grp[1]/l_class_acti_grp[1]/l_act_grp[1]/l_teach_body,102,4117
consent_grp[1]/l_teaching_prac_grp[1]/l_class_acti_grp[1]/l_act_grp[1]/l_pers_hygiene,102,4117
consent_grp[1]/l_teaching_prac_grp[1]/l_class_acti_grp[1]/l_act_grp[1]/l_art_expre,102,4117
consent_grp[1]/l_teaching_prac_grp[1]/l_class_acti_grp[1]/l_act_grp[1]/l_body_lang,102,4117
consent_grp[1]/l_teaching_prac_grp[1]/l_class_acti_grp[1]/l_act_grp[1]/l_concentration,102,4117
consent_grp[1]/l_teaching_prac_grp[1]/l_class_acti_grp[1]/l_act_grp[1]/l_gross_motor,102,4117
consent_grp[1]/l_teaching_prac_grp[1]/l_class_acti_grp[1]/l_act_grp[1]/l_fine_motor,102,4117
consent_grp[1]/l_teaching_prac_grp[1]/l_class_acti_grp[1]/l_act_grp[1]/l_gender,102,4117
consent_grp[1]/l_teaching_prac_grp[1]/l_class_acti_grp[1]/l_act_grp[1]/l_responsibility,102,4117
consent_grp[1]/l_teaching_prac_grp[1]/l_class_acti_grp[1]/l_act_grp[1]/l_speech,102,4117
consent_grp[1]/l_teaching_prac_grp[1]/l_class_acti_grp[1]/l_act_grp[1]/l_explore_comm,102,4117
consent_grp[1]/l_teaching_prac_grp[1]/l_class_acti_grp[1]/l_act_grp[1]/l_explore_culture,102,4117
consent_grp[1]/l_teaching_prac_grp[1]/l_parent_interact_note,6,4219
consent_grp[1]/l_teaching_prac_grp[1]/l_actively_engaged,27,4225
consent_grp[1]/l_teaching_prac_grp[1]/l_proportion_child,12,4252
consent_grp[1]/l_teaching_prac_grp[1]/l_proportion_child_more,14,4263
consent_grp[1]/l_teaching_prac_grp[1]/l_visit_pupil_house,32,4277
consent_grp[1]/l_teaching_prac_grp[1]/l_visit_parent_house,27,4309
consent_grp[1]/l_teaching_prac_grp[1]/l_receive_parent_supp,34,4336
consent_grp[1]/l_teaching_prac_grp[1]/l_day_teaching_note,6,4370
consent_grp[1]/l_teaching_prac_grp[1]/l_day_grp[1]/tmp_l_labs,29,4376
consent_grp[1]/l_teaching_prac_grp[1]/l_day_grp[1]/l_daily_schedule,29,4376
consent_grp[1]/l_teaching_prac_grp[1]/l_day_grp[1]/l_play_period,29,4376
consent_grp[1]/l_teaching_prac_grp[1]/l_day_grp[1]/l_free_play,29,4376
consent_grp[1]/l_teaching_prac_grp[1]/l_day_grp[1]/l_activities,29,4376
consent_grp[1]/l_teaching_prac_grp[1]/l_per_daily_grp[1]/l_perc_note,348,4405
consent_grp[1]/l_teaching_prac_grp[1]/l_per_daily_grp[1]/l_admin_per,348,4405
consent_grp[1]/l_teaching_prac_grp[1]/l_per_daily_grp[1]/l_class_per,348,4405
consent_grp[1]/l_teaching_prac_grp[1]/l_per_daily_grp[1]/l_teach_per,348,4405
consent_grp[1]/l_teaching_prac_grp[1]/l_per_daily_grp[1]/l_super_per,348,4405
consent_grp[1]/l_teaching_prac_grp[1]/l_per_daily_grp[1]/l_super_oth_per,348,4405
consent_grp[1]/l_teaching_prac_grp[1]/l_per_daily_grp[1]/l_break_per,348,4405
consent_grp[1]/l_teaching_prac_grp[1]/l_discipline_note,7,4753
consent_grp[1]/l_teaching_prac_grp[1]/l_dont_like,28,4760
consent_grp[1]/l_teaching_prac_grp[1]/l_really_bad,14,4788
consent_grp[1]/l_teaching_prac_grp[1]/l_does_good,18,4801
consent_grp[1]/l_teaching_prac_grp[1]/l_praise,18,4820
consent_grp[1]/q_note,34,4838
consent_grp[1]/q_activ_yn,11,4872
consent_grp[1]/q_rpt[1]/q_activ_r,55,4883
consent_grp[1]/q_rpt[1]/q_activ_org_r,20,4938
consent_grp[1]/q_rpt[1]/q_activ_add_r,14,4959
s_int_accom_yn,4,4972
comments,3,4976
