Field name,Total duration (seconds),First appeared (seconds into survey)
instruction,1,3
a_district_id,2,4
a_circuit_id,16,6
a_kg_id,3,22
a_community_id,2,25
a_enum_id,3,27
consent_note,7,30
con_understand,2,37
con_questions,2,39
con_written,2,41
consent_grp[1]/audio_consent,1,43
consent_grp[1]/d_background_note,1,44
consent_grp[1]/section_d[1]/kgt_key,7,45
consent_grp[1]/section_d[1]/kgt_confirm_note,2,52
consent_grp[1]/section_d[1]/d_num_cnt,9,55
consent_grp[1]/section_d[1]/d_cnt_grp[1]/d_cnt_main,17,64
consent_grp[1]/section_d[1]/d_work_last,12,81
consent_grp[1]/section_d[1]/d_edu_level,12,93
consent_grp[1]/section_d[1]/d_edu_train,12,105
consent_grp[1]/section_d[1]/d_marital_status,5,117
consent_grp[1]/section_d[1]/d_religion,4,122
consent_grp[1]/section_d[1]/d_la_spk_grp[1]/d_la_spk_note,67,126
consent_grp[1]/section_d[1]/d_la_spk_grp[1]/d_la_spk_eng,67,126
consent_grp[1]/section_d[1]/d_la_spk_grp[1]/d_la_spk_grun,67,126
consent_grp[1]/section_d[1]/d_la_wrt_grp[1]/d_la_wrt_note,13,192
consent_grp[1]/section_d[1]/d_la_wrt_grp[1]/d_la_wrt_eng,13,192
consent_grp[1]/section_d[1]/d_la_wrt_grp[1]/d_la_wrt_grun,13,192
consent_grp[1]/section_d[1]/d_main_language,17,206
consent_grp[1]/section_d[1]/d_loc_lang_kinderg,11,223
consent_grp[1]/f_moved_yn,11,234
consent_grp[1]/g_nature_wrk_note,7,245
consent_grp[1]/section_g[1]/g_teach_pos,6,252
consent_grp[1]/section_g[1]/g_teach_school,11,259
consent_grp[1]/section_g[1]/g_kg_grade,11,269
consent_grp[1]/section_g[1]/g_class_grp[1]/g_children_note,25,280
consent_grp[1]/section_g[1]/g_class_grp[1]/g_kg_combined,25,280
consent_grp[1]/section_g[1]/g_ah_grp[1]/g_ah_note,41,305
consent_grp[1]/section_g[1]/g_ah_grp[1]/g_ah_working,41,305
consent_grp[1]/section_g[1]/g_ah_grp[1]/g_ah_prepping,41,305
consent_grp[1]/section_g[1]/g_eh_grp[1]/g_eh_note,16,345
consent_grp[1]/section_g[1]/g_eh_grp[1]/g_eh_working,16,345
consent_grp[1]/section_g[1]/g_eh_grp[1]/g_eh_prepping,16,345
consent_grp[1]/section_g[1]/g_teach_salary,12,361
consent_grp[1]/section_g[1]/g_salary_freq,14,373
consent_grp[1]/section_g[1]/g_salary_intime,21,387
consent_grp[1]/section_g[1]/g_money_cmp,8,408
consent_grp[1]/section_g[1]/g_job_outside,8,417
consent_grp[1]/section_g[1]/g_extra_money_spec,10,424
consent_grp[1]/section_g[1]/g_sch_pro_grp[1]/tmp_g_sch_pro_lab,157,433
consent_grp[1]/section_g[1]/g_sch_pro_grp[1]/g_class,157,433
consent_grp[1]/section_g[1]/g_sch_pro_grp[1]/g_class_taught,157,433
consent_grp[1]/section_g[1]/g_sch_pro_grp[1]/g_fin_resource,157,433
consent_grp[1]/section_g[1]/g_sch_pro_grp[1]/g_high_expe,157,433
consent_grp[1]/section_g[1]/g_sch_pro_grp[1]/g_change_curri,157,433
consent_grp[1]/section_g[1]/g_sch_pro_grp[1]/g_diff_curri,157,433
consent_grp[1]/section_g[1]/g_sch_pro_grp[1]/g_easy_curri,157,433
consent_grp[1]/section_g[1]/g_sch_pro_grp[1]/g_par_dem_high,157,433
consent_grp[1]/section_g[1]/g_sch_pro_grp[1]/g_par_suff_interest,157,433
consent_grp[1]/section_g[1]/g_sch_pro_grp[1]/g_par_suff_active,157,433
consent_grp[1]/section_g[1]/g_par_supp_grp[1]/g_par_supp_note,43,592
consent_grp[1]/section_g[1]/g_par_supp_grp[1]/g_home_wrk,34,635
consent_grp[1]/section_g[1]/g_par_supp_grp[1]/g_behave_val,21,669
consent_grp[1]/section_g[1]/g_par_supp_grp[1]/g_get_schl,18,690
consent_grp[1]/section_g[1]/g_par_supp_grp[1]/g_visit_schl,10,708
consent_grp[1]/section_g[1]/g_par_supp_grp[1]/g_show_respect,7,718
consent_grp[1]/section_g[1]/g_par_supp_grp[1]/g_best_schl,17,725
consent_grp[1]/section_g[1]/g_par_supp_grp[1]/g_parti_pta,7,743
consent_grp[1]/section_g[1]/g_par_supp_grp[1]/g_cont_kg_act,16,750
consent_grp[1]/section_g[1]/g_lead_respect,21,766
consent_grp[1]/section_g[1]/g_val_citizen,14,787
consent_grp[1]/section_h[1]/sec_h_depre_note,35,801
consent_grp[1]/section_h[1]/h_depression_grp[1]/h_da_note,126,803
consent_grp[1]/section_h[1]/h_depression_grp[1]/tmp_h_da_lab,126,803
consent_grp[1]/section_h[1]/h_depression_grp[1]/h_headache,126,803
consent_grp[1]/section_h[1]/h_depression_grp[1]/h_appetite,126,803
consent_grp[1]/section_h[1]/h_depression_grp[1]/h_sleep,126,803
consent_grp[1]/section_h[1]/h_depression_grp[1]/h_frightened,126,803
consent_grp[1]/section_h[1]/h_depression_grp[1]/h_hands_shake,126,803
consent_grp[1]/section_h[1]/h_depression_grp[1]/h_nervous,126,803
consent_grp[1]/section_h[1]/h_depression_grp[1]/h_digestion,126,803
consent_grp[1]/section_h[1]/h_depression_grp[1]/h_thinking,126,803
consent_grp[1]/section_h[1]/h_depression_grp[1]/h_unhappy,126,803
consent_grp[1]/section_h[1]/h_depression_grp[1]/h_cry,126,803
consent_grp[1]/section_h[1]/h_depression_grp[1]/h_activities,126,803
consent_grp[1]/section_h[1]/h_depression_grp[1]/h_decisions,126,803
consent_grp[1]/section_h[1]/h_depression_grp[1]/h_daily_work,126,803
consent_grp[1]/section_h[1]/h_depression_grp[1]/h_life,126,803
consent_grp[1]/section_h[1]/h_depression_grp[1]/h_interest,126,803
consent_grp[1]/section_h[1]/h_depression_grp[1]/h_worthless,126,803
consent_grp[1]/section_h[1]/h_depression_grp[1]/h_end_life,126,803
consent_grp[1]/section_h[1]/h_depression_grp[1]/h_tired,126,803
consent_grp[1]/section_h[1]/h_depression_grp[1]/h_uncomfortable,126,803
consent_grp[1]/section_h[1]/h_depression_grp[1]/h_easily_tired,126,803
consent_grp[1]/section_h[1]/sec_h_ext_contr_note,11,961
consent_grp[1]/section_h[1]/h_ext_control_grp[1]/h_ext_cont_note,3,972
consent_grp[1]/section_h[1]/h_ext_control_grp[1]/h_pup_learn,53,975
consent_grp[1]/section_h[1]/h_ext_control_grp[1]/h_discipline,26,1028
consent_grp[1]/section_h[1]/h_ext_control_grp[1]/h_stu_achieve,15,1051
consent_grp[1]/section_h[1]/h_ext_control_grp[1]/h_teach_motiv,12,1068
consent_grp[1]/section_h[1]/h_ext_control_grp[1]/h_good_teach,15,1080
consent_grp[1]/section_h[1]/sec_h_motiv_note,2,1095
consent_grp[1]/section_h[1]/h_motiv_grp[1]/h_motiv_note,4,1097
consent_grp[1]/section_h[1]/h_motiv_grp[1]/h_motiv_help,9,1101
consent_grp[1]/section_h[1]/h_motiv_grp[1]/h_quest_school,25,1110
consent_grp[1]/section_h[1]/h_motiv_grp[1]/h_help_child,7,1135
consent_grp[1]/section_h[1]/h_motiv_grp[1]/h_sch_goal,16,1142
consent_grp[1]/section_h[1]/h_motiv_grp[1]/h_help_emot,8,1159
consent_grp[1]/section_h[1]/h_motiv_grp[1]/h_enjoy_teach,8,1167
consent_grp[1]/section_h[1]/h_motiv_grp[1]/h_develop_society,10,1175
consent_grp[1]/section_h[1]/h_motiv_grp[1]/h_develop_socially,9,1185
consent_grp[1]/section_h[1]/h_motiv_grp[1]/h_perso_clear,9,1194
consent_grp[1]/section_h[1]/h_impor_thing,94,1203
consent_grp[1]/section_h[1]/h_job_satisfaction_grp[1]/h_job_satis_note,7,1297
consent_grp[1]/section_h[1]/h_job_satisfaction_grp[1]/h_look_out,53,1300
consent_grp[1]/section_h[1]/h_job_satisfaction_grp[1]/h_perso_worries,32,1357
consent_grp[1]/section_h[1]/h_job_satisfaction_grp[1]/h_know_col,27,1366
consent_grp[1]/section_h[1]/h_job_satisfaction_grp[1]/h_col_coop,12,1416
consent_grp[1]/section_h[1]/h_job_satisfaction_grp[1]/h_trust_col,13,1428
consent_grp[1]/section_h[1]/h_job_satisfaction_grp[1]/h_enjoy_col,5,1441
consent_grp[1]/section_h[1]/h_job_satisfaction_grp[1]/h_sup_respect,8,1447
consent_grp[1]/section_h[1]/h_job_satisfaction_grp[1]/h_sup_busy,7,1455
consent_grp[1]/section_h[1]/h_job_satisfaction_grp[1]/h_sup_opinion,7,1461
consent_grp[1]/section_h[1]/h_job_satisfaction_grp[1]/h_count_sup,10,1468
consent_grp[1]/section_h[1]/h_job_satisfaction_grp[1]/h_motivated,23,1474
consent_grp[1]/section_h[1]/h_job_satisfaction_grp[1]/h_sup_unpredict,13,1502
consent_grp[1]/section_h[1]/h_job_satisfaction_grp[1]/h_wrk_challenge,10,1515
consent_grp[1]/section_h[1]/h_job_satisfaction_grp[1]/h_wrk_monotonous,13,1525
consent_grp[1]/section_h[1]/h_job_satisfaction_grp[1]/h_wrk_creative,7,1538
consent_grp[1]/section_h[1]/h_job_satisfaction_grp[1]/h_big_impact,7,1545
consent_grp[1]/section_h[1]/h_job_satisfaction_grp[1]/h_little_time,22,1552
consent_grp[1]/section_h[1]/h_job_satisfaction_grp[1]/h_control_satis,21,1574
consent_grp[1]/section_h[1]/h_job_satisfaction_grp[1]/h_look,18,1594
consent_grp[1]/section_h[1]/h_job_satisfaction_grp[1]/h_small_space,12,1612
consent_grp[1]/section_h[1]/h_job_satisfaction_grp[1]/h_new_mat,12,1624
consent_grp[1]/section_h[1]/h_job_satisfaction_grp[1]/h_clean_kinder,8,1636
consent_grp[1]/section_h[1]/h_job_satisfaction_grp[1]/h_loud_kinder,7,1644
consent_grp[1]/section_h[1]/h_job_satisfaction_grp[1]/h_kinder_rules,9,1651
consent_grp[1]/section_h[1]/h_job_satisfaction_grp[1]/h_satisfied_paid,8,1659
consent_grp[1]/section_h[1]/h_burnout_grp[1]/h_burnout_note,16,1667
consent_grp[1]/section_h[1]/h_burnout_grp[1]/h_emotion_drained,23,1683
consent_grp[1]/section_h[1]/h_burnout_grp[1]/h_used_up,21,1707
consent_grp[1]/section_h[1]/h_burnout_grp[1]/h_fatigued,22,1728
consent_grp[1]/section_h[1]/h_burnout_grp[1]/h_child_feel,38,1750
consent_grp[1]/section_h[1]/h_burnout_grp[1]/h_child_impersonal,14,1788
consent_grp[1]/section_h[1]/h_burnout_grp[1]/h_ppl_strain,9,1803
consent_grp[1]/section_h[1]/h_burnout_grp[1]/h_deal_effect,16,1812
consent_grp[1]/section_h[1]/h_burnout_grp[1]/h_burnout,16,1828
consent_grp[1]/section_h[1]/h_burnout_grp[1]/h_pos_influence,25,1844
consent_grp[1]/section_h[1]/h_burnout_grp[1]/h_cold,12,1868
consent_grp[1]/section_h[1]/h_burnout_grp[1]/h_hard,8,1881
consent_grp[1]/section_h[1]/h_burnout_grp[1]/h_energetic,15,1889
consent_grp[1]/section_h[1]/h_burnout_grp[1]/h_frustrated,6,1904
consent_grp[1]/section_h[1]/h_burnout_grp[1]/h_work_hard,14,1910
consent_grp[1]/section_h[1]/h_burnout_grp[1]/h_dont_care,8,1923
consent_grp[1]/section_h[1]/h_burnout_grp[1]/h_put_pressure,6,1931
consent_grp[1]/section_h[1]/h_burnout_grp[1]/h_relax,3,1938
consent_grp[1]/section_h[1]/h_burnout_grp[1]/h_excited,9,1941
consent_grp[1]/section_h[1]/h_burnout_grp[1]/h_accomplished,19,1951
consent_grp[1]/section_h[1]/h_burnout_grp[1]/h_end_of_rop,6,1970
consent_grp[1]/section_h[1]/h_burnout_grp[1]/h_emot_pro_calm,20,1976
consent_grp[1]/i_teacher_knowledge_grp[1]/I_teach_know_note,22,1996
consent_grp[1]/i_teacher_knowledge_grp[1]/i_consonance,53,2017
consent_grp[1]/i_teacher_knowledge_grp[1]/i_vowel,11,2071
consent_grp[1]/i_teacher_knowledge_grp[1]/i_unbelievable,50,2082
consent_grp[1]/i_teacher_knowledge_grp[1]/i_irregular,21,2133
consent_grp[1]/i_teacher_knowledge_grp[1]/i_cat,14,2154
consent_grp[1]/i_teacher_knowledge_grp[1]/i_cough,37,2168
consent_grp[1]/i_teacher_knowledge_grp[1]/i_check,12,2204
consent_grp[1]/i_teacher_knowledge_grp[1]/i_english,24,2217
consent_grp[1]/j_perception_grp[1]/j_perception_note,42,2241
consent_grp[1]/j_perception_grp[1]/j_dev_practice_grp[1]/j_dev_practice_note,71,2242
consent_grp[1]/j_perception_grp[1]/j_dev_practice_grp[1]/j_child_need,18,2286
consent_grp[1]/j_perception_grp[1]/j_dev_practice_grp[1]/j_recog_letter,9,2372
consent_grp[1]/j_perception_grp[1]/j_dev_practice_grp[1]/j_recog_number,8,2380
consent_grp[1]/j_perception_grp[1]/j_dev_practice_grp[1]/j_recog_colour,6,2388
consent_grp[1]/j_perception_grp[1]/j_dev_practice_grp[1]/j_indiv_goal,33,2394
consent_grp[1]/j_perception_grp[1]/j_dev_practice_grp[1]/j_play_materials,7,2426
consent_grp[1]/j_perception_grp[1]/j_dev_practice_grp[1]/j_child_measure,6,2434
consent_grp[1]/j_perception_grp[1]/j_supp_chil_grp[1]/j_supp_chil_note,3,2440
consent_grp[1]/j_perception_grp[1]/j_supp_chil_grp[1]/j_build_relation,7,2443
consent_grp[1]/j_perception_grp[1]/j_supp_chil_grp[1]/j_control_behaviour,6,2449
consent_grp[1]/j_perception_grp[1]/j_supp_chil_grp[1]/j_express_thought,9,2456
consent_grp[1]/j_perception_grp[1]/j_supp_chil_grp[1]/j_resolve_conflicts,7,2465
consent_grp[1]/j_perception_grp[1]/j_supp_chil_grp[1]/j_guidance_style,15,2472
consent_grp[1]/j_perception_grp[1]/j_fam_sensitive_grp[1]/j_fam_sensitive_note,50,2487
consent_grp[1]/j_perception_grp[1]/j_fam_sensitive_grp[1]/j_parent_goal,50,2487
consent_grp[1]/j_perception_grp[1]/j_fam_sensitive_grp[1]/j_work_schedule,50,2487
consent_grp[1]/j_perception_grp[1]/j_fam_sensitive_grp[1]/j_fam_decision,50,2487
consent_grp[1]/j_perception_grp[1]/j_fam_sensitive_grp[1]/j_family_care,50,2487
consent_grp[1]/j_perception_grp[1]/j_fam_sensitive_grp[1]/j_connect_family,50,2487
consent_grp[1]/k_grp[1]/k_instro_note,37,2537
consent_grp[1]/k_grp[1]/k_ts_grp[1]/tmp_k_labels,90,2574
consent_grp[1]/k_grp[1]/k_ts_grp[1]/k_take_priviledges,90,2574
consent_grp[1]/k_grp[1]/k_ts_grp[1]/k_explain_behavior,90,2574
consent_grp[1]/k_grp[1]/k_ts_grp[1]/k_shook,90,2574
consent_grp[1]/k_grp[1]/k_ts_grp[1]/k_shouted,90,2574
consent_grp[1]/k_grp[1]/k_ts_grp[1]/k_gave_something,90,2574
consent_grp[1]/k_grp[1]/k_ts_grp[1]/k_spanked,90,2574
consent_grp[1]/k_grp[1]/k_ts_grp[1]/k_hit_bottom,90,2574
consent_grp[1]/k_grp[1]/k_ts_grp[1]/k_call_dumb,90,2574
consent_grp[1]/k_grp[1]/k_ts_grp[1]/k_hit_face,90,2574
consent_grp[1]/k_grp[1]/k_ts_grp[1]/k_praised,90,2574
consent_grp[1]/k_grp[1]/k_ts_grp[1]/k_affection,90,2574
consent_grp[1]/k_grp[1]/k_ts_grp[1]/k_rewarded,90,2574
consent_grp[1]/l_teaching_prac_grp[1]/l_note,11,2664
consent_grp[1]/l_teaching_prac_grp[1]/l_previos_kinder_act[1]/tmp_l_prac_lab,66,2675
consent_grp[1]/l_teaching_prac_grp[1]/l_previos_kinder_act[1]/l_hygiene_routine,66,2675
consent_grp[1]/l_teaching_prac_grp[1]/l_previos_kinder_act[1]/l_supply,66,2675
consent_grp[1]/l_teaching_prac_grp[1]/l_previos_kinder_act[1]/l_pamper,66,2675
consent_grp[1]/l_teaching_prac_grp[1]/l_previos_kinder_act[1]/l_read,66,2675
consent_grp[1]/l_teaching_prac_grp[1]/l_previos_kinder_act[1]/l_tell,66,2675
consent_grp[1]/l_teaching_prac_grp[1]/l_previos_kinder_act[1]/l_conversatin,66,2675
consent_grp[1]/l_teaching_prac_grp[1]/l_previos_kinder_act[1]/l_sing,66,2675
consent_grp[1]/l_teaching_prac_grp[1]/l_previos_kinder_act[1]/l_dance,66,2675
consent_grp[1]/l_teaching_prac_grp[1]/l_previos_kinder_act[1]/l_visit,66,2675
consent_grp[1]/l_teaching_prac_grp[1]/l_previos_kinder_act[1]/l_play_kg,66,2675
consent_grp[1]/l_teaching_prac_grp[1]/l_previos_kinder_act[1]/l_play_recrea,66,2675
consent_grp[1]/l_teaching_prac_grp[1]/l_previos_kinder_act[1]/l_sleep,66,2675
consent_grp[1]/l_teaching_prac_grp[1]/l_previos_kinder_act[1]/l_run,66,2675
consent_grp[1]/l_teaching_prac_grp[1]/l_previos_kinder_act[1]/l_group_learn,66,2675
consent_grp[1]/l_teaching_prac_grp[1]/l_previos_kinder_act[1]/l_indiv_learn,66,2675
consent_grp[1]/l_teaching_prac_grp[1]/l_class_acti_grp[1]/l_act_grp[1]/tmp_l_class_lab,55,2741
consent_grp[1]/l_teaching_prac_grp[1]/l_class_acti_grp[1]/l_act_grp[1]/l_teach_colour,55,2741
consent_grp[1]/l_teaching_prac_grp[1]/l_class_acti_grp[1]/l_act_grp[1]/l_teach_number,55,2741
consent_grp[1]/l_teaching_prac_grp[1]/l_class_acti_grp[1]/l_act_grp[1]/l_teach_letter,55,2741
consent_grp[1]/l_teaching_prac_grp[1]/l_class_acti_grp[1]/l_act_grp[1]/l_teach_form,55,2741
consent_grp[1]/l_teaching_prac_grp[1]/l_class_acti_grp[1]/l_act_grp[1]/l_socialise,55,2741
consent_grp[1]/l_teaching_prac_grp[1]/l_class_acti_grp[1]/l_act_grp[1]/l_pro_solve,55,2741
consent_grp[1]/l_teaching_prac_grp[1]/l_class_acti_grp[1]/l_act_grp[1]/l_writing,55,2741
consent_grp[1]/l_teaching_prac_grp[1]/l_class_acti_grp[1]/l_act_grp[1]/l_teach_body,55,2741
consent_grp[1]/l_teaching_prac_grp[1]/l_class_acti_grp[1]/l_act_grp[1]/l_pers_hygiene,55,2741
consent_grp[1]/l_teaching_prac_grp[1]/l_class_acti_grp[1]/l_act_grp[1]/l_art_expre,55,2741
consent_grp[1]/l_teaching_prac_grp[1]/l_class_acti_grp[1]/l_act_grp[1]/l_body_lang,55,2741
consent_grp[1]/l_teaching_prac_grp[1]/l_class_acti_grp[1]/l_act_grp[1]/l_concentration,55,2741
consent_grp[1]/l_teaching_prac_grp[1]/l_class_acti_grp[1]/l_act_grp[1]/l_gross_motor,55,2741
consent_grp[1]/l_teaching_prac_grp[1]/l_class_acti_grp[1]/l_act_grp[1]/l_fine_motor,55,2741
consent_grp[1]/l_teaching_prac_grp[1]/l_class_acti_grp[1]/l_act_grp[1]/l_gender,55,2741
consent_grp[1]/l_teaching_prac_grp[1]/l_class_acti_grp[1]/l_act_grp[1]/l_responsibility,55,2741
consent_grp[1]/l_teaching_prac_grp[1]/l_class_acti_grp[1]/l_act_grp[1]/l_speech,55,2741
consent_grp[1]/l_teaching_prac_grp[1]/l_class_acti_grp[1]/l_act_grp[1]/l_explore_comm,55,2741
consent_grp[1]/l_teaching_prac_grp[1]/l_class_acti_grp[1]/l_act_grp[1]/l_explore_culture,55,2741
consent_grp[1]/l_teaching_prac_grp[1]/l_parent_interact_note,2,2796
consent_grp[1]/l_teaching_prac_grp[1]/l_actively_engaged,32,2797
consent_grp[1]/l_teaching_prac_grp[1]/l_proportion_child,12,2829
consent_grp[1]/l_teaching_prac_grp[1]/l_proportion_child_more,11,2841
consent_grp[1]/l_teaching_prac_grp[1]/l_visit_pupil_house,19,2852
consent_grp[1]/l_teaching_prac_grp[1]/l_visit_parent_house,2,2871
consent_grp[1]/l_teaching_prac_grp[1]/l_receive_parent_supp,13,2873
consent_grp[1]/l_teaching_prac_grp[1]/l_day_teaching_note,13,2886
consent_grp[1]/l_teaching_prac_grp[1]/l_day_grp[1]/tmp_l_labs,52,2887
consent_grp[1]/l_teaching_prac_grp[1]/l_day_grp[1]/l_daily_schedule,52,2887
consent_grp[1]/l_teaching_prac_grp[1]/l_day_grp[1]/l_play_period,52,2887
consent_grp[1]/l_teaching_prac_grp[1]/l_day_grp[1]/l_free_play,52,2887
consent_grp[1]/l_teaching_prac_grp[1]/l_day_grp[1]/l_activities,52,2887
consent_grp[1]/l_teaching_prac_grp[1]/l_per_daily_grp[1]/l_perc_note,264,2950
consent_grp[1]/l_teaching_prac_grp[1]/l_per_daily_grp[1]/l_admin_per,264,2950
consent_grp[1]/l_teaching_prac_grp[1]/l_per_daily_grp[1]/l_class_per,264,2950
consent_grp[1]/l_teaching_prac_grp[1]/l_per_daily_grp[1]/l_teach_per,264,2950
consent_grp[1]/l_teaching_prac_grp[1]/l_per_daily_grp[1]/l_super_per,264,2950
consent_grp[1]/l_teaching_prac_grp[1]/l_per_daily_grp[1]/l_super_oth_per,264,2950
consent_grp[1]/l_teaching_prac_grp[1]/l_per_daily_grp[1]/l_break_per,264,2950
consent_grp[1]/l_teaching_prac_grp[1]/l_discipline_note,27,3214
consent_grp[1]/l_teaching_prac_grp[1]/l_dont_like,39,3241
consent_grp[1]/l_teaching_prac_grp[1]/l_really_bad,13,3280
consent_grp[1]/l_teaching_prac_grp[1]/l_does_good,16,3293
consent_grp[1]/l_teaching_prac_grp[1]/l_praise,8,3309
consent_grp[1]/q_note,25,3317
consent_grp[1]/q_activ_yn,15,3318
s_int_accom_yn,3,3357
s_int_accom,5,3360
comments,2,3364
