Field name,Total duration (seconds),First appeared (seconds into survey)
instruction,1,2
a_district_id,4,3
a_circuit_id,18,7
a_kg_id,7,25
a_community_id,18,32
a_enum_id,21,50
consent_note,171,71
con_understand,5,240
con_questions,3,247
con_written,5,250
consent_grp[1]/audio_consent,3,255
consent_grp[1]/d_background_note,1,257
consent_grp[1]/section_d[1]/kgt_key,8,259
consent_grp[1]/section_d[1]/kgt_confirm_note,3,266
consent_grp[1]/section_d[1]/d_num_cnt,10,269
consent_grp[1]/section_d[1]/d_cnt_grp[1]/d_cnt_main,11,279
consent_grp[1]/section_d[1]/d_work_last,9,290
consent_grp[1]/section_d[1]/d_edu_level,49,299
consent_grp[1]/section_d[1]/d_edu_train,12,348
consent_grp[1]/section_d[1]/d_edu_level_train,8,360
consent_grp[1]/section_d[1]/d_marital_status,8,368
consent_grp[1]/section_d[1]/d_religion,5,376
consent_grp[1]/section_d[1]/d_la_spk_grp[1]/d_la_spk_note,14,380
consent_grp[1]/section_d[1]/d_la_spk_grp[1]/d_la_spk_eng,14,380
consent_grp[1]/section_d[1]/d_la_spk_grp[1]/d_la_spk_grun,14,380
consent_grp[1]/section_d[1]/d_la_wrt_grp[1]/d_la_wrt_note,18,394
consent_grp[1]/section_d[1]/d_la_wrt_grp[1]/d_la_wrt_eng,18,394
consent_grp[1]/section_d[1]/d_la_wrt_grp[1]/d_la_wrt_grun,18,394
consent_grp[1]/section_d[1]/d_main_language,13,412
consent_grp[1]/section_d[1]/d_loc_lang_kinderg,6,425
consent_grp[1]/f_moved_yn,8,431
consent_grp[1]/f_rel_grp[1]/f_comm_note,3,439
consent_grp[1]/f_rel_grp[1]/section_f[1]/f_born_comm,6,442
consent_grp[1]/f_rel_grp[1]/section_f[1]/f_school_loc,7,448
consent_grp[1]/f_rel_grp[1]/section_f[1]/f_lived_bef_teach,10,455
consent_grp[1]/f_rel_grp[1]/section_f[1]/f_lived_grp[1]/f_lived_comm,26,465
consent_grp[1]/f_rel_grp[1]/section_f[1]/f_lived_grp[1]/f_lived_comm_year,26,465
consent_grp[1]/f_rel_grp[1]/section_f[1]/f_lived_grp[1]/f_lived_comm_month,26,465
consent_grp[1]/f_rel_grp[1]/section_f[1]/f_fam_lived,55,491
consent_grp[1]/f_rel_grp[1]/section_f[1]/f_emot_support,19,546
consent_grp[1]/f_rel_grp[1]/section_f[1]/f_emot_support_num,3,565
consent_grp[1]/f_rel_grp[1]/section_f[1]/f_lend_money,29,568
consent_grp[1]/f_rel_grp[1]/section_f[1]/f_borrow_money,18,597
consent_grp[1]/f_rel_grp[1]/section_f[1]/f_rel_live_nearby,47,615
consent_grp[1]/f_rel_grp[1]/section_f[1]/f_part_comm,24,663
consent_grp[1]/f_rel_grp[1]/section_f[1]/f_main_trans,61,687
consent_grp[1]/f_rel_grp[1]/section_f[1]/f_min_get_sch_grp[1]/f_min_get_note,12,747
consent_grp[1]/f_rel_grp[1]/section_f[1]/f_min_get_sch_grp[1]/f_h_get_school,12,747
consent_grp[1]/f_rel_grp[1]/section_f[1]/f_min_get_sch_grp[1]/f_m_get_school,12,747
consent_grp[1]/g_nature_wrk_note,2,759
consent_grp[1]/section_g[1]/g_teach_pos,12,761
consent_grp[1]/section_g[1]/g_teach_school,9,772
consent_grp[1]/section_g[1]/g_kg_grade,19,781
consent_grp[1]/section_g[1]/g_class_grp[1]/g_children_note,11,801
consent_grp[1]/section_g[1]/g_class_grp[1]/g_kg_1,11,801
consent_grp[1]/section_g[1]/g_ah_grp[1]/g_ah_note,152,812
consent_grp[1]/section_g[1]/g_ah_grp[1]/g_ah_working,152,812
consent_grp[1]/section_g[1]/g_ah_grp[1]/g_ah_prepping,152,812
consent_grp[1]/section_g[1]/g_eh_grp[1]/g_eh_note,50,964
consent_grp[1]/section_g[1]/g_eh_grp[1]/g_eh_working,50,964
consent_grp[1]/section_g[1]/g_eh_grp[1]/g_eh_prepping,50,964
consent_grp[1]/section_g[1]/g_teach_salary,12,1015
consent_grp[1]/section_g[1]/g_salary_freq,4,1026
consent_grp[1]/section_g[1]/g_salary_intime,28,1030
consent_grp[1]/section_g[1]/g_money_cmp,11,1059
consent_grp[1]/section_g[1]/g_job_outside,16,1069
consent_grp[1]/section_g[1]/g_extra_money_spec,17,1085
consent_grp[1]/section_g[1]/g_sch_pro_grp[1]/tmp_g_sch_pro_lab,135,1102
consent_grp[1]/section_g[1]/g_sch_pro_grp[1]/g_class,135,1102
consent_grp[1]/section_g[1]/g_sch_pro_grp[1]/g_class_taught,135,1102
consent_grp[1]/section_g[1]/g_sch_pro_grp[1]/g_fin_resource,135,1102
consent_grp[1]/section_g[1]/g_sch_pro_grp[1]/g_high_expe,135,1102
consent_grp[1]/section_g[1]/g_sch_pro_grp[1]/g_change_curri,135,1102
consent_grp[1]/section_g[1]/g_sch_pro_grp[1]/g_diff_curri,135,1102
consent_grp[1]/section_g[1]/g_sch_pro_grp[1]/g_easy_curri,135,1102
consent_grp[1]/section_g[1]/g_sch_pro_grp[1]/g_par_dem_high,135,1102
consent_grp[1]/section_g[1]/g_sch_pro_grp[1]/g_par_suff_interest,135,1102
consent_grp[1]/section_g[1]/g_sch_pro_grp[1]/g_par_suff_active,135,1102
consent_grp[1]/section_g[1]/g_par_supp_grp[1]/g_par_supp_note,3,1237
consent_grp[1]/section_g[1]/g_par_supp_grp[1]/g_home_wrk,19,1240
consent_grp[1]/section_g[1]/g_par_supp_grp[1]/g_behave_val,15,1259
consent_grp[1]/section_g[1]/g_par_supp_grp[1]/g_get_schl,10,1274
consent_grp[1]/section_g[1]/g_par_supp_grp[1]/g_visit_schl,7,1283
consent_grp[1]/section_g[1]/g_par_supp_grp[1]/g_show_respect,7,1291
consent_grp[1]/section_g[1]/g_par_supp_grp[1]/g_best_schl,18,1297
consent_grp[1]/section_g[1]/g_par_supp_grp[1]/g_parti_pta,17,1316
consent_grp[1]/section_g[1]/g_par_supp_grp[1]/g_cont_kg_act,16,1332
consent_grp[1]/section_g[1]/g_lead_respect,12,1348
consent_grp[1]/section_g[1]/g_val_citizen,30,1361
consent_grp[1]/section_h[1]/sec_h_depre_note,4,1390
consent_grp[1]/section_h[1]/h_depression_grp[1]/h_da_note,80,1394
consent_grp[1]/section_h[1]/h_depression_grp[1]/tmp_h_da_lab,80,1394
consent_grp[1]/section_h[1]/h_depression_grp[1]/h_headache,80,1394
consent_grp[1]/section_h[1]/h_depression_grp[1]/h_appetite,80,1394
consent_grp[1]/section_h[1]/h_depression_grp[1]/h_sleep,80,1394
consent_grp[1]/section_h[1]/h_depression_grp[1]/h_frightened,80,1394
consent_grp[1]/section_h[1]/h_depression_grp[1]/h_hands_shake,80,1394
consent_grp[1]/section_h[1]/h_depression_grp[1]/h_nervous,80,1394
consent_grp[1]/section_h[1]/h_depression_grp[1]/h_digestion,80,1394
consent_grp[1]/section_h[1]/h_depression_grp[1]/h_thinking,80,1394
consent_grp[1]/section_h[1]/h_depression_grp[1]/h_unhappy,80,1394
consent_grp[1]/section_h[1]/h_depression_grp[1]/h_cry,80,1394
consent_grp[1]/section_h[1]/h_depression_grp[1]/h_activities,80,1394
consent_grp[1]/section_h[1]/h_depression_grp[1]/h_decisions,80,1394
consent_grp[1]/section_h[1]/h_depression_grp[1]/h_daily_work,80,1394
consent_grp[1]/section_h[1]/h_depression_grp[1]/h_life,80,1394
consent_grp[1]/section_h[1]/h_depression_grp[1]/h_interest,80,1394
consent_grp[1]/section_h[1]/h_depression_grp[1]/h_worthless,80,1394
consent_grp[1]/section_h[1]/h_depression_grp[1]/h_end_life,80,1394
consent_grp[1]/section_h[1]/h_depression_grp[1]/h_tired,80,1394
consent_grp[1]/section_h[1]/h_depression_grp[1]/h_uncomfortable,80,1394
consent_grp[1]/section_h[1]/h_depression_grp[1]/h_easily_tired,80,1394
consent_grp[1]/section_h[1]/sec_h_ext_contr_note,5,1475
consent_grp[1]/section_h[1]/h_ext_control_grp[1]/h_ext_cont_note,2,1480
consent_grp[1]/section_h[1]/h_ext_control_grp[1]/h_pup_learn,42,1481
consent_grp[1]/section_h[1]/h_ext_control_grp[1]/h_discipline,25,1523
consent_grp[1]/section_h[1]/h_ext_control_grp[1]/h_stu_achieve,13,1548
consent_grp[1]/section_h[1]/h_ext_control_grp[1]/h_teach_motiv,45,1561
consent_grp[1]/section_h[1]/h_ext_control_grp[1]/h_good_teach,17,1606
consent_grp[1]/section_h[1]/sec_h_motiv_note,2,1623
consent_grp[1]/section_h[1]/h_motiv_grp[1]/h_motiv_note,3,1625
consent_grp[1]/section_h[1]/h_motiv_grp[1]/h_motiv_help,15,1627
consent_grp[1]/section_h[1]/h_motiv_grp[1]/h_quest_school,23,1642
consent_grp[1]/section_h[1]/h_motiv_grp[1]/h_help_child,17,1665
consent_grp[1]/section_h[1]/h_motiv_grp[1]/h_sch_goal,21,1682
consent_grp[1]/section_h[1]/h_motiv_grp[1]/h_help_emot,9,1703
consent_grp[1]/section_h[1]/h_motiv_grp[1]/h_enjoy_teach,19,1712
consent_grp[1]/section_h[1]/h_motiv_grp[1]/h_develop_society,11,1731
consent_grp[1]/section_h[1]/h_motiv_grp[1]/h_develop_socially,15,1741
consent_grp[1]/section_h[1]/h_motiv_grp[1]/h_perso_clear,7,1757
consent_grp[1]/section_h[1]/h_impor_thing,52,1763
consent_grp[1]/section_h[1]/h_job_satisfaction_grp[1]/h_job_satis_note,14,1815
consent_grp[1]/section_h[1]/h_job_satisfaction_grp[1]/h_look_out,70,1829
consent_grp[1]/section_h[1]/h_job_satisfaction_grp[1]/h_perso_worries,18,1900
consent_grp[1]/section_h[1]/h_job_satisfaction_grp[1]/h_know_col,16,1917
consent_grp[1]/section_h[1]/h_job_satisfaction_grp[1]/h_col_coop,8,1933
consent_grp[1]/section_h[1]/h_job_satisfaction_grp[1]/h_trust_col,14,1941
consent_grp[1]/section_h[1]/h_job_satisfaction_grp[1]/h_enjoy_col,8,1955
consent_grp[1]/section_h[1]/h_job_satisfaction_grp[1]/h_sup_respect,15,1963
consent_grp[1]/section_h[1]/h_job_satisfaction_grp[1]/h_sup_busy,11,1976
consent_grp[1]/section_h[1]/h_job_satisfaction_grp[1]/h_sup_opinion,11,1989
consent_grp[1]/section_h[1]/h_job_satisfaction_grp[1]/h_count_sup,7,2000
consent_grp[1]/section_h[1]/h_job_satisfaction_grp[1]/h_motivated,10,2007
consent_grp[1]/section_h[1]/h_job_satisfaction_grp[1]/h_sup_unpredict,9,2017
consent_grp[1]/section_h[1]/h_job_satisfaction_grp[1]/h_wrk_challenge,14,2026
consent_grp[1]/section_h[1]/h_job_satisfaction_grp[1]/h_wrk_monotonous,13,2040
consent_grp[1]/section_h[1]/h_job_satisfaction_grp[1]/h_wrk_creative,16,2053
consent_grp[1]/section_h[1]/h_job_satisfaction_grp[1]/h_big_impact,7,2069
consent_grp[1]/section_h[1]/h_job_satisfaction_grp[1]/h_little_time,15,2076
consent_grp[1]/section_h[1]/h_job_satisfaction_grp[1]/h_control_satis,17,2091
consent_grp[1]/section_h[1]/h_job_satisfaction_grp[1]/h_look,7,2108
consent_grp[1]/section_h[1]/h_job_satisfaction_grp[1]/h_small_space,13,2115
consent_grp[1]/section_h[1]/h_job_satisfaction_grp[1]/h_new_mat,6,2128
consent_grp[1]/section_h[1]/h_job_satisfaction_grp[1]/h_clean_kinder,13,2133
consent_grp[1]/section_h[1]/h_job_satisfaction_grp[1]/h_loud_kinder,12,2147
consent_grp[1]/section_h[1]/h_job_satisfaction_grp[1]/h_kinder_rules,17,2159
consent_grp[1]/section_h[1]/h_job_satisfaction_grp[1]/h_satisfied_paid,11,2176
consent_grp[1]/section_h[1]/h_burnout_grp[1]/h_burnout_note,14,2186
consent_grp[1]/section_h[1]/h_burnout_grp[1]/h_emotion_drained,17,2201
consent_grp[1]/section_h[1]/h_burnout_grp[1]/h_used_up,15,2218
consent_grp[1]/section_h[1]/h_burnout_grp[1]/h_fatigued,16,2233
consent_grp[1]/section_h[1]/h_burnout_grp[1]/h_child_feel,23,2249
consent_grp[1]/section_h[1]/h_burnout_grp[1]/h_child_impersonal,19,2272
consent_grp[1]/section_h[1]/h_burnout_grp[1]/h_ppl_strain,33,2291
consent_grp[1]/section_h[1]/h_burnout_grp[1]/h_deal_effect,17,2324
consent_grp[1]/section_h[1]/h_burnout_grp[1]/h_burnout,13,2341
consent_grp[1]/section_h[1]/h_burnout_grp[1]/h_pos_influence,18,2354
consent_grp[1]/section_h[1]/h_burnout_grp[1]/h_cold,20,2372
consent_grp[1]/section_h[1]/h_burnout_grp[1]/h_hard,23,2392
consent_grp[1]/section_h[1]/h_burnout_grp[1]/h_energetic,14,2415
consent_grp[1]/section_h[1]/h_burnout_grp[1]/h_frustrated,8,2429
consent_grp[1]/section_h[1]/h_burnout_grp[1]/h_work_hard,11,2437
consent_grp[1]/section_h[1]/h_burnout_grp[1]/h_dont_care,8,2448
consent_grp[1]/section_h[1]/h_burnout_grp[1]/h_put_pressure,11,2456
consent_grp[1]/section_h[1]/h_burnout_grp[1]/h_relax,10,2467
consent_grp[1]/section_h[1]/h_burnout_grp[1]/h_excited,12,2477
consent_grp[1]/section_h[1]/h_burnout_grp[1]/h_accomplished,15,2489
consent_grp[1]/section_h[1]/h_burnout_grp[1]/h_end_of_rop,42,2504
consent_grp[1]/section_h[1]/h_burnout_grp[1]/h_emot_pro_calm,9,2546
consent_grp[1]/i_teacher_knowledge_grp[1]/I_teach_know_note,7,2555
consent_grp[1]/i_teacher_knowledge_grp[1]/i_consonance,32,2562
consent_grp[1]/i_teacher_knowledge_grp[1]/i_vowel,10,2595
consent_grp[1]/i_teacher_knowledge_grp[1]/i_unbelievable,60,2605
consent_grp[1]/i_teacher_knowledge_grp[1]/i_irregular,16,2664
consent_grp[1]/i_teacher_knowledge_grp[1]/i_cat,25,2680
consent_grp[1]/i_teacher_knowledge_grp[1]/i_cough,12,2706
consent_grp[1]/i_teacher_knowledge_grp[1]/i_check,68,2718
consent_grp[1]/i_teacher_knowledge_grp[1]/i_english,36,2785
consent_grp[1]/j_perception_grp[1]/j_perception_note,26,2821
consent_grp[1]/j_perception_grp[1]/j_dev_practice_grp[1]/j_dev_practice_note,12,2827
consent_grp[1]/j_perception_grp[1]/j_dev_practice_grp[1]/j_child_need,21,2860
consent_grp[1]/j_perception_grp[1]/j_dev_practice_grp[1]/j_recog_letter,6,2881
consent_grp[1]/j_perception_grp[1]/j_dev_practice_grp[1]/j_recog_number,6,2887
consent_grp[1]/j_perception_grp[1]/j_dev_practice_grp[1]/j_recog_colour,5,2893
consent_grp[1]/j_perception_grp[1]/j_dev_practice_grp[1]/j_indiv_goal,7,2898
consent_grp[1]/j_perception_grp[1]/j_dev_practice_grp[1]/j_play_materials,17,2905
consent_grp[1]/j_perception_grp[1]/j_dev_practice_grp[1]/j_child_measure,17,2922
consent_grp[1]/j_perception_grp[1]/j_supp_chil_grp[1]/j_supp_chil_note,5,2938
consent_grp[1]/j_perception_grp[1]/j_supp_chil_grp[1]/j_build_relation,7,2944
consent_grp[1]/j_perception_grp[1]/j_supp_chil_grp[1]/j_control_behaviour,5,2950
consent_grp[1]/j_perception_grp[1]/j_supp_chil_grp[1]/j_express_thought,6,2956
consent_grp[1]/j_perception_grp[1]/j_supp_chil_grp[1]/j_resolve_conflicts,5,2962
consent_grp[1]/j_perception_grp[1]/j_supp_chil_grp[1]/j_guidance_style,66,2967
consent_grp[1]/j_perception_grp[1]/j_fam_sensitive_grp[1]/j_fam_sensitive_note,79,3033
consent_grp[1]/j_perception_grp[1]/j_fam_sensitive_grp[1]/j_parent_goal,79,3033
consent_grp[1]/j_perception_grp[1]/j_fam_sensitive_grp[1]/j_work_schedule,79,3033
consent_grp[1]/j_perception_grp[1]/j_fam_sensitive_grp[1]/j_fam_decision,79,3033
consent_grp[1]/j_perception_grp[1]/j_fam_sensitive_grp[1]/j_family_care,79,3033
consent_grp[1]/j_perception_grp[1]/j_fam_sensitive_grp[1]/j_connect_family,79,3033
consent_grp[1]/k_grp[1]/k_instro_note,11,3112
consent_grp[1]/k_grp[1]/k_ts_grp[1]/tmp_k_labels,131,3123
consent_grp[1]/k_grp[1]/k_ts_grp[1]/k_take_priviledges,131,3123
consent_grp[1]/k_grp[1]/k_ts_grp[1]/k_explain_behavior,131,3123
consent_grp[1]/k_grp[1]/k_ts_grp[1]/k_shook,131,3123
consent_grp[1]/k_grp[1]/k_ts_grp[1]/k_shouted,131,3123
consent_grp[1]/k_grp[1]/k_ts_grp[1]/k_gave_something,131,3123
consent_grp[1]/k_grp[1]/k_ts_grp[1]/k_spanked,131,3123
consent_grp[1]/k_grp[1]/k_ts_grp[1]/k_hit_bottom,131,3123
consent_grp[1]/k_grp[1]/k_ts_grp[1]/k_call_dumb,131,3123
consent_grp[1]/k_grp[1]/k_ts_grp[1]/k_hit_face,131,3123
consent_grp[1]/k_grp[1]/k_ts_grp[1]/k_praised,131,3123
consent_grp[1]/k_grp[1]/k_ts_grp[1]/k_affection,131,3123
consent_grp[1]/k_grp[1]/k_ts_grp[1]/k_rewarded,131,3123
consent_grp[1]/l_teaching_prac_grp[1]/l_note,7,3254
consent_grp[1]/l_teaching_prac_grp[1]/l_previos_kinder_act[1]/tmp_l_prac_lab,85,3261
consent_grp[1]/l_teaching_prac_grp[1]/l_previos_kinder_act[1]/l_hygiene_routine,85,3261
consent_grp[1]/l_teaching_prac_grp[1]/l_previos_kinder_act[1]/l_supply,85,3261
consent_grp[1]/l_teaching_prac_grp[1]/l_previos_kinder_act[1]/l_pamper,85,3261
consent_grp[1]/l_teaching_prac_grp[1]/l_previos_kinder_act[1]/l_read,85,3261
consent_grp[1]/l_teaching_prac_grp[1]/l_previos_kinder_act[1]/l_tell,85,3261
consent_grp[1]/l_teaching_prac_grp[1]/l_previos_kinder_act[1]/l_conversatin,85,3261
consent_grp[1]/l_teaching_prac_grp[1]/l_previos_kinder_act[1]/l_sing,85,3261
consent_grp[1]/l_teaching_prac_grp[1]/l_previos_kinder_act[1]/l_dance,85,3261
consent_grp[1]/l_teaching_prac_grp[1]/l_previos_kinder_act[1]/l_visit,85,3261
consent_grp[1]/l_teaching_prac_grp[1]/l_previos_kinder_act[1]/l_play_kg,85,3261
consent_grp[1]/l_teaching_prac_grp[1]/l_previos_kinder_act[1]/l_play_recrea,85,3261
consent_grp[1]/l_teaching_prac_grp[1]/l_previos_kinder_act[1]/l_sleep,85,3261
consent_grp[1]/l_teaching_prac_grp[1]/l_previos_kinder_act[1]/l_run,85,3261
consent_grp[1]/l_teaching_prac_grp[1]/l_previos_kinder_act[1]/l_group_learn,85,3261
consent_grp[1]/l_teaching_prac_grp[1]/l_previos_kinder_act[1]/l_indiv_learn,85,3261
consent_grp[1]/l_teaching_prac_grp[1]/l_class_acti_grp[1]/l_act_grp[1]/tmp_l_class_lab,102,3347
consent_grp[1]/l_teaching_prac_grp[1]/l_class_acti_grp[1]/l_act_grp[1]/l_teach_colour,102,3347
consent_grp[1]/l_teaching_prac_grp[1]/l_class_acti_grp[1]/l_act_grp[1]/l_teach_number,102,3347
consent_grp[1]/l_teaching_prac_grp[1]/l_class_acti_grp[1]/l_act_grp[1]/l_teach_letter,102,3347
consent_grp[1]/l_teaching_prac_grp[1]/l_class_acti_grp[1]/l_act_grp[1]/l_teach_form,102,3347
consent_grp[1]/l_teaching_prac_grp[1]/l_class_acti_grp[1]/l_act_grp[1]/l_socialise,102,3347
consent_grp[1]/l_teaching_prac_grp[1]/l_class_acti_grp[1]/l_act_grp[1]/l_pro_solve,102,3347
consent_grp[1]/l_teaching_prac_grp[1]/l_class_acti_grp[1]/l_act_grp[1]/l_writing,102,3347
consent_grp[1]/l_teaching_prac_grp[1]/l_class_acti_grp[1]/l_act_grp[1]/l_teach_body,102,3347
consent_grp[1]/l_teaching_prac_grp[1]/l_class_acti_grp[1]/l_act_grp[1]/l_pers_hygiene,102,3347
consent_grp[1]/l_teaching_prac_grp[1]/l_class_acti_grp[1]/l_act_grp[1]/l_art_expre,102,3347
consent_grp[1]/l_teaching_prac_grp[1]/l_class_acti_grp[1]/l_act_grp[1]/l_body_lang,102,3347
consent_grp[1]/l_teaching_prac_grp[1]/l_class_acti_grp[1]/l_act_grp[1]/l_concentration,102,3347
consent_grp[1]/l_teaching_prac_grp[1]/l_class_acti_grp[1]/l_act_grp[1]/l_gross_motor,102,3347
consent_grp[1]/l_teaching_prac_grp[1]/l_class_acti_grp[1]/l_act_grp[1]/l_fine_motor,102,3347
consent_grp[1]/l_teaching_prac_grp[1]/l_class_acti_grp[1]/l_act_grp[1]/l_gender,102,3347
consent_grp[1]/l_teaching_prac_grp[1]/l_class_acti_grp[1]/l_act_grp[1]/l_responsibility,102,3347
consent_grp[1]/l_teaching_prac_grp[1]/l_class_acti_grp[1]/l_act_grp[1]/l_speech,102,3347
consent_grp[1]/l_teaching_prac_grp[1]/l_class_acti_grp[1]/l_act_grp[1]/l_explore_comm,102,3347
consent_grp[1]/l_teaching_prac_grp[1]/l_class_acti_grp[1]/l_act_grp[1]/l_explore_culture,102,3347
consent_grp[1]/l_teaching_prac_grp[1]/l_parent_interact_note,4,3448
consent_grp[1]/l_teaching_prac_grp[1]/l_actively_engaged,22,3452
consent_grp[1]/l_teaching_prac_grp[1]/l_proportion_child,10,3474
consent_grp[1]/l_teaching_prac_grp[1]/l_proportion_child_more,19,3485
consent_grp[1]/l_teaching_prac_grp[1]/l_visit_pupil_house,29,3504
consent_grp[1]/l_teaching_prac_grp[1]/l_visit_parent_house,16,3533
consent_grp[1]/l_teaching_prac_grp[1]/l_receive_parent_supp,19,3549
consent_grp[1]/l_teaching_prac_grp[1]/l_day_teaching_note,5,3568
consent_grp[1]/l_teaching_prac_grp[1]/l_day_grp[1]/tmp_l_labs,46,3573
consent_grp[1]/l_teaching_prac_grp[1]/l_day_grp[1]/l_daily_schedule,46,3573
consent_grp[1]/l_teaching_prac_grp[1]/l_day_grp[1]/l_play_period,46,3573
consent_grp[1]/l_teaching_prac_grp[1]/l_day_grp[1]/l_free_play,46,3573
consent_grp[1]/l_teaching_prac_grp[1]/l_day_grp[1]/l_activities,46,3573
consent_grp[1]/l_teaching_prac_grp[1]/l_per_daily_grp[1]/l_perc_note,209,3619
consent_grp[1]/l_teaching_prac_grp[1]/l_per_daily_grp[1]/l_admin_per,209,3619
consent_grp[1]/l_teaching_prac_grp[1]/l_per_daily_grp[1]/l_class_per,209,3619
consent_grp[1]/l_teaching_prac_grp[1]/l_per_daily_grp[1]/l_teach_per,209,3619
consent_grp[1]/l_teaching_prac_grp[1]/l_per_daily_grp[1]/l_super_per,209,3619
consent_grp[1]/l_teaching_prac_grp[1]/l_per_daily_grp[1]/l_super_oth_per,209,3619
consent_grp[1]/l_teaching_prac_grp[1]/l_per_daily_grp[1]/l_break_per,209,3619
consent_grp[1]/l_teaching_prac_grp[1]/l_discipline_note,22,3827
consent_grp[1]/l_teaching_prac_grp[1]/l_dont_like,76,3850
consent_grp[1]/l_teaching_prac_grp[1]/l_really_bad,66,3926
consent_grp[1]/l_teaching_prac_grp[1]/l_does_good,22,3991
consent_grp[1]/l_teaching_prac_grp[1]/l_praise,16,4013
consent_grp[1]/q_note,31,4029
consent_grp[1]/q_activ_yn,41,4060
consent_grp[1]/q_rpt[1]/q_activ_r,11,4101
consent_grp[1]/q_rpt[1]/q_activ_osp_r,16,4112
consent_grp[1]/q_rpt[1]/q_activ_org_r,11,4128
consent_grp[1]/q_rpt[1]/q_activ_add_r,10,4138
s_int_accom_yn,3,4148
comments,2,4151
