Field name,Total duration (seconds),First appeared (seconds into survey)
instruction,1,2
a_district_id,3,4
a_circuit_id,9,6
a_kg_id,72,15
a_community_id,3,87
a_enum_id,8,90
consent_note,184,98
con_understand,8,281
con_questions,10,289
con_written,67,300
consent_grp[1]/audio_consent,115,307
consent_grp[1]/d_background_note,1,482
consent_grp[1]/section_d[1]/kgt_key,17,483
consent_grp[1]/section_d[1]/kgt_confirm_note,17,489
consent_grp[1]/section_d[1]/d_num_cnt,72,517
consent_grp[1]/section_d[1]/d_cnt_grp[1]/d_cnt_main,24,582
consent_grp[1]/section_d[1]/d_cnt_grp[1]/d_cnt_sec,21,592
consent_grp[1]/section_d[1]/d_work_last,9,613
consent_grp[1]/section_d[1]/d_edu_level,9,622
consent_grp[1]/section_d[1]/d_edu_train,22,631
consent_grp[1]/section_d[1]/d_edu_level_train,11,653
consent_grp[1]/section_d[1]/d_marital_status,6,664
consent_grp[1]/section_d[1]/d_religion,4,670
consent_grp[1]/section_d[1]/d_la_spk_grp[1]/d_la_spk_note,31,674
consent_grp[1]/section_d[1]/d_la_spk_grp[1]/d_la_spk_eng,31,674
consent_grp[1]/section_d[1]/d_la_spk_grp[1]/d_la_spk_dagb,31,674
consent_grp[1]/section_d[1]/d_la_wrt_grp[1]/d_la_wrt_note,14,706
consent_grp[1]/section_d[1]/d_la_wrt_grp[1]/d_la_wrt_eng,14,706
consent_grp[1]/section_d[1]/d_la_wrt_grp[1]/d_la_wrt_dagb,14,706
consent_grp[1]/section_d[1]/d_main_language,20,720
consent_grp[1]/section_d[1]/d_loc_lang_kinderg,11,739
consent_grp[1]/f_moved_yn,19,751
consent_grp[1]/f_rel_grp[1]/f_comm_note,8,770
consent_grp[1]/f_rel_grp[1]/section_f[1]/f_born_comm,6,778
consent_grp[1]/f_rel_grp[1]/section_f[1]/f_school_loc,7,784
consent_grp[1]/f_rel_grp[1]/section_f[1]/f_lived_bef_teach,6,791
consent_grp[1]/f_rel_grp[1]/section_f[1]/f_lived_grp[1]/f_lived_comm,41,798
consent_grp[1]/f_rel_grp[1]/section_f[1]/f_lived_grp[1]/f_lived_comm_year,41,798
consent_grp[1]/f_rel_grp[1]/section_f[1]/f_lived_grp[1]/f_lived_comm_month,41,798
consent_grp[1]/f_rel_grp[1]/section_f[1]/f_fam_lived,52,839
consent_grp[1]/f_rel_grp[1]/section_f[1]/f_emot_support,19,891
consent_grp[1]/f_rel_grp[1]/section_f[1]/f_emot_support_num,5,910
consent_grp[1]/f_rel_grp[1]/section_f[1]/f_lend_money,59,915
consent_grp[1]/f_rel_grp[1]/section_f[1]/f_borrow_money,18,972
consent_grp[1]/f_rel_grp[1]/section_f[1]/f_rel_live_nearby,14,993
consent_grp[1]/f_rel_grp[1]/section_f[1]/f_part_comm,7,1006
consent_grp[1]/f_rel_grp[1]/section_f[1]/f_main_trans,9,1014
consent_grp[1]/f_rel_grp[1]/section_f[1]/f_min_get_sch_grp[1]/f_min_get_note,16,1022
consent_grp[1]/f_rel_grp[1]/section_f[1]/f_min_get_sch_grp[1]/f_h_get_school,16,1022
consent_grp[1]/f_rel_grp[1]/section_f[1]/f_min_get_sch_grp[1]/f_m_get_school,16,1022
consent_grp[1]/g_nature_wrk_note,7,1038
consent_grp[1]/section_g[1]/g_teach_pos,9,1042
consent_grp[1]/section_g[1]/g_teach_school,6,1054
consent_grp[1]/section_g[1]/g_kg_grade,9,1060
consent_grp[1]/section_g[1]/g_class_grp[1]/g_children_note,53,1069
consent_grp[1]/section_g[1]/g_class_grp[1]/g_kg_1,53,1069
consent_grp[1]/section_g[1]/g_ah_grp[1]/g_ah_note,63,1122
consent_grp[1]/section_g[1]/g_ah_grp[1]/g_ah_working,63,1122
consent_grp[1]/section_g[1]/g_ah_grp[1]/g_ah_prepping,63,1122
consent_grp[1]/section_g[1]/g_eh_grp[1]/g_eh_note,85,1185
consent_grp[1]/section_g[1]/g_eh_grp[1]/g_eh_working,85,1185
consent_grp[1]/section_g[1]/g_eh_grp[1]/g_eh_prepping,85,1185
consent_grp[1]/section_g[1]/g_teach_salary,26,1271
consent_grp[1]/section_g[1]/g_salary_freq,8,1297
consent_grp[1]/section_g[1]/g_salary_intime,29,1305
consent_grp[1]/section_g[1]/g_money_cmp,11,1334
consent_grp[1]/section_g[1]/g_money_cmp_hrs,22,1345
consent_grp[1]/section_g[1]/g_money_cmp_amt,37,1366
consent_grp[1]/section_g[1]/g_job_outside,16,1395
consent_grp[1]/section_g[1]/g_job_outside_income,12,1419
consent_grp[1]/section_g[1]/g_earn_grp[1]/g_earn_amt,34,1428
consent_grp[1]/section_g[1]/g_earn_grp[1]/g_earn_freq,34,1428
consent_grp[1]/section_g[1]/g_extra_money_spec,18,1465
consent_grp[1]/section_g[1]/g_sch_pro_grp[1]/tmp_g_sch_pro_lab,153,1483
consent_grp[1]/section_g[1]/g_sch_pro_grp[1]/g_class,153,1483
consent_grp[1]/section_g[1]/g_sch_pro_grp[1]/g_class_taught,153,1483
consent_grp[1]/section_g[1]/g_sch_pro_grp[1]/g_fin_resource,153,1483
consent_grp[1]/section_g[1]/g_sch_pro_grp[1]/g_high_expe,153,1483
consent_grp[1]/section_g[1]/g_sch_pro_grp[1]/g_change_curri,153,1483
consent_grp[1]/section_g[1]/g_sch_pro_grp[1]/g_diff_curri,153,1483
consent_grp[1]/section_g[1]/g_sch_pro_grp[1]/g_easy_curri,153,1483
consent_grp[1]/section_g[1]/g_sch_pro_grp[1]/g_par_dem_high,153,1483
consent_grp[1]/section_g[1]/g_sch_pro_grp[1]/g_par_suff_interest,153,1483
consent_grp[1]/section_g[1]/g_sch_pro_grp[1]/g_par_suff_active,153,1483
consent_grp[1]/section_g[1]/g_par_supp_grp[1]/g_par_supp_note,17,1636
consent_grp[1]/section_g[1]/g_par_supp_grp[1]/g_home_wrk,19,1646
consent_grp[1]/section_g[1]/g_par_supp_grp[1]/g_behave_val,19,1668
consent_grp[1]/section_g[1]/g_par_supp_grp[1]/g_get_schl,15,1692
consent_grp[1]/section_g[1]/g_par_supp_grp[1]/g_visit_schl,17,1707
consent_grp[1]/section_g[1]/g_par_supp_grp[1]/g_show_respect,15,1724
consent_grp[1]/section_g[1]/g_par_supp_grp[1]/g_best_schl,14,1738
consent_grp[1]/section_g[1]/g_par_supp_grp[1]/g_parti_pta,13,1752
consent_grp[1]/section_g[1]/g_par_supp_grp[1]/g_cont_kg_act,19,1765
consent_grp[1]/section_g[1]/g_lead_respect,11,1785
consent_grp[1]/section_g[1]/g_val_citizen,11,1796
consent_grp[1]/section_h[1]/sec_h_depre_note,50,1807
consent_grp[1]/section_h[1]/h_depression_grp[1]/h_da_note,100,1857
consent_grp[1]/section_h[1]/h_depression_grp[1]/tmp_h_da_lab,100,1857
consent_grp[1]/section_h[1]/h_depression_grp[1]/h_headache,100,1857
consent_grp[1]/section_h[1]/h_depression_grp[1]/h_appetite,100,1857
consent_grp[1]/section_h[1]/h_depression_grp[1]/h_sleep,100,1857
consent_grp[1]/section_h[1]/h_depression_grp[1]/h_frightened,100,1857
consent_grp[1]/section_h[1]/h_depression_grp[1]/h_hands_shake,100,1857
consent_grp[1]/section_h[1]/h_depression_grp[1]/h_nervous,100,1857
consent_grp[1]/section_h[1]/h_depression_grp[1]/h_digestion,100,1857
consent_grp[1]/section_h[1]/h_depression_grp[1]/h_thinking,100,1857
consent_grp[1]/section_h[1]/h_depression_grp[1]/h_unhappy,100,1857
consent_grp[1]/section_h[1]/h_depression_grp[1]/h_cry,100,1857
consent_grp[1]/section_h[1]/h_depression_grp[1]/h_activities,100,1857
consent_grp[1]/section_h[1]/h_depression_grp[1]/h_decisions,100,1857
consent_grp[1]/section_h[1]/h_depression_grp[1]/h_daily_work,100,1857
consent_grp[1]/section_h[1]/h_depression_grp[1]/h_life,100,1857
consent_grp[1]/section_h[1]/h_depression_grp[1]/h_interest,100,1857
consent_grp[1]/section_h[1]/h_depression_grp[1]/h_worthless,100,1857
consent_grp[1]/section_h[1]/h_depression_grp[1]/h_end_life,100,1857
consent_grp[1]/section_h[1]/h_depression_grp[1]/h_tired,100,1857
consent_grp[1]/section_h[1]/h_depression_grp[1]/h_uncomfortable,100,1857
consent_grp[1]/section_h[1]/h_depression_grp[1]/h_easily_tired,100,1857
consent_grp[1]/section_h[1]/sec_h_ext_contr_note,11,1957
consent_grp[1]/section_h[1]/h_ext_control_grp[1]/h_ext_cont_note,4,1968
consent_grp[1]/section_h[1]/h_ext_control_grp[1]/h_pup_learn,28,1972
consent_grp[1]/section_h[1]/h_ext_control_grp[1]/h_discipline,12,2000
consent_grp[1]/section_h[1]/h_ext_control_grp[1]/h_stu_achieve,17,2013
consent_grp[1]/section_h[1]/h_ext_control_grp[1]/h_teach_motiv,19,2029
consent_grp[1]/section_h[1]/h_ext_control_grp[1]/h_good_teach,16,2048
consent_grp[1]/section_h[1]/sec_h_motiv_note,1,2064
consent_grp[1]/section_h[1]/h_motiv_grp[1]/h_motiv_note,10,2065
consent_grp[1]/section_h[1]/h_motiv_grp[1]/h_motiv_help,13,2074
consent_grp[1]/section_h[1]/h_motiv_grp[1]/h_quest_school,21,2089
consent_grp[1]/section_h[1]/h_motiv_grp[1]/h_help_child,10,2109
consent_grp[1]/section_h[1]/h_motiv_grp[1]/h_sch_goal,10,2119
consent_grp[1]/section_h[1]/h_motiv_grp[1]/h_help_emot,16,2129
consent_grp[1]/section_h[1]/h_motiv_grp[1]/h_enjoy_teach,7,2145
consent_grp[1]/section_h[1]/h_motiv_grp[1]/h_develop_society,10,2152
consent_grp[1]/section_h[1]/h_motiv_grp[1]/h_develop_socially,11,2162
consent_grp[1]/section_h[1]/h_motiv_grp[1]/h_perso_clear,7,2172
consent_grp[1]/section_h[1]/h_impor_thing,27,2178
consent_grp[1]/section_h[1]/h_job_satisfaction_grp[1]/h_job_satis_note,18,2206
consent_grp[1]/section_h[1]/h_job_satisfaction_grp[1]/h_look_out,15,2224
consent_grp[1]/section_h[1]/h_job_satisfaction_grp[1]/h_perso_worries,13,2239
consent_grp[1]/section_h[1]/h_job_satisfaction_grp[1]/h_know_col,33,2252
consent_grp[1]/section_h[1]/h_job_satisfaction_grp[1]/h_col_coop,24,2285
consent_grp[1]/section_h[1]/h_job_satisfaction_grp[1]/h_trust_col,14,2309
consent_grp[1]/section_h[1]/h_job_satisfaction_grp[1]/h_enjoy_col,15,2323
consent_grp[1]/section_h[1]/h_job_satisfaction_grp[1]/h_sup_respect,10,2338
consent_grp[1]/section_h[1]/h_job_satisfaction_grp[1]/h_sup_busy,14,2348
consent_grp[1]/section_h[1]/h_job_satisfaction_grp[1]/h_sup_opinion,12,2362
consent_grp[1]/section_h[1]/h_job_satisfaction_grp[1]/h_count_sup,7,2374
consent_grp[1]/section_h[1]/h_job_satisfaction_grp[1]/h_motivated,12,2381
consent_grp[1]/section_h[1]/h_job_satisfaction_grp[1]/h_sup_unpredict,11,2393
consent_grp[1]/section_h[1]/h_job_satisfaction_grp[1]/h_wrk_challenge,11,2404
consent_grp[1]/section_h[1]/h_job_satisfaction_grp[1]/h_wrk_monotonous,16,2414
consent_grp[1]/section_h[1]/h_job_satisfaction_grp[1]/h_wrk_creative,10,2431
consent_grp[1]/section_h[1]/h_job_satisfaction_grp[1]/h_big_impact,10,2440
consent_grp[1]/section_h[1]/h_job_satisfaction_grp[1]/h_little_time,28,2451
consent_grp[1]/section_h[1]/h_job_satisfaction_grp[1]/h_control_satis,13,2478
consent_grp[1]/section_h[1]/h_job_satisfaction_grp[1]/h_look,11,2491
consent_grp[1]/section_h[1]/h_job_satisfaction_grp[1]/h_small_space,19,2502
consent_grp[1]/section_h[1]/h_job_satisfaction_grp[1]/h_new_mat,11,2521
consent_grp[1]/section_h[1]/h_job_satisfaction_grp[1]/h_clean_kinder,16,2531
consent_grp[1]/section_h[1]/h_job_satisfaction_grp[1]/h_loud_kinder,29,2547
consent_grp[1]/section_h[1]/h_job_satisfaction_grp[1]/h_kinder_rules,13,2576
consent_grp[1]/section_h[1]/h_job_satisfaction_grp[1]/h_satisfied_paid,10,2589
consent_grp[1]/section_h[1]/h_burnout_grp[1]/h_burnout_note,19,2599
consent_grp[1]/section_h[1]/h_burnout_grp[1]/h_emotion_drained,20,2618
consent_grp[1]/section_h[1]/h_burnout_grp[1]/h_used_up,8,2638
consent_grp[1]/section_h[1]/h_burnout_grp[1]/h_fatigued,10,2645
consent_grp[1]/section_h[1]/h_burnout_grp[1]/h_child_feel,28,2652
consent_grp[1]/section_h[1]/h_burnout_grp[1]/h_child_impersonal,11,2683
consent_grp[1]/section_h[1]/h_burnout_grp[1]/h_ppl_strain,10,2694
consent_grp[1]/section_h[1]/h_burnout_grp[1]/h_deal_effect,44,2704
consent_grp[1]/section_h[1]/h_burnout_grp[1]/h_burnout,6,2748
consent_grp[1]/section_h[1]/h_burnout_grp[1]/h_pos_influence,16,2754
consent_grp[1]/section_h[1]/h_burnout_grp[1]/h_cold,17,2770
consent_grp[1]/section_h[1]/h_burnout_grp[1]/h_hard,11,2787
consent_grp[1]/section_h[1]/h_burnout_grp[1]/h_energetic,9,2798
consent_grp[1]/section_h[1]/h_burnout_grp[1]/h_frustrated,5,2807
consent_grp[1]/section_h[1]/h_burnout_grp[1]/h_work_hard,14,2812
consent_grp[1]/section_h[1]/h_burnout_grp[1]/h_dont_care,8,2826
consent_grp[1]/section_h[1]/h_burnout_grp[1]/h_put_pressure,8,2833
consent_grp[1]/section_h[1]/h_burnout_grp[1]/h_relax,11,2841
consent_grp[1]/section_h[1]/h_burnout_grp[1]/h_excited,6,2852
consent_grp[1]/section_h[1]/h_burnout_grp[1]/h_accomplished,18,2858
consent_grp[1]/section_h[1]/h_burnout_grp[1]/h_end_of_rop,9,2877
consent_grp[1]/section_h[1]/h_burnout_grp[1]/h_emot_pro_calm,15,2885
consent_grp[1]/i_teacher_knowledge_grp[1]/I_teach_know_note,17,2900
consent_grp[1]/i_teacher_knowledge_grp[1]/i_consonance,43,2917
consent_grp[1]/i_teacher_knowledge_grp[1]/i_vowel,11,2960
consent_grp[1]/i_teacher_knowledge_grp[1]/i_unbelievable,43,2971
consent_grp[1]/i_teacher_knowledge_grp[1]/i_irregular,55,2994
consent_grp[1]/i_teacher_knowledge_grp[1]/i_cat,17,3069
consent_grp[1]/i_teacher_knowledge_grp[1]/i_cough,14,3086
consent_grp[1]/i_teacher_knowledge_grp[1]/i_check,28,3100
consent_grp[1]/i_teacher_knowledge_grp[1]/i_english,36,3127
consent_grp[1]/j_perception_grp[1]/j_perception_note,34,3164
consent_grp[1]/j_perception_grp[1]/j_dev_practice_grp[1]/j_dev_practice_note,24,3198
consent_grp[1]/j_perception_grp[1]/j_dev_practice_grp[1]/j_child_need,26,3205
consent_grp[1]/j_perception_grp[1]/j_dev_practice_grp[1]/j_recog_letter,14,3232
consent_grp[1]/j_perception_grp[1]/j_dev_practice_grp[1]/j_recog_number,6,3262
consent_grp[1]/j_perception_grp[1]/j_dev_practice_grp[1]/j_recog_colour,4,3268
consent_grp[1]/j_perception_grp[1]/j_dev_practice_grp[1]/j_indiv_goal,32,3272
consent_grp[1]/j_perception_grp[1]/j_dev_practice_grp[1]/j_play_materials,7,3304
consent_grp[1]/j_perception_grp[1]/j_dev_practice_grp[1]/j_child_measure,9,3311
consent_grp[1]/j_perception_grp[1]/j_supp_chil_grp[1]/j_supp_chil_note,11,3319
consent_grp[1]/j_perception_grp[1]/j_supp_chil_grp[1]/j_build_relation,14,3324
consent_grp[1]/j_perception_grp[1]/j_supp_chil_grp[1]/j_control_behaviour,12,3336
consent_grp[1]/j_perception_grp[1]/j_supp_chil_grp[1]/j_express_thought,7,3348
consent_grp[1]/j_perception_grp[1]/j_supp_chil_grp[1]/j_resolve_conflicts,8,3353
consent_grp[1]/j_perception_grp[1]/j_supp_chil_grp[1]/j_guidance_style,42,3359
consent_grp[1]/j_perception_grp[1]/j_fam_sensitive_grp[1]/j_fam_sensitive_note,133,3413
consent_grp[1]/j_perception_grp[1]/j_fam_sensitive_grp[1]/j_parent_goal,133,3413
consent_grp[1]/j_perception_grp[1]/j_fam_sensitive_grp[1]/j_work_schedule,133,3413
consent_grp[1]/j_perception_grp[1]/j_fam_sensitive_grp[1]/j_fam_decision,133,3413
consent_grp[1]/j_perception_grp[1]/j_fam_sensitive_grp[1]/j_family_care,133,3413
consent_grp[1]/j_perception_grp[1]/j_fam_sensitive_grp[1]/j_connect_family,133,3413
consent_grp[1]/k_grp[1]/k_instro_note,20,3546
consent_grp[1]/k_grp[1]/k_ts_grp[1]/tmp_k_labels,85,3566
consent_grp[1]/k_grp[1]/k_ts_grp[1]/k_take_priviledges,85,3566
consent_grp[1]/k_grp[1]/k_ts_grp[1]/k_explain_behavior,85,3566
consent_grp[1]/k_grp[1]/k_ts_grp[1]/k_shook,85,3566
consent_grp[1]/k_grp[1]/k_ts_grp[1]/k_shouted,85,3566
consent_grp[1]/k_grp[1]/k_ts_grp[1]/k_gave_something,85,3566
consent_grp[1]/k_grp[1]/k_ts_grp[1]/k_spanked,85,3566
consent_grp[1]/k_grp[1]/k_ts_grp[1]/k_hit_bottom,85,3566
consent_grp[1]/k_grp[1]/k_ts_grp[1]/k_call_dumb,85,3566
consent_grp[1]/k_grp[1]/k_ts_grp[1]/k_hit_face,85,3566
consent_grp[1]/k_grp[1]/k_ts_grp[1]/k_praised,85,3566
consent_grp[1]/k_grp[1]/k_ts_grp[1]/k_affection,85,3566
consent_grp[1]/k_grp[1]/k_ts_grp[1]/k_rewarded,85,3566
consent_grp[1]/l_teaching_prac_grp[1]/l_note,5,3651
consent_grp[1]/l_teaching_prac_grp[1]/l_previos_kinder_act[1]/tmp_l_prac_lab,88,3656
consent_grp[1]/l_teaching_prac_grp[1]/l_previos_kinder_act[1]/l_hygiene_routine,88,3656
consent_grp[1]/l_teaching_prac_grp[1]/l_previos_kinder_act[1]/l_supply,88,3656
consent_grp[1]/l_teaching_prac_grp[1]/l_previos_kinder_act[1]/l_pamper,88,3656
consent_grp[1]/l_teaching_prac_grp[1]/l_previos_kinder_act[1]/l_read,88,3656
consent_grp[1]/l_teaching_prac_grp[1]/l_previos_kinder_act[1]/l_tell,88,3656
consent_grp[1]/l_teaching_prac_grp[1]/l_previos_kinder_act[1]/l_conversatin,88,3656
consent_grp[1]/l_teaching_prac_grp[1]/l_previos_kinder_act[1]/l_sing,88,3656
consent_grp[1]/l_teaching_prac_grp[1]/l_previos_kinder_act[1]/l_dance,88,3656
consent_grp[1]/l_teaching_prac_grp[1]/l_previos_kinder_act[1]/l_visit,88,3656
consent_grp[1]/l_teaching_prac_grp[1]/l_previos_kinder_act[1]/l_play_kg,88,3656
consent_grp[1]/l_teaching_prac_grp[1]/l_previos_kinder_act[1]/l_play_recrea,88,3656
consent_grp[1]/l_teaching_prac_grp[1]/l_previos_kinder_act[1]/l_sleep,88,3656
consent_grp[1]/l_teaching_prac_grp[1]/l_previos_kinder_act[1]/l_run,88,3656
consent_grp[1]/l_teaching_prac_grp[1]/l_previos_kinder_act[1]/l_group_learn,88,3656
consent_grp[1]/l_teaching_prac_grp[1]/l_previos_kinder_act[1]/l_indiv_learn,88,3656
consent_grp[1]/l_teaching_prac_grp[1]/l_class_acti_grp[1]/l_act_grp[1]/tmp_l_class_lab,106,3744
consent_grp[1]/l_teaching_prac_grp[1]/l_class_acti_grp[1]/l_act_grp[1]/l_teach_colour,106,3744
consent_grp[1]/l_teaching_prac_grp[1]/l_class_acti_grp[1]/l_act_grp[1]/l_teach_number,106,3744
consent_grp[1]/l_teaching_prac_grp[1]/l_class_acti_grp[1]/l_act_grp[1]/l_teach_letter,106,3744
consent_grp[1]/l_teaching_prac_grp[1]/l_class_acti_grp[1]/l_act_grp[1]/l_teach_form,106,3744
consent_grp[1]/l_teaching_prac_grp[1]/l_class_acti_grp[1]/l_act_grp[1]/l_socialise,106,3744
consent_grp[1]/l_teaching_prac_grp[1]/l_class_acti_grp[1]/l_act_grp[1]/l_pro_solve,106,3744
consent_grp[1]/l_teaching_prac_grp[1]/l_class_acti_grp[1]/l_act_grp[1]/l_writing,106,3744
consent_grp[1]/l_teaching_prac_grp[1]/l_class_acti_grp[1]/l_act_grp[1]/l_teach_body,106,3744
consent_grp[1]/l_teaching_prac_grp[1]/l_class_acti_grp[1]/l_act_grp[1]/l_pers_hygiene,106,3744
consent_grp[1]/l_teaching_prac_grp[1]/l_class_acti_grp[1]/l_act_grp[1]/l_art_expre,106,3744
consent_grp[1]/l_teaching_prac_grp[1]/l_class_acti_grp[1]/l_act_grp[1]/l_body_lang,106,3744
consent_grp[1]/l_teaching_prac_grp[1]/l_class_acti_grp[1]/l_act_grp[1]/l_concentration,106,3744
consent_grp[1]/l_teaching_prac_grp[1]/l_class_acti_grp[1]/l_act_grp[1]/l_gross_motor,106,3744
consent_grp[1]/l_teaching_prac_grp[1]/l_class_acti_grp[1]/l_act_grp[1]/l_fine_motor,106,3744
consent_grp[1]/l_teaching_prac_grp[1]/l_class_acti_grp[1]/l_act_grp[1]/l_gender,106,3744
consent_grp[1]/l_teaching_prac_grp[1]/l_class_acti_grp[1]/l_act_grp[1]/l_responsibility,106,3744
consent_grp[1]/l_teaching_prac_grp[1]/l_class_acti_grp[1]/l_act_grp[1]/l_speech,106,3744
consent_grp[1]/l_teaching_prac_grp[1]/l_class_acti_grp[1]/l_act_grp[1]/l_explore_comm,106,3744
consent_grp[1]/l_teaching_prac_grp[1]/l_class_acti_grp[1]/l_act_grp[1]/l_explore_culture,106,3744
consent_grp[1]/l_teaching_prac_grp[1]/l_parent_interact_note,5,3850
consent_grp[1]/l_teaching_prac_grp[1]/l_actively_engaged,19,3854
consent_grp[1]/l_teaching_prac_grp[1]/l_proportion_child,11,3874
consent_grp[1]/l_teaching_prac_grp[1]/l_proportion_child_more,18,3885
consent_grp[1]/l_teaching_prac_grp[1]/l_visit_pupil_house,25,3903
consent_grp[1]/l_teaching_prac_grp[1]/l_visit_parent_house,46,3928
consent_grp[1]/l_teaching_prac_grp[1]/l_receive_parent_supp,11,3974
consent_grp[1]/l_teaching_prac_grp[1]/l_day_teaching_note,22,3985
consent_grp[1]/l_teaching_prac_grp[1]/l_day_grp[1]/tmp_l_labs,37,4003
consent_grp[1]/l_teaching_prac_grp[1]/l_day_grp[1]/l_daily_schedule,37,4003
consent_grp[1]/l_teaching_prac_grp[1]/l_day_grp[1]/l_play_period,37,4003
consent_grp[1]/l_teaching_prac_grp[1]/l_day_grp[1]/l_free_play,37,4003
consent_grp[1]/l_teaching_prac_grp[1]/l_day_grp[1]/l_activities,37,4003
consent_grp[1]/l_teaching_prac_grp[1]/l_per_daily_grp[1]/l_perc_note,172,4044
consent_grp[1]/l_teaching_prac_grp[1]/l_per_daily_grp[1]/l_admin_per,172,4044
consent_grp[1]/l_teaching_prac_grp[1]/l_per_daily_grp[1]/l_class_per,172,4044
consent_grp[1]/l_teaching_prac_grp[1]/l_per_daily_grp[1]/l_teach_per,172,4044
consent_grp[1]/l_teaching_prac_grp[1]/l_per_daily_grp[1]/l_super_per,172,4044
consent_grp[1]/l_teaching_prac_grp[1]/l_per_daily_grp[1]/l_super_oth_per,172,4044
consent_grp[1]/l_teaching_prac_grp[1]/l_per_daily_grp[1]/l_break_per,172,4044
consent_grp[1]/l_teaching_prac_grp[1]/l_discipline_note,4,4216
consent_grp[1]/l_teaching_prac_grp[1]/l_dont_like,39,4220
consent_grp[1]/l_teaching_prac_grp[1]/l_really_bad,56,4258
consent_grp[1]/l_teaching_prac_grp[1]/l_does_good,10,4314
consent_grp[1]/l_teaching_prac_grp[1]/l_praise,17,4324
consent_grp[1]/q_note,26,4342
consent_grp[1]/q_activ_yn,50,4349
consent_grp[1]/q_rpt[1]/q_activ_r,95,4409
consent_grp[1]/q_rpt[1]/q_activ_org_r,59,4488
consent_grp[1]/q_rpt[1]/q_activ_osp_r,94,4504
consent_grp[1]/q_rpt[1]/q_activ_add_r,19,4652
s_int_accom_yn,7,4659
comments,3,4676
