Field name,Total duration (seconds),First appeared (seconds into survey)
instruction,1,3
a_district_id,3,5
a_circuit_id,8,8
a_kg_id,16,15
a_community_id,4,31
a_enum_id,5,35
consent_note,324,39
con_understand,65,363
con_questions,3,428
con_written,2,432
consent_grp[1]/audio_consent,2,434
consent_grp[1]/d_background_note,1,436
consent_grp[1]/section_d[1]/kgt_key,7,437
consent_grp[1]/section_d[1]/kgt_confirm_note,39,444
consent_grp[1]/section_d[1]/d_num_cnt,15,483
consent_grp[1]/section_d[1]/d_cnt_grp[1]/d_cnt_main,117,499
consent_grp[1]/section_d[1]/d_cnt_grp[1]/d_cnt_sec,117,499
consent_grp[1]/section_d[1]/d_work_last,20,616
consent_grp[1]/section_d[1]/d_edu_level,28,636
consent_grp[1]/section_d[1]/d_edu_train,40,664
consent_grp[1]/section_d[1]/d_edu_level_train,7,704
consent_grp[1]/section_d[1]/d_marital_status,8,711
consent_grp[1]/section_d[1]/d_religion,6,719
consent_grp[1]/section_d[1]/d_la_spk_grp[1]/d_la_spk_note,39,725
consent_grp[1]/section_d[1]/d_la_spk_grp[1]/d_la_spk_eng,39,725
consent_grp[1]/section_d[1]/d_la_spk_grp[1]/d_la_spk_dagb,39,725
consent_grp[1]/section_d[1]/d_la_wrt_grp[1]/d_la_wrt_note,15,764
consent_grp[1]/section_d[1]/d_la_wrt_grp[1]/d_la_wrt_eng,15,764
consent_grp[1]/section_d[1]/d_la_wrt_grp[1]/d_la_wrt_dagb,15,764
consent_grp[1]/section_d[1]/d_main_language,20,779
consent_grp[1]/section_d[1]/d_loc_lang_kinderg,18,798
consent_grp[1]/f_moved_yn,129,816
consent_grp[1]/g_nature_wrk_note,12,927
consent_grp[1]/f_rel_grp[1]/f_comm_note,12,954
consent_grp[1]/f_rel_grp[1]/section_f[1]/f_born_comm,18,966
consent_grp[1]/f_rel_grp[1]/section_f[1]/f_school_loc,40,984
consent_grp[1]/f_rel_grp[1]/section_f[1]/f_lived_bef_teach,13,1024
consent_grp[1]/f_rel_grp[1]/section_f[1]/f_lived_grp[1]/f_lived_comm,20,1037
consent_grp[1]/f_rel_grp[1]/section_f[1]/f_lived_grp[1]/f_lived_comm_year,20,1037
consent_grp[1]/f_rel_grp[1]/section_f[1]/f_lived_grp[1]/f_lived_comm_month,20,1037
consent_grp[1]/f_rel_grp[1]/section_f[1]/f_fam_lived,15,1057
consent_grp[1]/f_rel_grp[1]/section_f[1]/f_emot_support,18,1072
consent_grp[1]/f_rel_grp[1]/section_f[1]/f_emot_support_num,13,1090
consent_grp[1]/f_rel_grp[1]/section_f[1]/f_lend_money,20,1103
consent_grp[1]/f_rel_grp[1]/section_f[1]/f_borrow_money,14,1123
consent_grp[1]/f_rel_grp[1]/section_f[1]/f_rel_live_nearby,8,1137
consent_grp[1]/f_rel_grp[1]/section_f[1]/f_part_comm,17,1145
consent_grp[1]/f_rel_grp[1]/section_f[1]/f_main_trans,28,1163
consent_grp[1]/f_rel_grp[1]/section_f[1]/f_min_get_sch_grp[1]/f_min_get_note,26,1191
consent_grp[1]/f_rel_grp[1]/section_f[1]/f_min_get_sch_grp[1]/f_h_get_school,26,1191
consent_grp[1]/f_rel_grp[1]/section_f[1]/f_min_get_sch_grp[1]/f_m_get_school,26,1191
consent_grp[1]/section_g[1]/g_teach_pos,14,1220
consent_grp[1]/section_g[1]/g_teach_school,20,1234
consent_grp[1]/section_g[1]/g_kg_grade,17,1254
consent_grp[1]/section_g[1]/g_class_grp[1]/g_children_note,12,1271
consent_grp[1]/section_g[1]/g_class_grp[1]/g_kg_1,12,1271
consent_grp[1]/section_g[1]/g_ah_grp[1]/g_ah_note,271,1281
consent_grp[1]/section_g[1]/g_ah_grp[1]/g_ah_working,271,1281
consent_grp[1]/section_g[1]/g_ah_grp[1]/g_ah_prepping,271,1281
consent_grp[1]/section_g[1]/g_eh_grp[1]/g_eh_note,37,1553
consent_grp[1]/section_g[1]/g_eh_grp[1]/g_eh_working,37,1553
consent_grp[1]/section_g[1]/g_eh_grp[1]/g_eh_prepping,37,1553
consent_grp[1]/section_g[1]/g_teach_salary,29,1591
consent_grp[1]/section_g[1]/g_salary_freq,61,1620
consent_grp[1]/section_g[1]/g_salary_intime,41,1681
consent_grp[1]/section_g[1]/g_money_cmp,60,1722
consent_grp[1]/section_g[1]/g_job_outside,57,1774
consent_grp[1]/section_g[1]/g_job_outside_income,22,1811
consent_grp[1]/section_g[1]/g_earn_grp[1]/g_earn_amt,15,1832
consent_grp[1]/section_g[1]/g_earn_grp[1]/g_earn_freq,15,1832
consent_grp[1]/section_g[1]/g_extra_money_spec,30,1877
consent_grp[1]/section_g[1]/g_sch_pro_grp[1]/tmp_g_sch_pro_lab,169,1907
consent_grp[1]/section_g[1]/g_sch_pro_grp[1]/g_class,169,1907
consent_grp[1]/section_g[1]/g_sch_pro_grp[1]/g_class_taught,169,1907
consent_grp[1]/section_g[1]/g_sch_pro_grp[1]/g_fin_resource,169,1907
consent_grp[1]/section_g[1]/g_sch_pro_grp[1]/g_high_expe,169,1907
consent_grp[1]/section_g[1]/g_sch_pro_grp[1]/g_change_curri,169,1907
consent_grp[1]/section_g[1]/g_sch_pro_grp[1]/g_diff_curri,169,1907
consent_grp[1]/section_g[1]/g_sch_pro_grp[1]/g_easy_curri,169,1907
consent_grp[1]/section_g[1]/g_sch_pro_grp[1]/g_par_dem_high,169,1907
consent_grp[1]/section_g[1]/g_sch_pro_grp[1]/g_par_suff_interest,169,1907
consent_grp[1]/section_g[1]/g_sch_pro_grp[1]/g_par_suff_active,169,1907
consent_grp[1]/section_g[1]/g_par_supp_grp[1]/g_par_supp_note,36,2076
consent_grp[1]/section_g[1]/g_par_supp_grp[1]/g_home_wrk,38,2091
consent_grp[1]/section_g[1]/g_par_supp_grp[1]/g_behave_val,15,2150
consent_grp[1]/section_g[1]/g_par_supp_grp[1]/g_get_schl,21,2165
consent_grp[1]/section_g[1]/g_par_supp_grp[1]/g_visit_schl,12,2186
consent_grp[1]/section_g[1]/g_par_supp_grp[1]/g_show_respect,11,2198
consent_grp[1]/section_g[1]/g_par_supp_grp[1]/g_best_schl,15,2209
consent_grp[1]/section_g[1]/g_par_supp_grp[1]/g_parti_pta,6,2224
consent_grp[1]/section_g[1]/g_par_supp_grp[1]/g_cont_kg_act,8,2230
consent_grp[1]/section_g[1]/g_lead_respect,14,2238
consent_grp[1]/section_g[1]/g_val_citizen,19,2252
consent_grp[1]/section_h[1]/sec_h_depre_note,47,2271
consent_grp[1]/section_h[1]/h_depression_grp[1]/h_da_note,206,2317
consent_grp[1]/section_h[1]/h_depression_grp[1]/tmp_h_da_lab,206,2317
consent_grp[1]/section_h[1]/h_depression_grp[1]/h_headache,206,2317
consent_grp[1]/section_h[1]/h_depression_grp[1]/h_appetite,206,2317
consent_grp[1]/section_h[1]/h_depression_grp[1]/h_sleep,206,2317
consent_grp[1]/section_h[1]/h_depression_grp[1]/h_frightened,206,2317
consent_grp[1]/section_h[1]/h_depression_grp[1]/h_hands_shake,206,2317
consent_grp[1]/section_h[1]/h_depression_grp[1]/h_nervous,206,2317
consent_grp[1]/section_h[1]/h_depression_grp[1]/h_digestion,206,2317
consent_grp[1]/section_h[1]/h_depression_grp[1]/h_thinking,206,2317
consent_grp[1]/section_h[1]/h_depression_grp[1]/h_unhappy,206,2317
consent_grp[1]/section_h[1]/h_depression_grp[1]/h_cry,206,2317
consent_grp[1]/section_h[1]/h_depression_grp[1]/h_activities,206,2317
consent_grp[1]/section_h[1]/h_depression_grp[1]/h_decisions,206,2317
consent_grp[1]/section_h[1]/h_depression_grp[1]/h_daily_work,206,2317
consent_grp[1]/section_h[1]/h_depression_grp[1]/h_life,206,2317
consent_grp[1]/section_h[1]/h_depression_grp[1]/h_interest,206,2317
consent_grp[1]/section_h[1]/h_depression_grp[1]/h_worthless,206,2317
consent_grp[1]/section_h[1]/h_depression_grp[1]/h_end_life,206,2317
consent_grp[1]/section_h[1]/h_depression_grp[1]/h_tired,206,2317
consent_grp[1]/section_h[1]/h_depression_grp[1]/h_uncomfortable,206,2317
consent_grp[1]/section_h[1]/h_depression_grp[1]/h_easily_tired,206,2317
consent_grp[1]/section_h[1]/sec_h_ext_contr_note,12,2523
consent_grp[1]/section_h[1]/h_ext_control_grp[1]/h_ext_cont_note,24,2534
consent_grp[1]/section_h[1]/h_ext_control_grp[1]/h_pup_learn,40,2543
consent_grp[1]/section_h[1]/h_ext_control_grp[1]/h_discipline,14,2598
consent_grp[1]/section_h[1]/h_ext_control_grp[1]/h_stu_achieve,24,2612
consent_grp[1]/section_h[1]/h_ext_control_grp[1]/h_teach_motiv,14,2635
consent_grp[1]/section_h[1]/h_ext_control_grp[1]/h_good_teach,11,2650
consent_grp[1]/section_h[1]/sec_h_motiv_note,2,2661
consent_grp[1]/section_h[1]/h_motiv_grp[1]/h_motiv_note,1,2663
consent_grp[1]/section_h[1]/h_motiv_grp[1]/h_motiv_help,13,2664
consent_grp[1]/section_h[1]/h_motiv_grp[1]/h_quest_school,14,2677
consent_grp[1]/section_h[1]/h_motiv_grp[1]/h_help_child,14,2691
consent_grp[1]/section_h[1]/h_motiv_grp[1]/h_sch_goal,19,2705
consent_grp[1]/section_h[1]/h_motiv_grp[1]/h_help_emot,15,2723
consent_grp[1]/section_h[1]/h_motiv_grp[1]/h_enjoy_teach,14,2739
consent_grp[1]/section_h[1]/h_motiv_grp[1]/h_develop_society,18,2753
consent_grp[1]/section_h[1]/h_motiv_grp[1]/h_develop_socially,12,2771
consent_grp[1]/section_h[1]/h_motiv_grp[1]/h_perso_clear,7,2783
consent_grp[1]/section_h[1]/h_impor_thing,77,2790
consent_grp[1]/section_h[1]/h_job_satisfaction_grp[1]/h_job_satis_note,25,2867
consent_grp[1]/section_h[1]/h_job_satisfaction_grp[1]/h_look_out,98,2892
consent_grp[1]/section_h[1]/h_job_satisfaction_grp[1]/h_perso_worries,8,2990
consent_grp[1]/section_h[1]/h_job_satisfaction_grp[1]/h_know_col,16,2998
consent_grp[1]/section_h[1]/h_job_satisfaction_grp[1]/h_col_coop,17,3014
consent_grp[1]/section_h[1]/h_job_satisfaction_grp[1]/h_trust_col,17,3028
consent_grp[1]/section_h[1]/h_job_satisfaction_grp[1]/h_enjoy_col,15,3048
consent_grp[1]/section_h[1]/h_job_satisfaction_grp[1]/h_sup_respect,8,3062
consent_grp[1]/section_h[1]/h_job_satisfaction_grp[1]/h_sup_busy,9,3070
consent_grp[1]/section_h[1]/h_job_satisfaction_grp[1]/h_sup_opinion,7,3079
consent_grp[1]/section_h[1]/h_job_satisfaction_grp[1]/h_count_sup,13,3086
consent_grp[1]/section_h[1]/h_job_satisfaction_grp[1]/h_motivated,9,3099
consent_grp[1]/section_h[1]/h_job_satisfaction_grp[1]/h_sup_unpredict,8,3108
consent_grp[1]/section_h[1]/h_job_satisfaction_grp[1]/h_wrk_challenge,8,3116
consent_grp[1]/section_h[1]/h_job_satisfaction_grp[1]/h_wrk_monotonous,16,3124
consent_grp[1]/section_h[1]/h_job_satisfaction_grp[1]/h_wrk_creative,7,3139
consent_grp[1]/section_h[1]/h_job_satisfaction_grp[1]/h_big_impact,8,3147
consent_grp[1]/section_h[1]/h_job_satisfaction_grp[1]/h_little_time,13,3155
consent_grp[1]/section_h[1]/h_job_satisfaction_grp[1]/h_control_satis,10,3168
consent_grp[1]/section_h[1]/h_job_satisfaction_grp[1]/h_look,13,3178
consent_grp[1]/section_h[1]/h_job_satisfaction_grp[1]/h_small_space,16,3191
consent_grp[1]/section_h[1]/h_job_satisfaction_grp[1]/h_new_mat,7,3207
consent_grp[1]/section_h[1]/h_job_satisfaction_grp[1]/h_clean_kinder,10,3214
consent_grp[1]/section_h[1]/h_job_satisfaction_grp[1]/h_loud_kinder,8,3224
consent_grp[1]/section_h[1]/h_job_satisfaction_grp[1]/h_kinder_rules,12,3232
consent_grp[1]/section_h[1]/h_job_satisfaction_grp[1]/h_satisfied_paid,12,3244
consent_grp[1]/section_h[1]/h_burnout_grp[1]/h_burnout_note,26,3256
consent_grp[1]/section_h[1]/h_burnout_grp[1]/h_emotion_drained,25,3282
consent_grp[1]/section_h[1]/h_burnout_grp[1]/h_used_up,30,3307
consent_grp[1]/section_h[1]/h_burnout_grp[1]/h_fatigued,19,3337
consent_grp[1]/section_h[1]/h_burnout_grp[1]/h_child_feel,19,3356
consent_grp[1]/section_h[1]/h_burnout_grp[1]/h_child_impersonal,34,3375
consent_grp[1]/section_h[1]/h_burnout_grp[1]/h_ppl_strain,11,3409
consent_grp[1]/section_h[1]/h_burnout_grp[1]/h_deal_effect,28,3420
consent_grp[1]/section_h[1]/h_burnout_grp[1]/h_burnout,28,3448
consent_grp[1]/section_h[1]/h_burnout_grp[1]/h_pos_influence,11,3477
consent_grp[1]/section_h[1]/h_burnout_grp[1]/h_cold,28,3487
consent_grp[1]/section_h[1]/h_burnout_grp[1]/h_hard,9,3515
consent_grp[1]/section_h[1]/h_burnout_grp[1]/h_energetic,7,3524
consent_grp[1]/section_h[1]/h_burnout_grp[1]/h_frustrated,6,3531
consent_grp[1]/section_h[1]/h_burnout_grp[1]/h_work_hard,16,3536
consent_grp[1]/section_h[1]/h_burnout_grp[1]/h_dont_care,8,3553
consent_grp[1]/section_h[1]/h_burnout_grp[1]/h_put_pressure,7,3561
consent_grp[1]/section_h[1]/h_burnout_grp[1]/h_relax,24,3568
consent_grp[1]/section_h[1]/h_burnout_grp[1]/h_excited,13,3592
consent_grp[1]/section_h[1]/h_burnout_grp[1]/h_accomplished,15,3605
consent_grp[1]/section_h[1]/h_burnout_grp[1]/h_end_of_rop,8,3620
consent_grp[1]/section_h[1]/h_burnout_grp[1]/h_emot_pro_calm,13,3628
consent_grp[1]/i_teacher_knowledge_grp[1]/I_teach_know_note,23,3641
consent_grp[1]/i_teacher_knowledge_grp[1]/i_consonance,66,3664
consent_grp[1]/i_teacher_knowledge_grp[1]/i_vowel,10,3730
consent_grp[1]/i_teacher_knowledge_grp[1]/i_unbelievable,23,3740
consent_grp[1]/i_teacher_knowledge_grp[1]/i_irregular,11,3763
consent_grp[1]/i_teacher_knowledge_grp[1]/i_cat,9,3774
consent_grp[1]/i_teacher_knowledge_grp[1]/i_cough,15,3783
consent_grp[1]/i_teacher_knowledge_grp[1]/i_check,9,3799
consent_grp[1]/i_teacher_knowledge_grp[1]/i_english,24,3808
consent_grp[1]/j_perception_grp[1]/j_perception_note,44,3832
consent_grp[1]/j_perception_grp[1]/j_dev_practice_grp[1]/j_dev_practice_note,29,3876
consent_grp[1]/j_perception_grp[1]/j_dev_practice_grp[1]/j_child_need,30,3887
consent_grp[1]/j_perception_grp[1]/j_dev_practice_grp[1]/j_recog_letter,16,3926
consent_grp[1]/j_perception_grp[1]/j_dev_practice_grp[1]/j_recog_number,18,3949
consent_grp[1]/j_perception_grp[1]/j_dev_practice_grp[1]/j_recog_colour,10,3968
consent_grp[1]/j_perception_grp[1]/j_dev_practice_grp[1]/j_indiv_goal,14,3977
consent_grp[1]/j_perception_grp[1]/j_dev_practice_grp[1]/j_play_materials,12,3992
consent_grp[1]/j_perception_grp[1]/j_dev_practice_grp[1]/j_child_measure,22,4004
consent_grp[1]/j_perception_grp[1]/j_supp_chil_grp[1]/j_supp_chil_note,8,4025
consent_grp[1]/j_perception_grp[1]/j_supp_chil_grp[1]/j_build_relation,8,4033
consent_grp[1]/j_perception_grp[1]/j_supp_chil_grp[1]/j_control_behaviour,11,4041
consent_grp[1]/j_perception_grp[1]/j_supp_chil_grp[1]/j_express_thought,9,4052
consent_grp[1]/j_perception_grp[1]/j_supp_chil_grp[1]/j_resolve_conflicts,11,4061
consent_grp[1]/j_perception_grp[1]/j_supp_chil_grp[1]/j_guidance_style,21,4072
consent_grp[1]/j_perception_grp[1]/j_fam_sensitive_grp[1]/j_fam_sensitive_note,79,4093
consent_grp[1]/j_perception_grp[1]/j_fam_sensitive_grp[1]/j_parent_goal,79,4093
consent_grp[1]/j_perception_grp[1]/j_fam_sensitive_grp[1]/j_work_schedule,79,4093
consent_grp[1]/j_perception_grp[1]/j_fam_sensitive_grp[1]/j_fam_decision,79,4093
consent_grp[1]/j_perception_grp[1]/j_fam_sensitive_grp[1]/j_family_care,79,4093
consent_grp[1]/j_perception_grp[1]/j_fam_sensitive_grp[1]/j_connect_family,79,4093
consent_grp[1]/k_grp[1]/k_instro_note,85,4172
consent_grp[1]/k_grp[1]/k_ts_grp[1]/tmp_k_labels,102,4202
consent_grp[1]/k_grp[1]/k_ts_grp[1]/k_take_priviledges,102,4202
consent_grp[1]/k_grp[1]/k_ts_grp[1]/k_explain_behavior,102,4202
consent_grp[1]/k_grp[1]/k_ts_grp[1]/k_shook,102,4202
consent_grp[1]/k_grp[1]/k_ts_grp[1]/k_shouted,102,4202
consent_grp[1]/k_grp[1]/k_ts_grp[1]/k_gave_something,102,4202
consent_grp[1]/k_grp[1]/k_ts_grp[1]/k_spanked,102,4202
consent_grp[1]/k_grp[1]/k_ts_grp[1]/k_hit_bottom,102,4202
consent_grp[1]/k_grp[1]/k_ts_grp[1]/k_call_dumb,102,4202
consent_grp[1]/k_grp[1]/k_ts_grp[1]/k_hit_face,102,4202
consent_grp[1]/k_grp[1]/k_ts_grp[1]/k_praised,102,4202
consent_grp[1]/k_grp[1]/k_ts_grp[1]/k_affection,102,4202
consent_grp[1]/k_grp[1]/k_ts_grp[1]/k_rewarded,102,4202
consent_grp[1]/l_teaching_prac_grp[1]/l_note,8,4359
consent_grp[1]/l_teaching_prac_grp[1]/l_previos_kinder_act[1]/tmp_l_prac_lab,76,4367
consent_grp[1]/l_teaching_prac_grp[1]/l_previos_kinder_act[1]/l_hygiene_routine,76,4367
consent_grp[1]/l_teaching_prac_grp[1]/l_previos_kinder_act[1]/l_supply,76,4367
consent_grp[1]/l_teaching_prac_grp[1]/l_previos_kinder_act[1]/l_pamper,76,4367
consent_grp[1]/l_teaching_prac_grp[1]/l_previos_kinder_act[1]/l_read,76,4367
consent_grp[1]/l_teaching_prac_grp[1]/l_previos_kinder_act[1]/l_tell,76,4367
consent_grp[1]/l_teaching_prac_grp[1]/l_previos_kinder_act[1]/l_conversatin,76,4367
consent_grp[1]/l_teaching_prac_grp[1]/l_previos_kinder_act[1]/l_sing,76,4367
consent_grp[1]/l_teaching_prac_grp[1]/l_previos_kinder_act[1]/l_dance,76,4367
consent_grp[1]/l_teaching_prac_grp[1]/l_previos_kinder_act[1]/l_visit,76,4367
consent_grp[1]/l_teaching_prac_grp[1]/l_previos_kinder_act[1]/l_play_kg,76,4367
consent_grp[1]/l_teaching_prac_grp[1]/l_previos_kinder_act[1]/l_play_recrea,76,4367
consent_grp[1]/l_teaching_prac_grp[1]/l_previos_kinder_act[1]/l_sleep,76,4367
consent_grp[1]/l_teaching_prac_grp[1]/l_previos_kinder_act[1]/l_run,76,4367
consent_grp[1]/l_teaching_prac_grp[1]/l_previos_kinder_act[1]/l_group_learn,76,4367
consent_grp[1]/l_teaching_prac_grp[1]/l_previos_kinder_act[1]/l_indiv_learn,76,4367
consent_grp[1]/l_teaching_prac_grp[1]/l_class_acti_grp[1]/l_act_grp[1]/tmp_l_class_lab,72,4443
consent_grp[1]/l_teaching_prac_grp[1]/l_class_acti_grp[1]/l_act_grp[1]/l_teach_colour,72,4443
consent_grp[1]/l_teaching_prac_grp[1]/l_class_acti_grp[1]/l_act_grp[1]/l_teach_number,72,4443
consent_grp[1]/l_teaching_prac_grp[1]/l_class_acti_grp[1]/l_act_grp[1]/l_teach_letter,72,4443
consent_grp[1]/l_teaching_prac_grp[1]/l_class_acti_grp[1]/l_act_grp[1]/l_teach_form,72,4443
consent_grp[1]/l_teaching_prac_grp[1]/l_class_acti_grp[1]/l_act_grp[1]/l_socialise,72,4443
consent_grp[1]/l_teaching_prac_grp[1]/l_class_acti_grp[1]/l_act_grp[1]/l_pro_solve,72,4443
consent_grp[1]/l_teaching_prac_grp[1]/l_class_acti_grp[1]/l_act_grp[1]/l_writing,72,4443
consent_grp[1]/l_teaching_prac_grp[1]/l_class_acti_grp[1]/l_act_grp[1]/l_teach_body,72,4443
consent_grp[1]/l_teaching_prac_grp[1]/l_class_acti_grp[1]/l_act_grp[1]/l_pers_hygiene,72,4443
consent_grp[1]/l_teaching_prac_grp[1]/l_class_acti_grp[1]/l_act_grp[1]/l_art_expre,72,4443
consent_grp[1]/l_teaching_prac_grp[1]/l_class_acti_grp[1]/l_act_grp[1]/l_body_lang,72,4443
consent_grp[1]/l_teaching_prac_grp[1]/l_class_acti_grp[1]/l_act_grp[1]/l_concentration,72,4443
consent_grp[1]/l_teaching_prac_grp[1]/l_class_acti_grp[1]/l_act_grp[1]/l_gross_motor,72,4443
consent_grp[1]/l_teaching_prac_grp[1]/l_class_acti_grp[1]/l_act_grp[1]/l_fine_motor,72,4443
consent_grp[1]/l_teaching_prac_grp[1]/l_class_acti_grp[1]/l_act_grp[1]/l_gender,72,4443
consent_grp[1]/l_teaching_prac_grp[1]/l_class_acti_grp[1]/l_act_grp[1]/l_responsibility,72,4443
consent_grp[1]/l_teaching_prac_grp[1]/l_class_acti_grp[1]/l_act_grp[1]/l_speech,72,4443
consent_grp[1]/l_teaching_prac_grp[1]/l_class_acti_grp[1]/l_act_grp[1]/l_explore_comm,72,4443
consent_grp[1]/l_teaching_prac_grp[1]/l_class_acti_grp[1]/l_act_grp[1]/l_explore_culture,72,4443
consent_grp[1]/l_teaching_prac_grp[1]/l_parent_interact_note,7,4515
consent_grp[1]/l_teaching_prac_grp[1]/l_actively_engaged,24,4522
consent_grp[1]/l_teaching_prac_grp[1]/l_proportion_child,11,4546
consent_grp[1]/l_teaching_prac_grp[1]/l_proportion_child_more,21,4557
consent_grp[1]/l_teaching_prac_grp[1]/l_visit_pupil_house,19,4578
consent_grp[1]/l_teaching_prac_grp[1]/l_visit_parent_house,13,4597
consent_grp[1]/l_teaching_prac_grp[1]/l_receive_parent_supp,14,4610
consent_grp[1]/l_teaching_prac_grp[1]/l_day_teaching_note,6,4624
consent_grp[1]/l_teaching_prac_grp[1]/l_day_grp[1]/tmp_l_labs,55,4630
consent_grp[1]/l_teaching_prac_grp[1]/l_day_grp[1]/l_daily_schedule,55,4630
consent_grp[1]/l_teaching_prac_grp[1]/l_day_grp[1]/l_play_period,55,4630
consent_grp[1]/l_teaching_prac_grp[1]/l_day_grp[1]/l_free_play,55,4630
consent_grp[1]/l_teaching_prac_grp[1]/l_day_grp[1]/l_activities,55,4630
consent_grp[1]/l_teaching_prac_grp[1]/l_per_daily_grp[1]/l_perc_note,90,4683
consent_grp[1]/l_teaching_prac_grp[1]/l_per_daily_grp[1]/l_admin_per,90,4683
consent_grp[1]/l_teaching_prac_grp[1]/l_per_daily_grp[1]/l_class_per,90,4683
consent_grp[1]/l_teaching_prac_grp[1]/l_per_daily_grp[1]/l_teach_per,90,4683
consent_grp[1]/l_teaching_prac_grp[1]/l_per_daily_grp[1]/l_super_per,90,4683
consent_grp[1]/l_teaching_prac_grp[1]/l_per_daily_grp[1]/l_super_oth_per,90,4683
consent_grp[1]/l_teaching_prac_grp[1]/l_per_daily_grp[1]/l_break_per,90,4683
consent_grp[1]/l_teaching_prac_grp[1]/tmp_force_note,7,4759
consent_grp[1]/l_teaching_prac_grp[1]/l_discipline_note,4,4782
consent_grp[1]/l_teaching_prac_grp[1]/l_dont_like,39,4786
consent_grp[1]/l_teaching_prac_grp[1]/l_really_bad,19,4825
consent_grp[1]/l_teaching_prac_grp[1]/l_does_good,26,4844
consent_grp[1]/l_teaching_prac_grp[1]/l_praise,24,4870
consent_grp[1]/q_note,26,4892
consent_grp[1]/q_activ_yn,56,4920
consent_grp[1]/q_rpt[1]/q_activ_r,47,4930
consent_grp[1]/q_rpt[1]/q_activ_org_r,10,4981
consent_grp[1]/q_rpt[1]/q_activ_add_r,10,4988
s_int_accom_yn,7,4996
comments,18,5001
