Field name,Total duration (seconds),First appeared (seconds into survey)
a_district_id,5,2
a_circuit_id,8,5
a_kg_id,8,11
a_community_id,5,17
a_enum_id,9,20
consent_note,368,27
instruction,4,38
con_understand,6,47
con_questions,2,414
con_written,2,416
consent_grp[1]/audio_consent,1,418
consent_grp[1]/d_background_note,1,419
consent_grp[1]/section_d[1]/kgt_key,10,420
consent_grp[1]/section_d[1]/kgt_confirm_note,56,430
consent_grp[1]/section_d[1]/d_num_cnt,4,487
consent_grp[1]/section_d[1]/d_cnt_grp[1]/d_cnt_main,13,490
consent_grp[1]/section_d[1]/d_work_last,11,504
consent_grp[1]/section_d[1]/d_edu_level,9,515
consent_grp[1]/section_d[1]/d_edu_train,13,524
consent_grp[1]/section_d[1]/d_edu_level_train,24,537
consent_grp[1]/section_d[1]/d_marital_status,5,561
consent_grp[1]/section_d[1]/d_religion,5,566
consent_grp[1]/section_d[1]/d_la_spk_grp[1]/d_la_spk_note,32,571
consent_grp[1]/section_d[1]/d_la_spk_grp[1]/d_la_spk_eng,32,571
consent_grp[1]/section_d[1]/d_la_spk_grp[1]/d_la_spk_dagb,32,571
consent_grp[1]/section_d[1]/d_la_wrt_grp[1]/d_la_wrt_note,20,603
consent_grp[1]/section_d[1]/d_la_wrt_grp[1]/d_la_wrt_eng,20,603
consent_grp[1]/section_d[1]/d_la_wrt_grp[1]/d_la_wrt_dagb,20,603
consent_grp[1]/section_d[1]/d_main_language,19,624
consent_grp[1]/section_d[1]/d_loc_lang_kinderg,8,642
consent_grp[1]/f_moved_yn,14,650
consent_grp[1]/g_nature_wrk_note,9,664
consent_grp[1]/section_g[1]/g_teach_pos,18,673
consent_grp[1]/section_g[1]/g_teach_school,6,691
consent_grp[1]/section_g[1]/g_kg_grade,11,698
consent_grp[1]/section_g[1]/g_class_grp[1]/g_children_note,11,709
consent_grp[1]/section_g[1]/g_class_grp[1]/g_kg_2,11,709
consent_grp[1]/section_g[1]/g_ah_grp[1]/g_ah_note,64,720
consent_grp[1]/section_g[1]/g_ah_grp[1]/g_ah_working,64,720
consent_grp[1]/section_g[1]/g_ah_grp[1]/g_ah_prepping,64,720
consent_grp[1]/section_g[1]/g_eh_grp[1]/g_eh_note,60,784
consent_grp[1]/section_g[1]/g_eh_grp[1]/g_eh_working,60,784
consent_grp[1]/section_g[1]/g_eh_grp[1]/g_eh_prepping,60,784
consent_grp[1]/section_g[1]/g_teach_salary,26,841
consent_grp[1]/section_g[1]/g_salary_freq,13,871
consent_grp[1]/section_g[1]/g_salary_intime,20,884
consent_grp[1]/section_g[1]/g_money_cmp,8,903
consent_grp[1]/section_g[1]/g_job_outside,11,911
consent_grp[1]/section_g[1]/g_extra_money_spec,8,922
consent_grp[1]/section_g[1]/g_sch_pro_grp[1]/tmp_g_sch_pro_lab,121,930
consent_grp[1]/section_g[1]/g_sch_pro_grp[1]/g_class,121,930
consent_grp[1]/section_g[1]/g_sch_pro_grp[1]/g_class_taught,121,930
consent_grp[1]/section_g[1]/g_sch_pro_grp[1]/g_fin_resource,121,930
consent_grp[1]/section_g[1]/g_sch_pro_grp[1]/g_high_expe,121,930
consent_grp[1]/section_g[1]/g_sch_pro_grp[1]/g_change_curri,121,930
consent_grp[1]/section_g[1]/g_sch_pro_grp[1]/g_diff_curri,121,930
consent_grp[1]/section_g[1]/g_sch_pro_grp[1]/g_easy_curri,121,930
consent_grp[1]/section_g[1]/g_sch_pro_grp[1]/g_par_dem_high,121,930
consent_grp[1]/section_g[1]/g_sch_pro_grp[1]/g_par_suff_interest,121,930
consent_grp[1]/section_g[1]/g_sch_pro_grp[1]/g_par_suff_active,121,930
consent_grp[1]/section_g[1]/g_par_supp_grp[1]/g_par_supp_note,11,1051
consent_grp[1]/section_g[1]/g_par_supp_grp[1]/g_home_wrk,20,1063
consent_grp[1]/section_g[1]/g_par_supp_grp[1]/g_behave_val,13,1083
consent_grp[1]/section_g[1]/g_par_supp_grp[1]/g_get_schl,10,1096
consent_grp[1]/section_g[1]/g_par_supp_grp[1]/g_visit_schl,7,1106
consent_grp[1]/section_g[1]/g_par_supp_grp[1]/g_show_respect,11,1113
consent_grp[1]/section_g[1]/g_par_supp_grp[1]/g_best_schl,12,1124
consent_grp[1]/section_g[1]/g_par_supp_grp[1]/g_parti_pta,17,1135
consent_grp[1]/section_g[1]/g_par_supp_grp[1]/g_cont_kg_act,10,1152
consent_grp[1]/section_g[1]/g_lead_respect,10,1162
consent_grp[1]/section_g[1]/g_val_citizen,11,1172
consent_grp[1]/section_h[1]/sec_h_depre_note,52,1183
consent_grp[1]/section_h[1]/h_depression_grp[1]/h_da_note,106,1236
consent_grp[1]/section_h[1]/h_depression_grp[1]/tmp_h_da_lab,106,1236
consent_grp[1]/section_h[1]/h_depression_grp[1]/h_headache,106,1236
consent_grp[1]/section_h[1]/h_depression_grp[1]/h_appetite,106,1236
consent_grp[1]/section_h[1]/h_depression_grp[1]/h_sleep,106,1236
consent_grp[1]/section_h[1]/h_depression_grp[1]/h_frightened,106,1236
consent_grp[1]/section_h[1]/h_depression_grp[1]/h_hands_shake,106,1236
consent_grp[1]/section_h[1]/h_depression_grp[1]/h_nervous,106,1236
consent_grp[1]/section_h[1]/h_depression_grp[1]/h_digestion,106,1236
consent_grp[1]/section_h[1]/h_depression_grp[1]/h_thinking,106,1236
consent_grp[1]/section_h[1]/h_depression_grp[1]/h_unhappy,106,1236
consent_grp[1]/section_h[1]/h_depression_grp[1]/h_cry,106,1236
consent_grp[1]/section_h[1]/h_depression_grp[1]/h_activities,106,1236
consent_grp[1]/section_h[1]/h_depression_grp[1]/h_decisions,106,1236
consent_grp[1]/section_h[1]/h_depression_grp[1]/h_daily_work,106,1236
consent_grp[1]/section_h[1]/h_depression_grp[1]/h_life,106,1236
consent_grp[1]/section_h[1]/h_depression_grp[1]/h_interest,106,1236
consent_grp[1]/section_h[1]/h_depression_grp[1]/h_worthless,106,1236
consent_grp[1]/section_h[1]/h_depression_grp[1]/h_end_life,106,1236
consent_grp[1]/section_h[1]/h_depression_grp[1]/h_tired,106,1236
consent_grp[1]/section_h[1]/h_depression_grp[1]/h_uncomfortable,106,1236
consent_grp[1]/section_h[1]/h_depression_grp[1]/h_easily_tired,106,1236
consent_grp[1]/section_h[1]/sec_h_ext_contr_note,11,1341
consent_grp[1]/section_h[1]/h_ext_control_grp[1]/h_ext_cont_note,3,1352
consent_grp[1]/section_h[1]/h_ext_control_grp[1]/h_pup_learn,47,1355
consent_grp[1]/section_h[1]/h_ext_control_grp[1]/h_discipline,15,1402
consent_grp[1]/section_h[1]/h_ext_control_grp[1]/h_stu_achieve,21,1417
consent_grp[1]/section_h[1]/h_ext_control_grp[1]/h_teach_motiv,29,1438
consent_grp[1]/section_h[1]/h_ext_control_grp[1]/h_good_teach,22,1466
consent_grp[1]/section_h[1]/sec_h_motiv_note,2,1488
consent_grp[1]/section_h[1]/h_motiv_grp[1]/h_motiv_note,9,1490
consent_grp[1]/section_h[1]/h_motiv_grp[1]/h_motiv_help,13,1499
consent_grp[1]/section_h[1]/h_motiv_grp[1]/h_quest_school,16,1512
consent_grp[1]/section_h[1]/h_motiv_grp[1]/h_help_child,10,1528
consent_grp[1]/section_h[1]/h_motiv_grp[1]/h_sch_goal,9,1538
consent_grp[1]/section_h[1]/h_motiv_grp[1]/h_help_emot,17,1547
consent_grp[1]/section_h[1]/h_motiv_grp[1]/h_enjoy_teach,5,1564
consent_grp[1]/section_h[1]/h_motiv_grp[1]/h_develop_society,11,1569
consent_grp[1]/section_h[1]/h_motiv_grp[1]/h_develop_socially,11,1581
consent_grp[1]/section_h[1]/h_motiv_grp[1]/h_perso_clear,11,1591
consent_grp[1]/section_h[1]/h_impor_thing,57,1603
consent_grp[1]/section_h[1]/h_job_satisfaction_grp[1]/h_job_satis_note,36,1660
consent_grp[1]/section_h[1]/h_job_satisfaction_grp[1]/h_look_out,11,1696
consent_grp[1]/section_h[1]/h_job_satisfaction_grp[1]/h_perso_worries,7,1707
consent_grp[1]/section_h[1]/h_job_satisfaction_grp[1]/h_know_col,11,1714
consent_grp[1]/section_h[1]/h_job_satisfaction_grp[1]/h_col_coop,8,1726
consent_grp[1]/section_h[1]/h_job_satisfaction_grp[1]/h_trust_col,7,1734
consent_grp[1]/section_h[1]/h_job_satisfaction_grp[1]/h_enjoy_col,8,1741
consent_grp[1]/section_h[1]/h_job_satisfaction_grp[1]/h_sup_respect,6,1749
consent_grp[1]/section_h[1]/h_job_satisfaction_grp[1]/h_sup_busy,12,1755
consent_grp[1]/section_h[1]/h_job_satisfaction_grp[1]/h_sup_opinion,7,1767
consent_grp[1]/section_h[1]/h_job_satisfaction_grp[1]/h_count_sup,11,1774
consent_grp[1]/section_h[1]/h_job_satisfaction_grp[1]/h_motivated,14,1785
consent_grp[1]/section_h[1]/h_job_satisfaction_grp[1]/h_sup_unpredict,7,1799
consent_grp[1]/section_h[1]/h_job_satisfaction_grp[1]/h_wrk_challenge,13,1805
consent_grp[1]/section_h[1]/h_job_satisfaction_grp[1]/h_wrk_monotonous,11,1819
consent_grp[1]/section_h[1]/h_job_satisfaction_grp[1]/h_wrk_creative,6,1829
consent_grp[1]/section_h[1]/h_job_satisfaction_grp[1]/h_big_impact,8,1835
consent_grp[1]/section_h[1]/h_job_satisfaction_grp[1]/h_little_time,8,1842
consent_grp[1]/section_h[1]/h_job_satisfaction_grp[1]/h_control_satis,10,1850
consent_grp[1]/section_h[1]/h_job_satisfaction_grp[1]/h_look,11,1860
consent_grp[1]/section_h[1]/h_job_satisfaction_grp[1]/h_small_space,13,1871
consent_grp[1]/section_h[1]/h_job_satisfaction_grp[1]/h_new_mat,7,1884
consent_grp[1]/section_h[1]/h_job_satisfaction_grp[1]/h_clean_kinder,15,1891
consent_grp[1]/section_h[1]/h_job_satisfaction_grp[1]/h_loud_kinder,37,1905
consent_grp[1]/section_h[1]/h_job_satisfaction_grp[1]/h_kinder_rules,11,1942
consent_grp[1]/section_h[1]/h_job_satisfaction_grp[1]/h_satisfied_paid,14,1953
consent_grp[1]/section_h[1]/h_burnout_grp[1]/h_burnout_note,13,1968
consent_grp[1]/section_h[1]/h_burnout_grp[1]/h_emotion_drained,51,1980
consent_grp[1]/section_h[1]/h_burnout_grp[1]/h_used_up,9,2031
consent_grp[1]/section_h[1]/h_burnout_grp[1]/h_fatigued,10,2041
consent_grp[1]/section_h[1]/h_burnout_grp[1]/h_child_feel,19,2051
consent_grp[1]/section_h[1]/h_burnout_grp[1]/h_child_impersonal,16,2070
consent_grp[1]/section_h[1]/h_burnout_grp[1]/h_ppl_strain,13,2085
consent_grp[1]/section_h[1]/h_burnout_grp[1]/h_deal_effect,9,2098
consent_grp[1]/section_h[1]/h_burnout_grp[1]/h_burnout,6,2108
consent_grp[1]/section_h[1]/h_burnout_grp[1]/h_pos_influence,13,2113
consent_grp[1]/section_h[1]/h_burnout_grp[1]/h_cold,34,2126
consent_grp[1]/section_h[1]/h_burnout_grp[1]/h_hard,8,2160
consent_grp[1]/section_h[1]/h_burnout_grp[1]/h_energetic,6,2168
consent_grp[1]/section_h[1]/h_burnout_grp[1]/h_frustrated,5,2173
consent_grp[1]/section_h[1]/h_burnout_grp[1]/h_work_hard,24,2178
consent_grp[1]/section_h[1]/h_burnout_grp[1]/h_dont_care,8,2203
consent_grp[1]/section_h[1]/h_burnout_grp[1]/h_put_pressure,6,2211
consent_grp[1]/section_h[1]/h_burnout_grp[1]/h_relax,8,2216
consent_grp[1]/section_h[1]/h_burnout_grp[1]/h_excited,9,2224
consent_grp[1]/section_h[1]/h_burnout_grp[1]/h_accomplished,12,2233
consent_grp[1]/section_h[1]/h_burnout_grp[1]/h_end_of_rop,10,2245
consent_grp[1]/section_h[1]/h_burnout_grp[1]/h_emot_pro_calm,9,2256
consent_grp[1]/i_teacher_knowledge_grp[1]/I_teach_know_note,39,2265
consent_grp[1]/i_teacher_knowledge_grp[1]/i_consonance,23,2265
consent_grp[1]/i_teacher_knowledge_grp[1]/i_vowel,7,2327
consent_grp[1]/i_teacher_knowledge_grp[1]/i_unbelievable,16,2334
consent_grp[1]/i_teacher_knowledge_grp[1]/i_irregular,11,2350
consent_grp[1]/i_teacher_knowledge_grp[1]/i_cat,10,2361
consent_grp[1]/i_teacher_knowledge_grp[1]/i_cough,9,2371
consent_grp[1]/i_teacher_knowledge_grp[1]/i_check,8,2381
consent_grp[1]/i_teacher_knowledge_grp[1]/i_english,12,2388
consent_grp[1]/j_perception_grp[1]/j_perception_note,93,2400
consent_grp[1]/j_perception_grp[1]/j_dev_practice_grp[1]/j_dev_practice_note,10,2493
consent_grp[1]/j_perception_grp[1]/j_dev_practice_grp[1]/j_child_need,7,2503
consent_grp[1]/j_perception_grp[1]/j_dev_practice_grp[1]/j_recog_letter,6,2510
consent_grp[1]/j_perception_grp[1]/j_dev_practice_grp[1]/j_recog_number,6,2516
consent_grp[1]/j_perception_grp[1]/j_dev_practice_grp[1]/j_recog_colour,7,2522
consent_grp[1]/j_perception_grp[1]/j_dev_practice_grp[1]/j_indiv_goal,9,2529
consent_grp[1]/j_perception_grp[1]/j_dev_practice_grp[1]/j_play_materials,6,2538
consent_grp[1]/j_perception_grp[1]/j_dev_practice_grp[1]/j_child_measure,8,2544
consent_grp[1]/j_perception_grp[1]/j_supp_chil_grp[1]/j_supp_chil_note,7,2551
consent_grp[1]/j_perception_grp[1]/j_supp_chil_grp[1]/j_build_relation,7,2558
consent_grp[1]/j_perception_grp[1]/j_supp_chil_grp[1]/j_control_behaviour,6,2565
consent_grp[1]/j_perception_grp[1]/j_supp_chil_grp[1]/j_express_thought,6,2570
consent_grp[1]/j_perception_grp[1]/j_supp_chil_grp[1]/j_resolve_conflicts,8,2576
consent_grp[1]/j_perception_grp[1]/j_supp_chil_grp[1]/j_guidance_style,21,2583
consent_grp[1]/j_perception_grp[1]/j_fam_sensitive_grp[1]/j_fam_sensitive_note,86,2604
consent_grp[1]/j_perception_grp[1]/j_fam_sensitive_grp[1]/j_parent_goal,86,2604
consent_grp[1]/j_perception_grp[1]/j_fam_sensitive_grp[1]/j_work_schedule,86,2604
consent_grp[1]/j_perception_grp[1]/j_fam_sensitive_grp[1]/j_fam_decision,86,2604
consent_grp[1]/j_perception_grp[1]/j_fam_sensitive_grp[1]/j_family_care,86,2604
consent_grp[1]/j_perception_grp[1]/j_fam_sensitive_grp[1]/j_connect_family,86,2604
consent_grp[1]/k_grp[1]/k_instro_note,33,2690
consent_grp[1]/k_grp[1]/k_ts_grp[1]/tmp_k_labels,79,2723
consent_grp[1]/k_grp[1]/k_ts_grp[1]/k_take_priviledges,79,2723
consent_grp[1]/k_grp[1]/k_ts_grp[1]/k_explain_behavior,79,2723
consent_grp[1]/k_grp[1]/k_ts_grp[1]/k_shook,79,2723
consent_grp[1]/k_grp[1]/k_ts_grp[1]/k_shouted,79,2723
consent_grp[1]/k_grp[1]/k_ts_grp[1]/k_gave_something,79,2723
consent_grp[1]/k_grp[1]/k_ts_grp[1]/k_spanked,79,2723
consent_grp[1]/k_grp[1]/k_ts_grp[1]/k_hit_bottom,79,2723
consent_grp[1]/k_grp[1]/k_ts_grp[1]/k_call_dumb,79,2723
consent_grp[1]/k_grp[1]/k_ts_grp[1]/k_hit_face,79,2723
consent_grp[1]/k_grp[1]/k_ts_grp[1]/k_praised,79,2723
consent_grp[1]/k_grp[1]/k_ts_grp[1]/k_affection,79,2723
consent_grp[1]/k_grp[1]/k_ts_grp[1]/k_rewarded,79,2723
consent_grp[1]/l_teaching_prac_grp[1]/l_note,7,2802
consent_grp[1]/l_teaching_prac_grp[1]/l_previos_kinder_act[1]/tmp_l_prac_lab,88,2809
consent_grp[1]/l_teaching_prac_grp[1]/l_previos_kinder_act[1]/l_hygiene_routine,88,2809
consent_grp[1]/l_teaching_prac_grp[1]/l_previos_kinder_act[1]/l_supply,88,2809
consent_grp[1]/l_teaching_prac_grp[1]/l_previos_kinder_act[1]/l_pamper,88,2809
consent_grp[1]/l_teaching_prac_grp[1]/l_previos_kinder_act[1]/l_read,88,2809
consent_grp[1]/l_teaching_prac_grp[1]/l_previos_kinder_act[1]/l_tell,88,2809
consent_grp[1]/l_teaching_prac_grp[1]/l_previos_kinder_act[1]/l_conversatin,88,2809
consent_grp[1]/l_teaching_prac_grp[1]/l_previos_kinder_act[1]/l_sing,88,2809
consent_grp[1]/l_teaching_prac_grp[1]/l_previos_kinder_act[1]/l_dance,88,2809
consent_grp[1]/l_teaching_prac_grp[1]/l_previos_kinder_act[1]/l_visit,88,2809
consent_grp[1]/l_teaching_prac_grp[1]/l_previos_kinder_act[1]/l_play_kg,88,2809
consent_grp[1]/l_teaching_prac_grp[1]/l_previos_kinder_act[1]/l_play_recrea,88,2809
consent_grp[1]/l_teaching_prac_grp[1]/l_previos_kinder_act[1]/l_sleep,88,2809
consent_grp[1]/l_teaching_prac_grp[1]/l_previos_kinder_act[1]/l_run,88,2809
consent_grp[1]/l_teaching_prac_grp[1]/l_previos_kinder_act[1]/l_group_learn,88,2809
consent_grp[1]/l_teaching_prac_grp[1]/l_previos_kinder_act[1]/l_indiv_learn,88,2809
consent_grp[1]/l_teaching_prac_grp[1]/l_class_acti_grp[1]/l_act_grp[1]/tmp_l_class_lab,104,2898
consent_grp[1]/l_teaching_prac_grp[1]/l_class_acti_grp[1]/l_act_grp[1]/l_teach_colour,104,2898
consent_grp[1]/l_teaching_prac_grp[1]/l_class_acti_grp[1]/l_act_grp[1]/l_teach_number,104,2898
consent_grp[1]/l_teaching_prac_grp[1]/l_class_acti_grp[1]/l_act_grp[1]/l_teach_letter,104,2898
consent_grp[1]/l_teaching_prac_grp[1]/l_class_acti_grp[1]/l_act_grp[1]/l_teach_form,104,2898
consent_grp[1]/l_teaching_prac_grp[1]/l_class_acti_grp[1]/l_act_grp[1]/l_socialise,104,2898
consent_grp[1]/l_teaching_prac_grp[1]/l_class_acti_grp[1]/l_act_grp[1]/l_pro_solve,104,2898
consent_grp[1]/l_teaching_prac_grp[1]/l_class_acti_grp[1]/l_act_grp[1]/l_writing,104,2898
consent_grp[1]/l_teaching_prac_grp[1]/l_class_acti_grp[1]/l_act_grp[1]/l_teach_body,104,2898
consent_grp[1]/l_teaching_prac_grp[1]/l_class_acti_grp[1]/l_act_grp[1]/l_pers_hygiene,104,2898
consent_grp[1]/l_teaching_prac_grp[1]/l_class_acti_grp[1]/l_act_grp[1]/l_art_expre,104,2898
consent_grp[1]/l_teaching_prac_grp[1]/l_class_acti_grp[1]/l_act_grp[1]/l_body_lang,104,2898
consent_grp[1]/l_teaching_prac_grp[1]/l_class_acti_grp[1]/l_act_grp[1]/l_concentration,104,2898
consent_grp[1]/l_teaching_prac_grp[1]/l_class_acti_grp[1]/l_act_grp[1]/l_gross_motor,104,2898
consent_grp[1]/l_teaching_prac_grp[1]/l_class_acti_grp[1]/l_act_grp[1]/l_fine_motor,104,2898
consent_grp[1]/l_teaching_prac_grp[1]/l_class_acti_grp[1]/l_act_grp[1]/l_gender,104,2898
consent_grp[1]/l_teaching_prac_grp[1]/l_class_acti_grp[1]/l_act_grp[1]/l_responsibility,104,2898
consent_grp[1]/l_teaching_prac_grp[1]/l_class_acti_grp[1]/l_act_grp[1]/l_speech,104,2898
consent_grp[1]/l_teaching_prac_grp[1]/l_class_acti_grp[1]/l_act_grp[1]/l_explore_comm,104,2898
consent_grp[1]/l_teaching_prac_grp[1]/l_class_acti_grp[1]/l_act_grp[1]/l_explore_culture,104,2898
consent_grp[1]/l_teaching_prac_grp[1]/l_parent_interact_note,7,3002
consent_grp[1]/l_teaching_prac_grp[1]/l_actively_engaged,32,3009
consent_grp[1]/l_teaching_prac_grp[1]/l_proportion_child,27,3041
consent_grp[1]/l_teaching_prac_grp[1]/l_proportion_child_more,47,3068
consent_grp[1]/l_teaching_prac_grp[1]/l_visit_pupil_house,44,3115
consent_grp[1]/l_teaching_prac_grp[1]/l_visit_parent_house,20,3159
consent_grp[1]/l_teaching_prac_grp[1]/l_receive_parent_supp,24,3179
consent_grp[1]/l_teaching_prac_grp[1]/l_day_teaching_note,8,3203
consent_grp[1]/l_teaching_prac_grp[1]/l_day_grp[1]/tmp_l_labs,66,3211
consent_grp[1]/l_teaching_prac_grp[1]/l_day_grp[1]/l_daily_schedule,66,3211
consent_grp[1]/l_teaching_prac_grp[1]/l_day_grp[1]/l_play_period,66,3211
consent_grp[1]/l_teaching_prac_grp[1]/l_day_grp[1]/l_free_play,66,3211
consent_grp[1]/l_teaching_prac_grp[1]/l_day_grp[1]/l_activities,66,3211
consent_grp[1]/l_teaching_prac_grp[1]/l_per_daily_grp[1]/l_perc_note,233,3277
consent_grp[1]/l_teaching_prac_grp[1]/l_per_daily_grp[1]/l_admin_per,233,3277
consent_grp[1]/l_teaching_prac_grp[1]/l_per_daily_grp[1]/l_class_per,233,3277
consent_grp[1]/l_teaching_prac_grp[1]/l_per_daily_grp[1]/l_teach_per,233,3277
consent_grp[1]/l_teaching_prac_grp[1]/l_per_daily_grp[1]/l_super_per,233,3277
consent_grp[1]/l_teaching_prac_grp[1]/l_per_daily_grp[1]/l_super_oth_per,233,3277
consent_grp[1]/l_teaching_prac_grp[1]/l_per_daily_grp[1]/l_break_per,233,3277
consent_grp[1]/l_teaching_prac_grp[1]/tmp_force_note,4,3502
consent_grp[1]/l_teaching_prac_grp[1]/l_discipline_note,34,3514
consent_grp[1]/l_teaching_prac_grp[1]/l_dont_like,30,3542
consent_grp[1]/l_teaching_prac_grp[1]/l_really_bad,98,3578
consent_grp[1]/l_teaching_prac_grp[1]/l_does_good,31,3676
consent_grp[1]/l_teaching_prac_grp[1]/l_praise,17,3708
consent_grp[1]/q_note,13,3725
consent_grp[1]/q_activ_yn,18,3738
s_int_accom_yn,4,3756
comments,2,3760
