Field name,Total duration (seconds),First appeared (seconds into survey)
instruction,1,2
a_district_id,2,3
a_circuit_id,4,5
a_kg_id,3,9
a_community_id,2,12
a_enum_id,70,14
consent_note,195,85
con_understand,2,211
con_questions,2,213
con_written,1,214
consent_grp[1]/audio_consent,1,216
consent_grp[1]/d_background_note,1,217
consent_grp[1]/section_d[1]/kgt_key,50,218
consent_grp[1]/section_d[1]/kgt_name_gp[1]/kgt_fsn,36,268
consent_grp[1]/section_d[1]/kgt_name_gp[1]/kgt_msn,28,268
consent_grp[1]/section_d[1]/kgt_name_gp[1]/kgt_lsn,28,268
consent_grp[1]/section_d[1]/kgt_name_gp[1]/kgt_ppn,28,268
consent_grp[1]/section_d[1]/kgt_name_gp[1]/d_sex,28,268
consent_grp[1]/section_d[1]/kgt_confirm_note,2,296
consent_grp[1]/section_d[1]/d_num_cnt,9,298
consent_grp[1]/section_d[1]/d_cnt_grp[1]/d_cnt_main,19,307
consent_grp[1]/section_d[1]/d_cnt_grp[1]/d_cnt_sec,19,307
consent_grp[1]/section_d[1]/d_age,16,326
consent_grp[1]/section_d[1]/d_teacher_grp[1]/d_been_teacher,25,342
consent_grp[1]/section_d[1]/d_teacher_grp[1]/d_teacher_year,25,342
consent_grp[1]/section_d[1]/d_teacher_grp[1]/d_teacher_month,25,342
consent_grp[1]/section_d[1]/d_been_kinder_grp[1]/d_been_kinder,13,366
consent_grp[1]/section_d[1]/d_been_kinder_grp[1]/d_kinder_year,13,366
consent_grp[1]/section_d[1]/d_been_kinder_grp[1]/d_kinder_month,13,366
consent_grp[1]/section_d[1]/d_work_last,4,381
consent_grp[1]/section_d[1]/d_os_yn,10,385
consent_grp[1]/section_d[1]/d_edu_level,9,395
consent_grp[1]/section_d[1]/d_edu_train,10,404
consent_grp[1]/section_d[1]/d_edu_level_train,4,414
consent_grp[1]/section_d[1]/d_edu_level_fath,3,418
consent_grp[1]/section_d[1]/d_edu_level_mom,5,422
consent_grp[1]/section_d[1]/d_marital_status,4,427
consent_grp[1]/section_d[1]/d_ethnic_group,3,431
consent_grp[1]/section_d[1]/d_religion,5,434
consent_grp[1]/section_d[1]/d_la_spk_grp[1]/d_la_spk_note,30,438
consent_grp[1]/section_d[1]/d_la_spk_grp[1]/d_la_spk_eng,30,438
consent_grp[1]/section_d[1]/d_la_spk_grp[1]/d_la_spk_grun,30,438
consent_grp[1]/section_d[1]/d_la_wrt_grp[1]/d_la_wrt_note,12,469
consent_grp[1]/section_d[1]/d_la_wrt_grp[1]/d_la_wrt_eng,12,469
consent_grp[1]/section_d[1]/d_la_wrt_grp[1]/d_la_wrt_grun,12,469
consent_grp[1]/section_d[1]/d_main_language,6,480
consent_grp[1]/section_d[1]/d_loc_lang_kinderg,4,483
consent_grp[1]/e_rel_grp[1]/e_hh_note,4,485
consent_grp[1]/e_rel_grp[1]/e_hh_num,30,486
consent_grp[1]/e_rel_grp[1]/e_hh_grp[1]/e_hh_head,23,524
consent_grp[1]/e_rel_grp[1]/e_hh_grp[1]/e_chil_hh,23,524
consent_grp[1]/e_rel_grp[1]/e_hh_grp[1]/e_adult_hh,23,524
consent_grp[1]/e_rel_grp[1]/e_hh_school,3,546
consent_grp[1]/e_rel_grp[1]/e_read_english,3,549
consent_grp[1]/e_rel_grp[1]/e_rate_health,7,552
consent_grp[1]/e_rel_grp[1]/e_live_note,1,560
consent_grp[1]/e_rel_grp[1]/e_rooms_occu,10,561
consent_grp[1]/e_rel_grp[1]/e_own_status,6,571
consent_grp[1]/e_rel_grp[1]/e_electricity_inhouse,3,577
consent_grp[1]/e_rel_grp[1]/e_floor_material,14,580
consent_grp[1]/e_rel_grp[1]/e_interior_floor,14,593
consent_grp[1]/e_rel_grp[1]/e_roof_mat,2,609
consent_grp[1]/e_rel_grp[1]/e_cook_fuel,7,611
consent_grp[1]/e_rel_grp[1]/e_lighting,16,618
consent_grp[1]/e_rel_grp[1]/e_drink_source,3,634
consent_grp[1]/e_rel_grp[1]/e_toilet_facility,3,637
consent_grp[1]/e_rel_grp[1]/e_asset_note,2,640
consent_grp[1]/e_rel_grp[1]/e_hh_own_phone,7,642
consent_grp[1]/e_rel_grp[1]/e_hh_ass_grp[1]/tmp_e_hh_ass_lab,96,648
consent_grp[1]/e_rel_grp[1]/e_hh_ass_grp[1]/e_hh_ass_radio,96,648
consent_grp[1]/e_rel_grp[1]/e_hh_ass_grp[1]/e_hh_ass_refrig,96,648
consent_grp[1]/e_rel_grp[1]/e_hh_ass_grp[1]/e_hh_ass_bike,96,648
consent_grp[1]/e_rel_grp[1]/e_hh_ass_grp[1]/e_hh_ass_tv,96,648
consent_grp[1]/e_rel_grp[1]/e_hh_ass_grp[1]/e_hh_ass_vcr,96,648
consent_grp[1]/e_rel_grp[1]/e_hh_ass_grp[1]/e_hh_ass_motor,96,648
consent_grp[1]/e_rel_grp[1]/e_hh_ass_grp[1]/e_hh_ass_car,96,648
consent_grp[1]/e_rel_grp[1]/e_hh_ass_grp[1]/e_hh_ass_tractor,96,648
consent_grp[1]/e_rel_grp[1]/e_hh_ass_grp[1]/e_hh_ass_farm_equip,96,648
consent_grp[1]/e_rel_grp[1]/e_hh_ass_grp[1]/e_hh_ass_sew_mach,96,648
consent_grp[1]/e_rel_grp[1]/e_hh_ass_grp[1]/e_hh_ass_bed,96,648
consent_grp[1]/e_rel_grp[1]/e_hh_ass_grp[1]/e_hh_ass_mattress,96,648
consent_grp[1]/e_rel_grp[1]/e_hh_ass_grp[1]/e_hh_ass_table_chair,96,648
consent_grp[1]/e_rel_grp[1]/e_hh_ass_grp[1]/e_hh_ass_stool,96,648
consent_grp[1]/e_rel_grp[1]/e_hh_ass_grp[1]/e_hh_ass_sofa,96,648
consent_grp[1]/e_rel_grp[1]/e_hh_ass_grp[1]/e_hh_ass_fan,96,648
consent_grp[1]/e_rel_grp[1]/e_hh_ass_grp[1]/e_hh_ass_lamp,96,648
consent_grp[1]/e_rel_grp[1]/e_hh_ass_grp[1]/e_hh_ass_watch,96,648
consent_grp[1]/e_rel_grp[1]/e_hh_ass_grp[1]/e_hh_ass_mat,96,648
consent_grp[1]/e_rel_grp[1]/e_hh_ass_grp[1]/e_hh_ass_torch,96,648
consent_grp[1]/e_rel_grp[1]/e_hh_ass_grp[1]/e_hh_ass_cabinet,96,648
consent_grp[1]/e_rel_grp[1]/e_hh_ass_grp[1]/e_hh_ass_pot,96,648
consent_grp[1]/e_rel_grp[1]/e_hh_ass_grp[1]/e_hh_ass_itn,96,648
consent_grp[1]/e_rel_grp[1]/e_hh_ass_grp[1]/e_hh_ass_iron_elec,96,648
consent_grp[1]/e_rel_grp[1]/e_hh_ass_grp[1]/e_hh_ass_iron_coal,96,648
consent_grp[1]/e_rel_grp[1]/e_hh_ass_grp[1]/e_hh_ass_iron_gas,96,648
consent_grp[1]/f_rel_grp[1]/f_comm_note,1,744
consent_grp[1]/f_rel_grp[1]/section_f[1]/f_born_comm,9,745
consent_grp[1]/f_rel_grp[1]/section_f[1]/f_school_loc,13,750
consent_grp[1]/f_rel_grp[1]/section_f[1]/f_lived_bef_teach,10,757
consent_grp[1]/f_rel_grp[1]/section_f[1]/f_lived_grp[1]/f_lived_comm,19,759
consent_grp[1]/f_rel_grp[1]/section_f[1]/f_lived_grp[1]/f_lived_comm_year,19,759
consent_grp[1]/f_rel_grp[1]/section_f[1]/f_lived_grp[1]/f_lived_comm_month,19,759
consent_grp[1]/f_rel_grp[1]/section_f[1]/f_fam_lived,23,796
consent_grp[1]/f_rel_grp[1]/section_f[1]/f_emot_support,27,820
consent_grp[1]/f_rel_grp[1]/section_f[1]/f_emot_support_num,4,847
consent_grp[1]/f_rel_grp[1]/section_f[1]/f_lend_money,24,851
consent_grp[1]/f_rel_grp[1]/section_f[1]/f_borrow_money,9,875
consent_grp[1]/f_rel_grp[1]/section_f[1]/f_rel_live_nearby,13,884
consent_grp[1]/f_rel_grp[1]/section_f[1]/f_part_comm,2,897
consent_grp[1]/f_rel_grp[1]/section_f[1]/f_main_trans,9,899
consent_grp[1]/f_rel_grp[1]/section_f[1]/f_min_get_sch_grp[1]/f_min_get_note,11,906
consent_grp[1]/f_rel_grp[1]/section_f[1]/f_min_get_sch_grp[1]/f_h_get_school,11,906
consent_grp[1]/f_rel_grp[1]/section_f[1]/f_min_get_sch_grp[1]/f_m_get_school,11,906
consent_grp[1]/g_nature_wrk_note,1,919
consent_grp[1]/section_g[1]/g_teach_pos,2,920
consent_grp[1]/section_g[1]/g_teach_school,2,922
consent_grp[1]/section_g[1]/g_kg_grade,8,924
consent_grp[1]/section_g[1]/g_class_grp[1]/g_children_note,21,932
consent_grp[1]/section_g[1]/g_class_grp[1]/g_kg_1,21,932
consent_grp[1]/section_g[1]/g_ah_grp[1]/g_ah_note,48,953
consent_grp[1]/section_g[1]/g_ah_grp[1]/g_ah_working,48,953
consent_grp[1]/section_g[1]/g_ah_grp[1]/g_ah_prepping,48,953
consent_grp[1]/section_g[1]/g_eh_grp[1]/g_eh_note,55,1001
consent_grp[1]/section_g[1]/g_eh_grp[1]/g_eh_working,55,1001
consent_grp[1]/section_g[1]/g_eh_grp[1]/g_eh_prepping,55,1001
consent_grp[1]/section_g[1]/g_teach_salary,18,1056
consent_grp[1]/section_g[1]/g_salary_freq,3,1074
consent_grp[1]/section_g[1]/g_salary_intime,2,1077
consent_grp[1]/section_g[1]/g_money_cmp,2,1080
consent_grp[1]/section_g[1]/g_job_outside,3,1082
consent_grp[1]/section_g[1]/g_extra_money_spec,4,1085
consent_grp[1]/section_g[1]/g_sch_pro_grp[1]/tmp_g_sch_pro_lab,97,1089
consent_grp[1]/section_g[1]/g_sch_pro_grp[1]/g_class,97,1089
consent_grp[1]/section_g[1]/g_sch_pro_grp[1]/g_class_taught,97,1089
consent_grp[1]/section_g[1]/g_sch_pro_grp[1]/g_fin_resource,97,1089
consent_grp[1]/section_g[1]/g_sch_pro_grp[1]/g_high_expe,97,1089
consent_grp[1]/section_g[1]/g_sch_pro_grp[1]/g_change_curri,97,1089
consent_grp[1]/section_g[1]/g_sch_pro_grp[1]/g_diff_curri,97,1089
consent_grp[1]/section_g[1]/g_sch_pro_grp[1]/g_easy_curri,97,1089
consent_grp[1]/section_g[1]/g_sch_pro_grp[1]/g_par_dem_high,97,1089
consent_grp[1]/section_g[1]/g_sch_pro_grp[1]/g_par_suff_interest,97,1089
consent_grp[1]/section_g[1]/g_sch_pro_grp[1]/g_par_suff_active,97,1089
consent_grp[1]/section_g[1]/g_par_supp_grp[1]/g_par_supp_note,6,1186
consent_grp[1]/section_g[1]/g_par_supp_grp[1]/g_home_wrk,11,1192
consent_grp[1]/section_g[1]/g_par_supp_grp[1]/g_behave_val,10,1202
consent_grp[1]/section_g[1]/g_par_supp_grp[1]/g_get_schl,11,1213
consent_grp[1]/section_g[1]/g_par_supp_grp[1]/g_visit_schl,9,1224
consent_grp[1]/section_g[1]/g_par_supp_grp[1]/g_show_respect,23,1233
consent_grp[1]/section_g[1]/g_par_supp_grp[1]/g_best_schl,9,1256
consent_grp[1]/section_g[1]/g_par_supp_grp[1]/g_parti_pta,8,1264
consent_grp[1]/section_g[1]/g_par_supp_grp[1]/g_cont_kg_act,17,1272
consent_grp[1]/section_g[1]/g_lead_respect,21,1289
consent_grp[1]/section_g[1]/g_val_citizen,12,1310
consent_grp[1]/section_h[1]/sec_h_depre_note,2,1322
consent_grp[1]/section_h[1]/h_depression_grp[1]/h_da_note,79,1324
consent_grp[1]/section_h[1]/h_depression_grp[1]/tmp_h_da_lab,79,1324
consent_grp[1]/section_h[1]/h_depression_grp[1]/h_headache,79,1324
consent_grp[1]/section_h[1]/h_depression_grp[1]/h_appetite,79,1324
consent_grp[1]/section_h[1]/h_depression_grp[1]/h_sleep,79,1324
consent_grp[1]/section_h[1]/h_depression_grp[1]/h_frightened,79,1324
consent_grp[1]/section_h[1]/h_depression_grp[1]/h_hands_shake,79,1324
consent_grp[1]/section_h[1]/h_depression_grp[1]/h_nervous,79,1324
consent_grp[1]/section_h[1]/h_depression_grp[1]/h_digestion,79,1324
consent_grp[1]/section_h[1]/h_depression_grp[1]/h_thinking,79,1324
consent_grp[1]/section_h[1]/h_depression_grp[1]/h_unhappy,79,1324
consent_grp[1]/section_h[1]/h_depression_grp[1]/h_cry,79,1324
consent_grp[1]/section_h[1]/h_depression_grp[1]/h_activities,79,1324
consent_grp[1]/section_h[1]/h_depression_grp[1]/h_decisions,79,1324
consent_grp[1]/section_h[1]/h_depression_grp[1]/h_daily_work,79,1324
consent_grp[1]/section_h[1]/h_depression_grp[1]/h_life,79,1324
consent_grp[1]/section_h[1]/h_depression_grp[1]/h_interest,79,1324
consent_grp[1]/section_h[1]/h_depression_grp[1]/h_worthless,79,1324
consent_grp[1]/section_h[1]/h_depression_grp[1]/h_end_life,79,1324
consent_grp[1]/section_h[1]/h_depression_grp[1]/h_tired,79,1324
consent_grp[1]/section_h[1]/h_depression_grp[1]/h_uncomfortable,79,1324
consent_grp[1]/section_h[1]/h_depression_grp[1]/h_easily_tired,79,1324
consent_grp[1]/section_h[1]/sec_h_ext_contr_note,1,1402
consent_grp[1]/section_h[1]/h_ext_control_grp[1]/h_ext_cont_note,7,1403
consent_grp[1]/section_h[1]/h_ext_control_grp[1]/h_pup_learn,24,1410
consent_grp[1]/section_h[1]/h_ext_control_grp[1]/h_discipline,12,1435
consent_grp[1]/section_h[1]/h_ext_control_grp[1]/h_stu_achieve,12,1447
consent_grp[1]/section_h[1]/h_ext_control_grp[1]/h_teach_motiv,59,1459
consent_grp[1]/section_h[1]/h_ext_control_grp[1]/h_good_teach,15,1518
consent_grp[1]/section_h[1]/sec_h_motiv_note,1,1533
consent_grp[1]/section_h[1]/h_motiv_grp[1]/h_motiv_note,1,1534
consent_grp[1]/section_h[1]/h_motiv_grp[1]/h_motiv_help,5,1536
consent_grp[1]/section_h[1]/h_motiv_grp[1]/h_quest_school,6,1541
consent_grp[1]/section_h[1]/h_motiv_grp[1]/h_help_child,4,1547
consent_grp[1]/section_h[1]/h_motiv_grp[1]/h_sch_goal,7,1551
consent_grp[1]/section_h[1]/h_motiv_grp[1]/h_help_emot,5,1558
consent_grp[1]/section_h[1]/h_motiv_grp[1]/h_enjoy_teach,3,1564
consent_grp[1]/section_h[1]/h_motiv_grp[1]/h_develop_society,8,1567
consent_grp[1]/section_h[1]/h_motiv_grp[1]/h_develop_socially,8,1575
consent_grp[1]/section_h[1]/h_motiv_grp[1]/h_perso_clear,4,1583
consent_grp[1]/section_h[1]/h_impor_thing,38,1587
consent_grp[1]/section_h[1]/h_job_satisfaction_grp[1]/h_job_satis_note,5,1625
consent_grp[1]/section_h[1]/h_job_satisfaction_grp[1]/h_look_out,19,1630
consent_grp[1]/section_h[1]/h_job_satisfaction_grp[1]/h_perso_worries,6,1650
consent_grp[1]/section_h[1]/h_job_satisfaction_grp[1]/h_know_col,7,1655
consent_grp[1]/section_h[1]/h_job_satisfaction_grp[1]/h_col_coop,6,1663
consent_grp[1]/section_h[1]/h_job_satisfaction_grp[1]/h_trust_col,6,1669
consent_grp[1]/section_h[1]/h_job_satisfaction_grp[1]/h_enjoy_col,4,1675
consent_grp[1]/section_h[1]/h_job_satisfaction_grp[1]/h_sup_respect,5,1679
consent_grp[1]/section_h[1]/h_job_satisfaction_grp[1]/h_sup_busy,5,1684
consent_grp[1]/section_h[1]/h_job_satisfaction_grp[1]/h_sup_opinion,4,1688
consent_grp[1]/section_h[1]/h_job_satisfaction_grp[1]/h_count_sup,3,1693
consent_grp[1]/section_h[1]/h_job_satisfaction_grp[1]/h_motivated,14,1696
consent_grp[1]/section_h[1]/h_job_satisfaction_grp[1]/h_sup_unpredict,5,1710
consent_grp[1]/section_h[1]/h_job_satisfaction_grp[1]/h_wrk_challenge,21,1715
consent_grp[1]/section_h[1]/h_job_satisfaction_grp[1]/h_wrk_monotonous,7,1735
consent_grp[1]/section_h[1]/h_job_satisfaction_grp[1]/h_wrk_creative,4,1742
consent_grp[1]/section_h[1]/h_job_satisfaction_grp[1]/h_big_impact,5,1746
consent_grp[1]/section_h[1]/h_job_satisfaction_grp[1]/h_little_time,16,1751
consent_grp[1]/section_h[1]/h_job_satisfaction_grp[1]/h_control_satis,25,1766
consent_grp[1]/section_h[1]/h_job_satisfaction_grp[1]/h_look,13,1791
consent_grp[1]/section_h[1]/h_job_satisfaction_grp[1]/h_small_space,13,1804
consent_grp[1]/section_h[1]/h_job_satisfaction_grp[1]/h_new_mat,4,1817
consent_grp[1]/section_h[1]/h_job_satisfaction_grp[1]/h_clean_kinder,14,1821
consent_grp[1]/section_h[1]/h_job_satisfaction_grp[1]/h_loud_kinder,9,1836
consent_grp[1]/section_h[1]/h_job_satisfaction_grp[1]/h_kinder_rules,8,1845
consent_grp[1]/section_h[1]/h_job_satisfaction_grp[1]/h_satisfied_paid,14,1853
consent_grp[1]/section_h[1]/h_burnout_grp[1]/h_burnout_note,23,1867
consent_grp[1]/section_h[1]/h_burnout_grp[1]/h_emotion_drained,32,1890
consent_grp[1]/section_h[1]/h_burnout_grp[1]/h_used_up,12,1921
consent_grp[1]/section_h[1]/h_burnout_grp[1]/h_fatigued,20,1933
consent_grp[1]/section_h[1]/h_burnout_grp[1]/h_child_feel,6,1953
consent_grp[1]/section_h[1]/h_burnout_grp[1]/h_child_impersonal,11,1959
consent_grp[1]/section_h[1]/h_burnout_grp[1]/h_ppl_strain,12,1970
consent_grp[1]/section_h[1]/h_burnout_grp[1]/h_deal_effect,13,1983
consent_grp[1]/section_h[1]/h_burnout_grp[1]/h_burnout,19,1996
consent_grp[1]/section_h[1]/h_burnout_grp[1]/h_pos_influence,8,2014
consent_grp[1]/section_h[1]/h_burnout_grp[1]/h_cold,15,2023
consent_grp[1]/section_h[1]/h_burnout_grp[1]/h_hard,4,2037
consent_grp[1]/section_h[1]/h_burnout_grp[1]/h_energetic,4,2042
consent_grp[1]/section_h[1]/h_burnout_grp[1]/h_frustrated,4,2046
consent_grp[1]/section_h[1]/h_burnout_grp[1]/h_work_hard,4,2050
consent_grp[1]/section_h[1]/h_burnout_grp[1]/h_dont_care,3,2054
consent_grp[1]/section_h[1]/h_burnout_grp[1]/h_put_pressure,20,2057
consent_grp[1]/section_h[1]/h_burnout_grp[1]/h_relax,11,2076
consent_grp[1]/section_h[1]/h_burnout_grp[1]/h_excited,5,2088
consent_grp[1]/section_h[1]/h_burnout_grp[1]/h_accomplished,9,2094
consent_grp[1]/section_h[1]/h_burnout_grp[1]/h_end_of_rop,8,2102
consent_grp[1]/section_h[1]/h_burnout_grp[1]/h_emot_pro_calm,14,2110
consent_grp[1]/i_teacher_knowledge_grp[1]/I_teach_know_note,3,2124
consent_grp[1]/i_teacher_knowledge_grp[1]/i_consonance,18,2127
consent_grp[1]/i_teacher_knowledge_grp[1]/i_vowel,5,2145
consent_grp[1]/i_teacher_knowledge_grp[1]/i_unbelievable,40,2150
consent_grp[1]/i_teacher_knowledge_grp[1]/i_irregular,13,2190
consent_grp[1]/i_teacher_knowledge_grp[1]/i_cat,22,2203
consent_grp[1]/i_teacher_knowledge_grp[1]/i_cough,54,2225
consent_grp[1]/i_teacher_knowledge_grp[1]/i_check,25,2280
consent_grp[1]/i_teacher_knowledge_grp[1]/i_english,57,2304
consent_grp[1]/j_perception_grp[1]/j_perception_note,1,2361
consent_grp[1]/j_perception_grp[1]/j_dev_practice_grp[1]/j_dev_practice_note,2,2362
consent_grp[1]/j_perception_grp[1]/j_dev_practice_grp[1]/j_child_need,17,2365
consent_grp[1]/j_perception_grp[1]/j_dev_practice_grp[1]/j_recog_letter,7,2382
consent_grp[1]/j_perception_grp[1]/j_dev_practice_grp[1]/j_recog_number,13,2389
consent_grp[1]/j_perception_grp[1]/j_dev_practice_grp[1]/j_recog_colour,4,2402
consent_grp[1]/j_perception_grp[1]/j_dev_practice_grp[1]/j_indiv_goal,5,2405
consent_grp[1]/j_perception_grp[1]/j_dev_practice_grp[1]/j_play_materials,5,2410
consent_grp[1]/j_perception_grp[1]/j_dev_practice_grp[1]/j_child_measure,6,2415
consent_grp[1]/j_perception_grp[1]/j_supp_chil_grp[1]/j_supp_chil_note,6,2421
consent_grp[1]/j_perception_grp[1]/j_supp_chil_grp[1]/j_build_relation,5,2426
consent_grp[1]/j_perception_grp[1]/j_supp_chil_grp[1]/j_control_behaviour,3,2432
consent_grp[1]/j_perception_grp[1]/j_supp_chil_grp[1]/j_express_thought,4,2435
consent_grp[1]/j_perception_grp[1]/j_supp_chil_grp[1]/j_resolve_conflicts,2,2439
consent_grp[1]/j_perception_grp[1]/j_supp_chil_grp[1]/j_guidance_style,2,2440
consent_grp[1]/j_perception_grp[1]/j_fam_sensitive_grp[1]/j_fam_sensitive_note,32,2443
consent_grp[1]/j_perception_grp[1]/j_fam_sensitive_grp[1]/j_parent_goal,32,2443
consent_grp[1]/j_perception_grp[1]/j_fam_sensitive_grp[1]/j_work_schedule,32,2443
consent_grp[1]/j_perception_grp[1]/j_fam_sensitive_grp[1]/j_fam_decision,32,2443
consent_grp[1]/j_perception_grp[1]/j_fam_sensitive_grp[1]/j_family_care,32,2443
consent_grp[1]/j_perception_grp[1]/j_fam_sensitive_grp[1]/j_connect_family,32,2443
consent_grp[1]/k_grp[1]/k_instro_note,2,2474
consent_grp[1]/k_grp[1]/k_ts_grp[1]/tmp_k_labels,78,2476
consent_grp[1]/k_grp[1]/k_ts_grp[1]/k_take_priviledges,78,2476
consent_grp[1]/k_grp[1]/k_ts_grp[1]/k_explain_behavior,78,2476
consent_grp[1]/k_grp[1]/k_ts_grp[1]/k_shook,78,2476
consent_grp[1]/k_grp[1]/k_ts_grp[1]/k_shouted,78,2476
consent_grp[1]/k_grp[1]/k_ts_grp[1]/k_gave_something,78,2476
consent_grp[1]/k_grp[1]/k_ts_grp[1]/k_spanked,78,2476
consent_grp[1]/k_grp[1]/k_ts_grp[1]/k_hit_bottom,78,2476
consent_grp[1]/k_grp[1]/k_ts_grp[1]/k_call_dumb,78,2476
consent_grp[1]/k_grp[1]/k_ts_grp[1]/k_hit_face,78,2476
consent_grp[1]/k_grp[1]/k_ts_grp[1]/k_praised,78,2476
consent_grp[1]/k_grp[1]/k_ts_grp[1]/k_affection,78,2476
consent_grp[1]/k_grp[1]/k_ts_grp[1]/k_rewarded,78,2476
consent_grp[1]/l_teaching_prac_grp[1]/l_note,1,2554
consent_grp[1]/l_teaching_prac_grp[1]/l_previos_kinder_act[1]/tmp_l_prac_lab,66,2555
consent_grp[1]/l_teaching_prac_grp[1]/l_previos_kinder_act[1]/l_hygiene_routine,66,2555
consent_grp[1]/l_teaching_prac_grp[1]/l_previos_kinder_act[1]/l_supply,66,2555
consent_grp[1]/l_teaching_prac_grp[1]/l_previos_kinder_act[1]/l_pamper,66,2555
consent_grp[1]/l_teaching_prac_grp[1]/l_previos_kinder_act[1]/l_read,66,2555
consent_grp[1]/l_teaching_prac_grp[1]/l_previos_kinder_act[1]/l_tell,66,2555
consent_grp[1]/l_teaching_prac_grp[1]/l_previos_kinder_act[1]/l_conversatin,66,2555
consent_grp[1]/l_teaching_prac_grp[1]/l_previos_kinder_act[1]/l_sing,66,2555
consent_grp[1]/l_teaching_prac_grp[1]/l_previos_kinder_act[1]/l_dance,66,2555
consent_grp[1]/l_teaching_prac_grp[1]/l_previos_kinder_act[1]/l_visit,66,2555
consent_grp[1]/l_teaching_prac_grp[1]/l_previos_kinder_act[1]/l_play_kg,66,2555
consent_grp[1]/l_teaching_prac_grp[1]/l_previos_kinder_act[1]/l_play_recrea,66,2555
consent_grp[1]/l_teaching_prac_grp[1]/l_previos_kinder_act[1]/l_sleep,66,2555
consent_grp[1]/l_teaching_prac_grp[1]/l_previos_kinder_act[1]/l_run,66,2555
consent_grp[1]/l_teaching_prac_grp[1]/l_previos_kinder_act[1]/l_group_learn,66,2555
consent_grp[1]/l_teaching_prac_grp[1]/l_previos_kinder_act[1]/l_indiv_learn,66,2555
consent_grp[1]/l_teaching_prac_grp[1]/l_class_acti_grp[1]/l_act_grp[1]/tmp_l_class_lab,29,2621
consent_grp[1]/l_teaching_prac_grp[1]/l_class_acti_grp[1]/l_act_grp[1]/l_teach_colour,29,2621
consent_grp[1]/l_teaching_prac_grp[1]/l_class_acti_grp[1]/l_act_grp[1]/l_teach_number,29,2621
consent_grp[1]/l_teaching_prac_grp[1]/l_class_acti_grp[1]/l_act_grp[1]/l_teach_letter,29,2621
consent_grp[1]/l_teaching_prac_grp[1]/l_class_acti_grp[1]/l_act_grp[1]/l_teach_form,29,2621
consent_grp[1]/l_teaching_prac_grp[1]/l_class_acti_grp[1]/l_act_grp[1]/l_socialise,29,2621
consent_grp[1]/l_teaching_prac_grp[1]/l_class_acti_grp[1]/l_act_grp[1]/l_pro_solve,29,2621
consent_grp[1]/l_teaching_prac_grp[1]/l_class_acti_grp[1]/l_act_grp[1]/l_writing,29,2621
consent_grp[1]/l_teaching_prac_grp[1]/l_class_acti_grp[1]/l_act_grp[1]/l_teach_body,29,2621
consent_grp[1]/l_teaching_prac_grp[1]/l_class_acti_grp[1]/l_act_grp[1]/l_pers_hygiene,29,2621
consent_grp[1]/l_teaching_prac_grp[1]/l_class_acti_grp[1]/l_act_grp[1]/l_art_expre,29,2621
consent_grp[1]/l_teaching_prac_grp[1]/l_class_acti_grp[1]/l_act_grp[1]/l_body_lang,29,2621
consent_grp[1]/l_teaching_prac_grp[1]/l_class_acti_grp[1]/l_act_grp[1]/l_concentration,29,2621
consent_grp[1]/l_teaching_prac_grp[1]/l_class_acti_grp[1]/l_act_grp[1]/l_gross_motor,29,2621
consent_grp[1]/l_teaching_prac_grp[1]/l_class_acti_grp[1]/l_act_grp[1]/l_fine_motor,29,2621
consent_grp[1]/l_teaching_prac_grp[1]/l_class_acti_grp[1]/l_act_grp[1]/l_gender,29,2621
consent_grp[1]/l_teaching_prac_grp[1]/l_class_acti_grp[1]/l_act_grp[1]/l_responsibility,29,2621
consent_grp[1]/l_teaching_prac_grp[1]/l_class_acti_grp[1]/l_act_grp[1]/l_speech,29,2621
consent_grp[1]/l_teaching_prac_grp[1]/l_class_acti_grp[1]/l_act_grp[1]/l_explore_comm,29,2621
consent_grp[1]/l_teaching_prac_grp[1]/l_class_acti_grp[1]/l_act_grp[1]/l_explore_culture,29,2621
consent_grp[1]/l_teaching_prac_grp[1]/l_parent_interact_note,1,2650
consent_grp[1]/l_teaching_prac_grp[1]/l_actively_engaged,37,2651
consent_grp[1]/l_teaching_prac_grp[1]/l_proportion_child,18,2688
consent_grp[1]/l_teaching_prac_grp[1]/l_proportion_child_more,19,2707
consent_grp[1]/l_teaching_prac_grp[1]/l_visit_pupil_house,23,2726
consent_grp[1]/l_teaching_prac_grp[1]/l_visit_parent_house,3,2749
consent_grp[1]/l_teaching_prac_grp[1]/l_receive_parent_supp,14,2752
consent_grp[1]/l_teaching_prac_grp[1]/l_day_teaching_note,1,2766
consent_grp[1]/l_teaching_prac_grp[1]/l_day_grp[1]/tmp_l_labs,39,2767
consent_grp[1]/l_teaching_prac_grp[1]/l_day_grp[1]/l_daily_schedule,39,2767
consent_grp[1]/l_teaching_prac_grp[1]/l_day_grp[1]/l_play_period,39,2767
consent_grp[1]/l_teaching_prac_grp[1]/l_day_grp[1]/l_free_play,39,2767
consent_grp[1]/l_teaching_prac_grp[1]/l_day_grp[1]/l_activities,39,2767
consent_grp[1]/l_teaching_prac_grp[1]/l_per_daily_grp[1]/l_perc_note,156,2806
consent_grp[1]/l_teaching_prac_grp[1]/l_per_daily_grp[1]/l_admin_per,156,2806
consent_grp[1]/l_teaching_prac_grp[1]/l_per_daily_grp[1]/l_class_per,156,2806
consent_grp[1]/l_teaching_prac_grp[1]/l_per_daily_grp[1]/l_teach_per,156,2806
consent_grp[1]/l_teaching_prac_grp[1]/l_per_daily_grp[1]/l_super_per,156,2806
consent_grp[1]/l_teaching_prac_grp[1]/l_per_daily_grp[1]/l_super_oth_per,156,2806
consent_grp[1]/l_teaching_prac_grp[1]/l_per_daily_grp[1]/l_break_per,156,2806
consent_grp[1]/l_teaching_prac_grp[1]/tmp_force_note,2,2956
consent_grp[1]/l_teaching_prac_grp[1]/l_discipline_note,1,2964
consent_grp[1]/l_teaching_prac_grp[1]/l_dont_like,29,2966
consent_grp[1]/l_teaching_prac_grp[1]/l_really_bad,1,2995
consent_grp[1]/l_teaching_prac_grp[1]/l_does_good,32,2996
consent_grp[1]/l_teaching_prac_grp[1]/l_praise,5,3006
consent_grp[1]/q_note,1,3033
consent_grp[1]/q_activ_yn,20,3035
consent_grp[1]/q_rpt[1]/q_activ_r,6,3055
consent_grp[1]/q_rpt[1]/q_activ_org_r,2,3060
consent_grp[1]/q_rpt[1]/q_activ_add_r,2,3062
s_int_accom_yn,2,3064
s_int_accom,27,3066
comments,6,3069
