Field name,Total duration (seconds),First appeared (seconds into survey)
instruction,1,16
a_district_id,2,17
a_circuit_id,39,20
a_kg_id,231,29
a_community_id,3,289
a_enum_id,5,292
consent_note,1,296
con_understand,2,297
con_questions,2,299
con_written,2,301
consent_grp[1]/audio_consent,2,303
consent_grp[1]/d_background_note,3,305
consent_grp[1]/section_d[1]/kgt_key,10,308
consent_grp[1]/section_d[1]/kgt_confirm_note,4,318
consent_grp[1]/section_d[1]/d_num_cnt,8,320
consent_grp[1]/section_d[1]/d_cnt_grp[1]/d_cnt_main,24,331
consent_grp[1]/section_d[1]/d_cnt_grp[1]/d_cnt_sec,24,331
consent_grp[1]/section_d[1]/d_work_last,10,355
consent_grp[1]/section_d[1]/d_edu_level,9,365
consent_grp[1]/section_d[1]/d_edu_train,31,374
consent_grp[1]/section_d[1]/d_edu_level_train,1,405
consent_grp[1]/section_d[1]/d_marital_status,6,407
consent_grp[1]/section_d[1]/d_religion,5,413
consent_grp[1]/section_d[1]/d_la_spk_grp[1]/d_la_spk_note,21,418
consent_grp[1]/section_d[1]/d_la_spk_grp[1]/d_la_spk_eng,21,418
consent_grp[1]/section_d[1]/d_la_spk_grp[1]/d_la_spk_grun,21,418
consent_grp[1]/section_d[1]/d_la_wrt_grp[1]/d_la_wrt_note,16,438
consent_grp[1]/section_d[1]/d_la_wrt_grp[1]/d_la_wrt_eng,16,438
consent_grp[1]/section_d[1]/d_la_wrt_grp[1]/d_la_wrt_grun,16,438
consent_grp[1]/section_d[1]/d_main_language,12,454
consent_grp[1]/section_d[1]/d_loc_lang_kinderg,8,466
consent_grp[1]/f_moved_yn,18,475
consent_grp[1]/g_nature_wrk_note,5,492
consent_grp[1]/section_g[1]/g_teach_pos,9,495
consent_grp[1]/section_g[1]/g_teach_school,6,506
consent_grp[1]/section_g[1]/g_kg_grade,6,512
consent_grp[1]/section_g[1]/g_class_grp[1]/g_children_note,12,518
consent_grp[1]/section_g[1]/g_class_grp[1]/g_kg_2,12,518
consent_grp[1]/section_g[1]/g_ah_grp[1]/g_ah_note,88,530
consent_grp[1]/section_g[1]/g_ah_grp[1]/g_ah_working,88,530
consent_grp[1]/section_g[1]/g_ah_grp[1]/g_ah_prepping,88,530
consent_grp[1]/section_g[1]/g_eh_grp[1]/g_eh_note,18,618
consent_grp[1]/section_g[1]/g_eh_grp[1]/g_eh_working,18,618
consent_grp[1]/section_g[1]/g_eh_grp[1]/g_eh_prepping,18,618
consent_grp[1]/section_g[1]/g_teach_salary,13,636
consent_grp[1]/section_g[1]/g_salary_freq,9,649
consent_grp[1]/section_g[1]/g_salary_intime,19,658
consent_grp[1]/section_g[1]/g_money_cmp,9,677
consent_grp[1]/section_g[1]/g_job_outside,25,686
consent_grp[1]/section_g[1]/g_job_outside_income,27,708
consent_grp[1]/section_g[1]/g_earn_grp[1]/g_earn_amt,23,739
consent_grp[1]/section_g[1]/g_earn_grp[1]/g_earn_freq,23,739
consent_grp[1]/section_g[1]/g_extra_money_spec,10,762
consent_grp[1]/section_g[1]/g_sch_pro_grp[1]/tmp_g_sch_pro_lab,112,772
consent_grp[1]/section_g[1]/g_sch_pro_grp[1]/g_class,112,772
consent_grp[1]/section_g[1]/g_sch_pro_grp[1]/g_class_taught,112,772
consent_grp[1]/section_g[1]/g_sch_pro_grp[1]/g_fin_resource,112,772
consent_grp[1]/section_g[1]/g_sch_pro_grp[1]/g_high_expe,112,772
consent_grp[1]/section_g[1]/g_sch_pro_grp[1]/g_change_curri,112,772
consent_grp[1]/section_g[1]/g_sch_pro_grp[1]/g_diff_curri,112,772
consent_grp[1]/section_g[1]/g_sch_pro_grp[1]/g_easy_curri,112,772
consent_grp[1]/section_g[1]/g_sch_pro_grp[1]/g_par_dem_high,112,772
consent_grp[1]/section_g[1]/g_sch_pro_grp[1]/g_par_suff_interest,112,772
consent_grp[1]/section_g[1]/g_sch_pro_grp[1]/g_par_suff_active,112,772
consent_grp[1]/section_g[1]/g_par_supp_grp[1]/g_par_supp_note,11,884
consent_grp[1]/section_g[1]/g_par_supp_grp[1]/g_home_wrk,30,890
consent_grp[1]/section_g[1]/g_par_supp_grp[1]/g_behave_val,12,925
consent_grp[1]/section_g[1]/g_par_supp_grp[1]/g_get_schl,10,938
consent_grp[1]/section_g[1]/g_par_supp_grp[1]/g_visit_schl,10,946
consent_grp[1]/section_g[1]/g_par_supp_grp[1]/g_show_respect,8,958
consent_grp[1]/section_g[1]/g_par_supp_grp[1]/g_best_schl,8,966
consent_grp[1]/section_g[1]/g_par_supp_grp[1]/g_parti_pta,8,974
consent_grp[1]/section_g[1]/g_par_supp_grp[1]/g_cont_kg_act,27,982
consent_grp[1]/section_g[1]/g_lead_respect,12,1010
consent_grp[1]/section_g[1]/g_val_citizen,18,1022
consent_grp[1]/section_h[1]/sec_h_depre_note,15,1040
consent_grp[1]/section_h[1]/h_depression_grp[1]/h_da_note,121,1055
consent_grp[1]/section_h[1]/h_depression_grp[1]/tmp_h_da_lab,121,1055
consent_grp[1]/section_h[1]/h_depression_grp[1]/h_headache,121,1055
consent_grp[1]/section_h[1]/h_depression_grp[1]/h_appetite,121,1055
consent_grp[1]/section_h[1]/h_depression_grp[1]/h_sleep,121,1055
consent_grp[1]/section_h[1]/h_depression_grp[1]/h_frightened,121,1055
consent_grp[1]/section_h[1]/h_depression_grp[1]/h_hands_shake,121,1055
consent_grp[1]/section_h[1]/h_depression_grp[1]/h_nervous,121,1055
consent_grp[1]/section_h[1]/h_depression_grp[1]/h_digestion,121,1055
consent_grp[1]/section_h[1]/h_depression_grp[1]/h_thinking,121,1055
consent_grp[1]/section_h[1]/h_depression_grp[1]/h_unhappy,121,1055
consent_grp[1]/section_h[1]/h_depression_grp[1]/h_cry,121,1055
consent_grp[1]/section_h[1]/h_depression_grp[1]/h_activities,121,1055
consent_grp[1]/section_h[1]/h_depression_grp[1]/h_decisions,121,1055
consent_grp[1]/section_h[1]/h_depression_grp[1]/h_daily_work,121,1055
consent_grp[1]/section_h[1]/h_depression_grp[1]/h_life,121,1055
consent_grp[1]/section_h[1]/h_depression_grp[1]/h_interest,121,1055
consent_grp[1]/section_h[1]/h_depression_grp[1]/h_worthless,121,1055
consent_grp[1]/section_h[1]/h_depression_grp[1]/h_end_life,121,1055
consent_grp[1]/section_h[1]/h_depression_grp[1]/h_tired,121,1055
consent_grp[1]/section_h[1]/h_depression_grp[1]/h_uncomfortable,121,1055
consent_grp[1]/section_h[1]/h_depression_grp[1]/h_easily_tired,121,1055
consent_grp[1]/section_h[1]/sec_h_ext_contr_note,16,1176
consent_grp[1]/section_h[1]/h_ext_control_grp[1]/h_ext_cont_note,1,1192
consent_grp[1]/section_h[1]/h_ext_control_grp[1]/h_pup_learn,31,1193
consent_grp[1]/section_h[1]/h_ext_control_grp[1]/h_discipline,10,1224
consent_grp[1]/section_h[1]/h_ext_control_grp[1]/h_stu_achieve,11,1235
consent_grp[1]/section_h[1]/h_ext_control_grp[1]/h_teach_motiv,17,1246
consent_grp[1]/section_h[1]/h_ext_control_grp[1]/h_good_teach,13,1262
consent_grp[1]/section_h[1]/sec_h_motiv_note,4,1275
consent_grp[1]/section_h[1]/h_motiv_grp[1]/h_motiv_note,2,1279
consent_grp[1]/section_h[1]/h_motiv_grp[1]/h_motiv_help,35,1282
consent_grp[1]/section_h[1]/h_motiv_grp[1]/h_quest_school,24,1316
consent_grp[1]/section_h[1]/h_motiv_grp[1]/h_help_child,6,1340
consent_grp[1]/section_h[1]/h_motiv_grp[1]/h_sch_goal,9,1346
consent_grp[1]/section_h[1]/h_motiv_grp[1]/h_help_emot,10,1355
consent_grp[1]/section_h[1]/h_motiv_grp[1]/h_enjoy_teach,6,1365
consent_grp[1]/section_h[1]/h_motiv_grp[1]/h_develop_society,9,1371
consent_grp[1]/section_h[1]/h_motiv_grp[1]/h_develop_socially,9,1379
consent_grp[1]/section_h[1]/h_motiv_grp[1]/h_perso_clear,6,1389
consent_grp[1]/section_h[1]/h_impor_thing,46,1394
consent_grp[1]/section_h[1]/h_job_satisfaction_grp[1]/h_job_satis_note,18,1440
consent_grp[1]/section_h[1]/h_job_satisfaction_grp[1]/h_look_out,24,1458
consent_grp[1]/section_h[1]/h_job_satisfaction_grp[1]/h_perso_worries,8,1482
consent_grp[1]/section_h[1]/h_job_satisfaction_grp[1]/h_know_col,12,1490
consent_grp[1]/section_h[1]/h_job_satisfaction_grp[1]/h_col_coop,6,1502
consent_grp[1]/section_h[1]/h_job_satisfaction_grp[1]/h_trust_col,8,1508
consent_grp[1]/section_h[1]/h_job_satisfaction_grp[1]/h_enjoy_col,6,1516
consent_grp[1]/section_h[1]/h_job_satisfaction_grp[1]/h_sup_respect,5,1522
consent_grp[1]/section_h[1]/h_job_satisfaction_grp[1]/h_sup_busy,8,1526
consent_grp[1]/section_h[1]/h_job_satisfaction_grp[1]/h_sup_opinion,5,1534
consent_grp[1]/section_h[1]/h_job_satisfaction_grp[1]/h_count_sup,12,1540
consent_grp[1]/section_h[1]/h_job_satisfaction_grp[1]/h_motivated,6,1551
consent_grp[1]/section_h[1]/h_job_satisfaction_grp[1]/h_sup_unpredict,10,1557
consent_grp[1]/section_h[1]/h_job_satisfaction_grp[1]/h_wrk_challenge,7,1567
consent_grp[1]/section_h[1]/h_job_satisfaction_grp[1]/h_wrk_monotonous,10,1574
consent_grp[1]/section_h[1]/h_job_satisfaction_grp[1]/h_wrk_creative,6,1583
consent_grp[1]/section_h[1]/h_job_satisfaction_grp[1]/h_big_impact,6,1590
consent_grp[1]/section_h[1]/h_job_satisfaction_grp[1]/h_little_time,9,1596
consent_grp[1]/section_h[1]/h_job_satisfaction_grp[1]/h_control_satis,10,1604
consent_grp[1]/section_h[1]/h_job_satisfaction_grp[1]/h_look,9,1614
consent_grp[1]/section_h[1]/h_job_satisfaction_grp[1]/h_small_space,19,1623
consent_grp[1]/section_h[1]/h_job_satisfaction_grp[1]/h_new_mat,8,1641
consent_grp[1]/section_h[1]/h_job_satisfaction_grp[1]/h_clean_kinder,11,1651
consent_grp[1]/section_h[1]/h_job_satisfaction_grp[1]/h_loud_kinder,9,1662
consent_grp[1]/section_h[1]/h_job_satisfaction_grp[1]/h_kinder_rules,7,1671
consent_grp[1]/section_h[1]/h_job_satisfaction_grp[1]/h_satisfied_paid,11,1678
consent_grp[1]/section_h[1]/h_burnout_grp[1]/h_burnout_note,13,1688
consent_grp[1]/section_h[1]/h_burnout_grp[1]/h_emotion_drained,21,1701
consent_grp[1]/section_h[1]/h_burnout_grp[1]/h_used_up,18,1722
consent_grp[1]/section_h[1]/h_burnout_grp[1]/h_fatigued,18,1740
consent_grp[1]/section_h[1]/h_burnout_grp[1]/h_child_feel,18,1758
consent_grp[1]/section_h[1]/h_burnout_grp[1]/h_child_impersonal,15,1776
consent_grp[1]/section_h[1]/h_burnout_grp[1]/h_ppl_strain,12,1791
consent_grp[1]/section_h[1]/h_burnout_grp[1]/h_deal_effect,19,1804
consent_grp[1]/section_h[1]/h_burnout_grp[1]/h_burnout,15,1823
consent_grp[1]/section_h[1]/h_burnout_grp[1]/h_pos_influence,12,1838
consent_grp[1]/section_h[1]/h_burnout_grp[1]/h_cold,25,1851
consent_grp[1]/section_h[1]/h_burnout_grp[1]/h_hard,11,1875
consent_grp[1]/section_h[1]/h_burnout_grp[1]/h_energetic,6,1886
consent_grp[1]/section_h[1]/h_burnout_grp[1]/h_frustrated,5,1892
consent_grp[1]/section_h[1]/h_burnout_grp[1]/h_work_hard,18,1898
consent_grp[1]/section_h[1]/h_burnout_grp[1]/h_dont_care,7,1916
consent_grp[1]/section_h[1]/h_burnout_grp[1]/h_put_pressure,12,1923
consent_grp[1]/section_h[1]/h_burnout_grp[1]/h_relax,10,1935
consent_grp[1]/section_h[1]/h_burnout_grp[1]/h_excited,8,1945
consent_grp[1]/section_h[1]/h_burnout_grp[1]/h_accomplished,15,1952
consent_grp[1]/section_h[1]/h_burnout_grp[1]/h_end_of_rop,9,1967
consent_grp[1]/section_h[1]/h_burnout_grp[1]/h_emot_pro_calm,9,1976
consent_grp[1]/i_teacher_knowledge_grp[1]/I_teach_know_note,9,1985
consent_grp[1]/i_teacher_knowledge_grp[1]/i_consonance,34,1994
consent_grp[1]/i_teacher_knowledge_grp[1]/i_vowel,6,2029
consent_grp[1]/i_teacher_knowledge_grp[1]/i_unbelievable,32,2035
consent_grp[1]/i_teacher_knowledge_grp[1]/i_irregular,29,2064
consent_grp[1]/i_teacher_knowledge_grp[1]/i_cat,24,2090
consent_grp[1]/i_teacher_knowledge_grp[1]/i_cough,10,2121
consent_grp[1]/i_teacher_knowledge_grp[1]/i_check,14,2131
consent_grp[1]/i_teacher_knowledge_grp[1]/i_english,25,2144
consent_grp[1]/j_perception_grp[1]/j_perception_note,22,2169
consent_grp[1]/j_perception_grp[1]/j_dev_practice_grp[1]/j_dev_practice_note,6,2192
consent_grp[1]/j_perception_grp[1]/j_dev_practice_grp[1]/j_child_need,18,2198
consent_grp[1]/j_perception_grp[1]/j_dev_practice_grp[1]/j_recog_letter,7,2216
consent_grp[1]/j_perception_grp[1]/j_dev_practice_grp[1]/j_recog_number,7,2222
consent_grp[1]/j_perception_grp[1]/j_dev_practice_grp[1]/j_recog_colour,5,2229
consent_grp[1]/j_perception_grp[1]/j_dev_practice_grp[1]/j_indiv_goal,7,2235
consent_grp[1]/j_perception_grp[1]/j_dev_practice_grp[1]/j_play_materials,5,2241
consent_grp[1]/j_perception_grp[1]/j_dev_practice_grp[1]/j_child_measure,9,2246
consent_grp[1]/j_perception_grp[1]/j_supp_chil_grp[1]/j_supp_chil_note,5,2255
consent_grp[1]/j_perception_grp[1]/j_supp_chil_grp[1]/j_build_relation,26,2261
consent_grp[1]/j_perception_grp[1]/j_supp_chil_grp[1]/j_control_behaviour,7,2286
consent_grp[1]/j_perception_grp[1]/j_supp_chil_grp[1]/j_express_thought,6,2293
consent_grp[1]/j_perception_grp[1]/j_supp_chil_grp[1]/j_resolve_conflicts,6,2299
consent_grp[1]/j_perception_grp[1]/j_supp_chil_grp[1]/j_guidance_style,12,2305
consent_grp[1]/j_perception_grp[1]/j_fam_sensitive_grp[1]/j_fam_sensitive_note,36,2317
consent_grp[1]/j_perception_grp[1]/j_fam_sensitive_grp[1]/j_parent_goal,36,2317
consent_grp[1]/j_perception_grp[1]/j_fam_sensitive_grp[1]/j_work_schedule,36,2317
consent_grp[1]/j_perception_grp[1]/j_fam_sensitive_grp[1]/j_fam_decision,36,2317
consent_grp[1]/j_perception_grp[1]/j_fam_sensitive_grp[1]/j_family_care,36,2317
consent_grp[1]/j_perception_grp[1]/j_fam_sensitive_grp[1]/j_connect_family,36,2317
consent_grp[1]/k_grp[1]/k_instro_note,31,2352
consent_grp[1]/k_grp[1]/k_ts_grp[1]/tmp_k_labels,127,2383
consent_grp[1]/k_grp[1]/k_ts_grp[1]/k_take_priviledges,127,2383
consent_grp[1]/k_grp[1]/k_ts_grp[1]/k_explain_behavior,127,2383
consent_grp[1]/k_grp[1]/k_ts_grp[1]/k_shook,127,2383
consent_grp[1]/k_grp[1]/k_ts_grp[1]/k_shouted,127,2383
consent_grp[1]/k_grp[1]/k_ts_grp[1]/k_gave_something,127,2383
consent_grp[1]/k_grp[1]/k_ts_grp[1]/k_spanked,127,2383
consent_grp[1]/k_grp[1]/k_ts_grp[1]/k_hit_bottom,127,2383
consent_grp[1]/k_grp[1]/k_ts_grp[1]/k_call_dumb,127,2383
consent_grp[1]/k_grp[1]/k_ts_grp[1]/k_hit_face,127,2383
consent_grp[1]/k_grp[1]/k_ts_grp[1]/k_praised,127,2383
consent_grp[1]/k_grp[1]/k_ts_grp[1]/k_affection,127,2383
consent_grp[1]/k_grp[1]/k_ts_grp[1]/k_rewarded,127,2383
consent_grp[1]/l_teaching_prac_grp[1]/l_note,5,2510
consent_grp[1]/l_teaching_prac_grp[1]/l_previos_kinder_act[1]/tmp_l_prac_lab,81,2515
consent_grp[1]/l_teaching_prac_grp[1]/l_previos_kinder_act[1]/l_hygiene_routine,81,2515
consent_grp[1]/l_teaching_prac_grp[1]/l_previos_kinder_act[1]/l_supply,81,2515
consent_grp[1]/l_teaching_prac_grp[1]/l_previos_kinder_act[1]/l_pamper,81,2515
consent_grp[1]/l_teaching_prac_grp[1]/l_previos_kinder_act[1]/l_read,81,2515
consent_grp[1]/l_teaching_prac_grp[1]/l_previos_kinder_act[1]/l_tell,81,2515
consent_grp[1]/l_teaching_prac_grp[1]/l_previos_kinder_act[1]/l_conversatin,81,2515
consent_grp[1]/l_teaching_prac_grp[1]/l_previos_kinder_act[1]/l_sing,81,2515
consent_grp[1]/l_teaching_prac_grp[1]/l_previos_kinder_act[1]/l_dance,81,2515
consent_grp[1]/l_teaching_prac_grp[1]/l_previos_kinder_act[1]/l_visit,81,2515
consent_grp[1]/l_teaching_prac_grp[1]/l_previos_kinder_act[1]/l_play_kg,81,2515
consent_grp[1]/l_teaching_prac_grp[1]/l_previos_kinder_act[1]/l_play_recrea,81,2515
consent_grp[1]/l_teaching_prac_grp[1]/l_previos_kinder_act[1]/l_sleep,81,2515
consent_grp[1]/l_teaching_prac_grp[1]/l_previos_kinder_act[1]/l_run,81,2515
consent_grp[1]/l_teaching_prac_grp[1]/l_previos_kinder_act[1]/l_group_learn,81,2515
consent_grp[1]/l_teaching_prac_grp[1]/l_previos_kinder_act[1]/l_indiv_learn,81,2515
consent_grp[1]/l_teaching_prac_grp[1]/l_class_acti_grp[1]/l_act_grp[1]/tmp_l_class_lab,78,2596
consent_grp[1]/l_teaching_prac_grp[1]/l_class_acti_grp[1]/l_act_grp[1]/l_teach_colour,78,2596
consent_grp[1]/l_teaching_prac_grp[1]/l_class_acti_grp[1]/l_act_grp[1]/l_teach_number,78,2596
consent_grp[1]/l_teaching_prac_grp[1]/l_class_acti_grp[1]/l_act_grp[1]/l_teach_letter,78,2596
consent_grp[1]/l_teaching_prac_grp[1]/l_class_acti_grp[1]/l_act_grp[1]/l_teach_form,78,2596
consent_grp[1]/l_teaching_prac_grp[1]/l_class_acti_grp[1]/l_act_grp[1]/l_socialise,78,2596
consent_grp[1]/l_teaching_prac_grp[1]/l_class_acti_grp[1]/l_act_grp[1]/l_pro_solve,78,2596
consent_grp[1]/l_teaching_prac_grp[1]/l_class_acti_grp[1]/l_act_grp[1]/l_writing,78,2596
consent_grp[1]/l_teaching_prac_grp[1]/l_class_acti_grp[1]/l_act_grp[1]/l_teach_body,78,2596
consent_grp[1]/l_teaching_prac_grp[1]/l_class_acti_grp[1]/l_act_grp[1]/l_pers_hygiene,78,2596
consent_grp[1]/l_teaching_prac_grp[1]/l_class_acti_grp[1]/l_act_grp[1]/l_art_expre,78,2596
consent_grp[1]/l_teaching_prac_grp[1]/l_class_acti_grp[1]/l_act_grp[1]/l_body_lang,78,2596
consent_grp[1]/l_teaching_prac_grp[1]/l_class_acti_grp[1]/l_act_grp[1]/l_concentration,78,2596
consent_grp[1]/l_teaching_prac_grp[1]/l_class_acti_grp[1]/l_act_grp[1]/l_gross_motor,78,2596
consent_grp[1]/l_teaching_prac_grp[1]/l_class_acti_grp[1]/l_act_grp[1]/l_fine_motor,78,2596
consent_grp[1]/l_teaching_prac_grp[1]/l_class_acti_grp[1]/l_act_grp[1]/l_gender,78,2596
consent_grp[1]/l_teaching_prac_grp[1]/l_class_acti_grp[1]/l_act_grp[1]/l_responsibility,78,2596
consent_grp[1]/l_teaching_prac_grp[1]/l_class_acti_grp[1]/l_act_grp[1]/l_speech,78,2596
consent_grp[1]/l_teaching_prac_grp[1]/l_class_acti_grp[1]/l_act_grp[1]/l_explore_comm,78,2596
consent_grp[1]/l_teaching_prac_grp[1]/l_class_acti_grp[1]/l_act_grp[1]/l_explore_culture,78,2596
consent_grp[1]/l_teaching_prac_grp[1]/l_parent_interact_note,4,2674
consent_grp[1]/l_teaching_prac_grp[1]/l_actively_engaged,34,2677
consent_grp[1]/l_teaching_prac_grp[1]/l_proportion_child,18,2712
consent_grp[1]/l_teaching_prac_grp[1]/l_proportion_child_more,25,2729
consent_grp[1]/l_teaching_prac_grp[1]/l_visit_pupil_house,26,2755
consent_grp[1]/l_teaching_prac_grp[1]/l_visit_parent_house,19,2781
consent_grp[1]/l_teaching_prac_grp[1]/l_receive_parent_supp,44,2800
consent_grp[1]/l_teaching_prac_grp[1]/l_day_teaching_note,5,2844
consent_grp[1]/l_teaching_prac_grp[1]/l_day_grp[1]/tmp_l_labs,35,2850
consent_grp[1]/l_teaching_prac_grp[1]/l_day_grp[1]/l_daily_schedule,35,2850
consent_grp[1]/l_teaching_prac_grp[1]/l_day_grp[1]/l_play_period,35,2850
consent_grp[1]/l_teaching_prac_grp[1]/l_day_grp[1]/l_free_play,35,2850
consent_grp[1]/l_teaching_prac_grp[1]/l_day_grp[1]/l_activities,35,2850
consent_grp[1]/l_teaching_prac_grp[1]/l_per_daily_grp[1]/l_perc_note,226,2885
consent_grp[1]/l_teaching_prac_grp[1]/l_per_daily_grp[1]/l_admin_per,226,2885
consent_grp[1]/l_teaching_prac_grp[1]/l_per_daily_grp[1]/l_class_per,226,2885
consent_grp[1]/l_teaching_prac_grp[1]/l_per_daily_grp[1]/l_teach_per,226,2885
consent_grp[1]/l_teaching_prac_grp[1]/l_per_daily_grp[1]/l_super_per,226,2885
consent_grp[1]/l_teaching_prac_grp[1]/l_per_daily_grp[1]/l_super_oth_per,226,2885
consent_grp[1]/l_teaching_prac_grp[1]/l_per_daily_grp[1]/l_break_per,226,2885
consent_grp[1]/l_teaching_prac_grp[1]/tmp_force_note,8,3100
consent_grp[1]/l_teaching_prac_grp[1]/l_discipline_note,7,3116
consent_grp[1]/l_teaching_prac_grp[1]/l_dont_like,13,3125
consent_grp[1]/l_teaching_prac_grp[1]/l_really_bad,28,3138
consent_grp[1]/l_teaching_prac_grp[1]/l_does_good,11,3166
consent_grp[1]/l_teaching_prac_grp[1]/l_praise,13,3178
consent_grp[1]/q_note,13,3190
consent_grp[1]/q_activ_yn,15,3203
consent_grp[1]/q_rpt[1]/q_activ_r,34,3218
consent_grp[1]/q_rpt[1]/q_activ_osp_r,13,3252
consent_grp[1]/q_rpt[1]/q_activ_org_r,11,3265
consent_grp[1]/q_rpt[1]/q_activ_org_osp_r,12,3276
consent_grp[1]/q_rpt[1]/q_activ_add_r,32,3288
s_int_accom_yn,5,3320
comments,1,3325
