Field name,Total duration (seconds),First appeared (seconds into survey)
instruction,1,14
a_district_id,3,15
a_circuit_id,4,18
a_kg_id,5,23
a_community_id,3,28
a_enum_id,3,31
consent_note,150,34
con_understand,2,184
con_questions,2,186
con_written,2,187
consent_grp[1]/audio_consent,30,189
consent_grp[1]/d_background_note,2,219
consent_grp[1]/section_d[1]/kgt_key,13,220
consent_grp[1]/section_d[1]/kgt_name_gp[1]/kgt_fsn,152,230
consent_grp[1]/section_d[1]/kgt_name_gp[1]/kgt_msn,152,230
consent_grp[1]/section_d[1]/kgt_name_gp[1]/kgt_lsn,152,230
consent_grp[1]/section_d[1]/kgt_name_gp[1]/kgt_ppn,152,230
consent_grp[1]/section_d[1]/kgt_name_gp[1]/d_sex,152,230
consent_grp[1]/section_d[1]/kgt_confirm_note,17,385
consent_grp[1]/section_d[1]/d_num_cnt,11,402
consent_grp[1]/section_d[1]/d_cnt_grp[1]/d_cnt_main,12,413
consent_grp[1]/section_d[1]/d_age,5,425
consent_grp[1]/section_d[1]/d_teacher_grp[1]/d_been_teacher,19,430
consent_grp[1]/section_d[1]/d_teacher_grp[1]/d_teacher_year,19,430
consent_grp[1]/section_d[1]/d_teacher_grp[1]/d_teacher_month,19,430
consent_grp[1]/section_d[1]/d_been_kinder_grp[1]/d_been_kinder,38,445
consent_grp[1]/section_d[1]/d_been_kinder_grp[1]/d_kinder_year,38,445
consent_grp[1]/section_d[1]/d_been_kinder_grp[1]/d_kinder_month,38,445
consent_grp[1]/section_d[1]/d_work_last,11,486
consent_grp[1]/section_d[1]/d_os_yn,8,497
consent_grp[1]/section_d[1]/d_edu_level,11,505
consent_grp[1]/section_d[1]/d_edu_train,14,516
consent_grp[1]/section_d[1]/d_edu_level_train,11,530
consent_grp[1]/section_d[1]/d_edu_level_fath,9,541
consent_grp[1]/section_d[1]/d_edu_level_mom,1,550
consent_grp[1]/section_d[1]/d_marital_status,5,552
consent_grp[1]/section_d[1]/d_ethnic_group,7,557
consent_grp[1]/section_d[1]/d_religion,4,564
consent_grp[1]/section_d[1]/d_la_spk_grp[1]/d_la_spk_note,32,568
consent_grp[1]/section_d[1]/d_la_spk_grp[1]/d_la_spk_eng,32,568
consent_grp[1]/section_d[1]/d_la_spk_grp[1]/d_la_spk_grun,32,568
consent_grp[1]/section_d[1]/d_la_wrt_grp[1]/d_la_wrt_note,13,600
consent_grp[1]/section_d[1]/d_la_wrt_grp[1]/d_la_wrt_eng,13,600
consent_grp[1]/section_d[1]/d_la_wrt_grp[1]/d_la_wrt_grun,13,600
consent_grp[1]/section_d[1]/d_main_language,11,614
consent_grp[1]/section_d[1]/d_loc_lang_kinderg,13,624
consent_grp[1]/e_rel_grp[1]/e_hh_note,7,637
consent_grp[1]/e_rel_grp[1]/e_hh_num,33,644
consent_grp[1]/e_rel_grp[1]/e_hh_grp[1]/e_hh_head,35,677
consent_grp[1]/e_rel_grp[1]/e_hh_grp[1]/e_chil_hh,35,677
consent_grp[1]/e_rel_grp[1]/e_hh_grp[1]/e_adult_hh,35,677
consent_grp[1]/e_rel_grp[1]/e_hh_school,16,713
consent_grp[1]/e_rel_grp[1]/e_read_english,10,728
consent_grp[1]/e_rel_grp[1]/e_rate_health,12,739
consent_grp[1]/e_rel_grp[1]/e_live_note,5,751
consent_grp[1]/e_rel_grp[1]/e_rooms_occu,12,756
consent_grp[1]/e_rel_grp[1]/e_own_status,13,768
consent_grp[1]/e_rel_grp[1]/e_electricity_inhouse,6,781
consent_grp[1]/e_rel_grp[1]/e_floor_material,8,786
consent_grp[1]/e_rel_grp[1]/e_interior_floor,17,794
consent_grp[1]/e_rel_grp[1]/e_roof_mat,6,811
consent_grp[1]/e_rel_grp[1]/e_cook_fuel,13,817
consent_grp[1]/e_rel_grp[1]/e_lighting,10,830
consent_grp[1]/e_rel_grp[1]/e_drink_source,8,841
consent_grp[1]/e_rel_grp[1]/e_toilet_facility,11,848
consent_grp[1]/e_rel_grp[1]/e_asset_note,11,860
consent_grp[1]/e_rel_grp[1]/e_hh_own_phone,10,871
consent_grp[1]/e_rel_grp[1]/e_hh_ass_grp[1]/tmp_e_hh_ass_lab,78,881
consent_grp[1]/e_rel_grp[1]/e_hh_ass_grp[1]/e_hh_ass_radio,78,881
consent_grp[1]/e_rel_grp[1]/e_hh_ass_grp[1]/e_hh_ass_refrig,78,881
consent_grp[1]/e_rel_grp[1]/e_hh_ass_grp[1]/e_hh_ass_bike,78,881
consent_grp[1]/e_rel_grp[1]/e_hh_ass_grp[1]/e_hh_ass_tv,78,881
consent_grp[1]/e_rel_grp[1]/e_hh_ass_grp[1]/e_hh_ass_vcr,78,881
consent_grp[1]/e_rel_grp[1]/e_hh_ass_grp[1]/e_hh_ass_motor,78,881
consent_grp[1]/e_rel_grp[1]/e_hh_ass_grp[1]/e_hh_ass_car,78,881
consent_grp[1]/e_rel_grp[1]/e_hh_ass_grp[1]/e_hh_ass_tractor,78,881
consent_grp[1]/e_rel_grp[1]/e_hh_ass_grp[1]/e_hh_ass_farm_equip,78,881
consent_grp[1]/e_rel_grp[1]/e_hh_ass_grp[1]/e_hh_ass_sew_mach,78,881
consent_grp[1]/e_rel_grp[1]/e_hh_ass_grp[1]/e_hh_ass_bed,78,881
consent_grp[1]/e_rel_grp[1]/e_hh_ass_grp[1]/e_hh_ass_mattress,78,881
consent_grp[1]/e_rel_grp[1]/e_hh_ass_grp[1]/e_hh_ass_table_chair,78,881
consent_grp[1]/e_rel_grp[1]/e_hh_ass_grp[1]/e_hh_ass_stool,78,881
consent_grp[1]/e_rel_grp[1]/e_hh_ass_grp[1]/e_hh_ass_sofa,78,881
consent_grp[1]/e_rel_grp[1]/e_hh_ass_grp[1]/e_hh_ass_fan,78,881
consent_grp[1]/e_rel_grp[1]/e_hh_ass_grp[1]/e_hh_ass_lamp,78,881
consent_grp[1]/e_rel_grp[1]/e_hh_ass_grp[1]/e_hh_ass_watch,78,881
consent_grp[1]/e_rel_grp[1]/e_hh_ass_grp[1]/e_hh_ass_mat,78,881
consent_grp[1]/e_rel_grp[1]/e_hh_ass_grp[1]/e_hh_ass_torch,78,881
consent_grp[1]/e_rel_grp[1]/e_hh_ass_grp[1]/e_hh_ass_cabinet,78,881
consent_grp[1]/e_rel_grp[1]/e_hh_ass_grp[1]/e_hh_ass_pot,78,881
consent_grp[1]/e_rel_grp[1]/e_hh_ass_grp[1]/e_hh_ass_itn,78,881
consent_grp[1]/e_rel_grp[1]/e_hh_ass_grp[1]/e_hh_ass_iron_elec,78,881
consent_grp[1]/e_rel_grp[1]/e_hh_ass_grp[1]/e_hh_ass_iron_coal,78,881
consent_grp[1]/e_rel_grp[1]/e_hh_ass_grp[1]/e_hh_ass_iron_gas,78,881
consent_grp[1]/f_rel_grp[1]/f_comm_note,6,959
consent_grp[1]/f_rel_grp[1]/section_f[1]/f_born_comm,15,965
consent_grp[1]/f_rel_grp[1]/section_f[1]/f_school_loc,12,980
consent_grp[1]/f_rel_grp[1]/section_f[1]/f_lived_bef_teach,9,992
consent_grp[1]/f_rel_grp[1]/section_f[1]/f_lived_grp[1]/f_lived_comm,35,1001
consent_grp[1]/f_rel_grp[1]/section_f[1]/f_lived_grp[1]/f_lived_comm_year,35,1001
consent_grp[1]/f_rel_grp[1]/section_f[1]/f_lived_grp[1]/f_lived_comm_month,35,1001
consent_grp[1]/f_rel_grp[1]/section_f[1]/f_fam_lived,11,1037
consent_grp[1]/f_rel_grp[1]/section_f[1]/f_emot_support,12,1047
consent_grp[1]/f_rel_grp[1]/section_f[1]/f_emot_support_num,7,1059
consent_grp[1]/f_rel_grp[1]/section_f[1]/f_lend_money,44,1066
consent_grp[1]/f_rel_grp[1]/section_f[1]/f_borrow_money,17,1110
consent_grp[1]/f_rel_grp[1]/section_f[1]/f_rel_live_nearby,27,1125
consent_grp[1]/f_rel_grp[1]/section_f[1]/f_part_comm,5,1154
consent_grp[1]/f_rel_grp[1]/section_f[1]/f_main_trans,8,1159
consent_grp[1]/f_rel_grp[1]/section_f[1]/f_min_get_sch_grp[1]/f_min_get_note,15,1167
consent_grp[1]/f_rel_grp[1]/section_f[1]/f_min_get_sch_grp[1]/f_h_get_school,15,1167
consent_grp[1]/f_rel_grp[1]/section_f[1]/f_min_get_sch_grp[1]/f_m_get_school,15,1167
consent_grp[1]/g_nature_wrk_note,1,1182
consent_grp[1]/section_g[1]/g_teach_pos,2,1184
consent_grp[1]/section_g[1]/g_teach_school,10,1186
consent_grp[1]/section_g[1]/g_kg_grade,23,1196
consent_grp[1]/section_g[1]/g_class_grp[1]/g_children_note,34,1219
consent_grp[1]/section_g[1]/g_class_grp[1]/g_kg_2,34,1219
consent_grp[1]/section_g[1]/g_ah_grp[1]/g_ah_note,34,1252
consent_grp[1]/section_g[1]/g_ah_grp[1]/g_ah_working,34,1252
consent_grp[1]/section_g[1]/g_ah_grp[1]/g_ah_prepping,34,1252
consent_grp[1]/section_g[1]/g_eh_grp[1]/g_eh_note,33,1286
consent_grp[1]/section_g[1]/g_eh_grp[1]/g_eh_working,33,1286
consent_grp[1]/section_g[1]/g_eh_grp[1]/g_eh_prepping,33,1286
consent_grp[1]/section_g[1]/g_teach_salary,16,1319
consent_grp[1]/section_g[1]/g_salary_freq,14,1335
consent_grp[1]/section_g[1]/g_salary_intime,4,1349
consent_grp[1]/section_g[1]/g_money_cmp,15,1354
consent_grp[1]/section_g[1]/g_job_outside,9,1369
consent_grp[1]/section_g[1]/g_extra_money_spec,34,1378
consent_grp[1]/section_g[1]/g_sch_pro_grp[1]/tmp_g_sch_pro_lab,110,1411
consent_grp[1]/section_g[1]/g_sch_pro_grp[1]/g_class,110,1411
consent_grp[1]/section_g[1]/g_sch_pro_grp[1]/g_class_taught,110,1411
consent_grp[1]/section_g[1]/g_sch_pro_grp[1]/g_fin_resource,110,1411
consent_grp[1]/section_g[1]/g_sch_pro_grp[1]/g_high_expe,110,1411
consent_grp[1]/section_g[1]/g_sch_pro_grp[1]/g_change_curri,110,1411
consent_grp[1]/section_g[1]/g_sch_pro_grp[1]/g_diff_curri,110,1411
consent_grp[1]/section_g[1]/g_sch_pro_grp[1]/g_easy_curri,110,1411
consent_grp[1]/section_g[1]/g_sch_pro_grp[1]/g_par_dem_high,110,1411
consent_grp[1]/section_g[1]/g_sch_pro_grp[1]/g_par_suff_interest,110,1411
consent_grp[1]/section_g[1]/g_sch_pro_grp[1]/g_par_suff_active,110,1411
consent_grp[1]/section_g[1]/g_par_supp_grp[1]/g_par_supp_note,10,1521
consent_grp[1]/section_g[1]/g_par_supp_grp[1]/g_home_wrk,21,1522
consent_grp[1]/section_g[1]/g_par_supp_grp[1]/g_behave_val,11,1552
consent_grp[1]/section_g[1]/g_par_supp_grp[1]/g_get_schl,8,1563
consent_grp[1]/section_g[1]/g_par_supp_grp[1]/g_visit_schl,10,1571
consent_grp[1]/section_g[1]/g_par_supp_grp[1]/g_show_respect,13,1581
consent_grp[1]/section_g[1]/g_par_supp_grp[1]/g_best_schl,10,1594
consent_grp[1]/section_g[1]/g_par_supp_grp[1]/g_parti_pta,9,1603
consent_grp[1]/section_g[1]/g_par_supp_grp[1]/g_cont_kg_act,7,1613
consent_grp[1]/section_g[1]/g_lead_respect,14,1620
consent_grp[1]/section_g[1]/g_val_citizen,12,1634
consent_grp[1]/section_h[1]/sec_h_depre_note,3,1646
consent_grp[1]/section_h[1]/h_depression_grp[1]/h_da_note,135,1648
consent_grp[1]/section_h[1]/h_depression_grp[1]/tmp_h_da_lab,135,1648
consent_grp[1]/section_h[1]/h_depression_grp[1]/h_headache,135,1648
consent_grp[1]/section_h[1]/h_depression_grp[1]/h_appetite,135,1648
consent_grp[1]/section_h[1]/h_depression_grp[1]/h_sleep,135,1648
consent_grp[1]/section_h[1]/h_depression_grp[1]/h_frightened,135,1648
consent_grp[1]/section_h[1]/h_depression_grp[1]/h_hands_shake,135,1648
consent_grp[1]/section_h[1]/h_depression_grp[1]/h_nervous,135,1648
consent_grp[1]/section_h[1]/h_depression_grp[1]/h_digestion,135,1648
consent_grp[1]/section_h[1]/h_depression_grp[1]/h_thinking,135,1648
consent_grp[1]/section_h[1]/h_depression_grp[1]/h_unhappy,135,1648
consent_grp[1]/section_h[1]/h_depression_grp[1]/h_cry,135,1648
consent_grp[1]/section_h[1]/h_depression_grp[1]/h_activities,135,1648
consent_grp[1]/section_h[1]/h_depression_grp[1]/h_decisions,135,1648
consent_grp[1]/section_h[1]/h_depression_grp[1]/h_daily_work,135,1648
consent_grp[1]/section_h[1]/h_depression_grp[1]/h_life,135,1648
consent_grp[1]/section_h[1]/h_depression_grp[1]/h_interest,135,1648
consent_grp[1]/section_h[1]/h_depression_grp[1]/h_worthless,135,1648
consent_grp[1]/section_h[1]/h_depression_grp[1]/h_end_life,135,1648
consent_grp[1]/section_h[1]/h_depression_grp[1]/h_tired,135,1648
consent_grp[1]/section_h[1]/h_depression_grp[1]/h_uncomfortable,135,1648
consent_grp[1]/section_h[1]/h_depression_grp[1]/h_easily_tired,135,1648
consent_grp[1]/section_h[1]/sec_h_ext_contr_note,1,1785
consent_grp[1]/section_h[1]/h_ext_control_grp[1]/h_ext_cont_note,1,1786
consent_grp[1]/section_h[1]/h_ext_control_grp[1]/h_pup_learn,37,1788
consent_grp[1]/section_h[1]/h_ext_control_grp[1]/h_discipline,13,1825
consent_grp[1]/section_h[1]/h_ext_control_grp[1]/h_stu_achieve,14,1838
consent_grp[1]/section_h[1]/h_ext_control_grp[1]/h_teach_motiv,22,1852
consent_grp[1]/section_h[1]/h_ext_control_grp[1]/h_good_teach,26,1874
consent_grp[1]/section_h[1]/sec_h_motiv_note,2,1900
consent_grp[1]/section_h[1]/h_motiv_grp[1]/h_motiv_note,1,1901
consent_grp[1]/section_h[1]/h_motiv_grp[1]/h_motiv_help,28,1903
consent_grp[1]/section_h[1]/h_motiv_grp[1]/h_quest_school,25,1930
consent_grp[1]/section_h[1]/h_motiv_grp[1]/h_help_child,8,1955
consent_grp[1]/section_h[1]/h_motiv_grp[1]/h_sch_goal,8,1963
consent_grp[1]/section_h[1]/h_motiv_grp[1]/h_help_emot,7,1971
consent_grp[1]/section_h[1]/h_motiv_grp[1]/h_enjoy_teach,5,1978
consent_grp[1]/section_h[1]/h_motiv_grp[1]/h_develop_society,6,1983
consent_grp[1]/section_h[1]/h_motiv_grp[1]/h_develop_socially,7,1989
consent_grp[1]/section_h[1]/h_motiv_grp[1]/h_perso_clear,6,1996
consent_grp[1]/section_h[1]/h_impor_thing,47,2002
consent_grp[1]/section_h[1]/h_job_satisfaction_grp[1]/h_job_satis_note,1,2049
consent_grp[1]/section_h[1]/h_job_satisfaction_grp[1]/h_look_out,10,2050
consent_grp[1]/section_h[1]/h_job_satisfaction_grp[1]/h_perso_worries,11,2061
consent_grp[1]/section_h[1]/h_job_satisfaction_grp[1]/h_know_col,8,2072
consent_grp[1]/section_h[1]/h_job_satisfaction_grp[1]/h_col_coop,7,2080
consent_grp[1]/section_h[1]/h_job_satisfaction_grp[1]/h_trust_col,9,2087
consent_grp[1]/section_h[1]/h_job_satisfaction_grp[1]/h_enjoy_col,10,2094
consent_grp[1]/section_h[1]/h_job_satisfaction_grp[1]/h_sup_respect,8,2106
consent_grp[1]/section_h[1]/h_job_satisfaction_grp[1]/h_sup_busy,12,2114
consent_grp[1]/section_h[1]/h_job_satisfaction_grp[1]/h_sup_opinion,7,2126
consent_grp[1]/section_h[1]/h_job_satisfaction_grp[1]/h_count_sup,6,2133
consent_grp[1]/section_h[1]/h_job_satisfaction_grp[1]/h_motivated,5,2140
consent_grp[1]/section_h[1]/h_job_satisfaction_grp[1]/h_sup_unpredict,4,2144
consent_grp[1]/section_h[1]/h_job_satisfaction_grp[1]/h_wrk_challenge,6,2148
consent_grp[1]/section_h[1]/h_job_satisfaction_grp[1]/h_wrk_monotonous,11,2154
consent_grp[1]/section_h[1]/h_job_satisfaction_grp[1]/h_wrk_creative,8,2165
consent_grp[1]/section_h[1]/h_job_satisfaction_grp[1]/h_big_impact,7,2173
consent_grp[1]/section_h[1]/h_job_satisfaction_grp[1]/h_little_time,17,2180
consent_grp[1]/section_h[1]/h_job_satisfaction_grp[1]/h_control_satis,9,2196
consent_grp[1]/section_h[1]/h_job_satisfaction_grp[1]/h_look,13,2205
consent_grp[1]/section_h[1]/h_job_satisfaction_grp[1]/h_small_space,64,2218
consent_grp[1]/section_h[1]/h_job_satisfaction_grp[1]/h_new_mat,7,2283
consent_grp[1]/section_h[1]/h_job_satisfaction_grp[1]/h_clean_kinder,11,2290
consent_grp[1]/section_h[1]/h_job_satisfaction_grp[1]/h_loud_kinder,9,2301
consent_grp[1]/section_h[1]/h_job_satisfaction_grp[1]/h_kinder_rules,6,2311
consent_grp[1]/section_h[1]/h_job_satisfaction_grp[1]/h_satisfied_paid,7,2317
consent_grp[1]/section_h[1]/h_burnout_grp[1]/h_burnout_note,3,2324
consent_grp[1]/section_h[1]/h_burnout_grp[1]/h_emotion_drained,17,2326
consent_grp[1]/section_h[1]/h_burnout_grp[1]/h_used_up,10,2343
consent_grp[1]/section_h[1]/h_burnout_grp[1]/h_fatigued,14,2353
consent_grp[1]/section_h[1]/h_burnout_grp[1]/h_child_feel,11,2367
consent_grp[1]/section_h[1]/h_burnout_grp[1]/h_child_impersonal,10,2378
consent_grp[1]/section_h[1]/h_burnout_grp[1]/h_ppl_strain,8,2388
consent_grp[1]/section_h[1]/h_burnout_grp[1]/h_deal_effect,46,2396
consent_grp[1]/section_h[1]/h_burnout_grp[1]/h_burnout,18,2442
consent_grp[1]/section_h[1]/h_burnout_grp[1]/h_pos_influence,18,2460
consent_grp[1]/section_h[1]/h_burnout_grp[1]/h_cold,13,2478
consent_grp[1]/section_h[1]/h_burnout_grp[1]/h_hard,9,2492
consent_grp[1]/section_h[1]/h_burnout_grp[1]/h_energetic,14,2501
consent_grp[1]/section_h[1]/h_burnout_grp[1]/h_frustrated,9,2515
consent_grp[1]/section_h[1]/h_burnout_grp[1]/h_work_hard,10,2524
consent_grp[1]/section_h[1]/h_burnout_grp[1]/h_dont_care,10,2535
consent_grp[1]/section_h[1]/h_burnout_grp[1]/h_put_pressure,9,2545
consent_grp[1]/section_h[1]/h_burnout_grp[1]/h_relax,9,2554
consent_grp[1]/section_h[1]/h_burnout_grp[1]/h_excited,11,2563
consent_grp[1]/section_h[1]/h_burnout_grp[1]/h_accomplished,14,2573
consent_grp[1]/section_h[1]/h_burnout_grp[1]/h_end_of_rop,6,2587
consent_grp[1]/section_h[1]/h_burnout_grp[1]/h_emot_pro_calm,9,2593
consent_grp[1]/i_teacher_knowledge_grp[1]/I_teach_know_note,2,2602
consent_grp[1]/i_teacher_knowledge_grp[1]/i_consonance,13,2603
consent_grp[1]/i_teacher_knowledge_grp[1]/i_vowel,6,2617
consent_grp[1]/i_teacher_knowledge_grp[1]/i_unbelievable,16,2622
consent_grp[1]/i_teacher_knowledge_grp[1]/i_irregular,20,2639
consent_grp[1]/i_teacher_knowledge_grp[1]/i_cat,10,2658
consent_grp[1]/i_teacher_knowledge_grp[1]/i_cough,11,2668
consent_grp[1]/i_teacher_knowledge_grp[1]/i_check,12,2679
consent_grp[1]/i_teacher_knowledge_grp[1]/i_english,21,2692
consent_grp[1]/j_perception_grp[1]/j_perception_note,3,2713
consent_grp[1]/j_perception_grp[1]/j_dev_practice_grp[1]/j_dev_practice_note,10,2716
consent_grp[1]/j_perception_grp[1]/j_dev_practice_grp[1]/j_child_need,23,2726
consent_grp[1]/j_perception_grp[1]/j_dev_practice_grp[1]/j_recog_letter,9,2749
consent_grp[1]/j_perception_grp[1]/j_dev_practice_grp[1]/j_recog_number,6,2757
consent_grp[1]/j_perception_grp[1]/j_dev_practice_grp[1]/j_recog_colour,6,2763
consent_grp[1]/j_perception_grp[1]/j_dev_practice_grp[1]/j_indiv_goal,7,2770
consent_grp[1]/j_perception_grp[1]/j_dev_practice_grp[1]/j_play_materials,6,2777
consent_grp[1]/j_perception_grp[1]/j_dev_practice_grp[1]/j_child_measure,11,2782
consent_grp[1]/j_perception_grp[1]/j_supp_chil_grp[1]/j_supp_chil_note,2,2794
consent_grp[1]/j_perception_grp[1]/j_supp_chil_grp[1]/j_build_relation,9,2796
consent_grp[1]/j_perception_grp[1]/j_supp_chil_grp[1]/j_control_behaviour,4,2805
consent_grp[1]/j_perception_grp[1]/j_supp_chil_grp[1]/j_express_thought,5,2809
consent_grp[1]/j_perception_grp[1]/j_supp_chil_grp[1]/j_resolve_conflicts,5,2814
consent_grp[1]/j_perception_grp[1]/j_supp_chil_grp[1]/j_guidance_style,9,2819
consent_grp[1]/j_perception_grp[1]/j_fam_sensitive_grp[1]/j_fam_sensitive_note,34,2828
consent_grp[1]/j_perception_grp[1]/j_fam_sensitive_grp[1]/j_parent_goal,34,2828
consent_grp[1]/j_perception_grp[1]/j_fam_sensitive_grp[1]/j_work_schedule,34,2828
consent_grp[1]/j_perception_grp[1]/j_fam_sensitive_grp[1]/j_fam_decision,34,2828
consent_grp[1]/j_perception_grp[1]/j_fam_sensitive_grp[1]/j_family_care,34,2828
consent_grp[1]/j_perception_grp[1]/j_fam_sensitive_grp[1]/j_connect_family,34,2828
consent_grp[1]/k_grp[1]/k_instro_note,23,2862
consent_grp[1]/k_grp[1]/k_ts_grp[1]/tmp_k_labels,105,2863
consent_grp[1]/k_grp[1]/k_ts_grp[1]/k_take_priviledges,105,2863
consent_grp[1]/k_grp[1]/k_ts_grp[1]/k_explain_behavior,105,2863
consent_grp[1]/k_grp[1]/k_ts_grp[1]/k_shook,105,2863
consent_grp[1]/k_grp[1]/k_ts_grp[1]/k_shouted,105,2863
consent_grp[1]/k_grp[1]/k_ts_grp[1]/k_gave_something,105,2863
consent_grp[1]/k_grp[1]/k_ts_grp[1]/k_spanked,105,2863
consent_grp[1]/k_grp[1]/k_ts_grp[1]/k_hit_bottom,105,2863
consent_grp[1]/k_grp[1]/k_ts_grp[1]/k_call_dumb,105,2863
consent_grp[1]/k_grp[1]/k_ts_grp[1]/k_hit_face,105,2863
consent_grp[1]/k_grp[1]/k_ts_grp[1]/k_praised,105,2863
consent_grp[1]/k_grp[1]/k_ts_grp[1]/k_affection,105,2863
consent_grp[1]/k_grp[1]/k_ts_grp[1]/k_rewarded,105,2863
consent_grp[1]/l_teaching_prac_grp[1]/l_note,3,2989
consent_grp[1]/l_teaching_prac_grp[1]/l_previos_kinder_act[1]/tmp_l_prac_lab,66,2993
consent_grp[1]/l_teaching_prac_grp[1]/l_previos_kinder_act[1]/l_hygiene_routine,66,2993
consent_grp[1]/l_teaching_prac_grp[1]/l_previos_kinder_act[1]/l_supply,66,2993
consent_grp[1]/l_teaching_prac_grp[1]/l_previos_kinder_act[1]/l_pamper,66,2993
consent_grp[1]/l_teaching_prac_grp[1]/l_previos_kinder_act[1]/l_read,66,2993
consent_grp[1]/l_teaching_prac_grp[1]/l_previos_kinder_act[1]/l_tell,66,2993
consent_grp[1]/l_teaching_prac_grp[1]/l_previos_kinder_act[1]/l_conversatin,66,2993
consent_grp[1]/l_teaching_prac_grp[1]/l_previos_kinder_act[1]/l_sing,66,2993
consent_grp[1]/l_teaching_prac_grp[1]/l_previos_kinder_act[1]/l_dance,66,2993
consent_grp[1]/l_teaching_prac_grp[1]/l_previos_kinder_act[1]/l_visit,66,2993
consent_grp[1]/l_teaching_prac_grp[1]/l_previos_kinder_act[1]/l_play_kg,66,2993
consent_grp[1]/l_teaching_prac_grp[1]/l_previos_kinder_act[1]/l_play_recrea,66,2993
consent_grp[1]/l_teaching_prac_grp[1]/l_previos_kinder_act[1]/l_sleep,66,2993
consent_grp[1]/l_teaching_prac_grp[1]/l_previos_kinder_act[1]/l_run,66,2993
consent_grp[1]/l_teaching_prac_grp[1]/l_previos_kinder_act[1]/l_group_learn,66,2993
consent_grp[1]/l_teaching_prac_grp[1]/l_previos_kinder_act[1]/l_indiv_learn,66,2993
consent_grp[1]/l_teaching_prac_grp[1]/l_class_acti_grp[1]/l_act_grp[1]/tmp_l_class_lab,64,3059
consent_grp[1]/l_teaching_prac_grp[1]/l_class_acti_grp[1]/l_act_grp[1]/l_teach_colour,64,3059
consent_grp[1]/l_teaching_prac_grp[1]/l_class_acti_grp[1]/l_act_grp[1]/l_teach_number,64,3059
consent_grp[1]/l_teaching_prac_grp[1]/l_class_acti_grp[1]/l_act_grp[1]/l_teach_letter,64,3059
consent_grp[1]/l_teaching_prac_grp[1]/l_class_acti_grp[1]/l_act_grp[1]/l_teach_form,64,3059
consent_grp[1]/l_teaching_prac_grp[1]/l_class_acti_grp[1]/l_act_grp[1]/l_socialise,64,3059
consent_grp[1]/l_teaching_prac_grp[1]/l_class_acti_grp[1]/l_act_grp[1]/l_pro_solve,64,3059
consent_grp[1]/l_teaching_prac_grp[1]/l_class_acti_grp[1]/l_act_grp[1]/l_writing,64,3059
consent_grp[1]/l_teaching_prac_grp[1]/l_class_acti_grp[1]/l_act_grp[1]/l_teach_body,64,3059
consent_grp[1]/l_teaching_prac_grp[1]/l_class_acti_grp[1]/l_act_grp[1]/l_pers_hygiene,64,3059
consent_grp[1]/l_teaching_prac_grp[1]/l_class_acti_grp[1]/l_act_grp[1]/l_art_expre,64,3059
consent_grp[1]/l_teaching_prac_grp[1]/l_class_acti_grp[1]/l_act_grp[1]/l_body_lang,64,3059
consent_grp[1]/l_teaching_prac_grp[1]/l_class_acti_grp[1]/l_act_grp[1]/l_concentration,64,3059
consent_grp[1]/l_teaching_prac_grp[1]/l_class_acti_grp[1]/l_act_grp[1]/l_gross_motor,64,3059
consent_grp[1]/l_teaching_prac_grp[1]/l_class_acti_grp[1]/l_act_grp[1]/l_fine_motor,64,3059
consent_grp[1]/l_teaching_prac_grp[1]/l_class_acti_grp[1]/l_act_grp[1]/l_gender,64,3059
consent_grp[1]/l_teaching_prac_grp[1]/l_class_acti_grp[1]/l_act_grp[1]/l_responsibility,64,3059
consent_grp[1]/l_teaching_prac_grp[1]/l_class_acti_grp[1]/l_act_grp[1]/l_speech,64,3059
consent_grp[1]/l_teaching_prac_grp[1]/l_class_acti_grp[1]/l_act_grp[1]/l_explore_comm,64,3059
consent_grp[1]/l_teaching_prac_grp[1]/l_class_acti_grp[1]/l_act_grp[1]/l_explore_culture,64,3059
consent_grp[1]/l_teaching_prac_grp[1]/l_parent_interact_note,2,3123
consent_grp[1]/l_teaching_prac_grp[1]/l_actively_engaged,13,3125
consent_grp[1]/l_teaching_prac_grp[1]/l_proportion_child,11,3138
consent_grp[1]/l_teaching_prac_grp[1]/l_proportion_child_more,6,3149
consent_grp[1]/l_teaching_prac_grp[1]/l_visit_pupil_house,19,3154
consent_grp[1]/l_teaching_prac_grp[1]/l_visit_parent_house,13,3173
consent_grp[1]/l_teaching_prac_grp[1]/l_receive_parent_supp,14,3186
consent_grp[1]/l_teaching_prac_grp[1]/l_day_teaching_note,1,3200
consent_grp[1]/l_teaching_prac_grp[1]/l_day_grp[1]/tmp_l_labs,35,3202
consent_grp[1]/l_teaching_prac_grp[1]/l_day_grp[1]/l_daily_schedule,35,3202
consent_grp[1]/l_teaching_prac_grp[1]/l_day_grp[1]/l_play_period,35,3202
consent_grp[1]/l_teaching_prac_grp[1]/l_day_grp[1]/l_free_play,35,3202
consent_grp[1]/l_teaching_prac_grp[1]/l_day_grp[1]/l_activities,35,3202
consent_grp[1]/l_teaching_prac_grp[1]/l_per_daily_grp[1]/l_perc_note,156,3237
consent_grp[1]/l_teaching_prac_grp[1]/l_per_daily_grp[1]/l_admin_per,156,3237
consent_grp[1]/l_teaching_prac_grp[1]/l_per_daily_grp[1]/l_class_per,156,3237
consent_grp[1]/l_teaching_prac_grp[1]/l_per_daily_grp[1]/l_teach_per,156,3237
consent_grp[1]/l_teaching_prac_grp[1]/l_per_daily_grp[1]/l_super_per,156,3237
consent_grp[1]/l_teaching_prac_grp[1]/l_per_daily_grp[1]/l_super_oth_per,156,3237
consent_grp[1]/l_teaching_prac_grp[1]/l_per_daily_grp[1]/l_break_per,156,3237
consent_grp[1]/l_teaching_prac_grp[1]/tmp_force_note,6,3322
consent_grp[1]/l_teaching_prac_grp[1]/l_discipline_note,2,3399
consent_grp[1]/l_teaching_prac_grp[1]/l_dont_like,29,3400
consent_grp[1]/l_teaching_prac_grp[1]/l_really_bad,26,3430
consent_grp[1]/l_teaching_prac_grp[1]/l_does_good,15,3456
consent_grp[1]/l_teaching_prac_grp[1]/l_praise,13,3470
consent_grp[1]/q_note,2,3484
consent_grp[1]/q_activ_yn,25,3485
consent_grp[1]/q_rpt[1]/q_activ_r,47,3511
consent_grp[1]/q_rpt[1]/q_activ_org_r,6,3558
consent_grp[1]/q_rpt[1]/q_activ_add_r,10,3564
s_int_accom_yn,3,3574
s_int_accom,5,3577
comments,4,3581
