Field name,Total duration (seconds),First appeared (seconds into survey)
instruction,1,6
a_district_id,4,7
a_circuit_id,9,11
a_kg_id,12,20
a_community_id,6,32
a_enum_id,15,36
consent_note,4,50
con_understand,72,53
con_questions,10,56
con_written,48,133
consent_grp[1]/audio_consent,4,139
consent_grp[1]/d_background_note,7,141
consent_grp[1]/section_d[1]/kgt_key,60,144
consent_grp[1]/section_d[1]/kgt_confirm_note,14,211
consent_grp[1]/section_d[1]/kgt_name_gp[1]/kgt_fsn,113,257
consent_grp[1]/section_d[1]/kgt_name_gp[1]/kgt_msn,113,257
consent_grp[1]/section_d[1]/kgt_name_gp[1]/kgt_lsn,113,257
consent_grp[1]/section_d[1]/kgt_name_gp[1]/kgt_ppn,113,257
consent_grp[1]/section_d[1]/kgt_name_gp[1]/d_sex,113,257
consent_grp[1]/section_d[1]/d_num_cnt,10,344
consent_grp[1]/section_d[1]/d_cnt_grp[1]/d_cnt_main,11,352
consent_grp[1]/section_d[1]/d_age,8,362
consent_grp[1]/section_d[1]/d_teacher_grp[1]/d_been_teacher,49,368
consent_grp[1]/section_d[1]/d_teacher_grp[1]/d_teacher_year,49,368
consent_grp[1]/section_d[1]/d_teacher_grp[1]/d_teacher_month,49,368
consent_grp[1]/section_d[1]/d_been_kinder_grp[1]/d_been_kinder,22,397
consent_grp[1]/section_d[1]/d_been_kinder_grp[1]/d_kinder_year,22,397
consent_grp[1]/section_d[1]/d_been_kinder_grp[1]/d_kinder_month,22,397
consent_grp[1]/section_d[1]/d_work_last,11,436
consent_grp[1]/section_d[1]/d_os_yn,14,447
consent_grp[1]/section_d[1]/d_os_grp[1]/d_os_name,33,461
consent_grp[1]/section_d[1]/d_os_grp[1]/d_os_region,33,461
consent_grp[1]/section_d[1]/d_os_district,6,494
consent_grp[1]/section_d[1]/d_os_comm_sel,44,500
consent_grp[1]/section_d[1]/d_edu_level,13,544
consent_grp[1]/section_d[1]/d_edu_train,27,554
consent_grp[1]/section_d[1]/d_edu_level_train,19,584
consent_grp[1]/section_d[1]/d_edu_level_fath,11,604
consent_grp[1]/section_d[1]/d_edu_level_mom,7,615
consent_grp[1]/section_d[1]/d_marital_status,10,622
consent_grp[1]/section_d[1]/d_ethnic_group,11,632
consent_grp[1]/section_d[1]/d_religion,10,643
consent_grp[1]/section_d[1]/d_la_spk_grp[1]/d_la_spk_note,27,653
consent_grp[1]/section_d[1]/d_la_spk_grp[1]/d_la_spk_eng,27,653
consent_grp[1]/section_d[1]/d_la_spk_grp[1]/d_la_spk_dagb,27,653
consent_grp[1]/section_d[1]/d_la_wrt_grp[1]/d_la_wrt_note,16,681
consent_grp[1]/section_d[1]/d_la_wrt_grp[1]/d_la_wrt_eng,16,681
consent_grp[1]/section_d[1]/d_la_wrt_grp[1]/d_la_wrt_dagb,16,681
consent_grp[1]/section_d[1]/d_main_language,13,696
consent_grp[1]/section_d[1]/d_loc_lang_kinderg,11,709
consent_grp[1]/e_rel_grp[1]/e_hh_note,4,720
consent_grp[1]/e_rel_grp[1]/e_hh_num,14,724
consent_grp[1]/e_rel_grp[1]/e_hh_grp[1]/e_hh_head,50,737
consent_grp[1]/e_rel_grp[1]/e_hh_grp[1]/e_chil_hh,50,737
consent_grp[1]/e_rel_grp[1]/e_hh_grp[1]/e_adult_hh,50,737
consent_grp[1]/e_rel_grp[1]/e_hh_school,12,787
consent_grp[1]/e_rel_grp[1]/e_read_english,8,800
consent_grp[1]/e_rel_grp[1]/e_rate_health,9,807
consent_grp[1]/e_rel_grp[1]/e_live_note,2,817
consent_grp[1]/e_rel_grp[1]/e_rooms_occu,19,818
consent_grp[1]/e_rel_grp[1]/e_own_status,13,837
consent_grp[1]/e_rel_grp[1]/e_electricity_inhouse,5,851
consent_grp[1]/e_rel_grp[1]/e_floor_material,15,855
consent_grp[1]/e_rel_grp[1]/e_interior_floor,14,870
consent_grp[1]/e_rel_grp[1]/e_roof_mat,14,884
consent_grp[1]/e_rel_grp[1]/e_cook_fuel,15,899
consent_grp[1]/e_rel_grp[1]/e_lighting,14,914
consent_grp[1]/e_rel_grp[1]/e_drink_source,14,928
consent_grp[1]/e_rel_grp[1]/e_toilet_facility,12,941
consent_grp[1]/e_rel_grp[1]/e_asset_note,8,953
consent_grp[1]/e_rel_grp[1]/e_hh_own_phone,21,961
consent_grp[1]/e_rel_grp[1]/e_hh_ass_grp[1]/tmp_e_hh_ass_lab,73,982
consent_grp[1]/e_rel_grp[1]/e_hh_ass_grp[1]/e_hh_ass_radio,73,982
consent_grp[1]/e_rel_grp[1]/e_hh_ass_grp[1]/e_hh_ass_refrig,73,982
consent_grp[1]/e_rel_grp[1]/e_hh_ass_grp[1]/e_hh_ass_bike,73,982
consent_grp[1]/e_rel_grp[1]/e_hh_ass_grp[1]/e_hh_ass_tv,73,982
consent_grp[1]/e_rel_grp[1]/e_hh_ass_grp[1]/e_hh_ass_vcr,73,982
consent_grp[1]/e_rel_grp[1]/e_hh_ass_grp[1]/e_hh_ass_motor,73,982
consent_grp[1]/e_rel_grp[1]/e_hh_ass_grp[1]/e_hh_ass_car,73,982
consent_grp[1]/e_rel_grp[1]/e_hh_ass_grp[1]/e_hh_ass_tractor,73,982
consent_grp[1]/e_rel_grp[1]/e_hh_ass_grp[1]/e_hh_ass_farm_equip,73,982
consent_grp[1]/e_rel_grp[1]/e_hh_ass_grp[1]/e_hh_ass_sew_mach,73,982
consent_grp[1]/e_rel_grp[1]/e_hh_ass_grp[1]/e_hh_ass_bed,73,982
consent_grp[1]/e_rel_grp[1]/e_hh_ass_grp[1]/e_hh_ass_mattress,73,982
consent_grp[1]/e_rel_grp[1]/e_hh_ass_grp[1]/e_hh_ass_table_chair,73,982
consent_grp[1]/e_rel_grp[1]/e_hh_ass_grp[1]/e_hh_ass_stool,73,982
consent_grp[1]/e_rel_grp[1]/e_hh_ass_grp[1]/e_hh_ass_sofa,73,982
consent_grp[1]/e_rel_grp[1]/e_hh_ass_grp[1]/e_hh_ass_fan,73,982
consent_grp[1]/e_rel_grp[1]/e_hh_ass_grp[1]/e_hh_ass_lamp,73,982
consent_grp[1]/e_rel_grp[1]/e_hh_ass_grp[1]/e_hh_ass_watch,73,982
consent_grp[1]/e_rel_grp[1]/e_hh_ass_grp[1]/e_hh_ass_mat,73,982
consent_grp[1]/e_rel_grp[1]/e_hh_ass_grp[1]/e_hh_ass_torch,73,982
consent_grp[1]/e_rel_grp[1]/e_hh_ass_grp[1]/e_hh_ass_cabinet,73,982
consent_grp[1]/e_rel_grp[1]/e_hh_ass_grp[1]/e_hh_ass_pot,73,982
consent_grp[1]/e_rel_grp[1]/e_hh_ass_grp[1]/e_hh_ass_itn,73,982
consent_grp[1]/e_rel_grp[1]/e_hh_ass_grp[1]/e_hh_ass_iron_elec,73,982
consent_grp[1]/e_rel_grp[1]/e_hh_ass_grp[1]/e_hh_ass_iron_coal,73,982
consent_grp[1]/e_rel_grp[1]/e_hh_ass_grp[1]/e_hh_ass_iron_gas,73,982
consent_grp[1]/f_rel_grp[1]/f_comm_note,7,1055
consent_grp[1]/f_rel_grp[1]/section_f[1]/f_born_comm,21,1061
consent_grp[1]/f_rel_grp[1]/section_f[1]/f_school_loc,11,1082
consent_grp[1]/f_rel_grp[1]/section_f[1]/f_lived_bef_teach,8,1093
consent_grp[1]/f_rel_grp[1]/section_f[1]/f_lived_grp[1]/f_lived_comm,25,1101
consent_grp[1]/f_rel_grp[1]/section_f[1]/f_lived_grp[1]/f_lived_comm_year,25,1101
consent_grp[1]/f_rel_grp[1]/section_f[1]/f_lived_grp[1]/f_lived_comm_month,25,1101
consent_grp[1]/f_rel_grp[1]/section_f[1]/f_fam_lived,17,1125
consent_grp[1]/f_rel_grp[1]/section_f[1]/f_emot_support,11,1142
consent_grp[1]/f_rel_grp[1]/section_f[1]/f_emot_support_num,9,1153
consent_grp[1]/f_rel_grp[1]/section_f[1]/f_lend_money,41,1162
consent_grp[1]/f_rel_grp[1]/section_f[1]/f_borrow_money,10,1203
consent_grp[1]/f_rel_grp[1]/section_f[1]/f_rel_live_nearby,25,1213
consent_grp[1]/f_rel_grp[1]/section_f[1]/f_part_comm,7,1238
consent_grp[1]/f_rel_grp[1]/section_f[1]/f_main_trans,11,1245
consent_grp[1]/f_rel_grp[1]/section_f[1]/f_min_get_sch_grp[1]/f_min_get_note,12,1256
consent_grp[1]/f_rel_grp[1]/section_f[1]/f_min_get_sch_grp[1]/f_h_get_school,12,1256
consent_grp[1]/f_rel_grp[1]/section_f[1]/f_min_get_sch_grp[1]/f_m_get_school,12,1256
consent_grp[1]/g_nature_wrk_note,4,1268
consent_grp[1]/section_g[1]/g_teach_pos,8,1272
consent_grp[1]/section_g[1]/g_teach_school,8,1280
consent_grp[1]/section_g[1]/g_kg_grade,8,1288
consent_grp[1]/section_g[1]/g_class_grp[1]/g_children_note,30,1296
consent_grp[1]/section_g[1]/g_class_grp[1]/g_kg_2,30,1296
consent_grp[1]/section_g[1]/g_ah_grp[1]/g_ah_note,110,1326
consent_grp[1]/section_g[1]/g_ah_grp[1]/g_ah_working,110,1326
consent_grp[1]/section_g[1]/g_ah_grp[1]/g_ah_prepping,110,1326
consent_grp[1]/section_g[1]/g_eh_grp[1]/g_eh_note,28,1436
consent_grp[1]/section_g[1]/g_eh_grp[1]/g_eh_working,28,1436
consent_grp[1]/section_g[1]/g_eh_grp[1]/g_eh_prepping,28,1436
consent_grp[1]/section_g[1]/g_teach_salary,14,1463
consent_grp[1]/section_g[1]/g_salary_freq,13,1477
consent_grp[1]/section_g[1]/g_salary_intime,13,1490
consent_grp[1]/section_g[1]/g_money_cmp,12,1503
consent_grp[1]/section_g[1]/g_job_outside,12,1515
consent_grp[1]/section_g[1]/g_extra_money_spec,14,1525
consent_grp[1]/section_g[1]/g_sch_pro_grp[1]/tmp_g_sch_pro_lab,128,1539
consent_grp[1]/section_g[1]/g_sch_pro_grp[1]/g_class,128,1539
consent_grp[1]/section_g[1]/g_sch_pro_grp[1]/g_class_taught,128,1539
consent_grp[1]/section_g[1]/g_sch_pro_grp[1]/g_fin_resource,128,1539
consent_grp[1]/section_g[1]/g_sch_pro_grp[1]/g_high_expe,128,1539
consent_grp[1]/section_g[1]/g_sch_pro_grp[1]/g_change_curri,128,1539
consent_grp[1]/section_g[1]/g_sch_pro_grp[1]/g_diff_curri,128,1539
consent_grp[1]/section_g[1]/g_sch_pro_grp[1]/g_easy_curri,128,1539
consent_grp[1]/section_g[1]/g_sch_pro_grp[1]/g_par_dem_high,128,1539
consent_grp[1]/section_g[1]/g_sch_pro_grp[1]/g_par_suff_interest,128,1539
consent_grp[1]/section_g[1]/g_sch_pro_grp[1]/g_par_suff_active,128,1539
consent_grp[1]/section_g[1]/g_par_supp_grp[1]/g_par_supp_note,32,1669
consent_grp[1]/section_g[1]/g_par_supp_grp[1]/g_home_wrk,21,1696
consent_grp[1]/section_g[1]/g_par_supp_grp[1]/g_behave_val,13,1722
consent_grp[1]/section_g[1]/g_par_supp_grp[1]/g_get_schl,12,1736
consent_grp[1]/section_g[1]/g_par_supp_grp[1]/g_visit_schl,13,1748
consent_grp[1]/section_g[1]/g_par_supp_grp[1]/g_show_respect,10,1761
consent_grp[1]/section_g[1]/g_par_supp_grp[1]/g_best_schl,11,1771
consent_grp[1]/section_g[1]/g_par_supp_grp[1]/g_parti_pta,20,1782
consent_grp[1]/section_g[1]/g_par_supp_grp[1]/g_cont_kg_act,13,1802
consent_grp[1]/section_g[1]/g_lead_respect,19,1815
consent_grp[1]/section_g[1]/g_val_citizen,14,1833
consent_grp[1]/section_h[1]/sec_h_depre_note,12,1847
consent_grp[1]/section_h[1]/h_depression_grp[1]/h_da_note,155,1859
consent_grp[1]/section_h[1]/h_depression_grp[1]/tmp_h_da_lab,155,1859
consent_grp[1]/section_h[1]/h_depression_grp[1]/h_headache,155,1859
consent_grp[1]/section_h[1]/h_depression_grp[1]/h_appetite,155,1859
consent_grp[1]/section_h[1]/h_depression_grp[1]/h_sleep,155,1859
consent_grp[1]/section_h[1]/h_depression_grp[1]/h_frightened,155,1859
consent_grp[1]/section_h[1]/h_depression_grp[1]/h_hands_shake,155,1859
consent_grp[1]/section_h[1]/h_depression_grp[1]/h_nervous,155,1859
consent_grp[1]/section_h[1]/h_depression_grp[1]/h_digestion,155,1859
consent_grp[1]/section_h[1]/h_depression_grp[1]/h_thinking,155,1859
consent_grp[1]/section_h[1]/h_depression_grp[1]/h_unhappy,155,1859
consent_grp[1]/section_h[1]/h_depression_grp[1]/h_cry,155,1859
consent_grp[1]/section_h[1]/h_depression_grp[1]/h_activities,155,1859
consent_grp[1]/section_h[1]/h_depression_grp[1]/h_decisions,155,1859
consent_grp[1]/section_h[1]/h_depression_grp[1]/h_daily_work,155,1859
consent_grp[1]/section_h[1]/h_depression_grp[1]/h_life,155,1859
consent_grp[1]/section_h[1]/h_depression_grp[1]/h_interest,155,1859
consent_grp[1]/section_h[1]/h_depression_grp[1]/h_worthless,155,1859
consent_grp[1]/section_h[1]/h_depression_grp[1]/h_end_life,155,1859
consent_grp[1]/section_h[1]/h_depression_grp[1]/h_tired,155,1859
consent_grp[1]/section_h[1]/h_depression_grp[1]/h_uncomfortable,155,1859
consent_grp[1]/section_h[1]/h_depression_grp[1]/h_easily_tired,155,1859
consent_grp[1]/section_h[1]/sec_h_ext_contr_note,3,2015
consent_grp[1]/section_h[1]/h_ext_control_grp[1]/h_ext_cont_note,4,2018
consent_grp[1]/section_h[1]/h_ext_control_grp[1]/h_pup_learn,49,2022
consent_grp[1]/section_h[1]/h_ext_control_grp[1]/h_discipline,12,2071
consent_grp[1]/section_h[1]/h_ext_control_grp[1]/h_stu_achieve,13,2083
consent_grp[1]/section_h[1]/h_ext_control_grp[1]/h_teach_motiv,21,2096
consent_grp[1]/section_h[1]/h_ext_control_grp[1]/h_good_teach,17,2117
consent_grp[1]/section_h[1]/h_motiv_grp[1]/h_motiv_note,2,2134
consent_grp[1]/section_h[1]/h_motiv_grp[1]/h_motiv_help,10,2136
consent_grp[1]/section_h[1]/h_motiv_grp[1]/h_quest_school,9,2146
consent_grp[1]/section_h[1]/h_motiv_grp[1]/h_help_child,9,2155
consent_grp[1]/section_h[1]/h_motiv_grp[1]/h_sch_goal,7,2164
consent_grp[1]/section_h[1]/h_motiv_grp[1]/h_help_emot,35,2171
consent_grp[1]/section_h[1]/h_motiv_grp[1]/h_enjoy_teach,10,2206
consent_grp[1]/section_h[1]/h_motiv_grp[1]/h_develop_society,11,2217
consent_grp[1]/section_h[1]/h_motiv_grp[1]/h_develop_socially,10,2228
consent_grp[1]/section_h[1]/h_motiv_grp[1]/h_perso_clear,17,2238
consent_grp[1]/section_h[1]/h_impor_thing,37,2254
consent_grp[1]/section_h[1]/h_job_satisfaction_grp[1]/h_job_satis_note,3,2291
consent_grp[1]/section_h[1]/h_job_satisfaction_grp[1]/h_look_out,39,2294
consent_grp[1]/section_h[1]/h_job_satisfaction_grp[1]/h_perso_worries,12,2334
consent_grp[1]/section_h[1]/h_job_satisfaction_grp[1]/h_know_col,15,2346
consent_grp[1]/section_h[1]/h_job_satisfaction_grp[1]/h_col_coop,10,2361
consent_grp[1]/section_h[1]/h_job_satisfaction_grp[1]/h_trust_col,8,2371
consent_grp[1]/section_h[1]/h_job_satisfaction_grp[1]/h_enjoy_col,8,2380
consent_grp[1]/section_h[1]/h_job_satisfaction_grp[1]/h_sup_respect,5,2388
consent_grp[1]/section_h[1]/h_job_satisfaction_grp[1]/h_sup_busy,10,2393
consent_grp[1]/section_h[1]/h_job_satisfaction_grp[1]/h_sup_opinion,7,2403
consent_grp[1]/section_h[1]/h_job_satisfaction_grp[1]/h_count_sup,8,2410
consent_grp[1]/section_h[1]/h_job_satisfaction_grp[1]/h_motivated,12,2418
consent_grp[1]/section_h[1]/h_job_satisfaction_grp[1]/h_sup_unpredict,10,2430
consent_grp[1]/section_h[1]/h_job_satisfaction_grp[1]/h_wrk_challenge,10,2440
consent_grp[1]/section_h[1]/h_job_satisfaction_grp[1]/h_wrk_monotonous,11,2450
consent_grp[1]/section_h[1]/h_job_satisfaction_grp[1]/h_wrk_creative,9,2461
consent_grp[1]/section_h[1]/h_job_satisfaction_grp[1]/h_big_impact,10,2470
consent_grp[1]/section_h[1]/h_job_satisfaction_grp[1]/h_little_time,14,2480
consent_grp[1]/section_h[1]/h_job_satisfaction_grp[1]/h_control_satis,11,2494
consent_grp[1]/section_h[1]/h_job_satisfaction_grp[1]/h_look,7,2506
consent_grp[1]/section_h[1]/h_job_satisfaction_grp[1]/h_small_space,15,2513
consent_grp[1]/section_h[1]/h_job_satisfaction_grp[1]/h_new_mat,8,2528
consent_grp[1]/section_h[1]/h_job_satisfaction_grp[1]/h_clean_kinder,11,2535
consent_grp[1]/section_h[1]/h_job_satisfaction_grp[1]/h_loud_kinder,8,2546
consent_grp[1]/section_h[1]/h_job_satisfaction_grp[1]/h_kinder_rules,14,2555
consent_grp[1]/section_h[1]/h_job_satisfaction_grp[1]/h_satisfied_paid,10,2568
consent_grp[1]/section_h[1]/h_burnout_grp[1]/h_burnout_note,4,2578
consent_grp[1]/section_h[1]/h_burnout_grp[1]/h_emotion_drained,28,2582
consent_grp[1]/section_h[1]/h_burnout_grp[1]/h_used_up,14,2610
consent_grp[1]/section_h[1]/h_burnout_grp[1]/h_fatigued,18,2623
consent_grp[1]/section_h[1]/h_burnout_grp[1]/h_child_feel,13,2642
consent_grp[1]/section_h[1]/h_burnout_grp[1]/h_child_impersonal,15,2655
consent_grp[1]/section_h[1]/h_burnout_grp[1]/h_ppl_strain,13,2670
consent_grp[1]/section_h[1]/h_burnout_grp[1]/h_deal_effect,16,2683
consent_grp[1]/section_h[1]/h_burnout_grp[1]/h_burnout,11,2699
consent_grp[1]/section_h[1]/h_burnout_grp[1]/h_pos_influence,10,2710
consent_grp[1]/section_h[1]/h_burnout_grp[1]/h_cold,12,2720
consent_grp[1]/section_h[1]/h_burnout_grp[1]/h_hard,10,2732
consent_grp[1]/section_h[1]/h_burnout_grp[1]/h_energetic,16,2742
consent_grp[1]/section_h[1]/h_burnout_grp[1]/h_frustrated,8,2758
consent_grp[1]/section_h[1]/h_burnout_grp[1]/h_work_hard,24,2766
consent_grp[1]/section_h[1]/h_burnout_grp[1]/h_dont_care,8,2790
consent_grp[1]/section_h[1]/h_burnout_grp[1]/h_put_pressure,9,2798
consent_grp[1]/section_h[1]/h_burnout_grp[1]/h_relax,9,2807
consent_grp[1]/section_h[1]/h_burnout_grp[1]/h_excited,8,2816
consent_grp[1]/section_h[1]/h_burnout_grp[1]/h_accomplished,22,2824
consent_grp[1]/section_h[1]/h_burnout_grp[1]/h_end_of_rop,12,2846
consent_grp[1]/section_h[1]/h_burnout_grp[1]/h_emot_pro_calm,11,2858
consent_grp[1]/i_teacher_knowledge_grp[1]/I_teach_know_note,13,2869
consent_grp[1]/i_teacher_knowledge_grp[1]/i_consonance,29,2882
consent_grp[1]/i_teacher_knowledge_grp[1]/i_vowel,8,2911
consent_grp[1]/i_teacher_knowledge_grp[1]/i_unbelievable,20,2919
consent_grp[1]/i_teacher_knowledge_grp[1]/i_irregular,17,2939
consent_grp[1]/i_teacher_knowledge_grp[1]/i_cat,10,2956
consent_grp[1]/i_teacher_knowledge_grp[1]/i_cough,13,2966
consent_grp[1]/i_teacher_knowledge_grp[1]/i_check,11,2979
consent_grp[1]/i_teacher_knowledge_grp[1]/i_english,20,2991
consent_grp[1]/j_perception_grp[1]/j_perception_note,9,3011
consent_grp[1]/j_perception_grp[1]/j_dev_practice_grp[1]/j_dev_practice_note,27,3020
consent_grp[1]/j_perception_grp[1]/j_dev_practice_grp[1]/j_child_need,23,3038
consent_grp[1]/j_perception_grp[1]/j_dev_practice_grp[1]/j_recog_letter,15,3070
consent_grp[1]/j_perception_grp[1]/j_dev_practice_grp[1]/j_recog_number,19,3085
consent_grp[1]/j_perception_grp[1]/j_dev_practice_grp[1]/j_recog_colour,14,3104
consent_grp[1]/j_perception_grp[1]/j_dev_practice_grp[1]/j_indiv_goal,13,3118
consent_grp[1]/j_perception_grp[1]/j_dev_practice_grp[1]/j_play_materials,7,3130
consent_grp[1]/j_perception_grp[1]/j_dev_practice_grp[1]/j_child_measure,12,3137
consent_grp[1]/j_perception_grp[1]/j_supp_chil_grp[1]/j_supp_chil_note,7,3150
consent_grp[1]/j_perception_grp[1]/j_supp_chil_grp[1]/j_build_relation,10,3157
consent_grp[1]/j_perception_grp[1]/j_supp_chil_grp[1]/j_control_behaviour,22,3167
consent_grp[1]/j_perception_grp[1]/j_supp_chil_grp[1]/j_express_thought,13,3189
consent_grp[1]/j_perception_grp[1]/j_supp_chil_grp[1]/j_resolve_conflicts,10,3202
consent_grp[1]/j_perception_grp[1]/j_supp_chil_grp[1]/j_guidance_style,13,3212
consent_grp[1]/j_perception_grp[1]/j_fam_sensitive_grp[1]/j_fam_sensitive_note,69,3225
consent_grp[1]/j_perception_grp[1]/j_fam_sensitive_grp[1]/j_parent_goal,69,3225
consent_grp[1]/j_perception_grp[1]/j_fam_sensitive_grp[1]/j_work_schedule,69,3225
consent_grp[1]/j_perception_grp[1]/j_fam_sensitive_grp[1]/j_fam_decision,69,3225
consent_grp[1]/j_perception_grp[1]/j_fam_sensitive_grp[1]/j_family_care,69,3225
consent_grp[1]/j_perception_grp[1]/j_fam_sensitive_grp[1]/j_connect_family,69,3225
consent_grp[1]/k_grp[1]/k_instro_note,28,3294
consent_grp[1]/k_grp[1]/k_ts_grp[1]/tmp_k_labels,76,3295
consent_grp[1]/k_grp[1]/k_ts_grp[1]/k_take_priviledges,76,3295
consent_grp[1]/k_grp[1]/k_ts_grp[1]/k_explain_behavior,76,3295
consent_grp[1]/k_grp[1]/k_ts_grp[1]/k_shook,76,3295
consent_grp[1]/k_grp[1]/k_ts_grp[1]/k_shouted,76,3295
consent_grp[1]/k_grp[1]/k_ts_grp[1]/k_gave_something,76,3295
consent_grp[1]/k_grp[1]/k_ts_grp[1]/k_spanked,76,3295
consent_grp[1]/k_grp[1]/k_ts_grp[1]/k_hit_bottom,76,3295
consent_grp[1]/k_grp[1]/k_ts_grp[1]/k_call_dumb,76,3295
consent_grp[1]/k_grp[1]/k_ts_grp[1]/k_hit_face,76,3295
consent_grp[1]/k_grp[1]/k_ts_grp[1]/k_praised,76,3295
consent_grp[1]/k_grp[1]/k_ts_grp[1]/k_affection,76,3295
consent_grp[1]/k_grp[1]/k_ts_grp[1]/k_rewarded,76,3295
consent_grp[1]/l_teaching_prac_grp[1]/l_note,4,3399
consent_grp[1]/l_teaching_prac_grp[1]/l_previos_kinder_act[1]/tmp_l_prac_lab,69,3403
consent_grp[1]/l_teaching_prac_grp[1]/l_previos_kinder_act[1]/l_hygiene_routine,69,3403
consent_grp[1]/l_teaching_prac_grp[1]/l_previos_kinder_act[1]/l_supply,69,3403
consent_grp[1]/l_teaching_prac_grp[1]/l_previos_kinder_act[1]/l_pamper,69,3403
consent_grp[1]/l_teaching_prac_grp[1]/l_previos_kinder_act[1]/l_read,69,3403
consent_grp[1]/l_teaching_prac_grp[1]/l_previos_kinder_act[1]/l_tell,69,3403
consent_grp[1]/l_teaching_prac_grp[1]/l_previos_kinder_act[1]/l_conversatin,69,3403
consent_grp[1]/l_teaching_prac_grp[1]/l_previos_kinder_act[1]/l_sing,69,3403
consent_grp[1]/l_teaching_prac_grp[1]/l_previos_kinder_act[1]/l_dance,69,3403
consent_grp[1]/l_teaching_prac_grp[1]/l_previos_kinder_act[1]/l_visit,69,3403
consent_grp[1]/l_teaching_prac_grp[1]/l_previos_kinder_act[1]/l_play_kg,69,3403
consent_grp[1]/l_teaching_prac_grp[1]/l_previos_kinder_act[1]/l_play_recrea,69,3403
consent_grp[1]/l_teaching_prac_grp[1]/l_previos_kinder_act[1]/l_sleep,69,3403
consent_grp[1]/l_teaching_prac_grp[1]/l_previos_kinder_act[1]/l_run,69,3403
consent_grp[1]/l_teaching_prac_grp[1]/l_previos_kinder_act[1]/l_group_learn,69,3403
consent_grp[1]/l_teaching_prac_grp[1]/l_previos_kinder_act[1]/l_indiv_learn,69,3403
consent_grp[1]/l_teaching_prac_grp[1]/l_class_acti_grp[1]/l_act_grp[1]/tmp_l_class_lab,69,3472
consent_grp[1]/l_teaching_prac_grp[1]/l_class_acti_grp[1]/l_act_grp[1]/l_teach_colour,69,3472
consent_grp[1]/l_teaching_prac_grp[1]/l_class_acti_grp[1]/l_act_grp[1]/l_teach_number,69,3472
consent_grp[1]/l_teaching_prac_grp[1]/l_class_acti_grp[1]/l_act_grp[1]/l_teach_letter,69,3472
consent_grp[1]/l_teaching_prac_grp[1]/l_class_acti_grp[1]/l_act_grp[1]/l_teach_form,69,3472
consent_grp[1]/l_teaching_prac_grp[1]/l_class_acti_grp[1]/l_act_grp[1]/l_socialise,69,3472
consent_grp[1]/l_teaching_prac_grp[1]/l_class_acti_grp[1]/l_act_grp[1]/l_pro_solve,69,3472
consent_grp[1]/l_teaching_prac_grp[1]/l_class_acti_grp[1]/l_act_grp[1]/l_writing,69,3472
consent_grp[1]/l_teaching_prac_grp[1]/l_class_acti_grp[1]/l_act_grp[1]/l_teach_body,69,3472
consent_grp[1]/l_teaching_prac_grp[1]/l_class_acti_grp[1]/l_act_grp[1]/l_pers_hygiene,69,3472
consent_grp[1]/l_teaching_prac_grp[1]/l_class_acti_grp[1]/l_act_grp[1]/l_art_expre,69,3472
consent_grp[1]/l_teaching_prac_grp[1]/l_class_acti_grp[1]/l_act_grp[1]/l_body_lang,69,3472
consent_grp[1]/l_teaching_prac_grp[1]/l_class_acti_grp[1]/l_act_grp[1]/l_concentration,69,3472
consent_grp[1]/l_teaching_prac_grp[1]/l_class_acti_grp[1]/l_act_grp[1]/l_gross_motor,69,3472
consent_grp[1]/l_teaching_prac_grp[1]/l_class_acti_grp[1]/l_act_grp[1]/l_fine_motor,69,3472
consent_grp[1]/l_teaching_prac_grp[1]/l_class_acti_grp[1]/l_act_grp[1]/l_gender,69,3472
consent_grp[1]/l_teaching_prac_grp[1]/l_class_acti_grp[1]/l_act_grp[1]/l_responsibility,69,3472
consent_grp[1]/l_teaching_prac_grp[1]/l_class_acti_grp[1]/l_act_grp[1]/l_speech,69,3472
consent_grp[1]/l_teaching_prac_grp[1]/l_class_acti_grp[1]/l_act_grp[1]/l_explore_comm,69,3472
consent_grp[1]/l_teaching_prac_grp[1]/l_class_acti_grp[1]/l_act_grp[1]/l_explore_culture,69,3472
consent_grp[1]/l_teaching_prac_grp[1]/l_parent_interact_note,4,3541
consent_grp[1]/l_teaching_prac_grp[1]/l_actively_engaged,31,3545
consent_grp[1]/l_teaching_prac_grp[1]/l_proportion_child,34,3574
consent_grp[1]/l_teaching_prac_grp[1]/l_proportion_child_more,23,3610
consent_grp[1]/l_teaching_prac_grp[1]/l_visit_pupil_house,33,3633
consent_grp[1]/l_teaching_prac_grp[1]/l_visit_parent_house,25,3666
consent_grp[1]/l_teaching_prac_grp[1]/l_receive_parent_supp,20,3692
consent_grp[1]/l_teaching_prac_grp[1]/l_day_teaching_note,9,3711
consent_grp[1]/l_teaching_prac_grp[1]/l_day_grp[1]/tmp_l_labs,48,3720
consent_grp[1]/l_teaching_prac_grp[1]/l_day_grp[1]/l_daily_schedule,48,3720
consent_grp[1]/l_teaching_prac_grp[1]/l_day_grp[1]/l_play_period,48,3720
consent_grp[1]/l_teaching_prac_grp[1]/l_day_grp[1]/l_free_play,48,3720
consent_grp[1]/l_teaching_prac_grp[1]/l_day_grp[1]/l_activities,48,3720
consent_grp[1]/l_teaching_prac_grp[1]/l_per_daily_grp[1]/l_perc_note,225,3768
consent_grp[1]/l_teaching_prac_grp[1]/l_per_daily_grp[1]/l_admin_per,225,3768
consent_grp[1]/l_teaching_prac_grp[1]/l_per_daily_grp[1]/l_class_per,225,3768
consent_grp[1]/l_teaching_prac_grp[1]/l_per_daily_grp[1]/l_teach_per,225,3768
consent_grp[1]/l_teaching_prac_grp[1]/l_per_daily_grp[1]/l_super_per,225,3768
consent_grp[1]/l_teaching_prac_grp[1]/l_per_daily_grp[1]/l_super_oth_per,225,3768
consent_grp[1]/l_teaching_prac_grp[1]/l_per_daily_grp[1]/l_break_per,225,3768
consent_grp[1]/l_teaching_prac_grp[1]/l_discipline_note,8,3993
consent_grp[1]/l_teaching_prac_grp[1]/l_dont_like,45,4001
consent_grp[1]/l_teaching_prac_grp[1]/l_really_bad,13,4046
consent_grp[1]/l_teaching_prac_grp[1]/l_does_good,14,4060
consent_grp[1]/l_teaching_prac_grp[1]/l_praise,32,4074
consent_grp[1]/q_note,21,4106
consent_grp[1]/q_activ_yn,22,4125
consent_grp[1]/q_rpt[1]/q_activ_r,95,4134
s_int_accom_yn,12,4195
consent_grp[1]/q_rpt[1]/q_activ_org_r,6,4213
comments,49,4263
