Field name,Total duration (seconds),First appeared (seconds into survey)
instruction,2,2
a_district_id,4,4
a_circuit_id,12,7
a_kg_id,9,19
a_community_id,3,28
a_enum_id,14,31
consent_note,278,45
con_understand,12,322
con_questions,60,335
con_written,13,358
consent_grp[1]/audio_consent,7,369
consent_grp[1]/d_background_note,14,374
consent_grp[1]/section_d[1]/kgt_key,13,429
consent_grp[1]/section_d[1]/kgt_confirm_note,26,437
consent_grp[1]/section_d[1]/d_num_cnt,26,460
consent_grp[1]/section_d[1]/d_cnt_grp[1]/d_cnt_main,50,484
consent_grp[1]/section_d[1]/d_work_last,107,531
consent_grp[1]/section_d[1]/d_edu_level,29,551
consent_grp[1]/section_d[1]/d_edu_train,10,681
consent_grp[1]/section_d[1]/d_edu_level_train,38,691
consent_grp[1]/section_d[1]/d_marital_status,6,729
consent_grp[1]/section_d[1]/d_religion,5,735
consent_grp[1]/section_d[1]/d_la_spk_grp[1]/d_la_spk_note,30,740
consent_grp[1]/section_d[1]/d_la_spk_grp[1]/d_la_spk_eng,30,740
consent_grp[1]/section_d[1]/d_la_spk_grp[1]/d_la_spk_dagb,30,740
consent_grp[1]/section_d[1]/d_la_wrt_grp[1]/d_la_wrt_note,25,770
consent_grp[1]/section_d[1]/d_la_wrt_grp[1]/d_la_wrt_eng,25,770
consent_grp[1]/section_d[1]/d_la_wrt_grp[1]/d_la_wrt_dagb,25,770
consent_grp[1]/section_d[1]/d_main_language,29,794
consent_grp[1]/section_d[1]/d_loc_lang_kinderg,12,820
consent_grp[1]/f_moved_yn,19,836
consent_grp[1]/g_nature_wrk_note,13,854
consent_grp[1]/section_g[1]/g_teach_pos,13,867
consent_grp[1]/section_g[1]/g_teach_school,9,881
consent_grp[1]/section_g[1]/g_kg_grade,20,890
consent_grp[1]/section_g[1]/g_class_grp[1]/g_children_note,27,907
consent_grp[1]/section_g[1]/g_class_grp[1]/g_kg_1,27,907
consent_grp[1]/section_g[1]/g_ah_grp[1]/g_ah_note,85,936
consent_grp[1]/section_g[1]/g_ah_grp[1]/g_ah_working,85,936
consent_grp[1]/section_g[1]/g_ah_grp[1]/g_ah_prepping,85,936
consent_grp[1]/section_g[1]/g_eh_grp[1]/g_eh_note,57,1021
consent_grp[1]/section_g[1]/g_eh_grp[1]/g_eh_working,57,1021
consent_grp[1]/section_g[1]/g_eh_grp[1]/g_eh_prepping,57,1021
consent_grp[1]/section_g[1]/g_teach_salary,26,1078
consent_grp[1]/section_g[1]/g_salary_freq,12,1104
consent_grp[1]/section_g[1]/g_salary_intime,35,1116
consent_grp[1]/section_g[1]/g_money_cmp,9,1151
consent_grp[1]/section_g[1]/g_job_outside,12,1160
consent_grp[1]/section_g[1]/g_extra_money_spec,12,1172
consent_grp[1]/section_g[1]/g_sch_pro_grp[1]/tmp_g_sch_pro_lab,165,1182
consent_grp[1]/section_g[1]/g_sch_pro_grp[1]/g_class,165,1182
consent_grp[1]/section_g[1]/g_sch_pro_grp[1]/g_class_taught,165,1182
consent_grp[1]/section_g[1]/g_sch_pro_grp[1]/g_fin_resource,165,1182
consent_grp[1]/section_g[1]/g_sch_pro_grp[1]/g_high_expe,165,1182
consent_grp[1]/section_g[1]/g_sch_pro_grp[1]/g_change_curri,165,1182
consent_grp[1]/section_g[1]/g_sch_pro_grp[1]/g_diff_curri,165,1182
consent_grp[1]/section_g[1]/g_sch_pro_grp[1]/g_easy_curri,165,1182
consent_grp[1]/section_g[1]/g_sch_pro_grp[1]/g_par_dem_high,165,1182
consent_grp[1]/section_g[1]/g_sch_pro_grp[1]/g_par_suff_interest,165,1182
consent_grp[1]/section_g[1]/g_sch_pro_grp[1]/g_par_suff_active,165,1182
consent_grp[1]/section_g[1]/g_par_supp_grp[1]/g_par_supp_note,49,1348
consent_grp[1]/section_g[1]/g_par_supp_grp[1]/g_home_wrk,26,1366
consent_grp[1]/section_g[1]/g_par_supp_grp[1]/g_behave_val,25,1424
consent_grp[1]/section_g[1]/g_par_supp_grp[1]/g_get_schl,17,1449
consent_grp[1]/section_g[1]/g_par_supp_grp[1]/g_visit_schl,13,1466
consent_grp[1]/section_g[1]/g_par_supp_grp[1]/g_show_respect,14,1480
consent_grp[1]/section_g[1]/g_par_supp_grp[1]/g_best_schl,16,1493
consent_grp[1]/section_g[1]/g_par_supp_grp[1]/g_parti_pta,38,1508
consent_grp[1]/section_g[1]/g_par_supp_grp[1]/g_cont_kg_act,15,1548
consent_grp[1]/section_g[1]/g_lead_respect,22,1562
consent_grp[1]/section_g[1]/g_val_citizen,19,1584
consent_grp[1]/section_h[1]/sec_h_depre_note,59,1603
consent_grp[1]/section_h[1]/h_depression_grp[1]/h_da_note,184,1660
consent_grp[1]/section_h[1]/h_depression_grp[1]/tmp_h_da_lab,184,1660
consent_grp[1]/section_h[1]/h_depression_grp[1]/h_headache,184,1660
consent_grp[1]/section_h[1]/h_depression_grp[1]/h_appetite,184,1660
consent_grp[1]/section_h[1]/h_depression_grp[1]/h_sleep,184,1660
consent_grp[1]/section_h[1]/h_depression_grp[1]/h_frightened,184,1660
consent_grp[1]/section_h[1]/h_depression_grp[1]/h_hands_shake,184,1660
consent_grp[1]/section_h[1]/h_depression_grp[1]/h_nervous,184,1660
consent_grp[1]/section_h[1]/h_depression_grp[1]/h_digestion,184,1660
consent_grp[1]/section_h[1]/h_depression_grp[1]/h_thinking,184,1660
consent_grp[1]/section_h[1]/h_depression_grp[1]/h_unhappy,184,1660
consent_grp[1]/section_h[1]/h_depression_grp[1]/h_cry,184,1660
consent_grp[1]/section_h[1]/h_depression_grp[1]/h_activities,184,1660
consent_grp[1]/section_h[1]/h_depression_grp[1]/h_decisions,184,1660
consent_grp[1]/section_h[1]/h_depression_grp[1]/h_daily_work,184,1660
consent_grp[1]/section_h[1]/h_depression_grp[1]/h_life,184,1660
consent_grp[1]/section_h[1]/h_depression_grp[1]/h_interest,184,1660
consent_grp[1]/section_h[1]/h_depression_grp[1]/h_worthless,184,1660
consent_grp[1]/section_h[1]/h_depression_grp[1]/h_end_life,184,1660
consent_grp[1]/section_h[1]/h_depression_grp[1]/h_tired,184,1660
consent_grp[1]/section_h[1]/h_depression_grp[1]/h_uncomfortable,184,1660
consent_grp[1]/section_h[1]/h_depression_grp[1]/h_easily_tired,184,1660
consent_grp[1]/section_h[1]/sec_h_ext_contr_note,11,1846
consent_grp[1]/section_h[1]/h_ext_control_grp[1]/h_ext_cont_note,16,1857
consent_grp[1]/section_h[1]/h_ext_control_grp[1]/h_pup_learn,48,1866
consent_grp[1]/section_h[1]/h_ext_control_grp[1]/h_discipline,16,1920
consent_grp[1]/section_h[1]/h_ext_control_grp[1]/h_stu_achieve,13,1937
consent_grp[1]/section_h[1]/h_ext_control_grp[1]/h_teach_motiv,13,1950
consent_grp[1]/section_h[1]/h_ext_control_grp[1]/h_good_teach,17,1963
consent_grp[1]/section_h[1]/sec_h_motiv_note,3,1981
consent_grp[1]/section_h[1]/h_motiv_grp[1]/h_motiv_note,2,1983
consent_grp[1]/section_h[1]/h_motiv_grp[1]/h_motiv_help,19,1986
consent_grp[1]/section_h[1]/h_motiv_grp[1]/h_quest_school,22,2005
consent_grp[1]/section_h[1]/h_motiv_grp[1]/h_help_child,7,2026
consent_grp[1]/section_h[1]/h_motiv_grp[1]/h_sch_goal,13,2034
consent_grp[1]/section_h[1]/h_motiv_grp[1]/h_help_emot,15,2047
consent_grp[1]/section_h[1]/h_motiv_grp[1]/h_enjoy_teach,19,2062
consent_grp[1]/section_h[1]/h_motiv_grp[1]/h_develop_society,17,2081
consent_grp[1]/section_h[1]/h_motiv_grp[1]/h_develop_socially,17,2099
consent_grp[1]/section_h[1]/h_motiv_grp[1]/h_perso_clear,18,2116
consent_grp[1]/section_h[1]/h_impor_thing,88,2133
consent_grp[1]/section_h[1]/h_job_satisfaction_grp[1]/h_job_satis_note,49,2222
consent_grp[1]/section_h[1]/h_job_satisfaction_grp[1]/h_look_out,28,2271
consent_grp[1]/section_h[1]/h_job_satisfaction_grp[1]/h_perso_worries,10,2299
consent_grp[1]/section_h[1]/h_job_satisfaction_grp[1]/h_know_col,13,2309
consent_grp[1]/section_h[1]/h_job_satisfaction_grp[1]/h_col_coop,10,2322
consent_grp[1]/section_h[1]/h_job_satisfaction_grp[1]/h_trust_col,11,2332
consent_grp[1]/section_h[1]/h_job_satisfaction_grp[1]/h_enjoy_col,10,2343
consent_grp[1]/section_h[1]/h_job_satisfaction_grp[1]/h_sup_respect,20,2353
consent_grp[1]/section_h[1]/h_job_satisfaction_grp[1]/h_sup_busy,26,2373
consent_grp[1]/section_h[1]/h_job_satisfaction_grp[1]/h_sup_opinion,8,2399
consent_grp[1]/section_h[1]/h_job_satisfaction_grp[1]/h_count_sup,8,2407
consent_grp[1]/section_h[1]/h_job_satisfaction_grp[1]/h_motivated,14,2416
consent_grp[1]/section_h[1]/h_job_satisfaction_grp[1]/h_sup_unpredict,14,2430
consent_grp[1]/section_h[1]/h_job_satisfaction_grp[1]/h_wrk_challenge,10,2444
consent_grp[1]/section_h[1]/h_job_satisfaction_grp[1]/h_wrk_monotonous,13,2454
consent_grp[1]/section_h[1]/h_job_satisfaction_grp[1]/h_wrk_creative,5,2466
consent_grp[1]/section_h[1]/h_job_satisfaction_grp[1]/h_big_impact,10,2472
consent_grp[1]/section_h[1]/h_job_satisfaction_grp[1]/h_little_time,26,2482
consent_grp[1]/section_h[1]/h_job_satisfaction_grp[1]/h_control_satis,19,2507
consent_grp[1]/section_h[1]/h_job_satisfaction_grp[1]/h_look,25,2526
consent_grp[1]/section_h[1]/h_job_satisfaction_grp[1]/h_small_space,25,2551
consent_grp[1]/section_h[1]/h_job_satisfaction_grp[1]/h_new_mat,10,2576
consent_grp[1]/section_h[1]/h_job_satisfaction_grp[1]/h_clean_kinder,9,2586
consent_grp[1]/section_h[1]/h_job_satisfaction_grp[1]/h_loud_kinder,26,2595
consent_grp[1]/section_h[1]/h_job_satisfaction_grp[1]/h_kinder_rules,25,2620
consent_grp[1]/section_h[1]/h_job_satisfaction_grp[1]/h_satisfied_paid,14,2645
consent_grp[1]/section_h[1]/h_burnout_grp[1]/h_burnout_note,23,2659
consent_grp[1]/section_h[1]/h_burnout_grp[1]/h_emotion_drained,42,2682
consent_grp[1]/section_h[1]/h_burnout_grp[1]/h_used_up,12,2724
consent_grp[1]/section_h[1]/h_burnout_grp[1]/h_fatigued,11,2737
consent_grp[1]/section_h[1]/h_burnout_grp[1]/h_child_feel,19,2748
consent_grp[1]/section_h[1]/h_burnout_grp[1]/h_child_impersonal,11,2767
consent_grp[1]/section_h[1]/h_burnout_grp[1]/h_ppl_strain,13,2778
consent_grp[1]/section_h[1]/h_burnout_grp[1]/h_deal_effect,14,2791
consent_grp[1]/section_h[1]/h_burnout_grp[1]/h_burnout,10,2804
consent_grp[1]/section_h[1]/h_burnout_grp[1]/h_pos_influence,17,2814
consent_grp[1]/section_h[1]/h_burnout_grp[1]/h_cold,36,2831
consent_grp[1]/section_h[1]/h_burnout_grp[1]/h_hard,7,2867
consent_grp[1]/section_h[1]/h_burnout_grp[1]/h_energetic,15,2874
consent_grp[1]/section_h[1]/h_burnout_grp[1]/h_frustrated,8,2889
consent_grp[1]/section_h[1]/h_burnout_grp[1]/h_work_hard,10,2897
consent_grp[1]/section_h[1]/h_burnout_grp[1]/h_dont_care,11,2907
consent_grp[1]/section_h[1]/h_burnout_grp[1]/h_put_pressure,21,2918
consent_grp[1]/section_h[1]/h_burnout_grp[1]/h_relax,11,2938
consent_grp[1]/section_h[1]/h_burnout_grp[1]/h_excited,12,2949
consent_grp[1]/section_h[1]/h_burnout_grp[1]/h_accomplished,17,2961
consent_grp[1]/section_h[1]/h_burnout_grp[1]/h_end_of_rop,8,2978
consent_grp[1]/section_h[1]/h_burnout_grp[1]/h_emot_pro_calm,13,2986
consent_grp[1]/i_teacher_knowledge_grp[1]/I_teach_know_note,22,2999
consent_grp[1]/i_teacher_knowledge_grp[1]/i_consonance,44,3021
consent_grp[1]/i_teacher_knowledge_grp[1]/i_vowel,27,3064
consent_grp[1]/i_teacher_knowledge_grp[1]/i_unbelievable,28,3083
consent_grp[1]/i_teacher_knowledge_grp[1]/i_irregular,17,3119
consent_grp[1]/i_teacher_knowledge_grp[1]/i_cat,17,3136
consent_grp[1]/i_teacher_knowledge_grp[1]/i_cough,17,3153
consent_grp[1]/i_teacher_knowledge_grp[1]/i_check,20,3170
consent_grp[1]/i_teacher_knowledge_grp[1]/i_english,14,3189
consent_grp[1]/j_perception_grp[1]/j_perception_note,54,3203
consent_grp[1]/j_perception_grp[1]/j_dev_practice_grp[1]/j_dev_practice_note,64,3257
consent_grp[1]/j_perception_grp[1]/j_dev_practice_grp[1]/j_child_need,36,3270
consent_grp[1]/j_perception_grp[1]/j_dev_practice_grp[1]/j_recog_letter,15,3357
consent_grp[1]/j_perception_grp[1]/j_dev_practice_grp[1]/j_recog_number,14,3372
consent_grp[1]/j_perception_grp[1]/j_dev_practice_grp[1]/j_recog_colour,13,3385
consent_grp[1]/j_perception_grp[1]/j_dev_practice_grp[1]/j_indiv_goal,27,3398
consent_grp[1]/j_perception_grp[1]/j_dev_practice_grp[1]/j_play_materials,33,3425
consent_grp[1]/j_perception_grp[1]/j_dev_practice_grp[1]/j_child_measure,18,3457
consent_grp[1]/j_perception_grp[1]/j_supp_chil_grp[1]/j_supp_chil_note,10,3475
consent_grp[1]/j_perception_grp[1]/j_supp_chil_grp[1]/j_build_relation,9,3485
consent_grp[1]/j_perception_grp[1]/j_supp_chil_grp[1]/j_control_behaviour,22,3494
consent_grp[1]/j_perception_grp[1]/j_supp_chil_grp[1]/j_express_thought,23,3516
consent_grp[1]/j_perception_grp[1]/j_supp_chil_grp[1]/j_resolve_conflicts,16,3539
consent_grp[1]/j_perception_grp[1]/j_supp_chil_grp[1]/j_guidance_style,47,3555
consent_grp[1]/j_perception_grp[1]/j_fam_sensitive_grp[1]/j_fam_sensitive_note,97,3603
consent_grp[1]/j_perception_grp[1]/j_fam_sensitive_grp[1]/j_parent_goal,97,3603
consent_grp[1]/j_perception_grp[1]/j_fam_sensitive_grp[1]/j_work_schedule,97,3603
consent_grp[1]/j_perception_grp[1]/j_fam_sensitive_grp[1]/j_fam_decision,97,3603
consent_grp[1]/j_perception_grp[1]/j_fam_sensitive_grp[1]/j_family_care,97,3603
consent_grp[1]/j_perception_grp[1]/j_fam_sensitive_grp[1]/j_connect_family,97,3603
consent_grp[1]/k_grp[1]/k_instro_note,29,3700
consent_grp[1]/k_grp[1]/k_ts_grp[1]/tmp_k_labels,141,3727
consent_grp[1]/k_grp[1]/k_ts_grp[1]/k_take_priviledges,141,3727
consent_grp[1]/k_grp[1]/k_ts_grp[1]/k_explain_behavior,141,3727
consent_grp[1]/k_grp[1]/k_ts_grp[1]/k_shook,141,3727
consent_grp[1]/k_grp[1]/k_ts_grp[1]/k_shouted,141,3727
consent_grp[1]/k_grp[1]/k_ts_grp[1]/k_gave_something,141,3727
consent_grp[1]/k_grp[1]/k_ts_grp[1]/k_spanked,141,3727
consent_grp[1]/k_grp[1]/k_ts_grp[1]/k_hit_bottom,141,3727
consent_grp[1]/k_grp[1]/k_ts_grp[1]/k_call_dumb,141,3727
consent_grp[1]/k_grp[1]/k_ts_grp[1]/k_hit_face,141,3727
consent_grp[1]/k_grp[1]/k_ts_grp[1]/k_praised,141,3727
consent_grp[1]/k_grp[1]/k_ts_grp[1]/k_affection,141,3727
consent_grp[1]/k_grp[1]/k_ts_grp[1]/k_rewarded,141,3727
consent_grp[1]/l_teaching_prac_grp[1]/l_note,8,3870
consent_grp[1]/l_teaching_prac_grp[1]/l_previos_kinder_act[1]/tmp_l_prac_lab,98,3877
consent_grp[1]/l_teaching_prac_grp[1]/l_previos_kinder_act[1]/l_hygiene_routine,98,3877
consent_grp[1]/l_teaching_prac_grp[1]/l_previos_kinder_act[1]/l_supply,98,3877
consent_grp[1]/l_teaching_prac_grp[1]/l_previos_kinder_act[1]/l_pamper,98,3877
consent_grp[1]/l_teaching_prac_grp[1]/l_previos_kinder_act[1]/l_read,98,3877
consent_grp[1]/l_teaching_prac_grp[1]/l_previos_kinder_act[1]/l_tell,98,3877
consent_grp[1]/l_teaching_prac_grp[1]/l_previos_kinder_act[1]/l_conversatin,98,3877
consent_grp[1]/l_teaching_prac_grp[1]/l_previos_kinder_act[1]/l_sing,98,3877
consent_grp[1]/l_teaching_prac_grp[1]/l_previos_kinder_act[1]/l_dance,98,3877
consent_grp[1]/l_teaching_prac_grp[1]/l_previos_kinder_act[1]/l_visit,98,3877
consent_grp[1]/l_teaching_prac_grp[1]/l_previos_kinder_act[1]/l_play_kg,98,3877
consent_grp[1]/l_teaching_prac_grp[1]/l_previos_kinder_act[1]/l_play_recrea,98,3877
consent_grp[1]/l_teaching_prac_grp[1]/l_previos_kinder_act[1]/l_sleep,98,3877
consent_grp[1]/l_teaching_prac_grp[1]/l_previos_kinder_act[1]/l_run,98,3877
consent_grp[1]/l_teaching_prac_grp[1]/l_previos_kinder_act[1]/l_group_learn,98,3877
consent_grp[1]/l_teaching_prac_grp[1]/l_previos_kinder_act[1]/l_indiv_learn,98,3877
consent_grp[1]/l_teaching_prac_grp[1]/l_class_acti_grp[1]/l_act_grp[1]/tmp_l_class_lab,179,3976
consent_grp[1]/l_teaching_prac_grp[1]/l_class_acti_grp[1]/l_act_grp[1]/l_teach_colour,179,3976
consent_grp[1]/l_teaching_prac_grp[1]/l_class_acti_grp[1]/l_act_grp[1]/l_teach_number,179,3976
consent_grp[1]/l_teaching_prac_grp[1]/l_class_acti_grp[1]/l_act_grp[1]/l_teach_letter,179,3976
consent_grp[1]/l_teaching_prac_grp[1]/l_class_acti_grp[1]/l_act_grp[1]/l_teach_form,179,3976
consent_grp[1]/l_teaching_prac_grp[1]/l_class_acti_grp[1]/l_act_grp[1]/l_socialise,179,3976
consent_grp[1]/l_teaching_prac_grp[1]/l_class_acti_grp[1]/l_act_grp[1]/l_pro_solve,179,3976
consent_grp[1]/l_teaching_prac_grp[1]/l_class_acti_grp[1]/l_act_grp[1]/l_writing,179,3976
consent_grp[1]/l_teaching_prac_grp[1]/l_class_acti_grp[1]/l_act_grp[1]/l_teach_body,179,3976
consent_grp[1]/l_teaching_prac_grp[1]/l_class_acti_grp[1]/l_act_grp[1]/l_pers_hygiene,179,3976
consent_grp[1]/l_teaching_prac_grp[1]/l_class_acti_grp[1]/l_act_grp[1]/l_art_expre,179,3976
consent_grp[1]/l_teaching_prac_grp[1]/l_class_acti_grp[1]/l_act_grp[1]/l_body_lang,179,3976
consent_grp[1]/l_teaching_prac_grp[1]/l_class_acti_grp[1]/l_act_grp[1]/l_concentration,179,3976
consent_grp[1]/l_teaching_prac_grp[1]/l_class_acti_grp[1]/l_act_grp[1]/l_gross_motor,179,3976
consent_grp[1]/l_teaching_prac_grp[1]/l_class_acti_grp[1]/l_act_grp[1]/l_fine_motor,179,3976
consent_grp[1]/l_teaching_prac_grp[1]/l_class_acti_grp[1]/l_act_grp[1]/l_gender,179,3976
consent_grp[1]/l_teaching_prac_grp[1]/l_class_acti_grp[1]/l_act_grp[1]/l_responsibility,179,3976
consent_grp[1]/l_teaching_prac_grp[1]/l_class_acti_grp[1]/l_act_grp[1]/l_speech,179,3976
consent_grp[1]/l_teaching_prac_grp[1]/l_class_acti_grp[1]/l_act_grp[1]/l_explore_comm,179,3976
consent_grp[1]/l_teaching_prac_grp[1]/l_class_acti_grp[1]/l_act_grp[1]/l_explore_culture,179,3976
consent_grp[1]/l_teaching_prac_grp[1]/l_parent_interact_note,7,4154
consent_grp[1]/l_teaching_prac_grp[1]/l_actively_engaged,45,4160
consent_grp[1]/l_teaching_prac_grp[1]/l_proportion_child,19,4207
consent_grp[1]/l_teaching_prac_grp[1]/l_proportion_child_more,17,4225
consent_grp[1]/l_teaching_prac_grp[1]/l_visit_pupil_house,39,4243
consent_grp[1]/l_teaching_prac_grp[1]/l_visit_parent_house,23,4281
consent_grp[1]/l_teaching_prac_grp[1]/l_receive_parent_supp,16,4304
consent_grp[1]/l_teaching_prac_grp[1]/l_day_teaching_note,9,4321
consent_grp[1]/l_teaching_prac_grp[1]/l_day_grp[1]/tmp_l_labs,44,4329
consent_grp[1]/l_teaching_prac_grp[1]/l_day_grp[1]/l_daily_schedule,44,4329
consent_grp[1]/l_teaching_prac_grp[1]/l_day_grp[1]/l_play_period,44,4329
consent_grp[1]/l_teaching_prac_grp[1]/l_day_grp[1]/l_free_play,44,4329
consent_grp[1]/l_teaching_prac_grp[1]/l_day_grp[1]/l_activities,44,4329
consent_grp[1]/l_teaching_prac_grp[1]/l_per_daily_grp[1]/l_perc_note,259,4373
consent_grp[1]/l_teaching_prac_grp[1]/l_per_daily_grp[1]/l_admin_per,259,4373
consent_grp[1]/l_teaching_prac_grp[1]/l_per_daily_grp[1]/l_class_per,259,4373
consent_grp[1]/l_teaching_prac_grp[1]/l_per_daily_grp[1]/l_teach_per,259,4373
consent_grp[1]/l_teaching_prac_grp[1]/l_per_daily_grp[1]/l_super_per,259,4373
consent_grp[1]/l_teaching_prac_grp[1]/l_per_daily_grp[1]/l_super_oth_per,259,4373
consent_grp[1]/l_teaching_prac_grp[1]/l_per_daily_grp[1]/l_break_per,259,4373
consent_grp[1]/l_teaching_prac_grp[1]/l_discipline_note,14,4632
consent_grp[1]/l_teaching_prac_grp[1]/l_dont_like,65,4646
consent_grp[1]/l_teaching_prac_grp[1]/l_really_bad,75,4711
consent_grp[1]/l_teaching_prac_grp[1]/l_does_good,22,4786
consent_grp[1]/l_teaching_prac_grp[1]/l_praise,41,4807
consent_grp[1]/q_note,22,4848
consent_grp[1]/q_activ_yn,12,4870
consent_grp[1]/q_rpt[1]/q_activ_r,34,4881
consent_grp[1]/q_rpt[1]/q_activ_org_r,24,4915
consent_grp[1]/q_rpt[1]/q_activ_add_r,14,4938
consent_grp[1]/q_rpt[2]/q_activ_r,29,4954
consent_grp[1]/q_rpt[2]/q_activ_org_r,6,4976
consent_grp[1]/q_rpt[2]/q_activ_org_osp_r,5,4989
consent_grp[1]/q_rpt[2]/q_activ_add_r,8,4993
s_int_accom_yn,9,5001
comments,2,5011
