Field name,Total duration (seconds),First appeared (seconds into survey)
instruction,2,118
a_district_id,3,119
a_circuit_id,7,122
a_kg_id,5,129
a_community_id,2,133
a_enum_id,8,136
consent_note,234,143
con_understand,4,378
con_questions,9,381
con_written,33,390
consent_grp[1]/audio_consent,28,423
consent_grp[1]/d_background_note,1,452
consent_grp[1]/section_d[1]/kgt_key,25,453
consent_grp[1]/section_d[1]/kgt_name_gp[1]/kgt_fsn,58,478
consent_grp[1]/section_d[1]/kgt_name_gp[1]/kgt_msn,58,478
consent_grp[1]/section_d[1]/kgt_name_gp[1]/kgt_lsn,58,478
consent_grp[1]/section_d[1]/kgt_name_gp[1]/kgt_ppn,58,478
consent_grp[1]/section_d[1]/kgt_name_gp[1]/d_sex,58,478
consent_grp[1]/section_d[1]/kgt_confirm_note,7,536
consent_grp[1]/section_d[1]/d_num_cnt,7,543
consent_grp[1]/section_d[1]/d_cnt_grp[1]/d_cnt_main,41,549
consent_grp[1]/section_d[1]/d_cnt_grp[1]/d_cnt_sec,39,549
consent_grp[1]/section_d[1]/d_age,8,591
consent_grp[1]/section_d[1]/d_teacher_grp[1]/d_been_teacher,42,600
consent_grp[1]/section_d[1]/d_teacher_grp[1]/d_teacher_year,42,600
consent_grp[1]/section_d[1]/d_teacher_grp[1]/d_teacher_month,42,600
consent_grp[1]/section_d[1]/d_been_kinder_grp[1]/d_been_kinder,27,642
consent_grp[1]/section_d[1]/d_been_kinder_grp[1]/d_kinder_year,27,642
consent_grp[1]/section_d[1]/d_been_kinder_grp[1]/d_kinder_month,27,642
consent_grp[1]/section_d[1]/d_work_last,7,669
consent_grp[1]/section_d[1]/d_os_yn,9,676
consent_grp[1]/section_d[1]/d_os_grp[1]/d_os_name,32,685
consent_grp[1]/section_d[1]/d_os_grp[1]/d_os_region,32,685
consent_grp[1]/section_d[1]/d_os_district,7,717
consent_grp[1]/section_d[1]/d_os_comm_sel,16,724
consent_grp[1]/section_d[1]/d_edu_level,22,739
consent_grp[1]/section_d[1]/d_edu_train,22,757
consent_grp[1]/section_d[1]/d_edu_level_train,16,783
consent_grp[1]/section_d[1]/d_edu_level_fath,6,799
consent_grp[1]/section_d[1]/d_edu_level_mom,6,806
consent_grp[1]/section_d[1]/d_marital_status,15,811
consent_grp[1]/section_d[1]/d_ethnic_group,5,826
consent_grp[1]/section_d[1]/d_religion,2,831
consent_grp[1]/section_d[1]/d_la_spk_grp[1]/d_la_spk_note,72,833
consent_grp[1]/section_d[1]/d_la_spk_grp[1]/d_la_spk_eng,72,833
consent_grp[1]/section_d[1]/d_la_spk_grp[1]/d_la_spk_dagb,72,833
consent_grp[1]/section_d[1]/d_la_wrt_grp[1]/d_la_wrt_note,16,905
consent_grp[1]/section_d[1]/d_la_wrt_grp[1]/d_la_wrt_eng,16,905
consent_grp[1]/section_d[1]/d_la_wrt_grp[1]/d_la_wrt_dagb,16,905
consent_grp[1]/section_d[1]/d_main_language,22,921
consent_grp[1]/section_d[1]/d_loc_lang_kinderg,9,943
consent_grp[1]/e_rel_grp[1]/e_hh_note,1,952
consent_grp[1]/e_rel_grp[1]/e_hh_num,29,954
consent_grp[1]/e_rel_grp[1]/e_hh_grp[1]/e_hh_head,43,983
consent_grp[1]/e_rel_grp[1]/e_hh_grp[1]/e_chil_hh,43,983
consent_grp[1]/e_rel_grp[1]/e_hh_grp[1]/e_adult_hh,43,983
consent_grp[1]/e_rel_grp[1]/e_hh_school,17,1025
consent_grp[1]/e_rel_grp[1]/e_read_english,7,1042
consent_grp[1]/e_rel_grp[1]/e_rate_health,8,1050
consent_grp[1]/e_rel_grp[1]/e_live_note,3,1057
consent_grp[1]/e_rel_grp[1]/e_rooms_occu,31,1061
consent_grp[1]/e_rel_grp[1]/e_own_status,8,1092
consent_grp[1]/e_rel_grp[1]/e_electricity_inhouse,6,1100
consent_grp[1]/e_rel_grp[1]/e_floor_material,24,1106
consent_grp[1]/e_rel_grp[1]/e_interior_floor,12,1126
consent_grp[1]/e_rel_grp[1]/e_roof_mat,21,1142
consent_grp[1]/e_rel_grp[1]/e_cook_fuel,11,1163
consent_grp[1]/e_rel_grp[1]/e_lighting,7,1174
consent_grp[1]/e_rel_grp[1]/e_drink_source,11,1180
consent_grp[1]/e_rel_grp[1]/e_toilet_facility,6,1192
consent_grp[1]/e_rel_grp[1]/e_asset_note,6,1198
consent_grp[1]/e_rel_grp[1]/e_hh_own_phone,12,1199
consent_grp[1]/e_rel_grp[1]/e_hh_ass_grp[1]/tmp_e_hh_ass_lab,104,1215
consent_grp[1]/e_rel_grp[1]/e_hh_ass_grp[1]/e_hh_ass_radio,104,1215
consent_grp[1]/e_rel_grp[1]/e_hh_ass_grp[1]/e_hh_ass_refrig,104,1215
consent_grp[1]/e_rel_grp[1]/e_hh_ass_grp[1]/e_hh_ass_bike,104,1215
consent_grp[1]/e_rel_grp[1]/e_hh_ass_grp[1]/e_hh_ass_tv,104,1215
consent_grp[1]/e_rel_grp[1]/e_hh_ass_grp[1]/e_hh_ass_vcr,104,1215
consent_grp[1]/e_rel_grp[1]/e_hh_ass_grp[1]/e_hh_ass_motor,104,1215
consent_grp[1]/e_rel_grp[1]/e_hh_ass_grp[1]/e_hh_ass_car,104,1215
consent_grp[1]/e_rel_grp[1]/e_hh_ass_grp[1]/e_hh_ass_tractor,104,1215
consent_grp[1]/e_rel_grp[1]/e_hh_ass_grp[1]/e_hh_ass_farm_equip,104,1215
consent_grp[1]/e_rel_grp[1]/e_hh_ass_grp[1]/e_hh_ass_sew_mach,104,1215
consent_grp[1]/e_rel_grp[1]/e_hh_ass_grp[1]/e_hh_ass_bed,104,1215
consent_grp[1]/e_rel_grp[1]/e_hh_ass_grp[1]/e_hh_ass_mattress,104,1215
consent_grp[1]/e_rel_grp[1]/e_hh_ass_grp[1]/e_hh_ass_table_chair,104,1215
consent_grp[1]/e_rel_grp[1]/e_hh_ass_grp[1]/e_hh_ass_stool,104,1215
consent_grp[1]/e_rel_grp[1]/e_hh_ass_grp[1]/e_hh_ass_sofa,104,1215
consent_grp[1]/e_rel_grp[1]/e_hh_ass_grp[1]/e_hh_ass_fan,104,1215
consent_grp[1]/e_rel_grp[1]/e_hh_ass_grp[1]/e_hh_ass_lamp,104,1215
consent_grp[1]/e_rel_grp[1]/e_hh_ass_grp[1]/e_hh_ass_watch,104,1215
consent_grp[1]/e_rel_grp[1]/e_hh_ass_grp[1]/e_hh_ass_mat,104,1215
consent_grp[1]/e_rel_grp[1]/e_hh_ass_grp[1]/e_hh_ass_torch,104,1215
consent_grp[1]/e_rel_grp[1]/e_hh_ass_grp[1]/e_hh_ass_cabinet,104,1215
consent_grp[1]/e_rel_grp[1]/e_hh_ass_grp[1]/e_hh_ass_pot,104,1215
consent_grp[1]/e_rel_grp[1]/e_hh_ass_grp[1]/e_hh_ass_itn,104,1215
consent_grp[1]/e_rel_grp[1]/e_hh_ass_grp[1]/e_hh_ass_iron_elec,104,1215
consent_grp[1]/e_rel_grp[1]/e_hh_ass_grp[1]/e_hh_ass_iron_coal,104,1215
consent_grp[1]/e_rel_grp[1]/e_hh_ass_grp[1]/e_hh_ass_iron_gas,104,1215
consent_grp[1]/f_rel_grp[1]/f_comm_note,4,1319
consent_grp[1]/f_rel_grp[1]/section_f[1]/f_born_comm,8,1323
consent_grp[1]/f_rel_grp[1]/section_f[1]/f_school_loc,12,1331
consent_grp[1]/f_rel_grp[1]/section_f[1]/f_lived_bef_teach,6,1343
consent_grp[1]/f_rel_grp[1]/section_f[1]/f_lived_grp[1]/f_lived_comm,28,1349
consent_grp[1]/f_rel_grp[1]/section_f[1]/f_lived_grp[1]/f_lived_comm_year,28,1349
consent_grp[1]/f_rel_grp[1]/section_f[1]/f_lived_grp[1]/f_lived_comm_month,28,1349
consent_grp[1]/f_rel_grp[1]/section_f[1]/f_fam_lived,16,1377
consent_grp[1]/f_rel_grp[1]/section_f[1]/f_emot_support,13,1393
consent_grp[1]/f_rel_grp[1]/section_f[1]/f_emot_support_num,11,1406
consent_grp[1]/f_rel_grp[1]/section_f[1]/f_lend_money,20,1416
consent_grp[1]/f_rel_grp[1]/section_f[1]/f_borrow_money,10,1436
consent_grp[1]/f_rel_grp[1]/section_f[1]/f_rel_live_nearby,19,1446
consent_grp[1]/f_rel_grp[1]/section_f[1]/f_part_comm,10,1465
consent_grp[1]/f_rel_grp[1]/section_f[1]/f_main_trans,11,1473
consent_grp[1]/f_rel_grp[1]/section_f[1]/f_min_get_sch_grp[1]/f_min_get_note,16,1485
consent_grp[1]/f_rel_grp[1]/section_f[1]/f_min_get_sch_grp[1]/f_h_get_school,16,1485
consent_grp[1]/f_rel_grp[1]/section_f[1]/f_min_get_sch_grp[1]/f_m_get_school,16,1485
consent_grp[1]/g_nature_wrk_note,4,1501
consent_grp[1]/section_g[1]/g_teach_pos,8,1502
consent_grp[1]/section_g[1]/g_teach_school,20,1513
consent_grp[1]/section_g[1]/g_kg_grade,22,1532
consent_grp[1]/section_g[1]/g_class_grp[1]/g_children_note,20,1555
consent_grp[1]/section_g[1]/g_class_grp[1]/g_kg_1,20,1555
consent_grp[1]/section_g[1]/g_ah_grp[1]/g_ah_note,128,1573
consent_grp[1]/section_g[1]/g_ah_grp[1]/g_ah_working,128,1573
consent_grp[1]/section_g[1]/g_ah_grp[1]/g_ah_prepping,128,1573
consent_grp[1]/section_g[1]/g_eh_grp[1]/g_eh_note,83,1702
consent_grp[1]/section_g[1]/g_eh_grp[1]/g_eh_working,83,1702
consent_grp[1]/section_g[1]/g_eh_grp[1]/g_eh_prepping,83,1702
consent_grp[1]/section_g[1]/g_teach_salary,20,1785
consent_grp[1]/section_g[1]/g_salary_freq,6,1805
consent_grp[1]/section_g[1]/g_salary_intime,17,1812
consent_grp[1]/section_g[1]/g_money_cmp,8,1828
consent_grp[1]/section_g[1]/g_extra_money_spec,8,1836
consent_grp[1]/section_g[1]/g_sch_pro_grp[1]/tmp_g_sch_pro_lab,94,1844
consent_grp[1]/section_g[1]/g_sch_pro_grp[1]/g_class,94,1844
consent_grp[1]/section_g[1]/g_sch_pro_grp[1]/g_class_taught,94,1844
consent_grp[1]/section_g[1]/g_sch_pro_grp[1]/g_fin_resource,94,1844
consent_grp[1]/section_g[1]/g_sch_pro_grp[1]/g_high_expe,94,1844
consent_grp[1]/section_g[1]/g_sch_pro_grp[1]/g_change_curri,94,1844
consent_grp[1]/section_g[1]/g_sch_pro_grp[1]/g_diff_curri,94,1844
consent_grp[1]/section_g[1]/g_sch_pro_grp[1]/g_easy_curri,94,1844
consent_grp[1]/section_g[1]/g_sch_pro_grp[1]/g_par_dem_high,94,1844
consent_grp[1]/section_g[1]/g_sch_pro_grp[1]/g_par_suff_interest,94,1844
consent_grp[1]/section_g[1]/g_sch_pro_grp[1]/g_par_suff_active,94,1844
consent_grp[1]/section_g[1]/g_par_supp_grp[1]/g_par_supp_note,9,1938
consent_grp[1]/section_g[1]/g_par_supp_grp[1]/g_home_wrk,17,1942
consent_grp[1]/section_g[1]/g_par_supp_grp[1]/g_behave_val,27,1964
consent_grp[1]/section_g[1]/g_par_supp_grp[1]/g_get_schl,15,1992
consent_grp[1]/section_g[1]/g_par_supp_grp[1]/g_visit_schl,10,2007
consent_grp[1]/section_g[1]/g_par_supp_grp[1]/g_show_respect,8,2017
consent_grp[1]/section_g[1]/g_par_supp_grp[1]/g_best_schl,13,2025
consent_grp[1]/section_g[1]/g_par_supp_grp[1]/g_parti_pta,9,2038
consent_grp[1]/section_g[1]/g_par_supp_grp[1]/g_cont_kg_act,11,2047
consent_grp[1]/section_g[1]/g_lead_respect,24,2058
consent_grp[1]/section_g[1]/g_val_citizen,12,2082
consent_grp[1]/section_h[1]/sec_h_depre_note,53,2093
consent_grp[1]/section_h[1]/h_depression_grp[1]/h_da_note,85,2143
consent_grp[1]/section_h[1]/h_depression_grp[1]/tmp_h_da_lab,85,2143
consent_grp[1]/section_h[1]/h_depression_grp[1]/h_headache,85,2143
consent_grp[1]/section_h[1]/h_depression_grp[1]/h_appetite,85,2143
consent_grp[1]/section_h[1]/h_depression_grp[1]/h_sleep,85,2143
consent_grp[1]/section_h[1]/h_depression_grp[1]/h_frightened,85,2143
consent_grp[1]/section_h[1]/h_depression_grp[1]/h_hands_shake,85,2143
consent_grp[1]/section_h[1]/h_depression_grp[1]/h_nervous,85,2143
consent_grp[1]/section_h[1]/h_depression_grp[1]/h_digestion,85,2143
consent_grp[1]/section_h[1]/h_depression_grp[1]/h_thinking,85,2143
consent_grp[1]/section_h[1]/h_depression_grp[1]/h_unhappy,85,2143
consent_grp[1]/section_h[1]/h_depression_grp[1]/h_cry,85,2143
consent_grp[1]/section_h[1]/h_depression_grp[1]/h_activities,85,2143
consent_grp[1]/section_h[1]/h_depression_grp[1]/h_decisions,85,2143
consent_grp[1]/section_h[1]/h_depression_grp[1]/h_daily_work,85,2143
consent_grp[1]/section_h[1]/h_depression_grp[1]/h_life,85,2143
consent_grp[1]/section_h[1]/h_depression_grp[1]/h_interest,85,2143
consent_grp[1]/section_h[1]/h_depression_grp[1]/h_worthless,85,2143
consent_grp[1]/section_h[1]/h_depression_grp[1]/h_end_life,85,2143
consent_grp[1]/section_h[1]/h_depression_grp[1]/h_tired,85,2143
consent_grp[1]/section_h[1]/h_depression_grp[1]/h_uncomfortable,85,2143
consent_grp[1]/section_h[1]/h_depression_grp[1]/h_easily_tired,85,2143
consent_grp[1]/section_h[1]/sec_h_ext_contr_note,8,2231
consent_grp[1]/section_h[1]/h_ext_control_grp[1]/h_ext_cont_note,1,2239
consent_grp[1]/section_h[1]/h_ext_control_grp[1]/h_pup_learn,11,2241
consent_grp[1]/section_h[1]/h_ext_control_grp[1]/h_discipline,13,2251
consent_grp[1]/section_h[1]/h_ext_control_grp[1]/h_stu_achieve,11,2264
consent_grp[1]/section_h[1]/h_ext_control_grp[1]/h_teach_motiv,14,2275
consent_grp[1]/section_h[1]/h_ext_control_grp[1]/h_good_teach,11,2289
consent_grp[1]/section_h[1]/sec_h_motiv_note,1,2300
consent_grp[1]/section_h[1]/h_motiv_grp[1]/h_motiv_note,8,2301
consent_grp[1]/section_h[1]/h_motiv_grp[1]/h_motiv_help,6,2309
consent_grp[1]/section_h[1]/h_motiv_grp[1]/h_quest_school,17,2316
consent_grp[1]/section_h[1]/h_motiv_grp[1]/h_help_child,6,2333
consent_grp[1]/section_h[1]/h_motiv_grp[1]/h_sch_goal,7,2339
consent_grp[1]/section_h[1]/h_motiv_grp[1]/h_help_emot,8,2346
consent_grp[1]/section_h[1]/h_motiv_grp[1]/h_enjoy_teach,4,2354
consent_grp[1]/section_h[1]/h_motiv_grp[1]/h_develop_society,6,2358
consent_grp[1]/section_h[1]/h_motiv_grp[1]/h_develop_socially,12,2364
consent_grp[1]/section_h[1]/h_motiv_grp[1]/h_perso_clear,7,2376
consent_grp[1]/section_h[1]/h_impor_thing,34,2382
consent_grp[1]/section_h[1]/h_job_satisfaction_grp[1]/h_job_satis_note,20,2416
consent_grp[1]/section_h[1]/h_job_satisfaction_grp[1]/h_look_out,12,2436
consent_grp[1]/section_h[1]/h_job_satisfaction_grp[1]/h_perso_worries,10,2448
consent_grp[1]/section_h[1]/h_job_satisfaction_grp[1]/h_know_col,8,2458
consent_grp[1]/section_h[1]/h_job_satisfaction_grp[1]/h_col_coop,8,2465
consent_grp[1]/section_h[1]/h_job_satisfaction_grp[1]/h_trust_col,6,2473
consent_grp[1]/section_h[1]/h_job_satisfaction_grp[1]/h_enjoy_col,7,2479
consent_grp[1]/section_h[1]/h_job_satisfaction_grp[1]/h_sup_respect,7,2486
consent_grp[1]/section_h[1]/h_job_satisfaction_grp[1]/h_sup_busy,8,2492
consent_grp[1]/section_h[1]/h_job_satisfaction_grp[1]/h_sup_opinion,8,2500
consent_grp[1]/section_h[1]/h_job_satisfaction_grp[1]/h_count_sup,14,2508
consent_grp[1]/section_h[1]/h_job_satisfaction_grp[1]/h_motivated,6,2522
consent_grp[1]/section_h[1]/h_job_satisfaction_grp[1]/h_sup_unpredict,7,2528
consent_grp[1]/section_h[1]/h_job_satisfaction_grp[1]/h_wrk_challenge,7,2535
consent_grp[1]/section_h[1]/h_job_satisfaction_grp[1]/h_wrk_monotonous,12,2542
consent_grp[1]/section_h[1]/h_job_satisfaction_grp[1]/h_wrk_creative,7,2553
consent_grp[1]/section_h[1]/h_job_satisfaction_grp[1]/h_big_impact,6,2560
consent_grp[1]/section_h[1]/h_job_satisfaction_grp[1]/h_little_time,9,2566
consent_grp[1]/section_h[1]/h_job_satisfaction_grp[1]/h_control_satis,8,2574
consent_grp[1]/section_h[1]/h_job_satisfaction_grp[1]/h_look,6,2583
consent_grp[1]/section_h[1]/h_job_satisfaction_grp[1]/h_small_space,8,2589
consent_grp[1]/section_h[1]/h_job_satisfaction_grp[1]/h_new_mat,6,2597
consent_grp[1]/section_h[1]/h_job_satisfaction_grp[1]/h_clean_kinder,9,2603
consent_grp[1]/section_h[1]/h_job_satisfaction_grp[1]/h_loud_kinder,9,2613
consent_grp[1]/section_h[1]/h_job_satisfaction_grp[1]/h_kinder_rules,9,2622
consent_grp[1]/section_h[1]/h_job_satisfaction_grp[1]/h_satisfied_paid,9,2631
consent_grp[1]/section_h[1]/h_burnout_grp[1]/h_burnout_note,13,2640
consent_grp[1]/section_h[1]/h_burnout_grp[1]/h_emotion_drained,29,2649
consent_grp[1]/section_h[1]/h_burnout_grp[1]/h_used_up,8,2681
consent_grp[1]/section_h[1]/h_burnout_grp[1]/h_fatigued,10,2689
consent_grp[1]/section_h[1]/h_burnout_grp[1]/h_child_feel,9,2699
consent_grp[1]/section_h[1]/h_burnout_grp[1]/h_child_impersonal,10,2709
consent_grp[1]/section_h[1]/h_burnout_grp[1]/h_ppl_strain,15,2719
consent_grp[1]/section_h[1]/h_burnout_grp[1]/h_deal_effect,10,2734
consent_grp[1]/section_h[1]/h_burnout_grp[1]/h_burnout,6,2744
consent_grp[1]/section_h[1]/h_burnout_grp[1]/h_pos_influence,7,2749
consent_grp[1]/section_h[1]/h_burnout_grp[1]/h_cold,9,2756
consent_grp[1]/section_h[1]/h_burnout_grp[1]/h_hard,11,2765
consent_grp[1]/section_h[1]/h_burnout_grp[1]/h_energetic,4,2776
consent_grp[1]/section_h[1]/h_burnout_grp[1]/h_frustrated,5,2780
consent_grp[1]/section_h[1]/h_burnout_grp[1]/h_work_hard,6,2785
consent_grp[1]/section_h[1]/h_burnout_grp[1]/h_dont_care,7,2791
consent_grp[1]/section_h[1]/h_burnout_grp[1]/h_put_pressure,9,2798
consent_grp[1]/section_h[1]/h_burnout_grp[1]/h_relax,8,2807
consent_grp[1]/section_h[1]/h_burnout_grp[1]/h_excited,7,2815
consent_grp[1]/section_h[1]/h_burnout_grp[1]/h_accomplished,8,2822
consent_grp[1]/section_h[1]/h_burnout_grp[1]/h_end_of_rop,13,2830
consent_grp[1]/section_h[1]/h_burnout_grp[1]/h_emot_pro_calm,6,2842
consent_grp[1]/i_teacher_knowledge_grp[1]/I_teach_know_note,6,2849
consent_grp[1]/i_teacher_knowledge_grp[1]/i_consonance,30,2855
consent_grp[1]/i_teacher_knowledge_grp[1]/i_vowel,30,2885
consent_grp[1]/i_teacher_knowledge_grp[1]/i_unbelievable,22,2915
consent_grp[1]/i_teacher_knowledge_grp[1]/i_irregular,10,2937
consent_grp[1]/i_teacher_knowledge_grp[1]/i_cat,8,2947
consent_grp[1]/i_teacher_knowledge_grp[1]/i_cough,35,2955
consent_grp[1]/i_teacher_knowledge_grp[1]/i_check,16,2990
consent_grp[1]/i_teacher_knowledge_grp[1]/i_english,12,3006
consent_grp[1]/j_perception_grp[1]/j_perception_note,26,3018
consent_grp[1]/j_perception_grp[1]/j_dev_practice_grp[1]/j_dev_practice_note,6,3044
consent_grp[1]/j_perception_grp[1]/j_dev_practice_grp[1]/j_child_need,11,3050
consent_grp[1]/j_perception_grp[1]/j_dev_practice_grp[1]/j_recog_letter,14,3061
consent_grp[1]/j_perception_grp[1]/j_dev_practice_grp[1]/j_recog_number,8,3075
consent_grp[1]/j_perception_grp[1]/j_dev_practice_grp[1]/j_recog_colour,10,3083
consent_grp[1]/j_perception_grp[1]/j_dev_practice_grp[1]/j_indiv_goal,9,3093
consent_grp[1]/j_perception_grp[1]/j_dev_practice_grp[1]/j_play_materials,6,3102
consent_grp[1]/j_perception_grp[1]/j_dev_practice_grp[1]/j_child_measure,9,3108
consent_grp[1]/j_perception_grp[1]/j_supp_chil_grp[1]/j_supp_chil_note,6,3116
consent_grp[1]/j_perception_grp[1]/j_supp_chil_grp[1]/j_build_relation,16,3122
consent_grp[1]/j_perception_grp[1]/j_supp_chil_grp[1]/j_control_behaviour,9,3138
consent_grp[1]/j_perception_grp[1]/j_supp_chil_grp[1]/j_express_thought,7,3147
consent_grp[1]/j_perception_grp[1]/j_supp_chil_grp[1]/j_resolve_conflicts,8,3154
consent_grp[1]/j_perception_grp[1]/j_supp_chil_grp[1]/j_guidance_style,13,3162
consent_grp[1]/j_perception_grp[1]/j_fam_sensitive_grp[1]/j_fam_sensitive_note,47,3175
consent_grp[1]/j_perception_grp[1]/j_fam_sensitive_grp[1]/j_parent_goal,47,3175
consent_grp[1]/j_perception_grp[1]/j_fam_sensitive_grp[1]/j_work_schedule,47,3175
consent_grp[1]/j_perception_grp[1]/j_fam_sensitive_grp[1]/j_fam_decision,47,3175
consent_grp[1]/j_perception_grp[1]/j_fam_sensitive_grp[1]/j_family_care,47,3175
consent_grp[1]/j_perception_grp[1]/j_fam_sensitive_grp[1]/j_connect_family,47,3175
consent_grp[1]/k_grp[1]/k_instro_note,18,3222
consent_grp[1]/k_grp[1]/k_ts_grp[1]/tmp_k_labels,105,3241
consent_grp[1]/k_grp[1]/k_ts_grp[1]/k_take_priviledges,105,3241
consent_grp[1]/k_grp[1]/k_ts_grp[1]/k_explain_behavior,105,3241
consent_grp[1]/k_grp[1]/k_ts_grp[1]/k_shook,105,3241
consent_grp[1]/k_grp[1]/k_ts_grp[1]/k_shouted,105,3241
consent_grp[1]/k_grp[1]/k_ts_grp[1]/k_gave_something,105,3241
consent_grp[1]/k_grp[1]/k_ts_grp[1]/k_spanked,105,3241
consent_grp[1]/k_grp[1]/k_ts_grp[1]/k_hit_bottom,105,3241
consent_grp[1]/k_grp[1]/k_ts_grp[1]/k_call_dumb,105,3241
consent_grp[1]/k_grp[1]/k_ts_grp[1]/k_hit_face,105,3241
consent_grp[1]/k_grp[1]/k_ts_grp[1]/k_praised,105,3241
consent_grp[1]/k_grp[1]/k_ts_grp[1]/k_affection,105,3241
consent_grp[1]/k_grp[1]/k_ts_grp[1]/k_rewarded,105,3241
consent_grp[1]/l_teaching_prac_grp[1]/l_note,8,3346
consent_grp[1]/l_teaching_prac_grp[1]/l_previos_kinder_act[1]/tmp_l_prac_lab,94,3353
consent_grp[1]/l_teaching_prac_grp[1]/l_previos_kinder_act[1]/l_hygiene_routine,94,3353
consent_grp[1]/l_teaching_prac_grp[1]/l_previos_kinder_act[1]/l_supply,94,3353
consent_grp[1]/l_teaching_prac_grp[1]/l_previos_kinder_act[1]/l_pamper,94,3353
consent_grp[1]/l_teaching_prac_grp[1]/l_previos_kinder_act[1]/l_read,94,3353
consent_grp[1]/l_teaching_prac_grp[1]/l_previos_kinder_act[1]/l_tell,94,3353
consent_grp[1]/l_teaching_prac_grp[1]/l_previos_kinder_act[1]/l_conversatin,94,3353
consent_grp[1]/l_teaching_prac_grp[1]/l_previos_kinder_act[1]/l_sing,94,3353
consent_grp[1]/l_teaching_prac_grp[1]/l_previos_kinder_act[1]/l_dance,94,3353
consent_grp[1]/l_teaching_prac_grp[1]/l_previos_kinder_act[1]/l_visit,94,3353
consent_grp[1]/l_teaching_prac_grp[1]/l_previos_kinder_act[1]/l_play_kg,94,3353
consent_grp[1]/l_teaching_prac_grp[1]/l_previos_kinder_act[1]/l_play_recrea,94,3353
consent_grp[1]/l_teaching_prac_grp[1]/l_previos_kinder_act[1]/l_sleep,94,3353
consent_grp[1]/l_teaching_prac_grp[1]/l_previos_kinder_act[1]/l_run,94,3353
consent_grp[1]/l_teaching_prac_grp[1]/l_previos_kinder_act[1]/l_group_learn,94,3353
consent_grp[1]/l_teaching_prac_grp[1]/l_previos_kinder_act[1]/l_indiv_learn,94,3353
consent_grp[1]/l_teaching_prac_grp[1]/l_class_acti_grp[1]/l_act_grp[1]/tmp_l_class_lab,61,3447
consent_grp[1]/l_teaching_prac_grp[1]/l_class_acti_grp[1]/l_act_grp[1]/l_teach_colour,61,3447
consent_grp[1]/l_teaching_prac_grp[1]/l_class_acti_grp[1]/l_act_grp[1]/l_teach_number,61,3447
consent_grp[1]/l_teaching_prac_grp[1]/l_class_acti_grp[1]/l_act_grp[1]/l_teach_letter,61,3447
consent_grp[1]/l_teaching_prac_grp[1]/l_class_acti_grp[1]/l_act_grp[1]/l_teach_form,61,3447
consent_grp[1]/l_teaching_prac_grp[1]/l_class_acti_grp[1]/l_act_grp[1]/l_socialise,61,3447
consent_grp[1]/l_teaching_prac_grp[1]/l_class_acti_grp[1]/l_act_grp[1]/l_pro_solve,61,3447
consent_grp[1]/l_teaching_prac_grp[1]/l_class_acti_grp[1]/l_act_grp[1]/l_writing,61,3447
consent_grp[1]/l_teaching_prac_grp[1]/l_class_acti_grp[1]/l_act_grp[1]/l_teach_body,61,3447
consent_grp[1]/l_teaching_prac_grp[1]/l_class_acti_grp[1]/l_act_grp[1]/l_pers_hygiene,61,3447
consent_grp[1]/l_teaching_prac_grp[1]/l_class_acti_grp[1]/l_act_grp[1]/l_art_expre,61,3447
consent_grp[1]/l_teaching_prac_grp[1]/l_class_acti_grp[1]/l_act_grp[1]/l_body_lang,61,3447
consent_grp[1]/l_teaching_prac_grp[1]/l_class_acti_grp[1]/l_act_grp[1]/l_concentration,61,3447
consent_grp[1]/l_teaching_prac_grp[1]/l_class_acti_grp[1]/l_act_grp[1]/l_gross_motor,61,3447
consent_grp[1]/l_teaching_prac_grp[1]/l_class_acti_grp[1]/l_act_grp[1]/l_fine_motor,61,3447
consent_grp[1]/l_teaching_prac_grp[1]/l_class_acti_grp[1]/l_act_grp[1]/l_gender,61,3447
consent_grp[1]/l_teaching_prac_grp[1]/l_class_acti_grp[1]/l_act_grp[1]/l_responsibility,61,3447
consent_grp[1]/l_teaching_prac_grp[1]/l_class_acti_grp[1]/l_act_grp[1]/l_speech,61,3447
consent_grp[1]/l_teaching_prac_grp[1]/l_class_acti_grp[1]/l_act_grp[1]/l_explore_comm,61,3447
consent_grp[1]/l_teaching_prac_grp[1]/l_class_acti_grp[1]/l_act_grp[1]/l_explore_culture,61,3447
consent_grp[1]/l_teaching_prac_grp[1]/l_parent_interact_note,7,3508
consent_grp[1]/l_teaching_prac_grp[1]/l_actively_engaged,23,3515
consent_grp[1]/l_teaching_prac_grp[1]/l_proportion_child,11,3538
consent_grp[1]/l_teaching_prac_grp[1]/l_proportion_child_more,16,3548
consent_grp[1]/l_teaching_prac_grp[1]/l_visit_pupil_house,11,3566
consent_grp[1]/l_teaching_prac_grp[1]/l_visit_parent_house,4,3577
consent_grp[1]/l_teaching_prac_grp[1]/l_receive_parent_supp,12,3580
consent_grp[1]/l_teaching_prac_grp[1]/l_day_teaching_note,5,3593
consent_grp[1]/l_teaching_prac_grp[1]/l_day_grp[1]/tmp_l_labs,41,3598
consent_grp[1]/l_teaching_prac_grp[1]/l_day_grp[1]/l_daily_schedule,41,3598
consent_grp[1]/l_teaching_prac_grp[1]/l_day_grp[1]/l_play_period,41,3598
consent_grp[1]/l_teaching_prac_grp[1]/l_day_grp[1]/l_free_play,41,3598
consent_grp[1]/l_teaching_prac_grp[1]/l_day_grp[1]/l_activities,41,3598
consent_grp[1]/l_teaching_prac_grp[1]/l_per_daily_grp[1]/l_perc_note,194,3638
consent_grp[1]/l_teaching_prac_grp[1]/l_per_daily_grp[1]/l_admin_per,194,3638
consent_grp[1]/l_teaching_prac_grp[1]/l_per_daily_grp[1]/l_class_per,194,3638
consent_grp[1]/l_teaching_prac_grp[1]/l_per_daily_grp[1]/l_teach_per,194,3638
consent_grp[1]/l_teaching_prac_grp[1]/l_per_daily_grp[1]/l_super_per,194,3638
consent_grp[1]/l_teaching_prac_grp[1]/l_per_daily_grp[1]/l_super_oth_per,194,3638
consent_grp[1]/l_teaching_prac_grp[1]/l_per_daily_grp[1]/l_break_per,194,3638
consent_grp[1]/l_teaching_prac_grp[1]/l_discipline_note,3,3834
consent_grp[1]/l_teaching_prac_grp[1]/l_dont_like,17,3837
consent_grp[1]/l_teaching_prac_grp[1]/l_really_bad,41,3854
consent_grp[1]/l_teaching_prac_grp[1]/l_does_good,14,3894
consent_grp[1]/l_teaching_prac_grp[1]/l_praise,5,3909
consent_grp[1]/q_note,8,3913
consent_grp[1]/q_activ_yn,17,3921
s_int_accom_yn,2,3939
comments,25,3940
