Field name,Total duration (seconds),First appeared (seconds into survey)
instruction,2,138
a_district_id,4,141
a_circuit_id,12,145
a_kg_id,9,157
a_community_id,17,167
a_enum_id,10,184
consent_note,196,194
con_understand,358,390
con_questions,15,747
con_written,3,762
consent_grp[1]/audio_consent,2,765
consent_grp[1]/d_background_note,9,768
consent_grp[1]/section_d[1]/kgt_key,60,774
consent_grp[1]/section_d[1]/kgt_confirm_note,48,836
consent_grp[1]/section_d[1]/d_num_cnt,30,885
consent_grp[1]/section_d[1]/d_cnt_grp[1]/d_cnt_main,54,911
consent_grp[1]/section_d[1]/d_cnt_grp[1]/d_cnt_sec,46,923
consent_grp[1]/section_d[1]/d_work_last,20,968
consent_grp[1]/section_d[1]/d_edu_level,18,989
consent_grp[1]/section_d[1]/d_edu_train,16,1006
consent_grp[1]/section_d[1]/d_edu_level_train,20,1022
consent_grp[1]/section_d[1]/d_marital_status,7,1042
consent_grp[1]/section_d[1]/d_religion,8,1050
consent_grp[1]/section_d[1]/d_la_spk_grp[1]/d_la_spk_note,55,1058
consent_grp[1]/section_d[1]/d_la_spk_grp[1]/d_la_spk_eng,55,1058
consent_grp[1]/section_d[1]/d_la_spk_grp[1]/d_la_spk_grun,55,1058
consent_grp[1]/section_d[1]/d_la_wrt_grp[1]/d_la_wrt_note,21,1112
consent_grp[1]/section_d[1]/d_la_wrt_grp[1]/d_la_wrt_eng,21,1112
consent_grp[1]/section_d[1]/d_la_wrt_grp[1]/d_la_wrt_grun,21,1112
consent_grp[1]/section_d[1]/d_main_language,22,1133
consent_grp[1]/section_d[1]/d_loc_lang_kinderg,25,1155
consent_grp[1]/f_moved_yn,34,1180
consent_grp[1]/g_nature_wrk_note,11,1214
consent_grp[1]/section_g[1]/g_teach_pos,19,1225
consent_grp[1]/section_g[1]/g_teach_school,10,1244
consent_grp[1]/section_g[1]/g_kg_grade,12,1254
consent_grp[1]/section_g[1]/g_class_grp[1]/g_children_note,79,1267
consent_grp[1]/section_g[1]/g_class_grp[1]/g_kg_1,79,1267
consent_grp[1]/section_g[1]/g_ah_grp[1]/g_ah_note,371,1346
consent_grp[1]/section_g[1]/g_ah_grp[1]/g_ah_working,371,1346
consent_grp[1]/section_g[1]/g_ah_grp[1]/g_ah_prepping,371,1346
consent_grp[1]/section_g[1]/g_eh_grp[1]/g_eh_note,351,1675
consent_grp[1]/section_g[1]/g_eh_grp[1]/g_eh_working,351,1675
consent_grp[1]/section_g[1]/g_eh_grp[1]/g_eh_prepping,351,1675
consent_grp[1]/section_g[1]/g_teach_salary,130,2069
consent_grp[1]/section_g[1]/g_salary_freq,18,2190
consent_grp[1]/section_g[1]/g_salary_intime,49,2216
consent_grp[1]/section_g[1]/g_money_cmp,14,2266
consent_grp[1]/section_g[1]/g_job_outside,39,2280
consent_grp[1]/section_g[1]/g_extra_money_spec,39,2319
consent_grp[1]/section_g[1]/g_sch_pro_grp[1]/tmp_g_sch_pro_lab,259,2358
consent_grp[1]/section_g[1]/g_sch_pro_grp[1]/g_class,259,2358
consent_grp[1]/section_g[1]/g_sch_pro_grp[1]/g_class_taught,259,2358
consent_grp[1]/section_g[1]/g_sch_pro_grp[1]/g_fin_resource,259,2358
consent_grp[1]/section_g[1]/g_sch_pro_grp[1]/g_high_expe,259,2358
consent_grp[1]/section_g[1]/g_sch_pro_grp[1]/g_change_curri,259,2358
consent_grp[1]/section_g[1]/g_sch_pro_grp[1]/g_diff_curri,259,2358
consent_grp[1]/section_g[1]/g_sch_pro_grp[1]/g_easy_curri,259,2358
consent_grp[1]/section_g[1]/g_sch_pro_grp[1]/g_par_dem_high,259,2358
consent_grp[1]/section_g[1]/g_sch_pro_grp[1]/g_par_suff_interest,259,2358
consent_grp[1]/section_g[1]/g_sch_pro_grp[1]/g_par_suff_active,259,2358
consent_grp[1]/section_g[1]/g_par_supp_grp[1]/g_par_supp_note,25,2617
consent_grp[1]/section_g[1]/g_par_supp_grp[1]/g_home_wrk,28,2642
consent_grp[1]/section_g[1]/g_par_supp_grp[1]/g_behave_val,43,2670
consent_grp[1]/section_g[1]/g_par_supp_grp[1]/g_get_schl,10,2713
consent_grp[1]/section_g[1]/g_par_supp_grp[1]/g_visit_schl,13,2723
consent_grp[1]/section_g[1]/g_par_supp_grp[1]/g_show_respect,9,2736
consent_grp[1]/section_g[1]/g_par_supp_grp[1]/g_best_schl,17,2745
consent_grp[1]/section_g[1]/g_par_supp_grp[1]/g_parti_pta,33,2762
consent_grp[1]/section_g[1]/g_par_supp_grp[1]/g_cont_kg_act,16,2795
consent_grp[1]/section_g[1]/g_lead_respect,15,2811
consent_grp[1]/section_g[1]/g_val_citizen,30,2826
consent_grp[1]/section_h[1]/sec_h_depre_note,60,2855
consent_grp[1]/section_h[1]/h_depression_grp[1]/h_da_note,179,2915
consent_grp[1]/section_h[1]/h_depression_grp[1]/tmp_h_da_lab,179,2915
consent_grp[1]/section_h[1]/h_depression_grp[1]/h_headache,179,2915
consent_grp[1]/section_h[1]/h_depression_grp[1]/h_appetite,179,2915
consent_grp[1]/section_h[1]/h_depression_grp[1]/h_sleep,179,2915
consent_grp[1]/section_h[1]/h_depression_grp[1]/h_frightened,179,2915
consent_grp[1]/section_h[1]/h_depression_grp[1]/h_hands_shake,179,2915
consent_grp[1]/section_h[1]/h_depression_grp[1]/h_nervous,179,2915
consent_grp[1]/section_h[1]/h_depression_grp[1]/h_digestion,179,2915
consent_grp[1]/section_h[1]/h_depression_grp[1]/h_thinking,179,2915
consent_grp[1]/section_h[1]/h_depression_grp[1]/h_unhappy,179,2915
consent_grp[1]/section_h[1]/h_depression_grp[1]/h_cry,179,2915
consent_grp[1]/section_h[1]/h_depression_grp[1]/h_activities,179,2915
consent_grp[1]/section_h[1]/h_depression_grp[1]/h_decisions,179,2915
consent_grp[1]/section_h[1]/h_depression_grp[1]/h_daily_work,179,2915
consent_grp[1]/section_h[1]/h_depression_grp[1]/h_life,179,2915
consent_grp[1]/section_h[1]/h_depression_grp[1]/h_interest,179,2915
consent_grp[1]/section_h[1]/h_depression_grp[1]/h_worthless,179,2915
consent_grp[1]/section_h[1]/h_depression_grp[1]/h_end_life,179,2915
consent_grp[1]/section_h[1]/h_depression_grp[1]/h_tired,179,2915
consent_grp[1]/section_h[1]/h_depression_grp[1]/h_uncomfortable,179,2915
consent_grp[1]/section_h[1]/h_depression_grp[1]/h_easily_tired,179,2915
consent_grp[1]/section_h[1]/sec_h_ext_contr_note,12,3094
consent_grp[1]/section_h[1]/h_ext_control_grp[1]/h_ext_cont_note,18,3106
consent_grp[1]/section_h[1]/h_ext_control_grp[1]/h_pup_learn,49,3124
consent_grp[1]/section_h[1]/h_ext_control_grp[1]/h_discipline,63,3173
consent_grp[1]/section_h[1]/h_ext_control_grp[1]/h_stu_achieve,31,3191
consent_grp[1]/section_h[1]/h_ext_control_grp[1]/h_teach_motiv,24,3267
consent_grp[1]/section_h[1]/h_ext_control_grp[1]/h_good_teach,25,3291
consent_grp[1]/section_h[1]/sec_h_motiv_note,4,3316
consent_grp[1]/section_h[1]/h_motiv_grp[1]/h_motiv_note,13,3320
consent_grp[1]/section_h[1]/h_motiv_grp[1]/h_motiv_help,12,3333
consent_grp[1]/section_h[1]/h_motiv_grp[1]/h_quest_school,25,3345
consent_grp[1]/section_h[1]/h_motiv_grp[1]/h_help_child,19,3370
consent_grp[1]/section_h[1]/h_motiv_grp[1]/h_sch_goal,9,3389
consent_grp[1]/section_h[1]/h_motiv_grp[1]/h_help_emot,19,3398
consent_grp[1]/section_h[1]/h_motiv_grp[1]/h_enjoy_teach,8,3418
consent_grp[1]/section_h[1]/h_motiv_grp[1]/h_develop_society,15,3425
consent_grp[1]/section_h[1]/h_motiv_grp[1]/h_develop_socially,12,3440
consent_grp[1]/section_h[1]/h_motiv_grp[1]/h_perso_clear,7,3452
consent_grp[1]/section_h[1]/h_impor_thing,67,3458
consent_grp[1]/section_h[1]/h_job_satisfaction_grp[1]/h_job_satis_note,25,3525
consent_grp[1]/section_h[1]/h_job_satisfaction_grp[1]/h_look_out,53,3550
consent_grp[1]/section_h[1]/h_job_satisfaction_grp[1]/h_perso_worries,7,3603
consent_grp[1]/section_h[1]/h_job_satisfaction_grp[1]/h_know_col,47,3610
consent_grp[1]/section_h[1]/h_job_satisfaction_grp[1]/h_col_coop,14,3657
consent_grp[1]/section_h[1]/h_job_satisfaction_grp[1]/h_trust_col,26,3671
consent_grp[1]/section_h[1]/h_job_satisfaction_grp[1]/h_enjoy_col,10,3697
consent_grp[1]/section_h[1]/h_job_satisfaction_grp[1]/h_sup_respect,12,3707
consent_grp[1]/section_h[1]/h_job_satisfaction_grp[1]/h_sup_busy,11,3719
consent_grp[1]/section_h[1]/h_job_satisfaction_grp[1]/h_sup_opinion,9,3730
consent_grp[1]/section_h[1]/h_job_satisfaction_grp[1]/h_count_sup,16,3739
consent_grp[1]/section_h[1]/h_job_satisfaction_grp[1]/h_motivated,17,3752
consent_grp[1]/section_h[1]/h_job_satisfaction_grp[1]/h_sup_unpredict,7,3771
consent_grp[1]/section_h[1]/h_job_satisfaction_grp[1]/h_wrk_challenge,13,3778
consent_grp[1]/section_h[1]/h_job_satisfaction_grp[1]/h_wrk_monotonous,42,3791
consent_grp[1]/section_h[1]/h_job_satisfaction_grp[1]/h_wrk_creative,6,3833
consent_grp[1]/section_h[1]/h_job_satisfaction_grp[1]/h_big_impact,20,3839
consent_grp[1]/section_h[1]/h_job_satisfaction_grp[1]/h_little_time,16,3859
consent_grp[1]/section_h[1]/h_job_satisfaction_grp[1]/h_control_satis,27,3875
consent_grp[1]/section_h[1]/h_job_satisfaction_grp[1]/h_look,33,3903
consent_grp[1]/section_h[1]/h_job_satisfaction_grp[1]/h_small_space,23,3935
consent_grp[1]/section_h[1]/h_job_satisfaction_grp[1]/h_new_mat,8,3958
consent_grp[1]/section_h[1]/h_job_satisfaction_grp[1]/h_clean_kinder,40,3966
consent_grp[1]/section_h[1]/h_job_satisfaction_grp[1]/h_loud_kinder,8,4007
consent_grp[1]/section_h[1]/h_job_satisfaction_grp[1]/h_kinder_rules,8,4015
consent_grp[1]/section_h[1]/h_job_satisfaction_grp[1]/h_satisfied_paid,11,4023
consent_grp[1]/section_h[1]/h_burnout_grp[1]/h_burnout_note,21,4035
consent_grp[1]/section_h[1]/h_burnout_grp[1]/h_emotion_drained,87,4056
consent_grp[1]/section_h[1]/h_burnout_grp[1]/h_used_up,29,4143
consent_grp[1]/section_h[1]/h_burnout_grp[1]/h_fatigued,29,4155
consent_grp[1]/section_h[1]/h_burnout_grp[1]/h_child_feel,16,4201
consent_grp[1]/section_h[1]/h_burnout_grp[1]/h_child_impersonal,22,4217
consent_grp[1]/section_h[1]/h_burnout_grp[1]/h_ppl_strain,26,4238
consent_grp[1]/section_h[1]/h_burnout_grp[1]/h_deal_effect,59,4259
consent_grp[1]/section_h[1]/h_burnout_grp[1]/h_burnout,8,4324
consent_grp[1]/section_h[1]/h_burnout_grp[1]/h_pos_influence,33,4332
consent_grp[1]/section_h[1]/h_burnout_grp[1]/h_cold,11,4365
consent_grp[1]/section_h[1]/h_burnout_grp[1]/h_hard,13,4375
consent_grp[1]/section_h[1]/h_burnout_grp[1]/h_energetic,20,4388
consent_grp[1]/section_h[1]/h_burnout_grp[1]/h_frustrated,5,4408
consent_grp[1]/section_h[1]/h_burnout_grp[1]/h_work_hard,11,4414
consent_grp[1]/section_h[1]/h_burnout_grp[1]/h_dont_care,9,4425
consent_grp[1]/section_h[1]/h_burnout_grp[1]/h_put_pressure,48,4434
consent_grp[1]/section_h[1]/h_burnout_grp[1]/h_relax,17,4483
consent_grp[1]/section_h[1]/h_burnout_grp[1]/h_excited,13,4500
consent_grp[1]/section_h[1]/h_burnout_grp[1]/h_accomplished,33,4513
consent_grp[1]/section_h[1]/h_burnout_grp[1]/h_end_of_rop,21,4546
consent_grp[1]/section_h[1]/h_burnout_grp[1]/h_emot_pro_calm,17,4567
consent_grp[1]/i_teacher_knowledge_grp[1]/I_teach_know_note,14,4584
consent_grp[1]/i_teacher_knowledge_grp[1]/i_consonance,59,4598
consent_grp[1]/i_teacher_knowledge_grp[1]/i_vowel,11,4658
consent_grp[1]/i_teacher_knowledge_grp[1]/i_unbelievable,21,4668
consent_grp[1]/i_teacher_knowledge_grp[1]/i_irregular,32,4689
consent_grp[1]/i_teacher_knowledge_grp[1]/i_cat,35,4721
consent_grp[1]/i_teacher_knowledge_grp[1]/i_cough,25,4756
consent_grp[1]/i_teacher_knowledge_grp[1]/i_check,17,4781
consent_grp[1]/i_teacher_knowledge_grp[1]/i_english,25,4798
consent_grp[1]/j_perception_grp[1]/j_perception_note,57,4823
consent_grp[1]/j_perception_grp[1]/j_dev_practice_grp[1]/j_dev_practice_note,65,4880
consent_grp[1]/j_perception_grp[1]/j_dev_practice_grp[1]/j_child_need,21,4945
consent_grp[1]/j_perception_grp[1]/j_dev_practice_grp[1]/j_recog_letter,19,4966
consent_grp[1]/j_perception_grp[1]/j_dev_practice_grp[1]/j_recog_number,14,4985
consent_grp[1]/j_perception_grp[1]/j_dev_practice_grp[1]/j_recog_colour,7,4998
consent_grp[1]/j_perception_grp[1]/j_dev_practice_grp[1]/j_indiv_goal,19,5005
consent_grp[1]/j_perception_grp[1]/j_dev_practice_grp[1]/j_play_materials,9,5024
consent_grp[1]/j_perception_grp[1]/j_dev_practice_grp[1]/j_child_measure,15,5033
consent_grp[1]/j_perception_grp[1]/j_supp_chil_grp[1]/j_supp_chil_note,6,5047
consent_grp[1]/j_perception_grp[1]/j_supp_chil_grp[1]/j_build_relation,9,5054
consent_grp[1]/j_perception_grp[1]/j_supp_chil_grp[1]/j_control_behaviour,8,5063
consent_grp[1]/j_perception_grp[1]/j_supp_chil_grp[1]/j_express_thought,6,5071
consent_grp[1]/j_perception_grp[1]/j_supp_chil_grp[1]/j_resolve_conflicts,7,5076
consent_grp[1]/j_perception_grp[1]/j_supp_chil_grp[1]/j_guidance_style,56,5083
consent_grp[1]/j_perception_grp[1]/j_fam_sensitive_grp[1]/j_fam_sensitive_note,57,5139
consent_grp[1]/j_perception_grp[1]/j_fam_sensitive_grp[1]/j_parent_goal,57,5139
consent_grp[1]/j_perception_grp[1]/j_fam_sensitive_grp[1]/j_work_schedule,57,5139
consent_grp[1]/j_perception_grp[1]/j_fam_sensitive_grp[1]/j_fam_decision,57,5139
consent_grp[1]/j_perception_grp[1]/j_fam_sensitive_grp[1]/j_family_care,57,5139
consent_grp[1]/j_perception_grp[1]/j_fam_sensitive_grp[1]/j_connect_family,57,5139
consent_grp[1]/k_grp[1]/k_instro_note,25,5196
consent_grp[1]/k_grp[1]/k_ts_grp[1]/tmp_k_labels,133,5221
consent_grp[1]/k_grp[1]/k_ts_grp[1]/k_take_priviledges,133,5221
consent_grp[1]/k_grp[1]/k_ts_grp[1]/k_explain_behavior,133,5221
consent_grp[1]/k_grp[1]/k_ts_grp[1]/k_shook,133,5221
consent_grp[1]/k_grp[1]/k_ts_grp[1]/k_shouted,133,5221
consent_grp[1]/k_grp[1]/k_ts_grp[1]/k_gave_something,133,5221
consent_grp[1]/k_grp[1]/k_ts_grp[1]/k_spanked,133,5221
consent_grp[1]/k_grp[1]/k_ts_grp[1]/k_hit_bottom,133,5221
consent_grp[1]/k_grp[1]/k_ts_grp[1]/k_call_dumb,133,5221
consent_grp[1]/k_grp[1]/k_ts_grp[1]/k_hit_face,133,5221
consent_grp[1]/k_grp[1]/k_ts_grp[1]/k_praised,133,5221
consent_grp[1]/k_grp[1]/k_ts_grp[1]/k_affection,133,5221
consent_grp[1]/k_grp[1]/k_ts_grp[1]/k_rewarded,133,5221
consent_grp[1]/l_teaching_prac_grp[1]/l_note,20,5352
consent_grp[1]/l_teaching_prac_grp[1]/l_previos_kinder_act[1]/tmp_l_prac_lab,133,5357
consent_grp[1]/l_teaching_prac_grp[1]/l_previos_kinder_act[1]/l_hygiene_routine,133,5357
consent_grp[1]/l_teaching_prac_grp[1]/l_previos_kinder_act[1]/l_supply,133,5357
consent_grp[1]/l_teaching_prac_grp[1]/l_previos_kinder_act[1]/l_pamper,133,5357
consent_grp[1]/l_teaching_prac_grp[1]/l_previos_kinder_act[1]/l_read,133,5357
consent_grp[1]/l_teaching_prac_grp[1]/l_previos_kinder_act[1]/l_tell,133,5357
consent_grp[1]/l_teaching_prac_grp[1]/l_previos_kinder_act[1]/l_conversatin,133,5357
consent_grp[1]/l_teaching_prac_grp[1]/l_previos_kinder_act[1]/l_sing,133,5357
consent_grp[1]/l_teaching_prac_grp[1]/l_previos_kinder_act[1]/l_dance,133,5357
consent_grp[1]/l_teaching_prac_grp[1]/l_previos_kinder_act[1]/l_visit,133,5357
consent_grp[1]/l_teaching_prac_grp[1]/l_previos_kinder_act[1]/l_play_kg,133,5357
consent_grp[1]/l_teaching_prac_grp[1]/l_previos_kinder_act[1]/l_play_recrea,133,5357
consent_grp[1]/l_teaching_prac_grp[1]/l_previos_kinder_act[1]/l_sleep,133,5357
consent_grp[1]/l_teaching_prac_grp[1]/l_previos_kinder_act[1]/l_run,133,5357
consent_grp[1]/l_teaching_prac_grp[1]/l_previos_kinder_act[1]/l_group_learn,133,5357
consent_grp[1]/l_teaching_prac_grp[1]/l_previos_kinder_act[1]/l_indiv_learn,133,5357
consent_grp[1]/l_teaching_prac_grp[1]/l_class_acti_grp[1]/l_act_grp[1]/tmp_l_class_lab,86,5398
consent_grp[1]/l_teaching_prac_grp[1]/l_class_acti_grp[1]/l_act_grp[1]/l_teach_colour,86,5398
consent_grp[1]/l_teaching_prac_grp[1]/l_class_acti_grp[1]/l_act_grp[1]/l_teach_number,86,5398
consent_grp[1]/l_teaching_prac_grp[1]/l_class_acti_grp[1]/l_act_grp[1]/l_teach_letter,86,5398
consent_grp[1]/l_teaching_prac_grp[1]/l_class_acti_grp[1]/l_act_grp[1]/l_teach_form,86,5398
consent_grp[1]/l_teaching_prac_grp[1]/l_class_acti_grp[1]/l_act_grp[1]/l_socialise,86,5398
consent_grp[1]/l_teaching_prac_grp[1]/l_class_acti_grp[1]/l_act_grp[1]/l_pro_solve,86,5398
consent_grp[1]/l_teaching_prac_grp[1]/l_class_acti_grp[1]/l_act_grp[1]/l_writing,86,5398
consent_grp[1]/l_teaching_prac_grp[1]/l_class_acti_grp[1]/l_act_grp[1]/l_teach_body,86,5398
consent_grp[1]/l_teaching_prac_grp[1]/l_class_acti_grp[1]/l_act_grp[1]/l_pers_hygiene,86,5398
consent_grp[1]/l_teaching_prac_grp[1]/l_class_acti_grp[1]/l_act_grp[1]/l_art_expre,86,5398
consent_grp[1]/l_teaching_prac_grp[1]/l_class_acti_grp[1]/l_act_grp[1]/l_body_lang,86,5398
consent_grp[1]/l_teaching_prac_grp[1]/l_class_acti_grp[1]/l_act_grp[1]/l_concentration,86,5398
consent_grp[1]/l_teaching_prac_grp[1]/l_class_acti_grp[1]/l_act_grp[1]/l_gross_motor,86,5398
consent_grp[1]/l_teaching_prac_grp[1]/l_class_acti_grp[1]/l_act_grp[1]/l_fine_motor,86,5398
consent_grp[1]/l_teaching_prac_grp[1]/l_class_acti_grp[1]/l_act_grp[1]/l_gender,86,5398
consent_grp[1]/l_teaching_prac_grp[1]/l_class_acti_grp[1]/l_act_grp[1]/l_responsibility,86,5398
consent_grp[1]/l_teaching_prac_grp[1]/l_class_acti_grp[1]/l_act_grp[1]/l_speech,86,5398
consent_grp[1]/l_teaching_prac_grp[1]/l_class_acti_grp[1]/l_act_grp[1]/l_explore_comm,86,5398
consent_grp[1]/l_teaching_prac_grp[1]/l_class_acti_grp[1]/l_act_grp[1]/l_explore_culture,86,5398
consent_grp[1]/l_teaching_prac_grp[1]/l_parent_interact_note,12,5400
consent_grp[1]/l_teaching_prac_grp[1]/l_actively_engaged,35,5404
consent_grp[1]/l_teaching_prac_grp[1]/l_proportion_child,20,5407
consent_grp[1]/l_teaching_prac_grp[1]/l_proportion_child_more,16,5410
consent_grp[1]/l_teaching_prac_grp[1]/l_visit_pupil_house,39,5411
consent_grp[1]/l_teaching_prac_grp[1]/l_visit_parent_house,30,5413
consent_grp[1]/l_teaching_prac_grp[1]/l_receive_parent_supp,90,5415
comments,11,5539
s_int_accom_yn,6,5542
consent_grp[1]/q_activ_yn,14,5544
consent_grp[1]/l_teaching_prac_grp[1]/l_discipline_note,7,5546
consent_grp[1]/l_teaching_prac_grp[1]/l_per_daily_grp[1]/l_perc_note,280,5548
consent_grp[1]/l_teaching_prac_grp[1]/l_per_daily_grp[1]/l_admin_per,280,5548
consent_grp[1]/l_teaching_prac_grp[1]/l_per_daily_grp[1]/l_class_per,280,5548
consent_grp[1]/l_teaching_prac_grp[1]/l_per_daily_grp[1]/l_teach_per,280,5548
consent_grp[1]/l_teaching_prac_grp[1]/l_per_daily_grp[1]/l_super_per,280,5548
consent_grp[1]/l_teaching_prac_grp[1]/l_per_daily_grp[1]/l_super_oth_per,280,5548
consent_grp[1]/l_teaching_prac_grp[1]/l_per_daily_grp[1]/l_break_per,280,5548
consent_grp[1]/l_teaching_prac_grp[1]/l_day_teaching_note,5,5905
consent_grp[1]/l_teaching_prac_grp[1]/l_day_grp[1]/tmp_l_labs,56,5910
consent_grp[1]/l_teaching_prac_grp[1]/l_day_grp[1]/l_daily_schedule,56,5910
consent_grp[1]/l_teaching_prac_grp[1]/l_day_grp[1]/l_play_period,56,5910
consent_grp[1]/l_teaching_prac_grp[1]/l_day_grp[1]/l_free_play,56,5910
consent_grp[1]/l_teaching_prac_grp[1]/l_day_grp[1]/l_activities,56,5910
consent_grp[1]/l_teaching_prac_grp[1]/l_dont_like,66,6250
consent_grp[1]/l_teaching_prac_grp[1]/l_really_bad,38,6316
consent_grp[1]/l_teaching_prac_grp[1]/l_does_good,62,6344
consent_grp[1]/l_teaching_prac_grp[1]/l_praise,27,6417
consent_grp[1]/q_note,23,6444
s_int_accom,16,6483
