Field name,Total duration (seconds),First appeared (seconds into survey)
instruction,8,80
a_district_id,3,88
a_circuit_id,5,91
a_kg_id,14,96
a_community_id,2,110
a_enum_id,9,112
consent_note,442,121
con_understand,2,563
con_questions,5,565
con_written,3,571
consent_grp[1]/audio_consent,3,574
consent_grp[1]/d_background_note,1,577
consent_grp[1]/section_d[1]/kgt_key,5,578
consent_grp[1]/section_d[1]/kgt_confirm_note,7,583
consent_grp[1]/section_d[1]/d_num_cnt,4,590
consent_grp[1]/section_d[1]/d_cnt_grp[1]/d_cnt_main,10,595
consent_grp[1]/section_d[1]/d_work_last,15,605
consent_grp[1]/section_d[1]/d_edu_level,11,620
consent_grp[1]/section_d[1]/d_edu_train,37,628
consent_grp[1]/section_d[1]/d_edu_level_train,20,644
consent_grp[1]/section_d[1]/d_marital_status,6,688
consent_grp[1]/section_d[1]/d_religion,4,694
consent_grp[1]/section_d[1]/d_la_spk_grp[1]/d_la_spk_note,37,698
consent_grp[1]/section_d[1]/d_la_spk_grp[1]/d_la_spk_eng,37,698
consent_grp[1]/section_d[1]/d_la_spk_grp[1]/d_la_spk_dagb,37,698
consent_grp[1]/section_d[1]/d_la_wrt_grp[1]/d_la_wrt_note,27,735
consent_grp[1]/section_d[1]/d_la_wrt_grp[1]/d_la_wrt_eng,27,735
consent_grp[1]/section_d[1]/d_la_wrt_grp[1]/d_la_wrt_dagb,27,735
consent_grp[1]/section_d[1]/d_main_language,15,762
consent_grp[1]/section_d[1]/d_loc_lang_kinderg,9,775
consent_grp[1]/f_moved_yn,17,786
consent_grp[1]/g_nature_wrk_note,10,803
consent_grp[1]/section_g[1]/g_teach_pos,9,813
consent_grp[1]/section_g[1]/g_teach_school,7,822
consent_grp[1]/section_g[1]/g_kg_grade,9,829
consent_grp[1]/section_g[1]/g_class_grp[1]/g_children_note,19,835
consent_grp[1]/section_g[1]/g_class_grp[1]/g_kg_1,5,835
consent_grp[1]/section_g[1]/g_class_grp[1]/g_kg_2,15,840
consent_grp[1]/section_g[1]/g_ah_grp[1]/g_ah_note,100,856
consent_grp[1]/section_g[1]/g_ah_grp[1]/g_ah_working,100,856
consent_grp[1]/section_g[1]/g_ah_grp[1]/g_ah_prepping,100,856
consent_grp[1]/section_g[1]/g_eh_grp[1]/g_eh_note,90,954
consent_grp[1]/section_g[1]/g_eh_grp[1]/g_eh_working,90,954
consent_grp[1]/section_g[1]/g_eh_grp[1]/g_eh_prepping,90,954
consent_grp[1]/section_g[1]/g_teach_salary,28,1046
consent_grp[1]/section_g[1]/g_salary_freq,22,1074
consent_grp[1]/section_g[1]/g_salary_intime,43,1095
consent_grp[1]/section_g[1]/g_money_cmp,9,1138
consent_grp[1]/section_g[1]/g_job_outside,14,1147
consent_grp[1]/section_g[1]/g_extra_money_spec,8,1161
consent_grp[1]/section_g[1]/g_sch_pro_grp[1]/tmp_g_sch_pro_lab,119,1169
consent_grp[1]/section_g[1]/g_sch_pro_grp[1]/g_class,119,1169
consent_grp[1]/section_g[1]/g_sch_pro_grp[1]/g_class_taught,119,1169
consent_grp[1]/section_g[1]/g_sch_pro_grp[1]/g_fin_resource,119,1169
consent_grp[1]/section_g[1]/g_sch_pro_grp[1]/g_high_expe,119,1169
consent_grp[1]/section_g[1]/g_sch_pro_grp[1]/g_change_curri,119,1169
consent_grp[1]/section_g[1]/g_sch_pro_grp[1]/g_diff_curri,119,1169
consent_grp[1]/section_g[1]/g_sch_pro_grp[1]/g_easy_curri,119,1169
consent_grp[1]/section_g[1]/g_sch_pro_grp[1]/g_par_dem_high,119,1169
consent_grp[1]/section_g[1]/g_sch_pro_grp[1]/g_par_suff_interest,119,1169
consent_grp[1]/section_g[1]/g_sch_pro_grp[1]/g_par_suff_active,119,1169
consent_grp[1]/section_g[1]/g_par_supp_grp[1]/g_par_supp_note,16,1288
consent_grp[1]/section_g[1]/g_par_supp_grp[1]/g_home_wrk,16,1299
consent_grp[1]/section_g[1]/g_par_supp_grp[1]/g_behave_val,7,1320
consent_grp[1]/section_g[1]/g_par_supp_grp[1]/g_get_schl,4,1327
consent_grp[1]/section_g[1]/g_par_supp_grp[1]/g_visit_schl,5,1332
consent_grp[1]/section_g[1]/g_par_supp_grp[1]/g_show_respect,5,1337
consent_grp[1]/section_g[1]/g_par_supp_grp[1]/g_best_schl,7,1342
consent_grp[1]/section_g[1]/g_par_supp_grp[1]/g_parti_pta,5,1349
consent_grp[1]/section_g[1]/g_par_supp_grp[1]/g_cont_kg_act,7,1354
consent_grp[1]/section_g[1]/g_lead_respect,23,1361
consent_grp[1]/section_g[1]/g_val_citizen,10,1384
consent_grp[1]/section_h[1]/sec_h_depre_note,55,1394
consent_grp[1]/section_h[1]/h_depression_grp[1]/h_da_note,138,1449
consent_grp[1]/section_h[1]/h_depression_grp[1]/tmp_h_da_lab,138,1449
consent_grp[1]/section_h[1]/h_depression_grp[1]/h_headache,138,1449
consent_grp[1]/section_h[1]/h_depression_grp[1]/h_appetite,138,1449
consent_grp[1]/section_h[1]/h_depression_grp[1]/h_sleep,138,1449
consent_grp[1]/section_h[1]/h_depression_grp[1]/h_frightened,138,1449
consent_grp[1]/section_h[1]/h_depression_grp[1]/h_hands_shake,138,1449
consent_grp[1]/section_h[1]/h_depression_grp[1]/h_nervous,138,1449
consent_grp[1]/section_h[1]/h_depression_grp[1]/h_digestion,138,1449
consent_grp[1]/section_h[1]/h_depression_grp[1]/h_thinking,138,1449
consent_grp[1]/section_h[1]/h_depression_grp[1]/h_unhappy,138,1449
consent_grp[1]/section_h[1]/h_depression_grp[1]/h_cry,138,1449
consent_grp[1]/section_h[1]/h_depression_grp[1]/h_activities,138,1449
consent_grp[1]/section_h[1]/h_depression_grp[1]/h_decisions,138,1449
consent_grp[1]/section_h[1]/h_depression_grp[1]/h_daily_work,138,1449
consent_grp[1]/section_h[1]/h_depression_grp[1]/h_life,138,1449
consent_grp[1]/section_h[1]/h_depression_grp[1]/h_interest,138,1449
consent_grp[1]/section_h[1]/h_depression_grp[1]/h_worthless,138,1449
consent_grp[1]/section_h[1]/h_depression_grp[1]/h_end_life,138,1449
consent_grp[1]/section_h[1]/h_depression_grp[1]/h_tired,138,1449
consent_grp[1]/section_h[1]/h_depression_grp[1]/h_uncomfortable,138,1449
consent_grp[1]/section_h[1]/h_depression_grp[1]/h_easily_tired,138,1449
consent_grp[1]/section_h[1]/sec_h_ext_contr_note,8,1587
consent_grp[1]/section_h[1]/h_ext_control_grp[1]/h_ext_cont_note,5,1595
consent_grp[1]/section_h[1]/h_ext_control_grp[1]/h_pup_learn,90,1596
consent_grp[1]/section_h[1]/h_ext_control_grp[1]/h_discipline,18,1690
consent_grp[1]/section_h[1]/h_ext_control_grp[1]/h_stu_achieve,51,1709
consent_grp[1]/section_h[1]/h_ext_control_grp[1]/h_teach_motiv,18,1760
consent_grp[1]/section_h[1]/h_ext_control_grp[1]/h_good_teach,19,1778
consent_grp[1]/section_h[1]/sec_h_motiv_note,5,1797
consent_grp[1]/section_h[1]/h_motiv_grp[1]/h_motiv_note,14,1800
consent_grp[1]/section_h[1]/h_motiv_grp[1]/h_motiv_help,13,1816
consent_grp[1]/section_h[1]/h_motiv_grp[1]/h_quest_school,16,1829
consent_grp[1]/section_h[1]/h_motiv_grp[1]/h_help_child,7,1845
consent_grp[1]/section_h[1]/h_motiv_grp[1]/h_sch_goal,7,1852
consent_grp[1]/section_h[1]/h_motiv_grp[1]/h_help_emot,46,1859
consent_grp[1]/section_h[1]/h_motiv_grp[1]/h_enjoy_teach,10,1905
consent_grp[1]/section_h[1]/h_motiv_grp[1]/h_develop_society,11,1915
consent_grp[1]/section_h[1]/h_motiv_grp[1]/h_develop_socially,7,1926
consent_grp[1]/section_h[1]/h_motiv_grp[1]/h_perso_clear,6,1933
consent_grp[1]/section_h[1]/h_impor_thing,42,1939
consent_grp[1]/section_h[1]/h_job_satisfaction_grp[1]/h_job_satis_note,48,1981
consent_grp[1]/section_h[1]/h_job_satisfaction_grp[1]/h_look_out,30,2029
consent_grp[1]/section_h[1]/h_job_satisfaction_grp[1]/h_perso_worries,7,2059
consent_grp[1]/section_h[1]/h_job_satisfaction_grp[1]/h_know_col,10,2066
consent_grp[1]/section_h[1]/h_job_satisfaction_grp[1]/h_col_coop,9,2076
consent_grp[1]/section_h[1]/h_job_satisfaction_grp[1]/h_trust_col,5,2085
consent_grp[1]/section_h[1]/h_job_satisfaction_grp[1]/h_enjoy_col,40,2090
consent_grp[1]/section_h[1]/h_job_satisfaction_grp[1]/h_sup_respect,6,2130
consent_grp[1]/section_h[1]/h_job_satisfaction_grp[1]/h_sup_busy,9,2136
consent_grp[1]/section_h[1]/h_job_satisfaction_grp[1]/h_sup_opinion,6,2144
consent_grp[1]/section_h[1]/h_job_satisfaction_grp[1]/h_count_sup,7,2150
consent_grp[1]/section_h[1]/h_job_satisfaction_grp[1]/h_motivated,5,2158
consent_grp[1]/section_h[1]/h_job_satisfaction_grp[1]/h_sup_unpredict,40,2163
consent_grp[1]/section_h[1]/h_job_satisfaction_grp[1]/h_wrk_challenge,37,2203
consent_grp[1]/section_h[1]/h_job_satisfaction_grp[1]/h_wrk_monotonous,42,2235
consent_grp[1]/section_h[1]/h_job_satisfaction_grp[1]/h_wrk_creative,6,2281
consent_grp[1]/section_h[1]/h_job_satisfaction_grp[1]/h_big_impact,6,2287
consent_grp[1]/section_h[1]/h_job_satisfaction_grp[1]/h_little_time,18,2293
consent_grp[1]/section_h[1]/h_job_satisfaction_grp[1]/h_control_satis,26,2311
consent_grp[1]/section_h[1]/h_job_satisfaction_grp[1]/h_look,25,2337
consent_grp[1]/section_h[1]/h_job_satisfaction_grp[1]/h_small_space,7,2362
consent_grp[1]/section_h[1]/h_job_satisfaction_grp[1]/h_new_mat,6,2369
consent_grp[1]/section_h[1]/h_job_satisfaction_grp[1]/h_clean_kinder,36,2375
consent_grp[1]/section_h[1]/h_job_satisfaction_grp[1]/h_loud_kinder,9,2412
consent_grp[1]/section_h[1]/h_job_satisfaction_grp[1]/h_kinder_rules,9,2420
consent_grp[1]/section_h[1]/h_job_satisfaction_grp[1]/h_satisfied_paid,10,2429
consent_grp[1]/section_h[1]/h_burnout_grp[1]/h_burnout_note,12,2439
consent_grp[1]/section_h[1]/h_burnout_grp[1]/h_emotion_drained,46,2451
consent_grp[1]/section_h[1]/h_burnout_grp[1]/h_used_up,52,2497
consent_grp[1]/section_h[1]/h_burnout_grp[1]/h_fatigued,20,2549
consent_grp[1]/section_h[1]/h_burnout_grp[1]/h_child_feel,24,2569
consent_grp[1]/section_h[1]/h_burnout_grp[1]/h_child_impersonal,22,2593
consent_grp[1]/section_h[1]/h_burnout_grp[1]/h_ppl_strain,23,2615
consent_grp[1]/section_h[1]/h_burnout_grp[1]/h_deal_effect,36,2639
consent_grp[1]/section_h[1]/h_burnout_grp[1]/h_burnout,17,2674
consent_grp[1]/section_h[1]/h_burnout_grp[1]/h_pos_influence,42,2688
consent_grp[1]/section_h[1]/h_burnout_grp[1]/h_cold,33,2733
consent_grp[1]/section_h[1]/h_burnout_grp[1]/h_hard,13,2766
consent_grp[1]/section_h[1]/h_burnout_grp[1]/h_energetic,62,2779
consent_grp[1]/section_h[1]/h_burnout_grp[1]/h_frustrated,7,2841
consent_grp[1]/section_h[1]/h_burnout_grp[1]/h_work_hard,24,2848
consent_grp[1]/section_h[1]/h_burnout_grp[1]/h_dont_care,9,2872
consent_grp[1]/section_h[1]/h_burnout_grp[1]/h_put_pressure,9,2880
consent_grp[1]/section_h[1]/h_burnout_grp[1]/h_relax,7,2889
consent_grp[1]/section_h[1]/h_burnout_grp[1]/h_excited,11,2896
consent_grp[1]/section_h[1]/h_burnout_grp[1]/h_accomplished,21,2907
consent_grp[1]/section_h[1]/h_burnout_grp[1]/h_end_of_rop,24,2927
consent_grp[1]/section_h[1]/h_burnout_grp[1]/h_emot_pro_calm,10,2952
consent_grp[1]/i_teacher_knowledge_grp[1]/I_teach_know_note,52,2962
consent_grp[1]/i_teacher_knowledge_grp[1]/i_consonance,20,2973
consent_grp[1]/i_teacher_knowledge_grp[1]/i_vowel,19,3034
consent_grp[1]/i_teacher_knowledge_grp[1]/i_unbelievable,21,3054
consent_grp[1]/i_teacher_knowledge_grp[1]/i_irregular,21,3075
consent_grp[1]/i_teacher_knowledge_grp[1]/i_cat,17,3095
consent_grp[1]/i_teacher_knowledge_grp[1]/i_cough,43,3112
consent_grp[1]/i_teacher_knowledge_grp[1]/i_check,19,3155
consent_grp[1]/i_teacher_knowledge_grp[1]/i_english,22,3174
consent_grp[1]/j_perception_grp[1]/j_perception_note,93,3196
consent_grp[1]/j_perception_grp[1]/j_dev_practice_grp[1]/j_dev_practice_note,9,3289
consent_grp[1]/j_perception_grp[1]/j_dev_practice_grp[1]/j_child_need,7,3298
consent_grp[1]/j_perception_grp[1]/j_dev_practice_grp[1]/j_recog_letter,6,3305
consent_grp[1]/j_perception_grp[1]/j_dev_practice_grp[1]/j_recog_number,6,3311
consent_grp[1]/j_perception_grp[1]/j_dev_practice_grp[1]/j_recog_colour,5,3317
consent_grp[1]/j_perception_grp[1]/j_dev_practice_grp[1]/j_indiv_goal,7,3322
consent_grp[1]/j_perception_grp[1]/j_dev_practice_grp[1]/j_play_materials,6,3328
consent_grp[1]/j_perception_grp[1]/j_dev_practice_grp[1]/j_child_measure,18,3334
consent_grp[1]/j_perception_grp[1]/j_supp_chil_grp[1]/j_supp_chil_note,7,3351
consent_grp[1]/j_perception_grp[1]/j_supp_chil_grp[1]/j_build_relation,8,3358
consent_grp[1]/j_perception_grp[1]/j_supp_chil_grp[1]/j_control_behaviour,5,3366
consent_grp[1]/j_perception_grp[1]/j_supp_chil_grp[1]/j_express_thought,7,3371
consent_grp[1]/j_perception_grp[1]/j_supp_chil_grp[1]/j_resolve_conflicts,25,3379
consent_grp[1]/j_perception_grp[1]/j_supp_chil_grp[1]/j_guidance_style,43,3394
consent_grp[1]/j_perception_grp[1]/j_fam_sensitive_grp[1]/j_fam_sensitive_note,70,3446
consent_grp[1]/j_perception_grp[1]/j_fam_sensitive_grp[1]/j_parent_goal,70,3446
consent_grp[1]/j_perception_grp[1]/j_fam_sensitive_grp[1]/j_work_schedule,70,3446
consent_grp[1]/j_perception_grp[1]/j_fam_sensitive_grp[1]/j_fam_decision,70,3446
consent_grp[1]/j_perception_grp[1]/j_fam_sensitive_grp[1]/j_family_care,70,3446
consent_grp[1]/j_perception_grp[1]/j_fam_sensitive_grp[1]/j_connect_family,70,3446
consent_grp[1]/k_grp[1]/k_instro_note,24,3516
consent_grp[1]/k_grp[1]/k_ts_grp[1]/tmp_k_labels,187,3540
consent_grp[1]/k_grp[1]/k_ts_grp[1]/k_take_priviledges,187,3540
consent_grp[1]/k_grp[1]/k_ts_grp[1]/k_explain_behavior,187,3540
consent_grp[1]/k_grp[1]/k_ts_grp[1]/k_shook,187,3540
consent_grp[1]/k_grp[1]/k_ts_grp[1]/k_shouted,187,3540
consent_grp[1]/k_grp[1]/k_ts_grp[1]/k_gave_something,187,3540
consent_grp[1]/k_grp[1]/k_ts_grp[1]/k_spanked,187,3540
consent_grp[1]/k_grp[1]/k_ts_grp[1]/k_hit_bottom,187,3540
consent_grp[1]/k_grp[1]/k_ts_grp[1]/k_call_dumb,187,3540
consent_grp[1]/k_grp[1]/k_ts_grp[1]/k_hit_face,187,3540
consent_grp[1]/k_grp[1]/k_ts_grp[1]/k_praised,187,3540
consent_grp[1]/k_grp[1]/k_ts_grp[1]/k_affection,187,3540
consent_grp[1]/k_grp[1]/k_ts_grp[1]/k_rewarded,187,3540
consent_grp[1]/l_teaching_prac_grp[1]/l_note,7,3726
consent_grp[1]/l_teaching_prac_grp[1]/l_previos_kinder_act[1]/tmp_l_prac_lab,127,3734
consent_grp[1]/l_teaching_prac_grp[1]/l_previos_kinder_act[1]/l_hygiene_routine,127,3734
consent_grp[1]/l_teaching_prac_grp[1]/l_previos_kinder_act[1]/l_supply,127,3734
consent_grp[1]/l_teaching_prac_grp[1]/l_previos_kinder_act[1]/l_pamper,127,3734
consent_grp[1]/l_teaching_prac_grp[1]/l_previos_kinder_act[1]/l_read,127,3734
consent_grp[1]/l_teaching_prac_grp[1]/l_previos_kinder_act[1]/l_tell,127,3734
consent_grp[1]/l_teaching_prac_grp[1]/l_previos_kinder_act[1]/l_conversatin,127,3734
consent_grp[1]/l_teaching_prac_grp[1]/l_previos_kinder_act[1]/l_sing,127,3734
consent_grp[1]/l_teaching_prac_grp[1]/l_previos_kinder_act[1]/l_dance,127,3734
consent_grp[1]/l_teaching_prac_grp[1]/l_previos_kinder_act[1]/l_visit,127,3734
consent_grp[1]/l_teaching_prac_grp[1]/l_previos_kinder_act[1]/l_play_kg,127,3734
consent_grp[1]/l_teaching_prac_grp[1]/l_previos_kinder_act[1]/l_play_recrea,127,3734
consent_grp[1]/l_teaching_prac_grp[1]/l_previos_kinder_act[1]/l_sleep,127,3734
consent_grp[1]/l_teaching_prac_grp[1]/l_previos_kinder_act[1]/l_run,127,3734
consent_grp[1]/l_teaching_prac_grp[1]/l_previos_kinder_act[1]/l_group_learn,127,3734
consent_grp[1]/l_teaching_prac_grp[1]/l_previos_kinder_act[1]/l_indiv_learn,127,3734
consent_grp[1]/l_teaching_prac_grp[1]/l_class_acti_grp[1]/l_act_grp[1]/tmp_l_class_lab,96,3860
consent_grp[1]/l_teaching_prac_grp[1]/l_class_acti_grp[1]/l_act_grp[1]/l_teach_colour,96,3860
consent_grp[1]/l_teaching_prac_grp[1]/l_class_acti_grp[1]/l_act_grp[1]/l_teach_number,96,3860
consent_grp[1]/l_teaching_prac_grp[1]/l_class_acti_grp[1]/l_act_grp[1]/l_teach_letter,96,3860
consent_grp[1]/l_teaching_prac_grp[1]/l_class_acti_grp[1]/l_act_grp[1]/l_teach_form,96,3860
consent_grp[1]/l_teaching_prac_grp[1]/l_class_acti_grp[1]/l_act_grp[1]/l_socialise,96,3860
consent_grp[1]/l_teaching_prac_grp[1]/l_class_acti_grp[1]/l_act_grp[1]/l_pro_solve,96,3860
consent_grp[1]/l_teaching_prac_grp[1]/l_class_acti_grp[1]/l_act_grp[1]/l_writing,96,3860
consent_grp[1]/l_teaching_prac_grp[1]/l_class_acti_grp[1]/l_act_grp[1]/l_teach_body,96,3860
consent_grp[1]/l_teaching_prac_grp[1]/l_class_acti_grp[1]/l_act_grp[1]/l_pers_hygiene,96,3860
consent_grp[1]/l_teaching_prac_grp[1]/l_class_acti_grp[1]/l_act_grp[1]/l_art_expre,96,3860
consent_grp[1]/l_teaching_prac_grp[1]/l_class_acti_grp[1]/l_act_grp[1]/l_body_lang,96,3860
consent_grp[1]/l_teaching_prac_grp[1]/l_class_acti_grp[1]/l_act_grp[1]/l_concentration,96,3860
consent_grp[1]/l_teaching_prac_grp[1]/l_class_acti_grp[1]/l_act_grp[1]/l_gross_motor,96,3860
consent_grp[1]/l_teaching_prac_grp[1]/l_class_acti_grp[1]/l_act_grp[1]/l_fine_motor,96,3860
consent_grp[1]/l_teaching_prac_grp[1]/l_class_acti_grp[1]/l_act_grp[1]/l_gender,96,3860
consent_grp[1]/l_teaching_prac_grp[1]/l_class_acti_grp[1]/l_act_grp[1]/l_responsibility,96,3860
consent_grp[1]/l_teaching_prac_grp[1]/l_class_acti_grp[1]/l_act_grp[1]/l_speech,96,3860
consent_grp[1]/l_teaching_prac_grp[1]/l_class_acti_grp[1]/l_act_grp[1]/l_explore_comm,96,3860
consent_grp[1]/l_teaching_prac_grp[1]/l_class_acti_grp[1]/l_act_grp[1]/l_explore_culture,96,3860
consent_grp[1]/l_teaching_prac_grp[1]/l_parent_interact_note,6,3957
consent_grp[1]/l_teaching_prac_grp[1]/l_actively_engaged,23,3962
consent_grp[1]/l_teaching_prac_grp[1]/l_proportion_child,20,3985
consent_grp[1]/l_teaching_prac_grp[1]/l_proportion_child_more,18,4004
consent_grp[1]/l_teaching_prac_grp[1]/l_visit_pupil_house,99,4022
consent_grp[1]/l_teaching_prac_grp[1]/l_visit_parent_house,13,4121
consent_grp[1]/l_teaching_prac_grp[1]/l_receive_parent_supp,16,4133
consent_grp[1]/l_teaching_prac_grp[1]/l_day_teaching_note,7,4149
consent_grp[1]/l_teaching_prac_grp[1]/l_day_grp[1]/tmp_l_labs,48,4156
consent_grp[1]/l_teaching_prac_grp[1]/l_day_grp[1]/l_daily_schedule,48,4156
consent_grp[1]/l_teaching_prac_grp[1]/l_day_grp[1]/l_play_period,48,4156
consent_grp[1]/l_teaching_prac_grp[1]/l_day_grp[1]/l_free_play,48,4156
consent_grp[1]/l_teaching_prac_grp[1]/l_day_grp[1]/l_activities,48,4156
consent_grp[1]/l_teaching_prac_grp[1]/l_per_daily_grp[1]/l_perc_note,233,4204
consent_grp[1]/l_teaching_prac_grp[1]/l_per_daily_grp[1]/l_admin_per,233,4204
consent_grp[1]/l_teaching_prac_grp[1]/l_per_daily_grp[1]/l_class_per,233,4204
consent_grp[1]/l_teaching_prac_grp[1]/l_per_daily_grp[1]/l_teach_per,233,4204
consent_grp[1]/l_teaching_prac_grp[1]/l_per_daily_grp[1]/l_super_per,233,4204
consent_grp[1]/l_teaching_prac_grp[1]/l_per_daily_grp[1]/l_super_oth_per,233,4204
consent_grp[1]/l_teaching_prac_grp[1]/l_per_daily_grp[1]/l_break_per,233,4204
consent_grp[1]/l_teaching_prac_grp[1]/l_discipline_note,30,4437
consent_grp[1]/l_teaching_prac_grp[1]/l_dont_like,11,4467
consent_grp[1]/l_teaching_prac_grp[1]/l_really_bad,24,4478
consent_grp[1]/l_teaching_prac_grp[1]/l_does_good,21,4502
consent_grp[1]/l_teaching_prac_grp[1]/l_praise,50,4523
consent_grp[1]/q_note,32,4572
consent_grp[1]/q_activ_yn,26,4604
consent_grp[1]/q_rpt[1]/q_activ_r,20,4630
consent_grp[1]/q_rpt[1]/q_activ_org_r,20,4650
consent_grp[1]/q_rpt[1]/q_activ_add_r,9,4670
consent_grp[1]/q_rpt[2]/q_activ_r,20,4679
consent_grp[1]/q_rpt[2]/q_activ_org_r,5,4699
consent_grp[1]/q_rpt[2]/q_activ_org_osp_r,12,4704
consent_grp[1]/q_rpt[2]/q_activ_add_r,12,4716
s_int_accom_yn,4,4727
comments,3,4731
