Field name,Total duration (seconds),First appeared (seconds into survey)
instruction,1,2
a_district_id,3,3
a_circuit_id,7,5
a_kg_id,5,12
a_community_id,4,17
a_enum_id,29,22
consent_note,2,51
con_understand,2,52
con_questions,2,54
con_written,2,56
consent_grp[1]/audio_consent,2,58
consent_grp[1]/d_background_note,1,59
consent_grp[1]/section_d[1]/kgt_key,8,61
consent_grp[1]/section_d[1]/kgt_confirm_note,3,68
consent_grp[1]/section_d[1]/d_num_cnt,3,71
consent_grp[1]/section_d[1]/d_cnt_grp[1]/d_cnt_main,20,74
consent_grp[1]/section_d[1]/d_work_last,31,94
consent_grp[1]/section_d[1]/d_edu_level,15,125
consent_grp[1]/section_d[1]/d_edu_train,24,140
consent_grp[1]/section_d[1]/d_edu_level_train,21,164
consent_grp[1]/section_d[1]/d_marital_status,16,185
consent_grp[1]/section_d[1]/d_religion,7,201
consent_grp[1]/section_d[1]/d_la_spk_grp[1]/d_la_spk_note,30,208
consent_grp[1]/section_d[1]/d_la_spk_grp[1]/d_la_spk_eng,30,208
consent_grp[1]/section_d[1]/d_la_spk_grp[1]/d_la_spk_grun,30,208
consent_grp[1]/section_d[1]/d_la_wrt_grp[1]/d_la_wrt_note,24,239
consent_grp[1]/section_d[1]/d_la_wrt_grp[1]/d_la_wrt_eng,24,239
consent_grp[1]/section_d[1]/d_la_wrt_grp[1]/d_la_wrt_grun,24,239
consent_grp[1]/section_d[1]/d_main_language,28,263
consent_grp[1]/section_d[1]/d_loc_lang_kinderg,21,276
consent_grp[1]/f_moved_yn,17,287
consent_grp[1]/g_nature_wrk_note,5,329
consent_grp[1]/section_g[1]/g_teach_pos,7,335
consent_grp[1]/section_g[1]/g_teach_school,29,342
consent_grp[1]/section_g[1]/g_teach_sch_num,18,357
consent_grp[1]/section_g[1]/g_kg_grade,19,371
consent_grp[1]/section_g[1]/g_class_grp[1]/g_children_note,10,408
consent_grp[1]/section_g[1]/g_class_grp[1]/g_kg_1,10,408
consent_grp[1]/section_g[1]/g_ah_grp[1]/g_ah_note,83,418
consent_grp[1]/section_g[1]/g_ah_grp[1]/g_ah_working,83,418
consent_grp[1]/section_g[1]/g_ah_grp[1]/g_ah_prepping,83,418
consent_grp[1]/section_g[1]/g_eh_grp[1]/g_eh_note,20,501
consent_grp[1]/section_g[1]/g_eh_grp[1]/g_eh_working,20,501
consent_grp[1]/section_g[1]/g_eh_grp[1]/g_eh_prepping,20,501
consent_grp[1]/section_g[1]/g_teach_salary,47,521
consent_grp[1]/section_g[1]/g_salary_freq,15,568
consent_grp[1]/section_g[1]/g_salary_intime,41,583
consent_grp[1]/section_g[1]/g_money_cmp,27,624
consent_grp[1]/section_g[1]/g_job_outside,14,651
consent_grp[1]/section_g[1]/g_job_outside_income,20,665
consent_grp[1]/section_g[1]/g_earn_grp[1]/g_earn_amt,38,685
consent_grp[1]/section_g[1]/g_earn_grp[1]/g_earn_freq,38,685
consent_grp[1]/section_g[1]/g_extra_money_spec,15,723
consent_grp[1]/section_g[1]/g_sch_pro_grp[1]/tmp_g_sch_pro_lab,137,737
consent_grp[1]/section_g[1]/g_sch_pro_grp[1]/g_class,137,737
consent_grp[1]/section_g[1]/g_sch_pro_grp[1]/g_class_taught,137,737
consent_grp[1]/section_g[1]/g_sch_pro_grp[1]/g_fin_resource,137,737
consent_grp[1]/section_g[1]/g_sch_pro_grp[1]/g_high_expe,137,737
consent_grp[1]/section_g[1]/g_sch_pro_grp[1]/g_change_curri,137,737
consent_grp[1]/section_g[1]/g_sch_pro_grp[1]/g_diff_curri,137,737
consent_grp[1]/section_g[1]/g_sch_pro_grp[1]/g_easy_curri,137,737
consent_grp[1]/section_g[1]/g_sch_pro_grp[1]/g_par_dem_high,137,737
consent_grp[1]/section_g[1]/g_sch_pro_grp[1]/g_par_suff_interest,137,737
consent_grp[1]/section_g[1]/g_sch_pro_grp[1]/g_par_suff_active,137,737
consent_grp[1]/section_g[1]/g_par_supp_grp[1]/g_par_supp_note,13,874
consent_grp[1]/section_g[1]/g_par_supp_grp[1]/g_home_wrk,18,883
consent_grp[1]/section_g[1]/g_par_supp_grp[1]/g_behave_val,13,905
consent_grp[1]/section_g[1]/g_par_supp_grp[1]/g_get_schl,17,918
consent_grp[1]/section_g[1]/g_par_supp_grp[1]/g_visit_schl,18,935
consent_grp[1]/section_g[1]/g_par_supp_grp[1]/g_show_respect,20,953
consent_grp[1]/section_g[1]/g_par_supp_grp[1]/g_best_schl,38,973
consent_grp[1]/section_g[1]/g_par_supp_grp[1]/g_parti_pta,13,1011
consent_grp[1]/section_g[1]/g_par_supp_grp[1]/g_cont_kg_act,16,1024
consent_grp[1]/section_g[1]/g_lead_respect,10,1041
consent_grp[1]/section_g[1]/g_val_citizen,10,1051
consent_grp[1]/section_h[1]/sec_h_depre_note,29,1061
consent_grp[1]/section_h[1]/h_depression_grp[1]/h_da_note,102,1090
consent_grp[1]/section_h[1]/h_depression_grp[1]/tmp_h_da_lab,102,1090
consent_grp[1]/section_h[1]/h_depression_grp[1]/h_headache,102,1090
consent_grp[1]/section_h[1]/h_depression_grp[1]/h_appetite,102,1090
consent_grp[1]/section_h[1]/h_depression_grp[1]/h_sleep,102,1090
consent_grp[1]/section_h[1]/h_depression_grp[1]/h_frightened,102,1090
consent_grp[1]/section_h[1]/h_depression_grp[1]/h_hands_shake,102,1090
consent_grp[1]/section_h[1]/h_depression_grp[1]/h_nervous,102,1090
consent_grp[1]/section_h[1]/h_depression_grp[1]/h_digestion,102,1090
consent_grp[1]/section_h[1]/h_depression_grp[1]/h_thinking,102,1090
consent_grp[1]/section_h[1]/h_depression_grp[1]/h_unhappy,102,1090
consent_grp[1]/section_h[1]/h_depression_grp[1]/h_cry,102,1090
consent_grp[1]/section_h[1]/h_depression_grp[1]/h_activities,102,1090
consent_grp[1]/section_h[1]/h_depression_grp[1]/h_decisions,102,1090
consent_grp[1]/section_h[1]/h_depression_grp[1]/h_daily_work,102,1090
consent_grp[1]/section_h[1]/h_depression_grp[1]/h_life,102,1090
consent_grp[1]/section_h[1]/h_depression_grp[1]/h_interest,102,1090
consent_grp[1]/section_h[1]/h_depression_grp[1]/h_worthless,102,1090
consent_grp[1]/section_h[1]/h_depression_grp[1]/h_end_life,102,1090
consent_grp[1]/section_h[1]/h_depression_grp[1]/h_tired,102,1090
consent_grp[1]/section_h[1]/h_depression_grp[1]/h_uncomfortable,102,1090
consent_grp[1]/section_h[1]/h_depression_grp[1]/h_easily_tired,102,1090
consent_grp[1]/section_h[1]/sec_h_ext_contr_note,3,1192
consent_grp[1]/section_h[1]/h_ext_control_grp[1]/h_ext_cont_note,15,1195
consent_grp[1]/section_h[1]/h_ext_control_grp[1]/h_pup_learn,34,1210
consent_grp[1]/section_h[1]/h_ext_control_grp[1]/h_discipline,21,1244
consent_grp[1]/section_h[1]/h_ext_control_grp[1]/h_stu_achieve,12,1266
consent_grp[1]/section_h[1]/h_ext_control_grp[1]/h_teach_motiv,10,1278
consent_grp[1]/section_h[1]/h_ext_control_grp[1]/h_good_teach,11,1288
consent_grp[1]/section_h[1]/sec_h_motiv_note,2,1299
consent_grp[1]/section_h[1]/h_motiv_grp[1]/h_motiv_note,2,1301
consent_grp[1]/section_h[1]/h_motiv_grp[1]/h_motiv_help,100,1304
consent_grp[1]/section_h[1]/h_motiv_grp[1]/h_quest_school,13,1404
consent_grp[1]/section_h[1]/h_motiv_grp[1]/h_help_child,8,1417
consent_grp[1]/section_h[1]/h_motiv_grp[1]/h_sch_goal,8,1425
consent_grp[1]/section_h[1]/h_motiv_grp[1]/h_help_emot,15,1434
consent_grp[1]/section_h[1]/h_motiv_grp[1]/h_enjoy_teach,6,1449
consent_grp[1]/section_h[1]/h_motiv_grp[1]/h_develop_society,6,1454
consent_grp[1]/section_h[1]/h_motiv_grp[1]/h_develop_socially,7,1461
consent_grp[1]/section_h[1]/h_motiv_grp[1]/h_perso_clear,20,1468
consent_grp[1]/section_h[1]/h_impor_thing,78,1488
consent_grp[1]/section_h[1]/h_job_satisfaction_grp[1]/h_job_satis_note,19,1566
consent_grp[1]/section_h[1]/h_job_satisfaction_grp[1]/h_look_out,18,1584
consent_grp[1]/section_h[1]/h_job_satisfaction_grp[1]/h_perso_worries,24,1602
consent_grp[1]/section_h[1]/h_job_satisfaction_grp[1]/h_know_col,20,1626
consent_grp[1]/section_h[1]/h_job_satisfaction_grp[1]/h_col_coop,13,1647
consent_grp[1]/section_h[1]/h_job_satisfaction_grp[1]/h_trust_col,6,1660
consent_grp[1]/section_h[1]/h_job_satisfaction_grp[1]/h_enjoy_col,7,1666
consent_grp[1]/section_h[1]/h_job_satisfaction_grp[1]/h_sup_respect,5,1673
consent_grp[1]/section_h[1]/h_job_satisfaction_grp[1]/h_sup_busy,7,1678
consent_grp[1]/section_h[1]/h_job_satisfaction_grp[1]/h_sup_opinion,16,1685
consent_grp[1]/section_h[1]/h_job_satisfaction_grp[1]/h_count_sup,11,1701
consent_grp[1]/section_h[1]/h_job_satisfaction_grp[1]/h_motivated,7,1710
consent_grp[1]/section_h[1]/h_job_satisfaction_grp[1]/h_sup_unpredict,7,1719
consent_grp[1]/section_h[1]/h_job_satisfaction_grp[1]/h_wrk_challenge,14,1726
consent_grp[1]/section_h[1]/h_job_satisfaction_grp[1]/h_wrk_monotonous,11,1740
consent_grp[1]/section_h[1]/h_job_satisfaction_grp[1]/h_wrk_creative,5,1751
consent_grp[1]/section_h[1]/h_job_satisfaction_grp[1]/h_big_impact,5,1756
consent_grp[1]/section_h[1]/h_job_satisfaction_grp[1]/h_little_time,14,1761
consent_grp[1]/section_h[1]/h_job_satisfaction_grp[1]/h_control_satis,24,1775
consent_grp[1]/section_h[1]/h_job_satisfaction_grp[1]/h_look,16,1799
consent_grp[1]/section_h[1]/h_job_satisfaction_grp[1]/h_small_space,25,1815
consent_grp[1]/section_h[1]/h_job_satisfaction_grp[1]/h_new_mat,7,1840
consent_grp[1]/section_h[1]/h_job_satisfaction_grp[1]/h_clean_kinder,20,1847
consent_grp[1]/section_h[1]/h_job_satisfaction_grp[1]/h_loud_kinder,12,1867
consent_grp[1]/section_h[1]/h_job_satisfaction_grp[1]/h_kinder_rules,8,1879
consent_grp[1]/section_h[1]/h_job_satisfaction_grp[1]/h_satisfied_paid,12,1887
consent_grp[1]/section_h[1]/h_burnout_grp[1]/h_burnout_note,31,1899
consent_grp[1]/section_h[1]/h_burnout_grp[1]/h_emotion_drained,26,1930
consent_grp[1]/section_h[1]/h_burnout_grp[1]/h_used_up,7,1957
consent_grp[1]/section_h[1]/h_burnout_grp[1]/h_fatigued,10,1964
consent_grp[1]/section_h[1]/h_burnout_grp[1]/h_child_feel,26,1974
consent_grp[1]/section_h[1]/h_burnout_grp[1]/h_child_impersonal,44,2000
consent_grp[1]/section_h[1]/h_burnout_grp[1]/h_ppl_strain,26,2044
consent_grp[1]/section_h[1]/h_burnout_grp[1]/h_deal_effect,24,2070
consent_grp[1]/section_h[1]/h_burnout_grp[1]/h_burnout,6,2094
consent_grp[1]/section_h[1]/h_burnout_grp[1]/h_pos_influence,27,2099
consent_grp[1]/section_h[1]/h_burnout_grp[1]/h_cold,10,2126
consent_grp[1]/section_h[1]/h_burnout_grp[1]/h_hard,11,2136
consent_grp[1]/section_h[1]/h_burnout_grp[1]/h_energetic,13,2148
consent_grp[1]/section_h[1]/h_burnout_grp[1]/h_frustrated,5,2161
consent_grp[1]/section_h[1]/h_burnout_grp[1]/h_work_hard,25,2166
consent_grp[1]/section_h[1]/h_burnout_grp[1]/h_dont_care,6,2191
consent_grp[1]/section_h[1]/h_burnout_grp[1]/h_put_pressure,9,2197
consent_grp[1]/section_h[1]/h_burnout_grp[1]/h_relax,22,2206
consent_grp[1]/section_h[1]/h_burnout_grp[1]/h_excited,24,2228
consent_grp[1]/section_h[1]/h_burnout_grp[1]/h_accomplished,38,2252
consent_grp[1]/section_h[1]/h_burnout_grp[1]/h_end_of_rop,18,2287
consent_grp[1]/section_h[1]/h_burnout_grp[1]/h_emot_pro_calm,9,2308
consent_grp[1]/i_teacher_knowledge_grp[1]/I_teach_know_note,8,2316
consent_grp[1]/i_teacher_knowledge_grp[1]/i_consonance,90,2324
consent_grp[1]/i_teacher_knowledge_grp[1]/i_vowel,22,2414
consent_grp[1]/i_teacher_knowledge_grp[1]/i_unbelievable,31,2436
consent_grp[1]/i_teacher_knowledge_grp[1]/i_irregular,21,2466
consent_grp[1]/i_teacher_knowledge_grp[1]/i_cat,32,2487
consent_grp[1]/i_teacher_knowledge_grp[1]/i_cough,33,2519
consent_grp[1]/i_teacher_knowledge_grp[1]/i_check,26,2552
consent_grp[1]/i_teacher_knowledge_grp[1]/i_english,23,2578
consent_grp[1]/j_perception_grp[1]/j_perception_note,56,2601
consent_grp[1]/j_perception_grp[1]/j_dev_practice_grp[1]/j_dev_practice_note,12,2658
consent_grp[1]/j_perception_grp[1]/j_dev_practice_grp[1]/j_child_need,18,2666
consent_grp[1]/j_perception_grp[1]/j_dev_practice_grp[1]/j_recog_letter,20,2680
consent_grp[1]/j_perception_grp[1]/j_dev_practice_grp[1]/j_recog_number,15,2708
consent_grp[1]/j_perception_grp[1]/j_dev_practice_grp[1]/j_recog_colour,14,2723
consent_grp[1]/j_perception_grp[1]/j_dev_practice_grp[1]/j_indiv_goal,27,2737
consent_grp[1]/j_perception_grp[1]/j_dev_practice_grp[1]/j_play_materials,10,2764
consent_grp[1]/j_perception_grp[1]/j_dev_practice_grp[1]/j_child_measure,34,2773
consent_grp[1]/j_perception_grp[1]/j_supp_chil_grp[1]/j_supp_chil_note,28,2808
consent_grp[1]/j_perception_grp[1]/j_supp_chil_grp[1]/j_build_relation,12,2814
consent_grp[1]/j_perception_grp[1]/j_supp_chil_grp[1]/j_control_behaviour,18,2825
consent_grp[1]/j_perception_grp[1]/j_supp_chil_grp[1]/j_express_thought,8,2842
consent_grp[1]/j_perception_grp[1]/j_supp_chil_grp[1]/j_resolve_conflicts,22,2849
consent_grp[1]/j_perception_grp[1]/j_supp_chil_grp[1]/j_guidance_style,129,2856
consent_grp[1]/j_perception_grp[1]/j_fam_sensitive_grp[1]/j_fam_sensitive_note,160,3027
consent_grp[1]/j_perception_grp[1]/j_fam_sensitive_grp[1]/j_parent_goal,160,3027
consent_grp[1]/j_perception_grp[1]/j_fam_sensitive_grp[1]/j_work_schedule,160,3027
consent_grp[1]/j_perception_grp[1]/j_fam_sensitive_grp[1]/j_fam_decision,160,3027
consent_grp[1]/j_perception_grp[1]/j_fam_sensitive_grp[1]/j_family_care,160,3027
consent_grp[1]/j_perception_grp[1]/j_fam_sensitive_grp[1]/j_connect_family,160,3027
consent_grp[1]/k_grp[1]/k_instro_note,60,3186
consent_grp[1]/k_grp[1]/k_ts_grp[1]/tmp_k_labels,179,3217
consent_grp[1]/k_grp[1]/k_ts_grp[1]/k_take_priviledges,179,3217
consent_grp[1]/k_grp[1]/k_ts_grp[1]/k_explain_behavior,179,3217
consent_grp[1]/k_grp[1]/k_ts_grp[1]/k_shook,179,3217
consent_grp[1]/k_grp[1]/k_ts_grp[1]/k_shouted,179,3217
consent_grp[1]/k_grp[1]/k_ts_grp[1]/k_gave_something,179,3217
consent_grp[1]/k_grp[1]/k_ts_grp[1]/k_spanked,179,3217
consent_grp[1]/k_grp[1]/k_ts_grp[1]/k_hit_bottom,179,3217
consent_grp[1]/k_grp[1]/k_ts_grp[1]/k_call_dumb,179,3217
consent_grp[1]/k_grp[1]/k_ts_grp[1]/k_hit_face,179,3217
consent_grp[1]/k_grp[1]/k_ts_grp[1]/k_praised,179,3217
consent_grp[1]/k_grp[1]/k_ts_grp[1]/k_affection,179,3217
consent_grp[1]/k_grp[1]/k_ts_grp[1]/k_rewarded,179,3217
consent_grp[1]/l_teaching_prac_grp[1]/l_note,6,3426
consent_grp[1]/l_teaching_prac_grp[1]/l_previos_kinder_act[1]/tmp_l_prac_lab,144,3432
consent_grp[1]/l_teaching_prac_grp[1]/l_previos_kinder_act[1]/l_hygiene_routine,144,3432
consent_grp[1]/l_teaching_prac_grp[1]/l_previos_kinder_act[1]/l_supply,144,3432
consent_grp[1]/l_teaching_prac_grp[1]/l_previos_kinder_act[1]/l_pamper,144,3432
consent_grp[1]/l_teaching_prac_grp[1]/l_previos_kinder_act[1]/l_read,144,3432
consent_grp[1]/l_teaching_prac_grp[1]/l_previos_kinder_act[1]/l_tell,144,3432
consent_grp[1]/l_teaching_prac_grp[1]/l_previos_kinder_act[1]/l_conversatin,144,3432
consent_grp[1]/l_teaching_prac_grp[1]/l_previos_kinder_act[1]/l_sing,144,3432
consent_grp[1]/l_teaching_prac_grp[1]/l_previos_kinder_act[1]/l_dance,144,3432
consent_grp[1]/l_teaching_prac_grp[1]/l_previos_kinder_act[1]/l_visit,144,3432
consent_grp[1]/l_teaching_prac_grp[1]/l_previos_kinder_act[1]/l_play_kg,144,3432
consent_grp[1]/l_teaching_prac_grp[1]/l_previos_kinder_act[1]/l_play_recrea,144,3432
consent_grp[1]/l_teaching_prac_grp[1]/l_previos_kinder_act[1]/l_sleep,144,3432
consent_grp[1]/l_teaching_prac_grp[1]/l_previos_kinder_act[1]/l_run,144,3432
consent_grp[1]/l_teaching_prac_grp[1]/l_previos_kinder_act[1]/l_group_learn,144,3432
consent_grp[1]/l_teaching_prac_grp[1]/l_previos_kinder_act[1]/l_indiv_learn,144,3432
consent_grp[1]/l_teaching_prac_grp[1]/l_class_acti_grp[1]/l_act_grp[1]/tmp_l_class_lab,113,3575
consent_grp[1]/l_teaching_prac_grp[1]/l_class_acti_grp[1]/l_act_grp[1]/l_teach_colour,113,3575
consent_grp[1]/l_teaching_prac_grp[1]/l_class_acti_grp[1]/l_act_grp[1]/l_teach_number,113,3575
consent_grp[1]/l_teaching_prac_grp[1]/l_class_acti_grp[1]/l_act_grp[1]/l_teach_letter,113,3575
consent_grp[1]/l_teaching_prac_grp[1]/l_class_acti_grp[1]/l_act_grp[1]/l_teach_form,113,3575
consent_grp[1]/l_teaching_prac_grp[1]/l_class_acti_grp[1]/l_act_grp[1]/l_socialise,113,3575
consent_grp[1]/l_teaching_prac_grp[1]/l_class_acti_grp[1]/l_act_grp[1]/l_pro_solve,113,3575
consent_grp[1]/l_teaching_prac_grp[1]/l_class_acti_grp[1]/l_act_grp[1]/l_writing,113,3575
consent_grp[1]/l_teaching_prac_grp[1]/l_class_acti_grp[1]/l_act_grp[1]/l_teach_body,113,3575
consent_grp[1]/l_teaching_prac_grp[1]/l_class_acti_grp[1]/l_act_grp[1]/l_pers_hygiene,113,3575
consent_grp[1]/l_teaching_prac_grp[1]/l_class_acti_grp[1]/l_act_grp[1]/l_art_expre,113,3575
consent_grp[1]/l_teaching_prac_grp[1]/l_class_acti_grp[1]/l_act_grp[1]/l_body_lang,113,3575
consent_grp[1]/l_teaching_prac_grp[1]/l_class_acti_grp[1]/l_act_grp[1]/l_concentration,113,3575
consent_grp[1]/l_teaching_prac_grp[1]/l_class_acti_grp[1]/l_act_grp[1]/l_gross_motor,113,3575
consent_grp[1]/l_teaching_prac_grp[1]/l_class_acti_grp[1]/l_act_grp[1]/l_fine_motor,113,3575
consent_grp[1]/l_teaching_prac_grp[1]/l_class_acti_grp[1]/l_act_grp[1]/l_gender,113,3575
consent_grp[1]/l_teaching_prac_grp[1]/l_class_acti_grp[1]/l_act_grp[1]/l_responsibility,113,3575
consent_grp[1]/l_teaching_prac_grp[1]/l_class_acti_grp[1]/l_act_grp[1]/l_speech,113,3575
consent_grp[1]/l_teaching_prac_grp[1]/l_class_acti_grp[1]/l_act_grp[1]/l_explore_comm,113,3575
consent_grp[1]/l_teaching_prac_grp[1]/l_class_acti_grp[1]/l_act_grp[1]/l_explore_culture,113,3575
consent_grp[1]/l_teaching_prac_grp[1]/l_parent_interact_note,6,3688
consent_grp[1]/l_teaching_prac_grp[1]/l_actively_engaged,18,3692
consent_grp[1]/l_teaching_prac_grp[1]/l_proportion_child,15,3712
consent_grp[1]/l_teaching_prac_grp[1]/l_proportion_child_more,18,3728
consent_grp[1]/l_teaching_prac_grp[1]/l_visit_pupil_house,42,3745
consent_grp[1]/l_teaching_prac_grp[1]/l_visit_parent_house,19,3787
consent_grp[1]/l_teaching_prac_grp[1]/l_receive_parent_supp,22,3806
consent_grp[1]/l_teaching_prac_grp[1]/l_day_teaching_note,4,3828
consent_grp[1]/l_teaching_prac_grp[1]/l_day_grp[1]/tmp_l_labs,28,3832
consent_grp[1]/l_teaching_prac_grp[1]/l_day_grp[1]/l_daily_schedule,28,3832
consent_grp[1]/l_teaching_prac_grp[1]/l_day_grp[1]/l_play_period,28,3832
consent_grp[1]/l_teaching_prac_grp[1]/l_day_grp[1]/l_free_play,28,3832
consent_grp[1]/l_teaching_prac_grp[1]/l_day_grp[1]/l_activities,28,3832
consent_grp[1]/l_teaching_prac_grp[1]/l_per_daily_grp[1]/l_perc_note,241,3860
consent_grp[1]/l_teaching_prac_grp[1]/l_per_daily_grp[1]/l_admin_per,241,3860
consent_grp[1]/l_teaching_prac_grp[1]/l_per_daily_grp[1]/l_class_per,241,3860
consent_grp[1]/l_teaching_prac_grp[1]/l_per_daily_grp[1]/l_teach_per,241,3860
consent_grp[1]/l_teaching_prac_grp[1]/l_per_daily_grp[1]/l_super_per,241,3860
consent_grp[1]/l_teaching_prac_grp[1]/l_per_daily_grp[1]/l_super_oth_per,241,3860
consent_grp[1]/l_teaching_prac_grp[1]/l_per_daily_grp[1]/l_break_per,241,3860
consent_grp[1]/l_teaching_prac_grp[1]/l_discipline_note,2,4102
consent_grp[1]/l_teaching_prac_grp[1]/l_dont_like,35,4103
consent_grp[1]/l_teaching_prac_grp[1]/l_really_bad,25,4138
consent_grp[1]/l_teaching_prac_grp[1]/l_does_good,11,4163
consent_grp[1]/l_teaching_prac_grp[1]/l_praise,16,4174
consent_grp[1]/q_note,19,4189
consent_grp[1]/q_activ_yn,11,4208
consent_grp[1]/q_rpt[1]/q_activ_r,82,4219
consent_grp[1]/q_rpt[1]/q_activ_org_r,9,4301
consent_grp[1]/q_rpt[1]/q_activ_add_r,12,4309
s_int_accom_yn,5,4321
comments,4,4327
