Field name,Total duration (seconds),First appeared (seconds into survey)
instruction,1,2
a_district_id,3,3
a_circuit_id,6,6
a_kg_id,6,12
a_community_id,3,18
a_enum_id,14,21
consent_note,43,35
con_understand,2,78
con_questions,2,80
con_written,12,82
consent_grp[1]/audio_consent,2,94
consent_grp[1]/d_background_note,10,96
consent_grp[1]/section_d[1]/kgt_key,8,105
consent_grp[1]/section_d[1]/kgt_confirm_note,11,110
consent_grp[1]/section_d[1]/kgt_name_gp[1]/kgt_fsn,71,114
consent_grp[1]/section_d[1]/kgt_name_gp[1]/kgt_msn,71,114
consent_grp[1]/section_d[1]/kgt_name_gp[1]/kgt_lsn,71,114
consent_grp[1]/section_d[1]/kgt_name_gp[1]/kgt_ppn,71,114
consent_grp[1]/section_d[1]/kgt_name_gp[1]/d_sex,71,114
consent_grp[1]/section_d[1]/d_num_cnt,7,195
consent_grp[1]/section_d[1]/d_cnt_grp[1]/d_cnt_main,11,202
consent_grp[1]/section_d[1]/d_age,9,213
consent_grp[1]/section_d[1]/d_teacher_grp[1]/d_been_teacher,514,222
consent_grp[1]/section_d[1]/d_teacher_grp[1]/d_teacher_year,514,222
consent_grp[1]/section_d[1]/d_teacher_grp[1]/d_teacher_month,514,222
consent_grp[1]/section_d[1]/d_been_kinder_grp[1]/d_been_kinder,8,736
consent_grp[1]/section_d[1]/d_been_kinder_grp[1]/d_kinder_year,8,736
consent_grp[1]/section_d[1]/d_been_kinder_grp[1]/d_kinder_month,8,736
consent_grp[1]/section_d[1]/d_work_last,15,743
consent_grp[1]/section_d[1]/d_os_yn,9,759
consent_grp[1]/section_d[1]/d_edu_level,9,768
consent_grp[1]/section_d[1]/d_edu_train,18,776
consent_grp[1]/section_d[1]/d_edu_level_train,16,795
consent_grp[1]/section_d[1]/d_edu_level_fath,9,811
consent_grp[1]/section_d[1]/d_edu_level_mom,4,820
consent_grp[1]/section_d[1]/d_marital_status,8,824
consent_grp[1]/section_d[1]/d_ethnic_group,7,832
consent_grp[1]/section_d[1]/d_religion,4,839
consent_grp[1]/section_d[1]/d_la_spk_grp[1]/d_la_spk_note,42,844
consent_grp[1]/section_d[1]/d_la_spk_grp[1]/d_la_spk_eng,42,844
consent_grp[1]/section_d[1]/d_la_spk_grp[1]/d_la_spk_grun,42,844
consent_grp[1]/section_d[1]/d_la_wrt_grp[1]/d_la_wrt_note,15,886
consent_grp[1]/section_d[1]/d_la_wrt_grp[1]/d_la_wrt_eng,15,886
consent_grp[1]/section_d[1]/d_la_wrt_grp[1]/d_la_wrt_grun,15,886
consent_grp[1]/section_d[1]/d_main_language,15,901
consent_grp[1]/section_d[1]/d_loc_lang_kinderg,8,916
consent_grp[1]/e_rel_grp[1]/e_hh_note,6,924
consent_grp[1]/e_rel_grp[1]/e_hh_num,57,930
consent_grp[1]/e_rel_grp[1]/e_hh_grp[1]/e_hh_head,38,987
consent_grp[1]/e_rel_grp[1]/e_hh_grp[1]/e_chil_hh,38,987
consent_grp[1]/e_rel_grp[1]/e_hh_grp[1]/e_adult_hh,38,987
consent_grp[1]/e_rel_grp[1]/e_hh_school,13,1025
consent_grp[1]/e_rel_grp[1]/e_read_english,14,1038
consent_grp[1]/e_rel_grp[1]/e_rate_health,14,1052
consent_grp[1]/e_rel_grp[1]/e_live_note,4,1065
consent_grp[1]/e_rel_grp[1]/e_rooms_occu,15,1069
consent_grp[1]/e_rel_grp[1]/e_own_status,15,1084
consent_grp[1]/e_rel_grp[1]/e_electricity_inhouse,5,1099
consent_grp[1]/e_rel_grp[1]/e_floor_material,15,1104
consent_grp[1]/e_rel_grp[1]/e_interior_floor,18,1120
consent_grp[1]/e_rel_grp[1]/e_roof_mat,8,1138
consent_grp[1]/e_rel_grp[1]/e_cook_fuel,24,1146
consent_grp[1]/e_rel_grp[1]/e_lighting,9,1170
consent_grp[1]/e_rel_grp[1]/e_drink_source,12,1179
consent_grp[1]/e_rel_grp[1]/e_toilet_facility,25,1191
consent_grp[1]/e_rel_grp[1]/e_toilet_facility_oth,2,1214
consent_grp[1]/e_rel_grp[1]/e_asset_note,7,1217
consent_grp[1]/e_rel_grp[1]/e_hh_own_phone,11,1224
consent_grp[1]/e_rel_grp[1]/e_hh_ass_grp[1]/tmp_e_hh_ass_lab,114,1236
consent_grp[1]/e_rel_grp[1]/e_hh_ass_grp[1]/e_hh_ass_radio,114,1236
consent_grp[1]/e_rel_grp[1]/e_hh_ass_grp[1]/e_hh_ass_refrig,114,1236
consent_grp[1]/e_rel_grp[1]/e_hh_ass_grp[1]/e_hh_ass_bike,114,1236
consent_grp[1]/e_rel_grp[1]/e_hh_ass_grp[1]/e_hh_ass_tv,114,1236
consent_grp[1]/e_rel_grp[1]/e_hh_ass_grp[1]/e_hh_ass_vcr,114,1236
consent_grp[1]/e_rel_grp[1]/e_hh_ass_grp[1]/e_hh_ass_motor,114,1236
consent_grp[1]/e_rel_grp[1]/e_hh_ass_grp[1]/e_hh_ass_car,114,1236
consent_grp[1]/e_rel_grp[1]/e_hh_ass_grp[1]/e_hh_ass_tractor,114,1236
consent_grp[1]/e_rel_grp[1]/e_hh_ass_grp[1]/e_hh_ass_farm_equip,114,1236
consent_grp[1]/e_rel_grp[1]/e_hh_ass_grp[1]/e_hh_ass_sew_mach,114,1236
consent_grp[1]/e_rel_grp[1]/e_hh_ass_grp[1]/e_hh_ass_bed,114,1236
consent_grp[1]/e_rel_grp[1]/e_hh_ass_grp[1]/e_hh_ass_mattress,114,1236
consent_grp[1]/e_rel_grp[1]/e_hh_ass_grp[1]/e_hh_ass_table_chair,114,1236
consent_grp[1]/e_rel_grp[1]/e_hh_ass_grp[1]/e_hh_ass_stool,114,1236
consent_grp[1]/e_rel_grp[1]/e_hh_ass_grp[1]/e_hh_ass_sofa,114,1236
consent_grp[1]/e_rel_grp[1]/e_hh_ass_grp[1]/e_hh_ass_fan,114,1236
consent_grp[1]/e_rel_grp[1]/e_hh_ass_grp[1]/e_hh_ass_lamp,114,1236
consent_grp[1]/e_rel_grp[1]/e_hh_ass_grp[1]/e_hh_ass_watch,114,1236
consent_grp[1]/e_rel_grp[1]/e_hh_ass_grp[1]/e_hh_ass_mat,114,1236
consent_grp[1]/e_rel_grp[1]/e_hh_ass_grp[1]/e_hh_ass_torch,114,1236
consent_grp[1]/e_rel_grp[1]/e_hh_ass_grp[1]/e_hh_ass_cabinet,114,1236
consent_grp[1]/e_rel_grp[1]/e_hh_ass_grp[1]/e_hh_ass_pot,114,1236
consent_grp[1]/e_rel_grp[1]/e_hh_ass_grp[1]/e_hh_ass_itn,114,1236
consent_grp[1]/e_rel_grp[1]/e_hh_ass_grp[1]/e_hh_ass_iron_elec,114,1236
consent_grp[1]/e_rel_grp[1]/e_hh_ass_grp[1]/e_hh_ass_iron_coal,114,1236
consent_grp[1]/e_rel_grp[1]/e_hh_ass_grp[1]/e_hh_ass_iron_gas,114,1236
consent_grp[1]/f_rel_grp[1]/f_comm_note,3,1350
consent_grp[1]/f_rel_grp[1]/section_f[1]/f_born_comm,9,1353
consent_grp[1]/f_rel_grp[1]/section_f[1]/f_school_loc,9,1363
consent_grp[1]/f_rel_grp[1]/section_f[1]/f_lived_bef_teach,12,1371
consent_grp[1]/f_rel_grp[1]/section_f[1]/f_lived_grp[1]/f_lived_comm,60,1384
consent_grp[1]/f_rel_grp[1]/section_f[1]/f_lived_grp[1]/f_lived_comm_year,60,1384
consent_grp[1]/f_rel_grp[1]/section_f[1]/f_lived_grp[1]/f_lived_comm_month,60,1384
consent_grp[1]/f_rel_grp[1]/section_f[1]/f_fam_lived,32,1444
consent_grp[1]/f_rel_grp[1]/section_f[1]/f_emot_support,26,1476
consent_grp[1]/f_rel_grp[1]/section_f[1]/f_emot_support_num,12,1501
consent_grp[1]/f_rel_grp[1]/section_f[1]/f_lend_money,28,1513
consent_grp[1]/f_rel_grp[1]/section_f[1]/f_borrow_money,9,1542
consent_grp[1]/f_rel_grp[1]/section_f[1]/f_rel_live_nearby,65,1551
consent_grp[1]/f_rel_grp[1]/section_f[1]/f_part_comm,9,1616
consent_grp[1]/f_rel_grp[1]/section_f[1]/f_main_trans,7,1625
consent_grp[1]/f_rel_grp[1]/section_f[1]/f_min_get_sch_grp[1]/f_min_get_note,22,1632
consent_grp[1]/f_rel_grp[1]/section_f[1]/f_min_get_sch_grp[1]/f_h_get_school,22,1632
consent_grp[1]/f_rel_grp[1]/section_f[1]/f_min_get_sch_grp[1]/f_m_get_school,22,1632
consent_grp[1]/g_nature_wrk_note,7,1653
consent_grp[1]/section_g[1]/g_teach_pos,7,1660
consent_grp[1]/section_g[1]/g_teach_school,14,1667
consent_grp[1]/section_g[1]/g_kg_grade,20,1681
consent_grp[1]/section_g[1]/g_class_grp[1]/g_children_note,14,1701
consent_grp[1]/section_g[1]/g_class_grp[1]/g_other_classes,14,1701
consent_grp[1]/section_g[1]/g_ah_grp[1]/g_ah_note,96,1715
consent_grp[1]/section_g[1]/g_ah_grp[1]/g_ah_working,96,1715
consent_grp[1]/section_g[1]/g_ah_grp[1]/g_ah_prepping,96,1715
consent_grp[1]/section_g[1]/g_eh_grp[1]/g_eh_note,29,1811
consent_grp[1]/section_g[1]/g_eh_grp[1]/g_eh_working,29,1811
consent_grp[1]/section_g[1]/g_eh_grp[1]/g_eh_prepping,29,1811
consent_grp[1]/section_g[1]/g_teach_salary,74,1840
consent_grp[1]/section_g[1]/g_salary_freq,10,1914
consent_grp[1]/section_g[1]/g_salary_intime,13,1924
consent_grp[1]/section_g[1]/g_money_cmp,23,1937
consent_grp[1]/section_g[1]/g_money_cmp_hrs,21,1960
consent_grp[1]/section_g[1]/g_money_cmp_amt,20,1981
consent_grp[1]/section_g[1]/g_extra_money_spec,22,2001
consent_grp[1]/section_g[1]/g_sch_pro_grp[1]/tmp_g_sch_pro_lab,133,2023
consent_grp[1]/section_g[1]/g_sch_pro_grp[1]/g_class,133,2023
consent_grp[1]/section_g[1]/g_sch_pro_grp[1]/g_class_taught,133,2023
consent_grp[1]/section_g[1]/g_sch_pro_grp[1]/g_fin_resource,133,2023
consent_grp[1]/section_g[1]/g_sch_pro_grp[1]/g_high_expe,133,2023
consent_grp[1]/section_g[1]/g_sch_pro_grp[1]/g_change_curri,133,2023
consent_grp[1]/section_g[1]/g_sch_pro_grp[1]/g_diff_curri,133,2023
consent_grp[1]/section_g[1]/g_sch_pro_grp[1]/g_easy_curri,133,2023
consent_grp[1]/section_g[1]/g_sch_pro_grp[1]/g_par_dem_high,133,2023
consent_grp[1]/section_g[1]/g_sch_pro_grp[1]/g_par_suff_interest,133,2023
consent_grp[1]/section_g[1]/g_sch_pro_grp[1]/g_par_suff_active,133,2023
consent_grp[1]/section_g[1]/g_par_supp_grp[1]/g_par_supp_note,10,2156
consent_grp[1]/section_g[1]/g_par_supp_grp[1]/g_home_wrk,27,2166
consent_grp[1]/section_g[1]/g_par_supp_grp[1]/g_behave_val,26,2193
consent_grp[1]/section_g[1]/g_par_supp_grp[1]/g_get_schl,7,2219
consent_grp[1]/section_g[1]/g_par_supp_grp[1]/g_visit_schl,9,2226
consent_grp[1]/section_g[1]/g_par_supp_grp[1]/g_show_respect,9,2235
consent_grp[1]/section_g[1]/g_par_supp_grp[1]/g_best_schl,10,2244
consent_grp[1]/section_g[1]/g_par_supp_grp[1]/g_parti_pta,7,2254
consent_grp[1]/section_g[1]/g_par_supp_grp[1]/g_cont_kg_act,13,2261
consent_grp[1]/section_g[1]/g_lead_respect,21,2274
consent_grp[1]/section_g[1]/g_val_citizen,27,2295
consent_grp[1]/section_h[1]/sec_h_depre_note,14,2323
consent_grp[1]/section_h[1]/h_depression_grp[1]/h_da_note,184,2336
consent_grp[1]/section_h[1]/h_depression_grp[1]/tmp_h_da_lab,184,2336
consent_grp[1]/section_h[1]/h_depression_grp[1]/h_headache,184,2336
consent_grp[1]/section_h[1]/h_depression_grp[1]/h_appetite,184,2336
consent_grp[1]/section_h[1]/h_depression_grp[1]/h_sleep,184,2336
consent_grp[1]/section_h[1]/h_depression_grp[1]/h_frightened,184,2336
consent_grp[1]/section_h[1]/h_depression_grp[1]/h_hands_shake,184,2336
consent_grp[1]/section_h[1]/h_depression_grp[1]/h_nervous,184,2336
consent_grp[1]/section_h[1]/h_depression_grp[1]/h_digestion,184,2336
consent_grp[1]/section_h[1]/h_depression_grp[1]/h_thinking,184,2336
consent_grp[1]/section_h[1]/h_depression_grp[1]/h_unhappy,184,2336
consent_grp[1]/section_h[1]/h_depression_grp[1]/h_cry,184,2336
consent_grp[1]/section_h[1]/h_depression_grp[1]/h_activities,184,2336
consent_grp[1]/section_h[1]/h_depression_grp[1]/h_decisions,184,2336
consent_grp[1]/section_h[1]/h_depression_grp[1]/h_daily_work,184,2336
consent_grp[1]/section_h[1]/h_depression_grp[1]/h_life,184,2336
consent_grp[1]/section_h[1]/h_depression_grp[1]/h_interest,184,2336
consent_grp[1]/section_h[1]/h_depression_grp[1]/h_worthless,184,2336
consent_grp[1]/section_h[1]/h_depression_grp[1]/h_end_life,184,2336
consent_grp[1]/section_h[1]/h_depression_grp[1]/h_tired,184,2336
consent_grp[1]/section_h[1]/h_depression_grp[1]/h_uncomfortable,184,2336
consent_grp[1]/section_h[1]/h_depression_grp[1]/h_easily_tired,184,2336
consent_grp[1]/section_h[1]/sec_h_ext_contr_note,8,2520
consent_grp[1]/section_h[1]/h_ext_control_grp[1]/h_ext_cont_note,2,2528
consent_grp[1]/section_h[1]/h_ext_control_grp[1]/h_pup_learn,91,2530
consent_grp[1]/section_h[1]/h_ext_control_grp[1]/h_discipline,13,2621
consent_grp[1]/section_h[1]/h_ext_control_grp[1]/h_stu_achieve,17,2634
consent_grp[1]/section_h[1]/h_ext_control_grp[1]/h_teach_motiv,21,2651
consent_grp[1]/section_h[1]/h_ext_control_grp[1]/h_good_teach,25,2672
consent_grp[1]/section_h[1]/sec_h_motiv_note,4,2697
consent_grp[1]/section_h[1]/h_motiv_grp[1]/h_motiv_note,2,2701
consent_grp[1]/section_h[1]/h_motiv_grp[1]/h_motiv_help,17,2702
consent_grp[1]/section_h[1]/h_motiv_grp[1]/h_quest_school,15,2719
consent_grp[1]/section_h[1]/h_motiv_grp[1]/h_help_child,10,2734
consent_grp[1]/section_h[1]/h_motiv_grp[1]/h_sch_goal,18,2745
consent_grp[1]/section_h[1]/h_motiv_grp[1]/h_help_emot,18,2763
consent_grp[1]/section_h[1]/h_motiv_grp[1]/h_enjoy_teach,11,2780
consent_grp[1]/section_h[1]/h_motiv_grp[1]/h_develop_society,16,2792
consent_grp[1]/section_h[1]/h_motiv_grp[1]/h_develop_socially,12,2807
consent_grp[1]/section_h[1]/h_motiv_grp[1]/h_perso_clear,9,2820
consent_grp[1]/section_h[1]/h_impor_thing,36,2829
consent_grp[1]/section_h[1]/h_job_satisfaction_grp[1]/h_job_satis_note,3,2865
consent_grp[1]/section_h[1]/h_job_satisfaction_grp[1]/h_look_out,30,2868
consent_grp[1]/section_h[1]/h_job_satisfaction_grp[1]/h_perso_worries,7,2899
consent_grp[1]/section_h[1]/h_job_satisfaction_grp[1]/h_know_col,41,2905
consent_grp[1]/section_h[1]/h_job_satisfaction_grp[1]/h_col_coop,11,2947
consent_grp[1]/section_h[1]/h_job_satisfaction_grp[1]/h_trust_col,9,2957
consent_grp[1]/section_h[1]/h_job_satisfaction_grp[1]/h_enjoy_col,12,2966
consent_grp[1]/section_h[1]/h_job_satisfaction_grp[1]/h_sup_respect,9,2977
consent_grp[1]/section_h[1]/h_job_satisfaction_grp[1]/h_sup_busy,9,2987
consent_grp[1]/section_h[1]/h_job_satisfaction_grp[1]/h_sup_opinion,19,2996
consent_grp[1]/section_h[1]/h_job_satisfaction_grp[1]/h_count_sup,6,3015
consent_grp[1]/section_h[1]/h_job_satisfaction_grp[1]/h_motivated,7,3021
consent_grp[1]/section_h[1]/h_job_satisfaction_grp[1]/h_sup_unpredict,21,3028
consent_grp[1]/section_h[1]/h_job_satisfaction_grp[1]/h_wrk_challenge,10,3049
consent_grp[1]/section_h[1]/h_job_satisfaction_grp[1]/h_wrk_monotonous,12,3059
consent_grp[1]/section_h[1]/h_job_satisfaction_grp[1]/h_wrk_creative,9,3072
consent_grp[1]/section_h[1]/h_job_satisfaction_grp[1]/h_big_impact,8,3078
consent_grp[1]/section_h[1]/h_job_satisfaction_grp[1]/h_little_time,14,3088
consent_grp[1]/section_h[1]/h_job_satisfaction_grp[1]/h_control_satis,10,3103
consent_grp[1]/section_h[1]/h_job_satisfaction_grp[1]/h_look,16,3112
consent_grp[1]/section_h[1]/h_job_satisfaction_grp[1]/h_small_space,33,3128
consent_grp[1]/section_h[1]/h_job_satisfaction_grp[1]/h_new_mat,8,3161
consent_grp[1]/section_h[1]/h_job_satisfaction_grp[1]/h_clean_kinder,9,3169
consent_grp[1]/section_h[1]/h_job_satisfaction_grp[1]/h_loud_kinder,9,3178
consent_grp[1]/section_h[1]/h_job_satisfaction_grp[1]/h_kinder_rules,9,3187
consent_grp[1]/section_h[1]/h_job_satisfaction_grp[1]/h_satisfied_paid,15,3197
consent_grp[1]/section_h[1]/h_burnout_grp[1]/h_burnout_note,14,3211
consent_grp[1]/section_h[1]/h_burnout_grp[1]/h_emotion_drained,35,3225
consent_grp[1]/section_h[1]/h_burnout_grp[1]/h_used_up,18,3260
consent_grp[1]/section_h[1]/h_burnout_grp[1]/h_fatigued,25,3279
consent_grp[1]/section_h[1]/h_burnout_grp[1]/h_child_feel,13,3303
consent_grp[1]/section_h[1]/h_burnout_grp[1]/h_child_impersonal,15,3316
consent_grp[1]/section_h[1]/h_burnout_grp[1]/h_ppl_strain,13,3331
consent_grp[1]/section_h[1]/h_burnout_grp[1]/h_deal_effect,12,3344
consent_grp[1]/section_h[1]/h_burnout_grp[1]/h_burnout,13,3356
consent_grp[1]/section_h[1]/h_burnout_grp[1]/h_pos_influence,13,3369
consent_grp[1]/section_h[1]/h_burnout_grp[1]/h_cold,12,3382
consent_grp[1]/section_h[1]/h_burnout_grp[1]/h_hard,9,3394
consent_grp[1]/section_h[1]/h_burnout_grp[1]/h_energetic,18,3403
consent_grp[1]/section_h[1]/h_burnout_grp[1]/h_frustrated,14,3421
consent_grp[1]/section_h[1]/h_burnout_grp[1]/h_work_hard,14,3435
consent_grp[1]/section_h[1]/h_burnout_grp[1]/h_dont_care,8,3448
consent_grp[1]/section_h[1]/h_burnout_grp[1]/h_put_pressure,13,3456
consent_grp[1]/section_h[1]/h_burnout_grp[1]/h_relax,19,3470
consent_grp[1]/section_h[1]/h_burnout_grp[1]/h_excited,17,3488
consent_grp[1]/section_h[1]/h_burnout_grp[1]/h_accomplished,36,3505
consent_grp[1]/section_h[1]/h_burnout_grp[1]/h_end_of_rop,7,3541
consent_grp[1]/section_h[1]/h_burnout_grp[1]/h_emot_pro_calm,12,3548
consent_grp[1]/i_teacher_knowledge_grp[1]/I_teach_know_note,131,3560
consent_grp[1]/i_teacher_knowledge_grp[1]/i_consonance,17,3691
consent_grp[1]/i_teacher_knowledge_grp[1]/i_vowel,13,3708
consent_grp[1]/i_teacher_knowledge_grp[1]/i_unbelievable,58,3721
consent_grp[1]/i_teacher_knowledge_grp[1]/i_irregular,11,3779
consent_grp[1]/i_teacher_knowledge_grp[1]/i_cat,16,3790
consent_grp[1]/i_teacher_knowledge_grp[1]/i_cough,10,3806
consent_grp[1]/i_teacher_knowledge_grp[1]/i_check,17,3816
consent_grp[1]/i_teacher_knowledge_grp[1]/i_english,15,3833
consent_grp[1]/j_perception_grp[1]/j_perception_note,84,3847
consent_grp[1]/j_perception_grp[1]/j_dev_practice_grp[1]/j_dev_practice_note,13,3849
consent_grp[1]/j_perception_grp[1]/j_dev_practice_grp[1]/j_child_need,29,3945
consent_grp[1]/j_perception_grp[1]/j_dev_practice_grp[1]/j_recog_letter,8,3974
consent_grp[1]/j_perception_grp[1]/j_dev_practice_grp[1]/j_recog_number,9,3982
consent_grp[1]/j_perception_grp[1]/j_dev_practice_grp[1]/j_recog_colour,4,3991
consent_grp[1]/j_perception_grp[1]/j_dev_practice_grp[1]/j_indiv_goal,12,3995
consent_grp[1]/j_perception_grp[1]/j_dev_practice_grp[1]/j_play_materials,8,4007
consent_grp[1]/j_perception_grp[1]/j_dev_practice_grp[1]/j_child_measure,10,4015
consent_grp[1]/j_perception_grp[1]/j_supp_chil_grp[1]/j_supp_chil_note,5,4024
consent_grp[1]/j_perception_grp[1]/j_supp_chil_grp[1]/j_build_relation,11,4029
consent_grp[1]/j_perception_grp[1]/j_supp_chil_grp[1]/j_control_behaviour,8,4040
consent_grp[1]/j_perception_grp[1]/j_supp_chil_grp[1]/j_express_thought,8,4048
consent_grp[1]/j_perception_grp[1]/j_supp_chil_grp[1]/j_resolve_conflicts,9,4056
consent_grp[1]/j_perception_grp[1]/j_supp_chil_grp[1]/j_guidance_style,23,4065
consent_grp[1]/j_perception_grp[1]/j_fam_sensitive_grp[1]/j_fam_sensitive_note,97,4088
consent_grp[1]/j_perception_grp[1]/j_fam_sensitive_grp[1]/j_parent_goal,97,4088
consent_grp[1]/j_perception_grp[1]/j_fam_sensitive_grp[1]/j_work_schedule,97,4088
consent_grp[1]/j_perception_grp[1]/j_fam_sensitive_grp[1]/j_fam_decision,97,4088
consent_grp[1]/j_perception_grp[1]/j_fam_sensitive_grp[1]/j_family_care,97,4088
consent_grp[1]/j_perception_grp[1]/j_fam_sensitive_grp[1]/j_connect_family,97,4088
consent_grp[1]/k_grp[1]/k_instro_note,20,4185
consent_grp[1]/k_grp[1]/k_ts_grp[1]/tmp_k_labels,122,4205
consent_grp[1]/k_grp[1]/k_ts_grp[1]/k_take_priviledges,122,4205
consent_grp[1]/k_grp[1]/k_ts_grp[1]/k_explain_behavior,122,4205
consent_grp[1]/k_grp[1]/k_ts_grp[1]/k_shook,122,4205
consent_grp[1]/k_grp[1]/k_ts_grp[1]/k_shouted,122,4205
consent_grp[1]/k_grp[1]/k_ts_grp[1]/k_gave_something,122,4205
consent_grp[1]/k_grp[1]/k_ts_grp[1]/k_spanked,122,4205
consent_grp[1]/k_grp[1]/k_ts_grp[1]/k_hit_bottom,122,4205
consent_grp[1]/k_grp[1]/k_ts_grp[1]/k_call_dumb,122,4205
consent_grp[1]/k_grp[1]/k_ts_grp[1]/k_hit_face,122,4205
consent_grp[1]/k_grp[1]/k_ts_grp[1]/k_praised,122,4205
consent_grp[1]/k_grp[1]/k_ts_grp[1]/k_affection,122,4205
consent_grp[1]/k_grp[1]/k_ts_grp[1]/k_rewarded,122,4205
consent_grp[1]/l_teaching_prac_grp[1]/l_note,10,4327
consent_grp[1]/l_teaching_prac_grp[1]/l_previos_kinder_act[1]/tmp_l_prac_lab,99,4337
consent_grp[1]/l_teaching_prac_grp[1]/l_previos_kinder_act[1]/l_hygiene_routine,99,4337
consent_grp[1]/l_teaching_prac_grp[1]/l_previos_kinder_act[1]/l_supply,99,4337
consent_grp[1]/l_teaching_prac_grp[1]/l_previos_kinder_act[1]/l_pamper,99,4337
consent_grp[1]/l_teaching_prac_grp[1]/l_previos_kinder_act[1]/l_read,99,4337
consent_grp[1]/l_teaching_prac_grp[1]/l_previos_kinder_act[1]/l_tell,99,4337
consent_grp[1]/l_teaching_prac_grp[1]/l_previos_kinder_act[1]/l_conversatin,99,4337
consent_grp[1]/l_teaching_prac_grp[1]/l_previos_kinder_act[1]/l_sing,99,4337
consent_grp[1]/l_teaching_prac_grp[1]/l_previos_kinder_act[1]/l_dance,99,4337
consent_grp[1]/l_teaching_prac_grp[1]/l_previos_kinder_act[1]/l_visit,99,4337
consent_grp[1]/l_teaching_prac_grp[1]/l_previos_kinder_act[1]/l_play_kg,99,4337
consent_grp[1]/l_teaching_prac_grp[1]/l_previos_kinder_act[1]/l_play_recrea,99,4337
consent_grp[1]/l_teaching_prac_grp[1]/l_previos_kinder_act[1]/l_sleep,99,4337
consent_grp[1]/l_teaching_prac_grp[1]/l_previos_kinder_act[1]/l_run,99,4337
consent_grp[1]/l_teaching_prac_grp[1]/l_previos_kinder_act[1]/l_group_learn,99,4337
consent_grp[1]/l_teaching_prac_grp[1]/l_previos_kinder_act[1]/l_indiv_learn,99,4337
consent_grp[1]/l_teaching_prac_grp[1]/l_class_acti_grp[1]/l_act_grp[1]/tmp_l_class_lab,106,4436
consent_grp[1]/l_teaching_prac_grp[1]/l_class_acti_grp[1]/l_act_grp[1]/l_teach_colour,106,4436
consent_grp[1]/l_teaching_prac_grp[1]/l_class_acti_grp[1]/l_act_grp[1]/l_teach_number,106,4436
consent_grp[1]/l_teaching_prac_grp[1]/l_class_acti_grp[1]/l_act_grp[1]/l_teach_letter,106,4436
consent_grp[1]/l_teaching_prac_grp[1]/l_class_acti_grp[1]/l_act_grp[1]/l_teach_form,106,4436
consent_grp[1]/l_teaching_prac_grp[1]/l_class_acti_grp[1]/l_act_grp[1]/l_socialise,106,4436
consent_grp[1]/l_teaching_prac_grp[1]/l_class_acti_grp[1]/l_act_grp[1]/l_pro_solve,106,4436
consent_grp[1]/l_teaching_prac_grp[1]/l_class_acti_grp[1]/l_act_grp[1]/l_writing,106,4436
consent_grp[1]/l_teaching_prac_grp[1]/l_class_acti_grp[1]/l_act_grp[1]/l_teach_body,106,4436
consent_grp[1]/l_teaching_prac_grp[1]/l_class_acti_grp[1]/l_act_grp[1]/l_pers_hygiene,106,4436
consent_grp[1]/l_teaching_prac_grp[1]/l_class_acti_grp[1]/l_act_grp[1]/l_art_expre,106,4436
consent_grp[1]/l_teaching_prac_grp[1]/l_class_acti_grp[1]/l_act_grp[1]/l_body_lang,106,4436
consent_grp[1]/l_teaching_prac_grp[1]/l_class_acti_grp[1]/l_act_grp[1]/l_concentration,106,4436
consent_grp[1]/l_teaching_prac_grp[1]/l_class_acti_grp[1]/l_act_grp[1]/l_gross_motor,106,4436
consent_grp[1]/l_teaching_prac_grp[1]/l_class_acti_grp[1]/l_act_grp[1]/l_fine_motor,106,4436
consent_grp[1]/l_teaching_prac_grp[1]/l_class_acti_grp[1]/l_act_grp[1]/l_gender,106,4436
consent_grp[1]/l_teaching_prac_grp[1]/l_class_acti_grp[1]/l_act_grp[1]/l_responsibility,106,4436
consent_grp[1]/l_teaching_prac_grp[1]/l_class_acti_grp[1]/l_act_grp[1]/l_speech,106,4436
consent_grp[1]/l_teaching_prac_grp[1]/l_class_acti_grp[1]/l_act_grp[1]/l_explore_comm,106,4436
consent_grp[1]/l_teaching_prac_grp[1]/l_class_acti_grp[1]/l_act_grp[1]/l_explore_culture,106,4436
consent_grp[1]/l_teaching_prac_grp[1]/l_parent_interact_note,4,4542
consent_grp[1]/l_teaching_prac_grp[1]/l_actively_engaged,22,4546
consent_grp[1]/l_teaching_prac_grp[1]/l_proportion_child,12,4568
consent_grp[1]/l_teaching_prac_grp[1]/l_proportion_child_more,12,4579
consent_grp[1]/l_teaching_prac_grp[1]/l_visit_pupil_house,23,4591
consent_grp[1]/l_teaching_prac_grp[1]/l_visit_parent_house,15,4614
consent_grp[1]/l_teaching_prac_grp[1]/l_receive_parent_supp,37,4630
consent_grp[1]/l_teaching_prac_grp[1]/l_day_teaching_note,6,4667
consent_grp[1]/l_teaching_prac_grp[1]/l_day_grp[1]/tmp_l_labs,40,4672
consent_grp[1]/l_teaching_prac_grp[1]/l_day_grp[1]/l_daily_schedule,40,4672
consent_grp[1]/l_teaching_prac_grp[1]/l_day_grp[1]/l_play_period,40,4672
consent_grp[1]/l_teaching_prac_grp[1]/l_day_grp[1]/l_free_play,40,4672
consent_grp[1]/l_teaching_prac_grp[1]/l_day_grp[1]/l_activities,40,4672
consent_grp[1]/l_teaching_prac_grp[1]/l_per_daily_grp[1]/l_perc_note,205,4712
consent_grp[1]/l_teaching_prac_grp[1]/l_per_daily_grp[1]/l_admin_per,205,4712
consent_grp[1]/l_teaching_prac_grp[1]/l_per_daily_grp[1]/l_class_per,205,4712
consent_grp[1]/l_teaching_prac_grp[1]/l_per_daily_grp[1]/l_teach_per,205,4712
consent_grp[1]/l_teaching_prac_grp[1]/l_per_daily_grp[1]/l_super_per,205,4712
consent_grp[1]/l_teaching_prac_grp[1]/l_per_daily_grp[1]/l_super_oth_per,205,4712
consent_grp[1]/l_teaching_prac_grp[1]/l_per_daily_grp[1]/l_break_per,205,4712
consent_grp[1]/l_teaching_prac_grp[1]/tmp_force_note,6,4769
consent_grp[1]/l_teaching_prac_grp[1]/l_discipline_note,48,4923
consent_grp[1]/l_teaching_prac_grp[1]/l_dont_like,43,4972
consent_grp[1]/l_teaching_prac_grp[1]/l_really_bad,57,5014
consent_grp[1]/l_teaching_prac_grp[1]/l_does_good,12,5071
consent_grp[1]/l_teaching_prac_grp[1]/l_praise,18,5083
consent_grp[1]/q_note,8,5096
consent_grp[1]/q_activ_yn,17,5108
consent_grp[1]/q_rpt[1]/q_activ_r,86,5125
consent_grp[1]/q_rpt[1]/q_activ_org_r,14,5184
consent_grp[1]/q_rpt[1]/q_activ_org_osp_r,14,5190
consent_grp[1]/q_rpt[1]/q_activ_add_r,15,5239
consent_grp[1]/q_rpt[2]/q_activ_r,42,5254
consent_grp[1]/q_rpt[2]/q_activ_org_r,7,5296
consent_grp[1]/q_rpt[2]/q_activ_add_r,12,5303
s_int_accom_yn,15,5315
s_int_accom,13,5330
comments,2,5342
