Field name,Total duration (seconds),First appeared (seconds into survey)
instruction,1,2
a_district_id,3,3
a_circuit_id,19,6
a_kg_id,73,25
a_community_id,3,98
a_enum_id,6,101
consent_note,164,107
con_understand,6,271
con_questions,3,277
con_written,2,280
consent_grp[1]/audio_consent,37,282
consent_grp[1]/d_background_note,1,319
consent_grp[1]/section_d[1]/kgt_key,17,320
consent_grp[1]/section_d[1]/kgt_name_gp[1]/kgt_fsn,39,337
consent_grp[1]/section_d[1]/kgt_name_gp[1]/kgt_msn,39,337
consent_grp[1]/section_d[1]/kgt_name_gp[1]/kgt_lsn,39,337
consent_grp[1]/section_d[1]/kgt_name_gp[1]/kgt_ppn,39,337
consent_grp[1]/section_d[1]/kgt_name_gp[1]/d_sex,39,337
consent_grp[1]/section_d[1]/kgt_confirm_note,6,376
consent_grp[1]/section_d[1]/d_num_cnt,21,382
consent_grp[1]/section_d[1]/d_cnt_grp[1]/d_cnt_main,16,403
consent_grp[1]/section_d[1]/d_age,35,419
consent_grp[1]/section_d[1]/d_teacher_grp[1]/d_been_teacher,35,442
consent_grp[1]/section_d[1]/d_teacher_grp[1]/d_teacher_year,35,442
consent_grp[1]/section_d[1]/d_teacher_grp[1]/d_teacher_month,35,442
consent_grp[1]/section_d[1]/d_been_kinder_grp[1]/d_been_kinder,41,489
consent_grp[1]/section_d[1]/d_been_kinder_grp[1]/d_kinder_year,41,489
consent_grp[1]/section_d[1]/d_been_kinder_grp[1]/d_kinder_month,41,489
consent_grp[1]/section_d[1]/d_work_last,9,530
consent_grp[1]/section_d[1]/d_os_yn,7,539
consent_grp[1]/section_d[1]/d_os_grp[1]/d_os_name,90,546
consent_grp[1]/section_d[1]/d_os_grp[1]/d_os_region,90,546
consent_grp[1]/section_d[1]/d_os_district,11,636
consent_grp[1]/section_d[1]/d_os_comm_sel,44,647
consent_grp[1]/section_d[1]/d_edu_level,14,690
consent_grp[1]/section_d[1]/d_edu_train,19,704
consent_grp[1]/section_d[1]/d_edu_level_train,17,724
consent_grp[1]/section_d[1]/d_edu_level_fath,7,740
consent_grp[1]/section_d[1]/d_edu_level_mom,6,747
consent_grp[1]/section_d[1]/d_marital_status,4,753
consent_grp[1]/section_d[1]/d_ethnic_group,11,757
consent_grp[1]/section_d[1]/d_religion,42,767
consent_grp[1]/section_d[1]/d_la_spk_grp[1]/d_la_spk_note,81,809
consent_grp[1]/section_d[1]/d_la_spk_grp[1]/d_la_spk_eng,81,809
consent_grp[1]/section_d[1]/d_la_spk_grp[1]/d_la_spk_dagb,81,809
consent_grp[1]/section_d[1]/d_la_wrt_grp[1]/d_la_wrt_note,24,890
consent_grp[1]/section_d[1]/d_la_wrt_grp[1]/d_la_wrt_eng,24,890
consent_grp[1]/section_d[1]/d_la_wrt_grp[1]/d_la_wrt_dagb,24,890
consent_grp[1]/section_d[1]/d_main_language,48,914
consent_grp[1]/section_d[1]/d_loc_lang_kinderg,3,962
consent_grp[1]/e_rel_grp[1]/e_hh_note,7,966
consent_grp[1]/e_rel_grp[1]/e_hh_num,41,973
consent_grp[1]/e_rel_grp[1]/e_hh_grp[1]/e_hh_head,54,1015
consent_grp[1]/e_rel_grp[1]/e_hh_grp[1]/e_chil_hh,54,1015
consent_grp[1]/e_rel_grp[1]/e_hh_grp[1]/e_adult_hh,54,1015
consent_grp[1]/e_rel_grp[1]/e_hh_school,17,1069
consent_grp[1]/e_rel_grp[1]/e_read_english,12,1086
consent_grp[1]/e_rel_grp[1]/e_rate_health,30,1098
consent_grp[1]/e_rel_grp[1]/e_live_note,5,1128
consent_grp[1]/e_rel_grp[1]/e_rooms_occu,30,1133
consent_grp[1]/e_rel_grp[1]/e_own_status,14,1163
consent_grp[1]/e_rel_grp[1]/e_electricity_inhouse,5,1177
consent_grp[1]/e_rel_grp[1]/e_floor_material,246,1183
consent_grp[1]/e_rel_grp[1]/e_interior_floor,18,1429
consent_grp[1]/e_rel_grp[1]/e_roof_mat,12,1447
consent_grp[1]/e_rel_grp[1]/e_cook_fuel,12,1459
consent_grp[1]/e_rel_grp[1]/e_lighting,17,1471
consent_grp[1]/e_rel_grp[1]/e_drink_source,33,1488
consent_grp[1]/e_rel_grp[1]/e_toilet_facility,27,1521
consent_grp[1]/e_rel_grp[1]/e_asset_note,11,1548
consent_grp[1]/e_rel_grp[1]/e_hh_own_phone,13,1559
consent_grp[1]/e_rel_grp[1]/e_hh_ass_grp[1]/tmp_e_hh_ass_lab,129,1572
consent_grp[1]/e_rel_grp[1]/e_hh_ass_grp[1]/e_hh_ass_radio,129,1572
consent_grp[1]/e_rel_grp[1]/e_hh_ass_grp[1]/e_hh_ass_refrig,129,1572
consent_grp[1]/e_rel_grp[1]/e_hh_ass_grp[1]/e_hh_ass_bike,129,1572
consent_grp[1]/e_rel_grp[1]/e_hh_ass_grp[1]/e_hh_ass_tv,129,1572
consent_grp[1]/e_rel_grp[1]/e_hh_ass_grp[1]/e_hh_ass_vcr,129,1572
consent_grp[1]/e_rel_grp[1]/e_hh_ass_grp[1]/e_hh_ass_motor,129,1572
consent_grp[1]/e_rel_grp[1]/e_hh_ass_grp[1]/e_hh_ass_car,129,1572
consent_grp[1]/e_rel_grp[1]/e_hh_ass_grp[1]/e_hh_ass_tractor,129,1572
consent_grp[1]/e_rel_grp[1]/e_hh_ass_grp[1]/e_hh_ass_farm_equip,129,1572
consent_grp[1]/e_rel_grp[1]/e_hh_ass_grp[1]/e_hh_ass_sew_mach,129,1572
consent_grp[1]/e_rel_grp[1]/e_hh_ass_grp[1]/e_hh_ass_bed,129,1572
consent_grp[1]/e_rel_grp[1]/e_hh_ass_grp[1]/e_hh_ass_mattress,129,1572
consent_grp[1]/e_rel_grp[1]/e_hh_ass_grp[1]/e_hh_ass_table_chair,129,1572
consent_grp[1]/e_rel_grp[1]/e_hh_ass_grp[1]/e_hh_ass_stool,129,1572
consent_grp[1]/e_rel_grp[1]/e_hh_ass_grp[1]/e_hh_ass_sofa,129,1572
consent_grp[1]/e_rel_grp[1]/e_hh_ass_grp[1]/e_hh_ass_fan,129,1572
consent_grp[1]/e_rel_grp[1]/e_hh_ass_grp[1]/e_hh_ass_lamp,129,1572
consent_grp[1]/e_rel_grp[1]/e_hh_ass_grp[1]/e_hh_ass_watch,129,1572
consent_grp[1]/e_rel_grp[1]/e_hh_ass_grp[1]/e_hh_ass_mat,129,1572
consent_grp[1]/e_rel_grp[1]/e_hh_ass_grp[1]/e_hh_ass_torch,129,1572
consent_grp[1]/e_rel_grp[1]/e_hh_ass_grp[1]/e_hh_ass_cabinet,129,1572
consent_grp[1]/e_rel_grp[1]/e_hh_ass_grp[1]/e_hh_ass_pot,129,1572
consent_grp[1]/e_rel_grp[1]/e_hh_ass_grp[1]/e_hh_ass_itn,129,1572
consent_grp[1]/e_rel_grp[1]/e_hh_ass_grp[1]/e_hh_ass_iron_elec,129,1572
consent_grp[1]/e_rel_grp[1]/e_hh_ass_grp[1]/e_hh_ass_iron_coal,129,1572
consent_grp[1]/e_rel_grp[1]/e_hh_ass_grp[1]/e_hh_ass_iron_gas,129,1572
consent_grp[1]/f_rel_grp[1]/f_comm_note,12,1701
consent_grp[1]/f_rel_grp[1]/section_f[1]/f_born_comm,18,1713
consent_grp[1]/f_rel_grp[1]/section_f[1]/f_school_loc,15,1725
consent_grp[1]/f_rel_grp[1]/section_f[1]/f_lived_bef_teach,10,1745
consent_grp[1]/f_rel_grp[1]/section_f[1]/f_lived_grp[1]/f_lived_comm,42,1755
consent_grp[1]/f_rel_grp[1]/section_f[1]/f_lived_grp[1]/f_lived_comm_year,42,1755
consent_grp[1]/f_rel_grp[1]/section_f[1]/f_lived_grp[1]/f_lived_comm_month,42,1755
consent_grp[1]/f_rel_grp[1]/section_f[1]/f_fam_lived,8,1797
consent_grp[1]/f_rel_grp[1]/section_f[1]/f_emot_support,34,1805
consent_grp[1]/f_rel_grp[1]/section_f[1]/f_emot_support_num,24,1839
consent_grp[1]/f_rel_grp[1]/section_f[1]/f_lend_money,47,1863
consent_grp[1]/f_rel_grp[1]/section_f[1]/f_borrow_money,22,1909
consent_grp[1]/f_rel_grp[1]/section_f[1]/f_rel_live_nearby,16,1931
consent_grp[1]/f_rel_grp[1]/section_f[1]/f_part_comm,9,1947
consent_grp[1]/f_rel_grp[1]/section_f[1]/f_main_trans,10,1956
consent_grp[1]/f_rel_grp[1]/section_f[1]/f_min_get_sch_grp[1]/f_min_get_note,22,1966
consent_grp[1]/f_rel_grp[1]/section_f[1]/f_min_get_sch_grp[1]/f_h_get_school,22,1966
consent_grp[1]/f_rel_grp[1]/section_f[1]/f_min_get_sch_grp[1]/f_m_get_school,22,1966
consent_grp[1]/g_nature_wrk_note,5,1987
consent_grp[1]/section_g[1]/g_teach_pos,7,1992
consent_grp[1]/section_g[1]/g_teach_school,6,1999
consent_grp[1]/section_g[1]/g_kg_grade,7,2005
consent_grp[1]/section_g[1]/g_class_grp[1]/g_children_note,15,2012
consent_grp[1]/section_g[1]/g_class_grp[1]/g_kg_2,15,2012
consent_grp[1]/section_g[1]/g_ah_grp[1]/g_ah_note,134,2023
consent_grp[1]/section_g[1]/g_ah_grp[1]/g_ah_working,134,2023
consent_grp[1]/section_g[1]/g_ah_grp[1]/g_ah_prepping,134,2023
consent_grp[1]/section_g[1]/g_eh_grp[1]/g_eh_note,97,2152
consent_grp[1]/section_g[1]/g_eh_grp[1]/g_eh_working,97,2152
consent_grp[1]/section_g[1]/g_eh_grp[1]/g_eh_prepping,97,2152
consent_grp[1]/section_g[1]/g_teach_salary,66,2259
consent_grp[1]/section_g[1]/g_salary_freq,10,2325
consent_grp[1]/section_g[1]/g_salary_intime,35,2335
consent_grp[1]/section_g[1]/g_money_cmp,12,2370
consent_grp[1]/section_g[1]/g_job_outside,11,2382
consent_grp[1]/section_g[1]/g_extra_money_spec,8,2393
consent_grp[1]/section_g[1]/g_sch_pro_grp[1]/tmp_g_sch_pro_lab,150,2401
consent_grp[1]/section_g[1]/g_sch_pro_grp[1]/g_class,150,2401
consent_grp[1]/section_g[1]/g_sch_pro_grp[1]/g_class_taught,150,2401
consent_grp[1]/section_g[1]/g_sch_pro_grp[1]/g_fin_resource,150,2401
consent_grp[1]/section_g[1]/g_sch_pro_grp[1]/g_high_expe,150,2401
consent_grp[1]/section_g[1]/g_sch_pro_grp[1]/g_change_curri,150,2401
consent_grp[1]/section_g[1]/g_sch_pro_grp[1]/g_diff_curri,150,2401
consent_grp[1]/section_g[1]/g_sch_pro_grp[1]/g_easy_curri,150,2401
consent_grp[1]/section_g[1]/g_sch_pro_grp[1]/g_par_dem_high,150,2401
consent_grp[1]/section_g[1]/g_sch_pro_grp[1]/g_par_suff_interest,150,2401
consent_grp[1]/section_g[1]/g_sch_pro_grp[1]/g_par_suff_active,150,2401
consent_grp[1]/section_g[1]/g_par_supp_grp[1]/g_par_supp_note,10,2551
consent_grp[1]/section_g[1]/g_par_supp_grp[1]/g_home_wrk,15,2561
consent_grp[1]/section_g[1]/g_par_supp_grp[1]/g_behave_val,3,2576
consent_grp[1]/section_g[1]/g_par_supp_grp[1]/g_get_schl,10,2579
consent_grp[1]/section_g[1]/g_par_supp_grp[1]/g_visit_schl,9,2588
consent_grp[1]/section_g[1]/g_par_supp_grp[1]/g_show_respect,7,2597
consent_grp[1]/section_g[1]/g_par_supp_grp[1]/g_best_schl,9,2604
consent_grp[1]/section_g[1]/g_par_supp_grp[1]/g_parti_pta,7,2613
consent_grp[1]/section_g[1]/g_par_supp_grp[1]/g_cont_kg_act,14,2620
consent_grp[1]/section_g[1]/g_lead_respect,21,2634
consent_grp[1]/section_g[1]/g_val_citizen,19,2655
consent_grp[1]/section_h[1]/sec_h_depre_note,48,2675
consent_grp[1]/section_h[1]/h_depression_grp[1]/h_da_note,101,2723
consent_grp[1]/section_h[1]/h_depression_grp[1]/tmp_h_da_lab,101,2723
consent_grp[1]/section_h[1]/h_depression_grp[1]/h_headache,101,2723
consent_grp[1]/section_h[1]/h_depression_grp[1]/h_appetite,101,2723
consent_grp[1]/section_h[1]/h_depression_grp[1]/h_sleep,101,2723
consent_grp[1]/section_h[1]/h_depression_grp[1]/h_frightened,101,2723
consent_grp[1]/section_h[1]/h_depression_grp[1]/h_hands_shake,101,2723
consent_grp[1]/section_h[1]/h_depression_grp[1]/h_nervous,101,2723
consent_grp[1]/section_h[1]/h_depression_grp[1]/h_digestion,101,2723
consent_grp[1]/section_h[1]/h_depression_grp[1]/h_thinking,101,2723
consent_grp[1]/section_h[1]/h_depression_grp[1]/h_unhappy,101,2723
consent_grp[1]/section_h[1]/h_depression_grp[1]/h_cry,101,2723
consent_grp[1]/section_h[1]/h_depression_grp[1]/h_activities,101,2723
consent_grp[1]/section_h[1]/h_depression_grp[1]/h_decisions,101,2723
consent_grp[1]/section_h[1]/h_depression_grp[1]/h_daily_work,101,2723
consent_grp[1]/section_h[1]/h_depression_grp[1]/h_life,101,2723
consent_grp[1]/section_h[1]/h_depression_grp[1]/h_interest,101,2723
consent_grp[1]/section_h[1]/h_depression_grp[1]/h_worthless,101,2723
consent_grp[1]/section_h[1]/h_depression_grp[1]/h_end_life,101,2723
consent_grp[1]/section_h[1]/h_depression_grp[1]/h_tired,101,2723
consent_grp[1]/section_h[1]/h_depression_grp[1]/h_uncomfortable,101,2723
consent_grp[1]/section_h[1]/h_depression_grp[1]/h_easily_tired,101,2723
consent_grp[1]/section_h[1]/sec_h_ext_contr_note,9,2825
consent_grp[1]/section_h[1]/h_ext_control_grp[1]/h_ext_cont_note,11,2833
consent_grp[1]/section_h[1]/h_ext_control_grp[1]/h_pup_learn,41,2844
consent_grp[1]/section_h[1]/h_ext_control_grp[1]/h_discipline,8,2885
consent_grp[1]/section_h[1]/h_ext_control_grp[1]/h_stu_achieve,10,2893
consent_grp[1]/section_h[1]/h_ext_control_grp[1]/h_teach_motiv,40,2903
consent_grp[1]/section_h[1]/h_ext_control_grp[1]/h_good_teach,17,2943
consent_grp[1]/section_h[1]/sec_h_motiv_note,4,2960
consent_grp[1]/section_h[1]/h_motiv_grp[1]/h_motiv_note,9,2964
consent_grp[1]/section_h[1]/h_motiv_grp[1]/h_motiv_help,12,2973
consent_grp[1]/section_h[1]/h_motiv_grp[1]/h_quest_school,8,2985
consent_grp[1]/section_h[1]/h_motiv_grp[1]/h_help_child,5,2993
consent_grp[1]/section_h[1]/h_motiv_grp[1]/h_sch_goal,6,2999
consent_grp[1]/section_h[1]/h_motiv_grp[1]/h_help_emot,7,3005
consent_grp[1]/section_h[1]/h_motiv_grp[1]/h_enjoy_teach,4,3012
consent_grp[1]/section_h[1]/h_motiv_grp[1]/h_develop_society,7,3016
consent_grp[1]/section_h[1]/h_motiv_grp[1]/h_develop_socially,7,3023
consent_grp[1]/section_h[1]/h_motiv_grp[1]/h_perso_clear,5,3029
consent_grp[1]/section_h[1]/h_impor_thing,30,3035
consent_grp[1]/section_h[1]/h_job_satisfaction_grp[1]/h_job_satis_note,19,3065
consent_grp[1]/section_h[1]/h_job_satisfaction_grp[1]/h_look_out,32,3084
consent_grp[1]/section_h[1]/h_job_satisfaction_grp[1]/h_perso_worries,10,3116
consent_grp[1]/section_h[1]/h_job_satisfaction_grp[1]/h_know_col,17,3126
consent_grp[1]/section_h[1]/h_job_satisfaction_grp[1]/h_col_coop,8,3143
consent_grp[1]/section_h[1]/h_job_satisfaction_grp[1]/h_trust_col,30,3151
consent_grp[1]/section_h[1]/h_job_satisfaction_grp[1]/h_enjoy_col,16,3181
consent_grp[1]/section_h[1]/h_job_satisfaction_grp[1]/h_sup_respect,6,3197
consent_grp[1]/section_h[1]/h_job_satisfaction_grp[1]/h_sup_busy,9,3203
consent_grp[1]/section_h[1]/h_job_satisfaction_grp[1]/h_sup_opinion,9,3212
consent_grp[1]/section_h[1]/h_job_satisfaction_grp[1]/h_count_sup,9,3221
consent_grp[1]/section_h[1]/h_job_satisfaction_grp[1]/h_motivated,10,3230
consent_grp[1]/section_h[1]/h_job_satisfaction_grp[1]/h_sup_unpredict,7,3240
consent_grp[1]/section_h[1]/h_job_satisfaction_grp[1]/h_wrk_challenge,10,3247
consent_grp[1]/section_h[1]/h_job_satisfaction_grp[1]/h_wrk_monotonous,11,3256
consent_grp[1]/section_h[1]/h_job_satisfaction_grp[1]/h_wrk_creative,4,3267
consent_grp[1]/section_h[1]/h_job_satisfaction_grp[1]/h_big_impact,8,3272
consent_grp[1]/section_h[1]/h_job_satisfaction_grp[1]/h_little_time,8,3280
consent_grp[1]/section_h[1]/h_job_satisfaction_grp[1]/h_control_satis,7,3288
consent_grp[1]/section_h[1]/h_job_satisfaction_grp[1]/h_look,10,3295
consent_grp[1]/section_h[1]/h_job_satisfaction_grp[1]/h_small_space,22,3305
consent_grp[1]/section_h[1]/h_job_satisfaction_grp[1]/h_new_mat,24,3327
consent_grp[1]/section_h[1]/h_job_satisfaction_grp[1]/h_clean_kinder,8,3351
consent_grp[1]/section_h[1]/h_job_satisfaction_grp[1]/h_loud_kinder,10,3359
consent_grp[1]/section_h[1]/h_job_satisfaction_grp[1]/h_kinder_rules,20,3368
consent_grp[1]/section_h[1]/h_job_satisfaction_grp[1]/h_satisfied_paid,31,3388
consent_grp[1]/section_h[1]/h_burnout_grp[1]/h_burnout_note,14,3420
consent_grp[1]/section_h[1]/h_burnout_grp[1]/h_emotion_drained,28,3434
consent_grp[1]/section_h[1]/h_burnout_grp[1]/h_used_up,15,3462
consent_grp[1]/section_h[1]/h_burnout_grp[1]/h_fatigued,21,3476
consent_grp[1]/section_h[1]/h_burnout_grp[1]/h_child_feel,8,3498
consent_grp[1]/section_h[1]/h_burnout_grp[1]/h_child_impersonal,15,3506
consent_grp[1]/section_h[1]/h_burnout_grp[1]/h_ppl_strain,17,3520
consent_grp[1]/section_h[1]/h_burnout_grp[1]/h_deal_effect,20,3537
consent_grp[1]/section_h[1]/h_burnout_grp[1]/h_burnout,8,3557
consent_grp[1]/section_h[1]/h_burnout_grp[1]/h_pos_influence,7,3565
consent_grp[1]/section_h[1]/h_burnout_grp[1]/h_cold,12,3572
consent_grp[1]/section_h[1]/h_burnout_grp[1]/h_hard,7,3584
consent_grp[1]/section_h[1]/h_burnout_grp[1]/h_energetic,16,3591
consent_grp[1]/section_h[1]/h_burnout_grp[1]/h_frustrated,7,3608
consent_grp[1]/section_h[1]/h_burnout_grp[1]/h_work_hard,6,3615
consent_grp[1]/section_h[1]/h_burnout_grp[1]/h_dont_care,7,3621
consent_grp[1]/section_h[1]/h_burnout_grp[1]/h_put_pressure,11,3628
consent_grp[1]/section_h[1]/h_burnout_grp[1]/h_relax,7,3639
consent_grp[1]/section_h[1]/h_burnout_grp[1]/h_excited,8,3646
consent_grp[1]/section_h[1]/h_burnout_grp[1]/h_accomplished,6,3654
consent_grp[1]/section_h[1]/h_burnout_grp[1]/h_end_of_rop,8,3660
consent_grp[1]/section_h[1]/h_burnout_grp[1]/h_emot_pro_calm,10,3668
consent_grp[1]/i_teacher_knowledge_grp[1]/I_teach_know_note,31,3678
consent_grp[1]/i_teacher_knowledge_grp[1]/i_consonance,26,3709
consent_grp[1]/i_teacher_knowledge_grp[1]/i_vowel,24,3735
consent_grp[1]/i_teacher_knowledge_grp[1]/i_unbelievable,33,3746
consent_grp[1]/i_teacher_knowledge_grp[1]/i_irregular,24,3792
consent_grp[1]/i_teacher_knowledge_grp[1]/i_cat,16,3816
consent_grp[1]/i_teacher_knowledge_grp[1]/i_cough,10,3832
consent_grp[1]/i_teacher_knowledge_grp[1]/i_check,56,3842
consent_grp[1]/i_teacher_knowledge_grp[1]/i_english,42,3898
consent_grp[1]/j_perception_grp[1]/j_perception_note,55,3940
consent_grp[1]/j_perception_grp[1]/j_dev_practice_grp[1]/j_dev_practice_note,11,3995
consent_grp[1]/j_perception_grp[1]/j_dev_practice_grp[1]/j_child_need,8,4006
consent_grp[1]/j_perception_grp[1]/j_dev_practice_grp[1]/j_recog_letter,5,4014
consent_grp[1]/j_perception_grp[1]/j_dev_practice_grp[1]/j_recog_number,5,4019
consent_grp[1]/j_perception_grp[1]/j_dev_practice_grp[1]/j_recog_colour,5,4024
consent_grp[1]/j_perception_grp[1]/j_dev_practice_grp[1]/j_indiv_goal,8,4029
consent_grp[1]/j_perception_grp[1]/j_dev_practice_grp[1]/j_play_materials,6,4038
consent_grp[1]/j_perception_grp[1]/j_dev_practice_grp[1]/j_child_measure,8,4043
consent_grp[1]/j_perception_grp[1]/j_supp_chil_grp[1]/j_supp_chil_note,7,4052
consent_grp[1]/j_perception_grp[1]/j_supp_chil_grp[1]/j_build_relation,8,4059
consent_grp[1]/j_perception_grp[1]/j_supp_chil_grp[1]/j_control_behaviour,6,4067
consent_grp[1]/j_perception_grp[1]/j_supp_chil_grp[1]/j_express_thought,6,4073
consent_grp[1]/j_perception_grp[1]/j_supp_chil_grp[1]/j_resolve_conflicts,6,4079
consent_grp[1]/j_perception_grp[1]/j_supp_chil_grp[1]/j_guidance_style,6,4085
consent_grp[1]/j_perception_grp[1]/j_fam_sensitive_grp[1]/j_fam_sensitive_note,51,4091
consent_grp[1]/j_perception_grp[1]/j_fam_sensitive_grp[1]/j_parent_goal,51,4091
consent_grp[1]/j_perception_grp[1]/j_fam_sensitive_grp[1]/j_work_schedule,51,4091
consent_grp[1]/j_perception_grp[1]/j_fam_sensitive_grp[1]/j_fam_decision,51,4091
consent_grp[1]/j_perception_grp[1]/j_fam_sensitive_grp[1]/j_family_care,51,4091
consent_grp[1]/j_perception_grp[1]/j_fam_sensitive_grp[1]/j_connect_family,51,4091
consent_grp[1]/k_grp[1]/k_instro_note,22,4142
consent_grp[1]/k_grp[1]/k_ts_grp[1]/tmp_k_labels,88,4163
consent_grp[1]/k_grp[1]/k_ts_grp[1]/k_take_priviledges,88,4163
consent_grp[1]/k_grp[1]/k_ts_grp[1]/k_explain_behavior,88,4163
consent_grp[1]/k_grp[1]/k_ts_grp[1]/k_shook,88,4163
consent_grp[1]/k_grp[1]/k_ts_grp[1]/k_shouted,88,4163
consent_grp[1]/k_grp[1]/k_ts_grp[1]/k_gave_something,88,4163
consent_grp[1]/k_grp[1]/k_ts_grp[1]/k_spanked,88,4163
consent_grp[1]/k_grp[1]/k_ts_grp[1]/k_hit_bottom,88,4163
consent_grp[1]/k_grp[1]/k_ts_grp[1]/k_call_dumb,88,4163
consent_grp[1]/k_grp[1]/k_ts_grp[1]/k_hit_face,88,4163
consent_grp[1]/k_grp[1]/k_ts_grp[1]/k_praised,88,4163
consent_grp[1]/k_grp[1]/k_ts_grp[1]/k_affection,88,4163
consent_grp[1]/k_grp[1]/k_ts_grp[1]/k_rewarded,88,4163
consent_grp[1]/l_teaching_prac_grp[1]/l_note,7,4251
consent_grp[1]/l_teaching_prac_grp[1]/l_previos_kinder_act[1]/tmp_l_prac_lab,92,4258
consent_grp[1]/l_teaching_prac_grp[1]/l_previos_kinder_act[1]/l_hygiene_routine,92,4258
consent_grp[1]/l_teaching_prac_grp[1]/l_previos_kinder_act[1]/l_supply,92,4258
consent_grp[1]/l_teaching_prac_grp[1]/l_previos_kinder_act[1]/l_pamper,92,4258
consent_grp[1]/l_teaching_prac_grp[1]/l_previos_kinder_act[1]/l_read,92,4258
consent_grp[1]/l_teaching_prac_grp[1]/l_previos_kinder_act[1]/l_tell,92,4258
consent_grp[1]/l_teaching_prac_grp[1]/l_previos_kinder_act[1]/l_conversatin,92,4258
consent_grp[1]/l_teaching_prac_grp[1]/l_previos_kinder_act[1]/l_sing,92,4258
consent_grp[1]/l_teaching_prac_grp[1]/l_previos_kinder_act[1]/l_dance,92,4258
consent_grp[1]/l_teaching_prac_grp[1]/l_previos_kinder_act[1]/l_visit,92,4258
consent_grp[1]/l_teaching_prac_grp[1]/l_previos_kinder_act[1]/l_play_kg,92,4258
consent_grp[1]/l_teaching_prac_grp[1]/l_previos_kinder_act[1]/l_play_recrea,92,4258
consent_grp[1]/l_teaching_prac_grp[1]/l_previos_kinder_act[1]/l_sleep,92,4258
consent_grp[1]/l_teaching_prac_grp[1]/l_previos_kinder_act[1]/l_run,92,4258
consent_grp[1]/l_teaching_prac_grp[1]/l_previos_kinder_act[1]/l_group_learn,92,4258
consent_grp[1]/l_teaching_prac_grp[1]/l_previos_kinder_act[1]/l_indiv_learn,92,4258
consent_grp[1]/l_teaching_prac_grp[1]/l_class_acti_grp[1]/l_act_grp[1]/tmp_l_class_lab,91,4350
consent_grp[1]/l_teaching_prac_grp[1]/l_class_acti_grp[1]/l_act_grp[1]/l_teach_colour,91,4350
consent_grp[1]/l_teaching_prac_grp[1]/l_class_acti_grp[1]/l_act_grp[1]/l_teach_number,91,4350
consent_grp[1]/l_teaching_prac_grp[1]/l_class_acti_grp[1]/l_act_grp[1]/l_teach_letter,91,4350
consent_grp[1]/l_teaching_prac_grp[1]/l_class_acti_grp[1]/l_act_grp[1]/l_teach_form,91,4350
consent_grp[1]/l_teaching_prac_grp[1]/l_class_acti_grp[1]/l_act_grp[1]/l_socialise,91,4350
consent_grp[1]/l_teaching_prac_grp[1]/l_class_acti_grp[1]/l_act_grp[1]/l_pro_solve,91,4350
consent_grp[1]/l_teaching_prac_grp[1]/l_class_acti_grp[1]/l_act_grp[1]/l_writing,91,4350
consent_grp[1]/l_teaching_prac_grp[1]/l_class_acti_grp[1]/l_act_grp[1]/l_teach_body,91,4350
consent_grp[1]/l_teaching_prac_grp[1]/l_class_acti_grp[1]/l_act_grp[1]/l_pers_hygiene,91,4350
consent_grp[1]/l_teaching_prac_grp[1]/l_class_acti_grp[1]/l_act_grp[1]/l_art_expre,91,4350
consent_grp[1]/l_teaching_prac_grp[1]/l_class_acti_grp[1]/l_act_grp[1]/l_body_lang,91,4350
consent_grp[1]/l_teaching_prac_grp[1]/l_class_acti_grp[1]/l_act_grp[1]/l_concentration,91,4350
consent_grp[1]/l_teaching_prac_grp[1]/l_class_acti_grp[1]/l_act_grp[1]/l_gross_motor,91,4350
consent_grp[1]/l_teaching_prac_grp[1]/l_class_acti_grp[1]/l_act_grp[1]/l_fine_motor,91,4350
consent_grp[1]/l_teaching_prac_grp[1]/l_class_acti_grp[1]/l_act_grp[1]/l_gender,91,4350
consent_grp[1]/l_teaching_prac_grp[1]/l_class_acti_grp[1]/l_act_grp[1]/l_responsibility,91,4350
consent_grp[1]/l_teaching_prac_grp[1]/l_class_acti_grp[1]/l_act_grp[1]/l_speech,91,4350
consent_grp[1]/l_teaching_prac_grp[1]/l_class_acti_grp[1]/l_act_grp[1]/l_explore_comm,91,4350
consent_grp[1]/l_teaching_prac_grp[1]/l_class_acti_grp[1]/l_act_grp[1]/l_explore_culture,91,4350
consent_grp[1]/l_teaching_prac_grp[1]/l_parent_interact_note,6,4441
consent_grp[1]/l_teaching_prac_grp[1]/l_actively_engaged,41,4447
consent_grp[1]/l_teaching_prac_grp[1]/l_proportion_child,11,4488
consent_grp[1]/l_teaching_prac_grp[1]/l_proportion_child_more,16,4499
consent_grp[1]/l_teaching_prac_grp[1]/l_visit_pupil_house,28,4515
consent_grp[1]/l_teaching_prac_grp[1]/l_visit_parent_house,21,4543
consent_grp[1]/l_teaching_prac_grp[1]/l_receive_parent_supp,18,4564
consent_grp[1]/l_teaching_prac_grp[1]/l_day_teaching_note,6,4582
consent_grp[1]/l_teaching_prac_grp[1]/l_day_grp[1]/tmp_l_labs,48,4588
consent_grp[1]/l_teaching_prac_grp[1]/l_day_grp[1]/l_daily_schedule,48,4588
consent_grp[1]/l_teaching_prac_grp[1]/l_day_grp[1]/l_play_period,48,4588
consent_grp[1]/l_teaching_prac_grp[1]/l_day_grp[1]/l_free_play,48,4588
consent_grp[1]/l_teaching_prac_grp[1]/l_day_grp[1]/l_activities,48,4588
consent_grp[1]/l_teaching_prac_grp[1]/l_per_daily_grp[1]/l_perc_note,349,4636
consent_grp[1]/l_teaching_prac_grp[1]/l_per_daily_grp[1]/l_admin_per,349,4636
consent_grp[1]/l_teaching_prac_grp[1]/l_per_daily_grp[1]/l_class_per,349,4636
consent_grp[1]/l_teaching_prac_grp[1]/l_per_daily_grp[1]/l_teach_per,349,4636
consent_grp[1]/l_teaching_prac_grp[1]/l_per_daily_grp[1]/l_super_per,349,4636
consent_grp[1]/l_teaching_prac_grp[1]/l_per_daily_grp[1]/l_super_oth_per,349,4636
consent_grp[1]/l_teaching_prac_grp[1]/l_per_daily_grp[1]/l_break_per,349,4636
consent_grp[1]/l_teaching_prac_grp[1]/l_discipline_note,27,4985
consent_grp[1]/l_teaching_prac_grp[1]/l_dont_like,36,5012
consent_grp[1]/l_teaching_prac_grp[1]/l_really_bad,43,5048
consent_grp[1]/l_teaching_prac_grp[1]/l_does_good,25,5091
consent_grp[1]/l_teaching_prac_grp[1]/l_praise,13,5115
consent_grp[1]/q_note,35,5128
consent_grp[1]/q_activ_yn,14,5150
consent_grp[1]/q_rpt[1]/q_activ_r,107,5177
consent_grp[1]/q_rpt[1]/q_activ_osp_r,13,5284
consent_grp[1]/q_rpt[1]/q_activ_org_r,35,5297
consent_grp[1]/q_rpt[1]/q_activ_org_osp_r,53,5332
consent_grp[1]/q_rpt[1]/q_activ_add_r,16,5385
s_int_accom_yn,14,5401
comments,2,5415
