Field name,Total duration (seconds),First appeared (seconds into survey)
instruction,1,2
a_district_id,3,3
a_circuit_id,27,6
a_kg_id,8,29
a_community_id,6,41
a_enum_id,4,47
consent_note,338,51
con_understand,4,53
con_questions,2,393
con_written,4,395
consent_grp[1]/audio_consent,27,399
consent_grp[1]/d_background_note,2,426
consent_grp[1]/section_d[1]/kgt_key,13,428
consent_grp[1]/section_d[1]/kgt_name_gp[1]/kgt_fsn,58,440
consent_grp[1]/section_d[1]/kgt_name_gp[1]/kgt_msn,58,440
consent_grp[1]/section_d[1]/kgt_name_gp[1]/kgt_lsn,58,440
consent_grp[1]/section_d[1]/kgt_name_gp[1]/kgt_ppn,58,440
consent_grp[1]/section_d[1]/kgt_name_gp[1]/d_sex,58,440
consent_grp[1]/section_d[1]/kgt_confirm_note,7,498
consent_grp[1]/section_d[1]/d_num_cnt,16,505
consent_grp[1]/section_d[1]/d_cnt_grp[1]/d_cnt_main,12,521
consent_grp[1]/section_d[1]/d_age,7,533
consent_grp[1]/section_d[1]/d_teacher_grp[1]/d_been_teacher,35,540
consent_grp[1]/section_d[1]/d_teacher_grp[1]/d_teacher_year,35,540
consent_grp[1]/section_d[1]/d_teacher_grp[1]/d_teacher_month,35,540
consent_grp[1]/section_d[1]/d_been_kinder_grp[1]/d_been_kinder,16,575
consent_grp[1]/section_d[1]/d_been_kinder_grp[1]/d_kinder_year,16,575
consent_grp[1]/section_d[1]/d_been_kinder_grp[1]/d_kinder_month,16,575
consent_grp[1]/section_d[1]/d_work_last,14,591
consent_grp[1]/section_d[1]/d_os_yn,4,605
consent_grp[1]/section_d[1]/d_os_grp[1]/d_os_name,12,609
consent_grp[1]/section_d[1]/d_os_grp[1]/d_os_region,12,609
consent_grp[1]/section_d[1]/d_os_district,4,622
consent_grp[1]/section_d[1]/d_os_comm_sel,23,626
consent_grp[1]/section_d[1]/d_edu_level,12,648
consent_grp[1]/section_d[1]/d_edu_train,15,661
consent_grp[1]/section_d[1]/d_edu_level_fath,10,676
consent_grp[1]/section_d[1]/d_edu_level_mom,5,686
consent_grp[1]/section_d[1]/d_marital_status,10,691
consent_grp[1]/section_d[1]/d_ethnic_group,12,701
consent_grp[1]/section_d[1]/d_religion,7,713
consent_grp[1]/section_d[1]/d_la_spk_grp[1]/d_la_spk_note,36,718
consent_grp[1]/section_d[1]/d_la_spk_grp[1]/d_la_spk_eng,36,718
consent_grp[1]/section_d[1]/d_la_spk_grp[1]/d_la_spk_grun,36,718
consent_grp[1]/section_d[1]/d_la_wrt_grp[1]/d_la_wrt_note,22,755
consent_grp[1]/section_d[1]/d_la_wrt_grp[1]/d_la_wrt_eng,22,755
consent_grp[1]/section_d[1]/d_la_wrt_grp[1]/d_la_wrt_grun,22,755
consent_grp[1]/section_d[1]/d_main_language,13,777
consent_grp[1]/section_d[1]/d_loc_lang_kinderg,7,790
consent_grp[1]/e_rel_grp[1]/e_hh_note,6,797
consent_grp[1]/e_rel_grp[1]/e_hh_num,18,804
consent_grp[1]/e_rel_grp[1]/e_hh_grp[1]/e_hh_head,67,822
consent_grp[1]/e_rel_grp[1]/e_hh_grp[1]/e_chil_hh,67,822
consent_grp[1]/e_rel_grp[1]/e_hh_grp[1]/e_adult_hh,67,822
consent_grp[1]/e_rel_grp[1]/e_hh_school,21,889
consent_grp[1]/e_rel_grp[1]/e_read_english,15,910
consent_grp[1]/e_rel_grp[1]/e_rate_health,12,925
consent_grp[1]/e_rel_grp[1]/e_live_note,6,937
consent_grp[1]/e_rel_grp[1]/e_rooms_occu,16,943
consent_grp[1]/e_rel_grp[1]/e_own_status,27,959
consent_grp[1]/e_rel_grp[1]/e_electricity_inhouse,6,987
consent_grp[1]/e_rel_grp[1]/e_floor_material,11,993
consent_grp[1]/e_rel_grp[1]/e_interior_floor,9,1003
consent_grp[1]/e_rel_grp[1]/e_roof_mat,15,1013
consent_grp[1]/e_rel_grp[1]/e_cook_fuel,37,1028
consent_grp[1]/e_rel_grp[1]/e_lighting,29,1065
consent_grp[1]/e_rel_grp[1]/e_drink_source,27,1094
consent_grp[1]/e_rel_grp[1]/e_toilet_facility,17,1121
consent_grp[1]/e_rel_grp[1]/e_asset_note,14,1138
consent_grp[1]/e_rel_grp[1]/e_hh_own_phone,18,1152
consent_grp[1]/e_rel_grp[1]/e_hh_ass_grp[1]/tmp_e_hh_ass_lab,104,1170
consent_grp[1]/e_rel_grp[1]/e_hh_ass_grp[1]/e_hh_ass_radio,104,1170
consent_grp[1]/e_rel_grp[1]/e_hh_ass_grp[1]/e_hh_ass_refrig,104,1170
consent_grp[1]/e_rel_grp[1]/e_hh_ass_grp[1]/e_hh_ass_bike,104,1170
consent_grp[1]/e_rel_grp[1]/e_hh_ass_grp[1]/e_hh_ass_tv,104,1170
consent_grp[1]/e_rel_grp[1]/e_hh_ass_grp[1]/e_hh_ass_vcr,104,1170
consent_grp[1]/e_rel_grp[1]/e_hh_ass_grp[1]/e_hh_ass_motor,104,1170
consent_grp[1]/e_rel_grp[1]/e_hh_ass_grp[1]/e_hh_ass_car,104,1170
consent_grp[1]/e_rel_grp[1]/e_hh_ass_grp[1]/e_hh_ass_tractor,104,1170
consent_grp[1]/e_rel_grp[1]/e_hh_ass_grp[1]/e_hh_ass_farm_equip,104,1170
consent_grp[1]/e_rel_grp[1]/e_hh_ass_grp[1]/e_hh_ass_sew_mach,104,1170
consent_grp[1]/e_rel_grp[1]/e_hh_ass_grp[1]/e_hh_ass_bed,104,1170
consent_grp[1]/e_rel_grp[1]/e_hh_ass_grp[1]/e_hh_ass_mattress,104,1170
consent_grp[1]/e_rel_grp[1]/e_hh_ass_grp[1]/e_hh_ass_table_chair,104,1170
consent_grp[1]/e_rel_grp[1]/e_hh_ass_grp[1]/e_hh_ass_stool,104,1170
consent_grp[1]/e_rel_grp[1]/e_hh_ass_grp[1]/e_hh_ass_sofa,104,1170
consent_grp[1]/e_rel_grp[1]/e_hh_ass_grp[1]/e_hh_ass_fan,104,1170
consent_grp[1]/e_rel_grp[1]/e_hh_ass_grp[1]/e_hh_ass_lamp,104,1170
consent_grp[1]/e_rel_grp[1]/e_hh_ass_grp[1]/e_hh_ass_watch,104,1170
consent_grp[1]/e_rel_grp[1]/e_hh_ass_grp[1]/e_hh_ass_mat,104,1170
consent_grp[1]/e_rel_grp[1]/e_hh_ass_grp[1]/e_hh_ass_torch,104,1170
consent_grp[1]/e_rel_grp[1]/e_hh_ass_grp[1]/e_hh_ass_cabinet,104,1170
consent_grp[1]/e_rel_grp[1]/e_hh_ass_grp[1]/e_hh_ass_pot,104,1170
consent_grp[1]/e_rel_grp[1]/e_hh_ass_grp[1]/e_hh_ass_itn,104,1170
consent_grp[1]/e_rel_grp[1]/e_hh_ass_grp[1]/e_hh_ass_iron_elec,104,1170
consent_grp[1]/e_rel_grp[1]/e_hh_ass_grp[1]/e_hh_ass_iron_coal,104,1170
consent_grp[1]/e_rel_grp[1]/e_hh_ass_grp[1]/e_hh_ass_iron_gas,104,1170
consent_grp[1]/f_rel_grp[1]/f_comm_note,5,1274
consent_grp[1]/f_rel_grp[1]/section_f[1]/f_born_comm,31,1279
consent_grp[1]/f_rel_grp[1]/section_f[1]/f_school_loc,12,1310
consent_grp[1]/f_rel_grp[1]/section_f[1]/f_lived_bef_teach,8,1322
consent_grp[1]/f_rel_grp[1]/section_f[1]/f_lived_grp[1]/f_lived_comm,16,1330
consent_grp[1]/f_rel_grp[1]/section_f[1]/f_lived_grp[1]/f_lived_comm_year,16,1330
consent_grp[1]/f_rel_grp[1]/section_f[1]/f_lived_grp[1]/f_lived_comm_month,16,1330
consent_grp[1]/f_rel_grp[1]/section_f[1]/f_fam_lived,8,1346
consent_grp[1]/f_rel_grp[1]/section_f[1]/f_emot_support,17,1355
consent_grp[1]/f_rel_grp[1]/section_f[1]/f_emot_support_num,5,1371
consent_grp[1]/f_rel_grp[1]/section_f[1]/f_lend_money,55,1376
consent_grp[1]/f_rel_grp[1]/section_f[1]/f_borrow_money,72,1425
consent_grp[1]/f_rel_grp[1]/section_f[1]/f_rel_live_nearby,17,1503
consent_grp[1]/f_rel_grp[1]/section_f[1]/f_part_comm,14,1520
consent_grp[1]/f_rel_grp[1]/section_f[1]/f_main_trans,8,1534
consent_grp[1]/f_rel_grp[1]/section_f[1]/f_min_get_sch_grp[1]/f_min_get_note,15,1541
consent_grp[1]/f_rel_grp[1]/section_f[1]/f_min_get_sch_grp[1]/f_h_get_school,15,1541
consent_grp[1]/f_rel_grp[1]/section_f[1]/f_min_get_sch_grp[1]/f_m_get_school,15,1541
consent_grp[1]/g_nature_wrk_note,5,1556
consent_grp[1]/section_g[1]/g_teach_pos,11,1561
consent_grp[1]/section_g[1]/g_teach_school,9,1572
consent_grp[1]/section_g[1]/g_kg_grade,15,1581
consent_grp[1]/section_g[1]/g_class_grp[1]/g_children_note,164,1596
consent_grp[1]/section_g[1]/g_class_grp[1]/g_kg_1,164,1596
consent_grp[1]/section_g[1]/g_ah_grp[1]/g_ah_note,93,1760
consent_grp[1]/section_g[1]/g_ah_grp[1]/g_ah_working,93,1760
consent_grp[1]/section_g[1]/g_ah_grp[1]/g_ah_prepping,93,1760
consent_grp[1]/section_g[1]/g_eh_grp[1]/g_eh_note,92,1853
consent_grp[1]/section_g[1]/g_eh_grp[1]/g_eh_working,92,1853
consent_grp[1]/section_g[1]/g_eh_grp[1]/g_eh_prepping,92,1853
consent_grp[1]/section_g[1]/g_teach_salary,16,1945
consent_grp[1]/section_g[1]/g_salary_freq,11,1961
consent_grp[1]/section_g[1]/g_salary_intime,32,1973
consent_grp[1]/section_g[1]/g_money_cmp,43,2005
consent_grp[1]/section_g[1]/g_job_outside,14,2048
consent_grp[1]/section_g[1]/g_job_outside_income,37,2059
consent_grp[1]/section_g[1]/g_extra_money_spec,24,2098
consent_grp[1]/section_g[1]/g_sch_pro_grp[1]/tmp_g_sch_pro_lab,124,2123
consent_grp[1]/section_g[1]/g_sch_pro_grp[1]/g_class,124,2123
consent_grp[1]/section_g[1]/g_sch_pro_grp[1]/g_class_taught,124,2123
consent_grp[1]/section_g[1]/g_sch_pro_grp[1]/g_fin_resource,124,2123
consent_grp[1]/section_g[1]/g_sch_pro_grp[1]/g_high_expe,124,2123
consent_grp[1]/section_g[1]/g_sch_pro_grp[1]/g_change_curri,124,2123
consent_grp[1]/section_g[1]/g_sch_pro_grp[1]/g_diff_curri,124,2123
consent_grp[1]/section_g[1]/g_sch_pro_grp[1]/g_easy_curri,124,2123
consent_grp[1]/section_g[1]/g_sch_pro_grp[1]/g_par_dem_high,124,2123
consent_grp[1]/section_g[1]/g_sch_pro_grp[1]/g_par_suff_interest,124,2123
consent_grp[1]/section_g[1]/g_sch_pro_grp[1]/g_par_suff_active,124,2123
consent_grp[1]/section_g[1]/g_par_supp_grp[1]/g_par_supp_note,15,2247
consent_grp[1]/section_g[1]/g_par_supp_grp[1]/g_home_wrk,31,2263
consent_grp[1]/section_g[1]/g_par_supp_grp[1]/g_behave_val,13,2293
consent_grp[1]/section_g[1]/g_par_supp_grp[1]/g_get_schl,7,2306
consent_grp[1]/section_g[1]/g_par_supp_grp[1]/g_visit_schl,9,2313
consent_grp[1]/section_g[1]/g_par_supp_grp[1]/g_show_respect,10,2322
consent_grp[1]/section_g[1]/g_par_supp_grp[1]/g_best_schl,12,2332
consent_grp[1]/section_g[1]/g_par_supp_grp[1]/g_parti_pta,6,2344
consent_grp[1]/section_g[1]/g_par_supp_grp[1]/g_cont_kg_act,13,2350
consent_grp[1]/section_g[1]/g_lead_respect,13,2363
consent_grp[1]/section_g[1]/g_val_citizen,13,2376
consent_grp[1]/section_h[1]/sec_h_depre_note,52,2389
consent_grp[1]/section_h[1]/h_depression_grp[1]/h_da_note,175,2441
consent_grp[1]/section_h[1]/h_depression_grp[1]/tmp_h_da_lab,175,2441
consent_grp[1]/section_h[1]/h_depression_grp[1]/h_headache,175,2441
consent_grp[1]/section_h[1]/h_depression_grp[1]/h_appetite,175,2441
consent_grp[1]/section_h[1]/h_depression_grp[1]/h_sleep,175,2441
consent_grp[1]/section_h[1]/h_depression_grp[1]/h_frightened,175,2441
consent_grp[1]/section_h[1]/h_depression_grp[1]/h_hands_shake,175,2441
consent_grp[1]/section_h[1]/h_depression_grp[1]/h_nervous,175,2441
consent_grp[1]/section_h[1]/h_depression_grp[1]/h_digestion,175,2441
consent_grp[1]/section_h[1]/h_depression_grp[1]/h_thinking,175,2441
consent_grp[1]/section_h[1]/h_depression_grp[1]/h_unhappy,175,2441
consent_grp[1]/section_h[1]/h_depression_grp[1]/h_cry,175,2441
consent_grp[1]/section_h[1]/h_depression_grp[1]/h_activities,175,2441
consent_grp[1]/section_h[1]/h_depression_grp[1]/h_decisions,175,2441
consent_grp[1]/section_h[1]/h_depression_grp[1]/h_daily_work,175,2441
consent_grp[1]/section_h[1]/h_depression_grp[1]/h_life,175,2441
consent_grp[1]/section_h[1]/h_depression_grp[1]/h_interest,175,2441
consent_grp[1]/section_h[1]/h_depression_grp[1]/h_worthless,175,2441
consent_grp[1]/section_h[1]/h_depression_grp[1]/h_end_life,175,2441
consent_grp[1]/section_h[1]/h_depression_grp[1]/h_tired,175,2441
consent_grp[1]/section_h[1]/h_depression_grp[1]/h_uncomfortable,175,2441
consent_grp[1]/section_h[1]/h_depression_grp[1]/h_easily_tired,175,2441
consent_grp[1]/section_h[1]/sec_h_ext_contr_note,8,2616
consent_grp[1]/section_h[1]/h_ext_control_grp[1]/h_ext_cont_note,5,2624
consent_grp[1]/section_h[1]/h_ext_control_grp[1]/h_pup_learn,38,2629
consent_grp[1]/section_h[1]/h_ext_control_grp[1]/h_discipline,12,2667
consent_grp[1]/section_h[1]/h_ext_control_grp[1]/h_stu_achieve,11,2679
consent_grp[1]/section_h[1]/h_ext_control_grp[1]/h_teach_motiv,13,2689
consent_grp[1]/section_h[1]/h_ext_control_grp[1]/h_good_teach,16,2702
consent_grp[1]/section_h[1]/sec_h_motiv_note,2,2718
consent_grp[1]/section_h[1]/h_motiv_grp[1]/h_motiv_note,3,2721
consent_grp[1]/section_h[1]/h_motiv_grp[1]/h_motiv_help,19,2723
consent_grp[1]/section_h[1]/h_motiv_grp[1]/h_quest_school,42,2743
consent_grp[1]/section_h[1]/h_motiv_grp[1]/h_help_child,14,2784
consent_grp[1]/section_h[1]/h_motiv_grp[1]/h_sch_goal,12,2798
consent_grp[1]/section_h[1]/h_motiv_grp[1]/h_help_emot,18,2810
consent_grp[1]/section_h[1]/h_motiv_grp[1]/h_enjoy_teach,9,2828
consent_grp[1]/section_h[1]/h_motiv_grp[1]/h_develop_society,7,2837
consent_grp[1]/section_h[1]/h_motiv_grp[1]/h_develop_socially,9,2844
consent_grp[1]/section_h[1]/h_motiv_grp[1]/h_perso_clear,9,2853
consent_grp[1]/section_h[1]/h_impor_thing,30,2862
consent_grp[1]/section_h[1]/h_job_satisfaction_grp[1]/h_job_satis_note,34,2892
consent_grp[1]/section_h[1]/h_job_satisfaction_grp[1]/h_look_out,12,2925
consent_grp[1]/section_h[1]/h_job_satisfaction_grp[1]/h_perso_worries,9,2938
consent_grp[1]/section_h[1]/h_job_satisfaction_grp[1]/h_know_col,10,2947
consent_grp[1]/section_h[1]/h_job_satisfaction_grp[1]/h_col_coop,9,2957
consent_grp[1]/section_h[1]/h_job_satisfaction_grp[1]/h_trust_col,10,2965
consent_grp[1]/section_h[1]/h_job_satisfaction_grp[1]/h_enjoy_col,9,2975
consent_grp[1]/section_h[1]/h_job_satisfaction_grp[1]/h_sup_respect,13,2985
consent_grp[1]/section_h[1]/h_job_satisfaction_grp[1]/h_sup_busy,13,2998
consent_grp[1]/section_h[1]/h_job_satisfaction_grp[1]/h_sup_opinion,8,3011
consent_grp[1]/section_h[1]/h_job_satisfaction_grp[1]/h_count_sup,8,3019
consent_grp[1]/section_h[1]/h_job_satisfaction_grp[1]/h_motivated,8,3027
consent_grp[1]/section_h[1]/h_job_satisfaction_grp[1]/h_sup_unpredict,7,3035
consent_grp[1]/section_h[1]/h_job_satisfaction_grp[1]/h_wrk_challenge,10,3042
consent_grp[1]/section_h[1]/h_job_satisfaction_grp[1]/h_wrk_monotonous,15,3052
consent_grp[1]/section_h[1]/h_job_satisfaction_grp[1]/h_wrk_creative,8,3066
consent_grp[1]/section_h[1]/h_job_satisfaction_grp[1]/h_big_impact,7,3075
consent_grp[1]/section_h[1]/h_job_satisfaction_grp[1]/h_little_time,11,3083
consent_grp[1]/section_h[1]/h_job_satisfaction_grp[1]/h_control_satis,14,3094
consent_grp[1]/section_h[1]/h_job_satisfaction_grp[1]/h_look,9,3107
consent_grp[1]/section_h[1]/h_job_satisfaction_grp[1]/h_small_space,14,3116
consent_grp[1]/section_h[1]/h_job_satisfaction_grp[1]/h_new_mat,7,3130
consent_grp[1]/section_h[1]/h_job_satisfaction_grp[1]/h_clean_kinder,10,3138
consent_grp[1]/section_h[1]/h_job_satisfaction_grp[1]/h_loud_kinder,9,3148
consent_grp[1]/section_h[1]/h_job_satisfaction_grp[1]/h_kinder_rules,9,3157
consent_grp[1]/section_h[1]/h_job_satisfaction_grp[1]/h_satisfied_paid,10,3166
consent_grp[1]/section_h[1]/h_burnout_grp[1]/h_burnout_note,19,3176
consent_grp[1]/section_h[1]/h_burnout_grp[1]/h_emotion_drained,27,3195
consent_grp[1]/section_h[1]/h_burnout_grp[1]/h_used_up,6,3222
consent_grp[1]/section_h[1]/h_burnout_grp[1]/h_fatigued,19,3228
consent_grp[1]/section_h[1]/h_burnout_grp[1]/h_child_feel,19,3248
consent_grp[1]/section_h[1]/h_burnout_grp[1]/h_child_impersonal,10,3267
consent_grp[1]/section_h[1]/h_burnout_grp[1]/h_ppl_strain,8,3278
consent_grp[1]/section_h[1]/h_burnout_grp[1]/h_deal_effect,22,3286
consent_grp[1]/section_h[1]/h_burnout_grp[1]/h_burnout,6,3308
consent_grp[1]/section_h[1]/h_burnout_grp[1]/h_pos_influence,13,3315
consent_grp[1]/section_h[1]/h_burnout_grp[1]/h_cold,18,3327
consent_grp[1]/section_h[1]/h_burnout_grp[1]/h_hard,9,3346
consent_grp[1]/section_h[1]/h_burnout_grp[1]/h_energetic,12,3355
consent_grp[1]/section_h[1]/h_burnout_grp[1]/h_frustrated,10,3367
consent_grp[1]/section_h[1]/h_burnout_grp[1]/h_work_hard,12,3377
consent_grp[1]/section_h[1]/h_burnout_grp[1]/h_dont_care,11,3389
consent_grp[1]/section_h[1]/h_burnout_grp[1]/h_put_pressure,8,3400
consent_grp[1]/section_h[1]/h_burnout_grp[1]/h_relax,8,3408
consent_grp[1]/section_h[1]/h_burnout_grp[1]/h_excited,7,3416
consent_grp[1]/section_h[1]/h_burnout_grp[1]/h_accomplished,7,3423
consent_grp[1]/section_h[1]/h_burnout_grp[1]/h_end_of_rop,8,3430
consent_grp[1]/section_h[1]/h_burnout_grp[1]/h_emot_pro_calm,16,3439
consent_grp[1]/i_teacher_knowledge_grp[1]/I_teach_know_note,24,3455
consent_grp[1]/i_teacher_knowledge_grp[1]/i_consonance,59,3480
consent_grp[1]/i_teacher_knowledge_grp[1]/i_vowel,12,3539
consent_grp[1]/i_teacher_knowledge_grp[1]/i_unbelievable,34,3551
consent_grp[1]/i_teacher_knowledge_grp[1]/i_irregular,15,3585
consent_grp[1]/i_teacher_knowledge_grp[1]/i_cat,12,3600
consent_grp[1]/i_teacher_knowledge_grp[1]/i_cough,20,3612
consent_grp[1]/i_teacher_knowledge_grp[1]/i_check,14,3631
consent_grp[1]/i_teacher_knowledge_grp[1]/i_english,17,3645
consent_grp[1]/j_perception_grp[1]/j_perception_note,65,3661
consent_grp[1]/j_perception_grp[1]/j_dev_practice_grp[1]/j_dev_practice_note,12,3726
consent_grp[1]/j_perception_grp[1]/j_dev_practice_grp[1]/j_child_need,13,3739
consent_grp[1]/j_perception_grp[1]/j_dev_practice_grp[1]/j_recog_letter,9,3752
consent_grp[1]/j_perception_grp[1]/j_dev_practice_grp[1]/j_recog_number,7,3760
consent_grp[1]/j_perception_grp[1]/j_dev_practice_grp[1]/j_recog_colour,7,3767
consent_grp[1]/j_perception_grp[1]/j_dev_practice_grp[1]/j_indiv_goal,9,3775
consent_grp[1]/j_perception_grp[1]/j_dev_practice_grp[1]/j_play_materials,9,3784
consent_grp[1]/j_perception_grp[1]/j_dev_practice_grp[1]/j_child_measure,10,3793
consent_grp[1]/j_perception_grp[1]/j_supp_chil_grp[1]/j_supp_chil_note,11,3803
consent_grp[1]/j_perception_grp[1]/j_supp_chil_grp[1]/j_build_relation,11,3814
consent_grp[1]/j_perception_grp[1]/j_supp_chil_grp[1]/j_control_behaviour,12,3825
consent_grp[1]/j_perception_grp[1]/j_supp_chil_grp[1]/j_express_thought,11,3837
consent_grp[1]/j_perception_grp[1]/j_supp_chil_grp[1]/j_resolve_conflicts,10,3849
consent_grp[1]/j_perception_grp[1]/j_supp_chil_grp[1]/j_guidance_style,11,3859
consent_grp[1]/j_perception_grp[1]/j_fam_sensitive_grp[1]/j_fam_sensitive_note,47,3870
consent_grp[1]/j_perception_grp[1]/j_fam_sensitive_grp[1]/j_parent_goal,47,3870
consent_grp[1]/j_perception_grp[1]/j_fam_sensitive_grp[1]/j_work_schedule,47,3870
consent_grp[1]/j_perception_grp[1]/j_fam_sensitive_grp[1]/j_fam_decision,47,3870
consent_grp[1]/j_perception_grp[1]/j_fam_sensitive_grp[1]/j_family_care,47,3870
consent_grp[1]/j_perception_grp[1]/j_fam_sensitive_grp[1]/j_connect_family,47,3870
consent_grp[1]/k_grp[1]/k_instro_note,36,3917
consent_grp[1]/k_grp[1]/k_ts_grp[1]/tmp_k_labels,86,3928
consent_grp[1]/k_grp[1]/k_ts_grp[1]/k_take_priviledges,86,3928
consent_grp[1]/k_grp[1]/k_ts_grp[1]/k_explain_behavior,86,3928
consent_grp[1]/k_grp[1]/k_ts_grp[1]/k_shook,86,3928
consent_grp[1]/k_grp[1]/k_ts_grp[1]/k_shouted,86,3928
consent_grp[1]/k_grp[1]/k_ts_grp[1]/k_gave_something,86,3928
consent_grp[1]/k_grp[1]/k_ts_grp[1]/k_spanked,86,3928
consent_grp[1]/k_grp[1]/k_ts_grp[1]/k_hit_bottom,86,3928
consent_grp[1]/k_grp[1]/k_ts_grp[1]/k_call_dumb,86,3928
consent_grp[1]/k_grp[1]/k_ts_grp[1]/k_hit_face,86,3928
consent_grp[1]/k_grp[1]/k_ts_grp[1]/k_praised,86,3928
consent_grp[1]/k_grp[1]/k_ts_grp[1]/k_affection,86,3928
consent_grp[1]/k_grp[1]/k_ts_grp[1]/k_rewarded,86,3928
consent_grp[1]/l_teaching_prac_grp[1]/l_note,7,4039
consent_grp[1]/l_teaching_prac_grp[1]/l_previos_kinder_act[1]/tmp_l_prac_lab,73,4046
consent_grp[1]/l_teaching_prac_grp[1]/l_previos_kinder_act[1]/l_hygiene_routine,73,4046
consent_grp[1]/l_teaching_prac_grp[1]/l_previos_kinder_act[1]/l_supply,73,4046
consent_grp[1]/l_teaching_prac_grp[1]/l_previos_kinder_act[1]/l_pamper,73,4046
consent_grp[1]/l_teaching_prac_grp[1]/l_previos_kinder_act[1]/l_read,73,4046
consent_grp[1]/l_teaching_prac_grp[1]/l_previos_kinder_act[1]/l_tell,73,4046
consent_grp[1]/l_teaching_prac_grp[1]/l_previos_kinder_act[1]/l_conversatin,73,4046
consent_grp[1]/l_teaching_prac_grp[1]/l_previos_kinder_act[1]/l_sing,73,4046
consent_grp[1]/l_teaching_prac_grp[1]/l_previos_kinder_act[1]/l_dance,73,4046
consent_grp[1]/l_teaching_prac_grp[1]/l_previos_kinder_act[1]/l_visit,73,4046
consent_grp[1]/l_teaching_prac_grp[1]/l_previos_kinder_act[1]/l_play_kg,73,4046
consent_grp[1]/l_teaching_prac_grp[1]/l_previos_kinder_act[1]/l_play_recrea,73,4046
consent_grp[1]/l_teaching_prac_grp[1]/l_previos_kinder_act[1]/l_sleep,73,4046
consent_grp[1]/l_teaching_prac_grp[1]/l_previos_kinder_act[1]/l_run,73,4046
consent_grp[1]/l_teaching_prac_grp[1]/l_previos_kinder_act[1]/l_group_learn,73,4046
consent_grp[1]/l_teaching_prac_grp[1]/l_previos_kinder_act[1]/l_indiv_learn,73,4046
consent_grp[1]/l_teaching_prac_grp[1]/l_class_acti_grp[1]/l_act_grp[1]/tmp_l_class_lab,79,4120
consent_grp[1]/l_teaching_prac_grp[1]/l_class_acti_grp[1]/l_act_grp[1]/l_teach_colour,79,4120
consent_grp[1]/l_teaching_prac_grp[1]/l_class_acti_grp[1]/l_act_grp[1]/l_teach_number,79,4120
consent_grp[1]/l_teaching_prac_grp[1]/l_class_acti_grp[1]/l_act_grp[1]/l_teach_letter,79,4120
consent_grp[1]/l_teaching_prac_grp[1]/l_class_acti_grp[1]/l_act_grp[1]/l_teach_form,79,4120
consent_grp[1]/l_teaching_prac_grp[1]/l_class_acti_grp[1]/l_act_grp[1]/l_socialise,79,4120
consent_grp[1]/l_teaching_prac_grp[1]/l_class_acti_grp[1]/l_act_grp[1]/l_pro_solve,79,4120
consent_grp[1]/l_teaching_prac_grp[1]/l_class_acti_grp[1]/l_act_grp[1]/l_writing,79,4120
consent_grp[1]/l_teaching_prac_grp[1]/l_class_acti_grp[1]/l_act_grp[1]/l_teach_body,79,4120
consent_grp[1]/l_teaching_prac_grp[1]/l_class_acti_grp[1]/l_act_grp[1]/l_pers_hygiene,79,4120
consent_grp[1]/l_teaching_prac_grp[1]/l_class_acti_grp[1]/l_act_grp[1]/l_art_expre,79,4120
consent_grp[1]/l_teaching_prac_grp[1]/l_class_acti_grp[1]/l_act_grp[1]/l_body_lang,79,4120
consent_grp[1]/l_teaching_prac_grp[1]/l_class_acti_grp[1]/l_act_grp[1]/l_concentration,79,4120
consent_grp[1]/l_teaching_prac_grp[1]/l_class_acti_grp[1]/l_act_grp[1]/l_gross_motor,79,4120
consent_grp[1]/l_teaching_prac_grp[1]/l_class_acti_grp[1]/l_act_grp[1]/l_fine_motor,79,4120
consent_grp[1]/l_teaching_prac_grp[1]/l_class_acti_grp[1]/l_act_grp[1]/l_gender,79,4120
consent_grp[1]/l_teaching_prac_grp[1]/l_class_acti_grp[1]/l_act_grp[1]/l_responsibility,79,4120
consent_grp[1]/l_teaching_prac_grp[1]/l_class_acti_grp[1]/l_act_grp[1]/l_speech,79,4120
consent_grp[1]/l_teaching_prac_grp[1]/l_class_acti_grp[1]/l_act_grp[1]/l_explore_comm,79,4120
consent_grp[1]/l_teaching_prac_grp[1]/l_class_acti_grp[1]/l_act_grp[1]/l_explore_culture,79,4120
consent_grp[1]/l_teaching_prac_grp[1]/l_parent_interact_note,7,4199
consent_grp[1]/l_teaching_prac_grp[1]/l_actively_engaged,30,4206
consent_grp[1]/l_teaching_prac_grp[1]/l_proportion_child,12,4236
consent_grp[1]/l_teaching_prac_grp[1]/l_proportion_child_more,12,4248
consent_grp[1]/l_teaching_prac_grp[1]/l_visit_pupil_house,14,4260
consent_grp[1]/l_teaching_prac_grp[1]/l_visit_parent_house,25,4274
consent_grp[1]/l_teaching_prac_grp[1]/l_receive_parent_supp,18,4299
consent_grp[1]/l_teaching_prac_grp[1]/l_day_teaching_note,5,4316
consent_grp[1]/l_teaching_prac_grp[1]/l_day_grp[1]/tmp_l_labs,34,4321
consent_grp[1]/l_teaching_prac_grp[1]/l_day_grp[1]/l_daily_schedule,34,4321
consent_grp[1]/l_teaching_prac_grp[1]/l_day_grp[1]/l_play_period,34,4321
consent_grp[1]/l_teaching_prac_grp[1]/l_day_grp[1]/l_free_play,34,4321
consent_grp[1]/l_teaching_prac_grp[1]/l_day_grp[1]/l_activities,34,4321
consent_grp[1]/l_teaching_prac_grp[1]/l_per_daily_grp[1]/l_perc_note,271,4355
consent_grp[1]/l_teaching_prac_grp[1]/l_per_daily_grp[1]/l_admin_per,271,4355
consent_grp[1]/l_teaching_prac_grp[1]/l_per_daily_grp[1]/l_class_per,271,4355
consent_grp[1]/l_teaching_prac_grp[1]/l_per_daily_grp[1]/l_teach_per,271,4355
consent_grp[1]/l_teaching_prac_grp[1]/l_per_daily_grp[1]/l_super_per,271,4355
consent_grp[1]/l_teaching_prac_grp[1]/l_per_daily_grp[1]/l_super_oth_per,271,4355
consent_grp[1]/l_teaching_prac_grp[1]/l_per_daily_grp[1]/l_break_per,271,4355
consent_grp[1]/l_teaching_prac_grp[1]/l_discipline_note,3,4626
consent_grp[1]/l_teaching_prac_grp[1]/l_dont_like,43,4629
consent_grp[1]/l_teaching_prac_grp[1]/l_really_bad,27,4672
consent_grp[1]/l_teaching_prac_grp[1]/l_does_good,20,4699
consent_grp[1]/l_teaching_prac_grp[1]/l_praise,34,4719
consent_grp[1]/q_note,2,4753
consent_grp[1]/q_activ_yn,30,4755
consent_grp[1]/q_rpt[1]/q_activ_r,124,4773
consent_grp[1]/q_rpt[1]/q_activ_osp_r,59,4814
consent_grp[1]/q_rpt[1]/q_activ_org_r,18,4937
consent_grp[1]/q_rpt[1]/q_activ_add_r,23,4951
s_int_accom_yn,5,5008
s_int_accom,6,5013
comments,85,5019
