Field name,Total duration (seconds),First appeared (seconds into survey)
instruction,146,13
a_district_id,3,14
a_circuit_id,40,17
a_kg_id,23,32
a_community_id,4,76
a_enum_id,9,83
consent_note,6,92
con_understand,2,98
con_questions,2,100
con_written,1,101
consent_grp[1]/audio_consent,1,103
consent_grp[1]/d_background_note,1,104
consent_grp[1]/section_d[1]/kgt_key,23,105
consent_grp[1]/section_d[1]/kgt_name_gp[1]/kgt_fsn,515,122
consent_grp[1]/section_d[1]/kgt_name_gp[1]/kgt_msn,367,122
consent_grp[1]/section_d[1]/kgt_name_gp[1]/kgt_lsn,367,122
consent_grp[1]/section_d[1]/kgt_name_gp[1]/kgt_ppn,367,122
consent_grp[1]/section_d[1]/kgt_name_gp[1]/d_sex,367,122
consent_grp[1]/section_d[1]/kgt_confirm_note,5,248
consent_grp[1]/section_d[1]/d_num_cnt,5,251
consent_grp[1]/section_d[1]/d_cnt_grp[1]/d_cnt_main,56,254
consent_grp[1]/section_d[1]/d_age,9,264
consent_grp[1]/section_d[1]/d_cnt_grp[1]/d_cnt_sec,44,268
consent_grp[1]/section_d[1]/d_teacher_grp[1]/d_been_teacher,31,286
consent_grp[1]/section_d[1]/d_teacher_grp[1]/d_teacher_year,31,286
consent_grp[1]/section_d[1]/d_teacher_grp[1]/d_teacher_month,31,286
consent_grp[1]/section_d[1]/d_been_kinder_grp[1]/d_been_kinder,8,316
consent_grp[1]/section_d[1]/d_been_kinder_grp[1]/d_kinder_year,8,316
consent_grp[1]/section_d[1]/d_been_kinder_grp[1]/d_kinder_month,8,316
consent_grp[1]/section_d[1]/d_work_last,30,325
consent_grp[1]/section_d[1]/d_os_yn,8,330
consent_grp[1]/section_d[1]/d_edu_level,22,363
consent_grp[1]/section_d[1]/d_edu_train,11,380
consent_grp[1]/section_d[1]/d_edu_level_fath,9,395
consent_grp[1]/section_d[1]/d_edu_level_mom,3,405
consent_grp[1]/section_d[1]/d_marital_status,5,408
consent_grp[1]/section_d[1]/d_ethnic_group,24,413
consent_grp[1]/section_d[1]/d_religion,4,437
consent_grp[1]/section_d[1]/d_la_spk_grp[1]/d_la_spk_note,35,441
consent_grp[1]/section_d[1]/d_la_spk_grp[1]/d_la_spk_eng,35,441
consent_grp[1]/section_d[1]/d_la_spk_grp[1]/d_la_spk_grun,35,441
consent_grp[1]/section_d[1]/d_la_wrt_grp[1]/d_la_wrt_note,14,476
consent_grp[1]/section_d[1]/d_la_wrt_grp[1]/d_la_wrt_eng,14,476
consent_grp[1]/section_d[1]/d_la_wrt_grp[1]/d_la_wrt_grun,14,476
consent_grp[1]/section_d[1]/d_main_language,11,490
consent_grp[1]/section_d[1]/d_loc_lang_kinderg,5,501
consent_grp[1]/e_rel_grp[1]/e_hh_note,2,506
consent_grp[1]/e_rel_grp[1]/e_hh_num,16,508
consent_grp[1]/e_rel_grp[1]/e_hh_grp[1]/e_hh_head,31,524
consent_grp[1]/e_rel_grp[1]/e_hh_grp[1]/e_chil_hh,31,524
consent_grp[1]/e_rel_grp[1]/e_hh_grp[1]/e_adult_hh,31,524
consent_grp[1]/e_rel_grp[1]/e_hh_school,10,555
consent_grp[1]/e_rel_grp[1]/e_read_english,14,565
consent_grp[1]/e_rel_grp[1]/e_rate_health,9,580
consent_grp[1]/e_rel_grp[1]/e_live_note,2,589
consent_grp[1]/e_rel_grp[1]/e_rooms_occu,7,591
consent_grp[1]/e_rel_grp[1]/e_own_status,9,598
consent_grp[1]/e_rel_grp[1]/e_electricity_inhouse,4,607
consent_grp[1]/e_rel_grp[1]/e_floor_material,7,611
consent_grp[1]/e_rel_grp[1]/e_interior_floor,8,618
consent_grp[1]/e_rel_grp[1]/e_roof_mat,5,627
consent_grp[1]/e_rel_grp[1]/e_cook_fuel,9,632
consent_grp[1]/e_rel_grp[1]/e_lighting,4,641
consent_grp[1]/e_rel_grp[1]/e_drink_source,15,645
consent_grp[1]/e_rel_grp[1]/e_toilet_facility,12,656
consent_grp[1]/e_rel_grp[1]/e_asset_note,2,672
consent_grp[1]/e_rel_grp[1]/e_hh_own_phone,7,674
consent_grp[1]/e_rel_grp[1]/e_hh_ass_grp[1]/tmp_e_hh_ass_lab,63,680
consent_grp[1]/e_rel_grp[1]/e_hh_ass_grp[1]/e_hh_ass_radio,63,680
consent_grp[1]/e_rel_grp[1]/e_hh_ass_grp[1]/e_hh_ass_refrig,63,680
consent_grp[1]/e_rel_grp[1]/e_hh_ass_grp[1]/e_hh_ass_bike,63,680
consent_grp[1]/e_rel_grp[1]/e_hh_ass_grp[1]/e_hh_ass_tv,63,680
consent_grp[1]/e_rel_grp[1]/e_hh_ass_grp[1]/e_hh_ass_vcr,63,680
consent_grp[1]/e_rel_grp[1]/e_hh_ass_grp[1]/e_hh_ass_motor,63,680
consent_grp[1]/e_rel_grp[1]/e_hh_ass_grp[1]/e_hh_ass_car,63,680
consent_grp[1]/e_rel_grp[1]/e_hh_ass_grp[1]/e_hh_ass_tractor,63,680
consent_grp[1]/e_rel_grp[1]/e_hh_ass_grp[1]/e_hh_ass_farm_equip,63,680
consent_grp[1]/e_rel_grp[1]/e_hh_ass_grp[1]/e_hh_ass_sew_mach,63,680
consent_grp[1]/e_rel_grp[1]/e_hh_ass_grp[1]/e_hh_ass_bed,63,680
consent_grp[1]/e_rel_grp[1]/e_hh_ass_grp[1]/e_hh_ass_mattress,63,680
consent_grp[1]/e_rel_grp[1]/e_hh_ass_grp[1]/e_hh_ass_table_chair,63,680
consent_grp[1]/e_rel_grp[1]/e_hh_ass_grp[1]/e_hh_ass_stool,63,680
consent_grp[1]/e_rel_grp[1]/e_hh_ass_grp[1]/e_hh_ass_sofa,63,680
consent_grp[1]/e_rel_grp[1]/e_hh_ass_grp[1]/e_hh_ass_fan,63,680
consent_grp[1]/e_rel_grp[1]/e_hh_ass_grp[1]/e_hh_ass_lamp,63,680
consent_grp[1]/e_rel_grp[1]/e_hh_ass_grp[1]/e_hh_ass_watch,63,680
consent_grp[1]/e_rel_grp[1]/e_hh_ass_grp[1]/e_hh_ass_mat,63,680
consent_grp[1]/e_rel_grp[1]/e_hh_ass_grp[1]/e_hh_ass_torch,63,680
consent_grp[1]/e_rel_grp[1]/e_hh_ass_grp[1]/e_hh_ass_cabinet,63,680
consent_grp[1]/e_rel_grp[1]/e_hh_ass_grp[1]/e_hh_ass_pot,63,680
consent_grp[1]/e_rel_grp[1]/e_hh_ass_grp[1]/e_hh_ass_itn,63,680
consent_grp[1]/e_rel_grp[1]/e_hh_ass_grp[1]/e_hh_ass_iron_elec,63,680
consent_grp[1]/e_rel_grp[1]/e_hh_ass_grp[1]/e_hh_ass_iron_coal,63,680
consent_grp[1]/e_rel_grp[1]/e_hh_ass_grp[1]/e_hh_ass_iron_gas,63,680
consent_grp[1]/f_rel_grp[1]/f_comm_note,2,744
consent_grp[1]/f_rel_grp[1]/section_f[1]/f_born_comm,8,746
consent_grp[1]/f_rel_grp[1]/section_f[1]/f_school_loc,9,753
consent_grp[1]/f_rel_grp[1]/section_f[1]/f_lived_bef_teach,9,762
consent_grp[1]/f_rel_grp[1]/section_f[1]/f_lived_grp[1]/f_lived_comm,15,765
consent_grp[1]/f_rel_grp[1]/section_f[1]/f_lived_grp[1]/f_lived_comm_year,15,765
consent_grp[1]/f_rel_grp[1]/section_f[1]/f_lived_grp[1]/f_lived_comm_month,15,765
consent_grp[1]/f_rel_grp[1]/section_f[1]/f_fam_lived,9,786
consent_grp[1]/f_rel_grp[1]/section_f[1]/f_emot_support,12,795
consent_grp[1]/f_rel_grp[1]/section_f[1]/f_emot_support_num,4,805
consent_grp[1]/f_rel_grp[1]/section_f[1]/f_lend_money,23,807
consent_grp[1]/f_rel_grp[1]/section_f[1]/f_borrow_money,10,833
consent_grp[1]/f_rel_grp[1]/section_f[1]/f_rel_live_nearby,15,843
consent_grp[1]/f_rel_grp[1]/section_f[1]/f_part_comm,10,859
consent_grp[1]/f_rel_grp[1]/section_f[1]/f_main_trans,6,869
consent_grp[1]/f_rel_grp[1]/section_f[1]/f_min_get_sch_grp[1]/f_min_get_note,13,875
consent_grp[1]/f_rel_grp[1]/section_f[1]/f_min_get_sch_grp[1]/f_h_get_school,13,875
consent_grp[1]/f_rel_grp[1]/section_f[1]/f_min_get_sch_grp[1]/f_m_get_school,13,875
consent_grp[1]/g_nature_wrk_note,2,888
consent_grp[1]/section_g[1]/g_teach_pos,8,890
consent_grp[1]/section_g[1]/g_teach_school,2,898
consent_grp[1]/section_g[1]/g_kg_grade,11,900
consent_grp[1]/section_g[1]/g_class_grp[1]/g_children_note,18,911
consent_grp[1]/section_g[1]/g_class_grp[1]/g_kg_1,18,911
consent_grp[1]/section_g[1]/g_ah_grp[1]/g_ah_note,129,930
consent_grp[1]/section_g[1]/g_ah_grp[1]/g_ah_working,129,930
consent_grp[1]/section_g[1]/g_ah_grp[1]/g_ah_prepping,129,930
consent_grp[1]/section_g[1]/g_eh_grp[1]/g_eh_note,28,1059
consent_grp[1]/section_g[1]/g_eh_grp[1]/g_eh_working,28,1059
consent_grp[1]/section_g[1]/g_eh_grp[1]/g_eh_prepping,28,1059
consent_grp[1]/section_g[1]/g_teach_salary,27,1087
consent_grp[1]/section_g[1]/g_salary_freq,4,1115
consent_grp[1]/section_g[1]/g_salary_intime,3,1118
consent_grp[1]/section_g[1]/g_money_cmp,7,1121
consent_grp[1]/section_g[1]/g_extra_money_spec,7,1128
consent_grp[1]/section_g[1]/g_sch_pro_grp[1]/tmp_g_sch_pro_lab,89,1135
consent_grp[1]/section_g[1]/g_sch_pro_grp[1]/g_class,89,1135
consent_grp[1]/section_g[1]/g_sch_pro_grp[1]/g_class_taught,89,1135
consent_grp[1]/section_g[1]/g_sch_pro_grp[1]/g_fin_resource,89,1135
consent_grp[1]/section_g[1]/g_sch_pro_grp[1]/g_high_expe,89,1135
consent_grp[1]/section_g[1]/g_sch_pro_grp[1]/g_change_curri,89,1135
consent_grp[1]/section_g[1]/g_sch_pro_grp[1]/g_diff_curri,89,1135
consent_grp[1]/section_g[1]/g_sch_pro_grp[1]/g_easy_curri,89,1135
consent_grp[1]/section_g[1]/g_sch_pro_grp[1]/g_par_dem_high,89,1135
consent_grp[1]/section_g[1]/g_sch_pro_grp[1]/g_par_suff_interest,89,1135
consent_grp[1]/section_g[1]/g_sch_pro_grp[1]/g_par_suff_active,89,1135
consent_grp[1]/section_g[1]/g_par_supp_grp[1]/g_par_supp_note,9,1224
consent_grp[1]/section_g[1]/g_par_supp_grp[1]/g_home_wrk,7,1232
consent_grp[1]/section_g[1]/g_par_supp_grp[1]/g_behave_val,17,1239
consent_grp[1]/section_g[1]/g_par_supp_grp[1]/g_get_schl,9,1256
consent_grp[1]/section_g[1]/g_par_supp_grp[1]/g_visit_schl,8,1265
consent_grp[1]/section_g[1]/g_par_supp_grp[1]/g_show_respect,8,1273
consent_grp[1]/section_g[1]/g_par_supp_grp[1]/g_best_schl,12,1281
consent_grp[1]/section_g[1]/g_par_supp_grp[1]/g_parti_pta,7,1293
consent_grp[1]/section_g[1]/g_par_supp_grp[1]/g_cont_kg_act,18,1299
consent_grp[1]/section_g[1]/g_lead_respect,21,1317
consent_grp[1]/section_g[1]/g_val_citizen,3,1338
consent_grp[1]/section_h[1]/sec_h_depre_note,2,1341
consent_grp[1]/section_h[1]/h_depression_grp[1]/h_da_note,68,1342
consent_grp[1]/section_h[1]/h_depression_grp[1]/tmp_h_da_lab,68,1342
consent_grp[1]/section_h[1]/h_depression_grp[1]/h_headache,68,1342
consent_grp[1]/section_h[1]/h_depression_grp[1]/h_appetite,68,1342
consent_grp[1]/section_h[1]/h_depression_grp[1]/h_sleep,68,1342
consent_grp[1]/section_h[1]/h_depression_grp[1]/h_frightened,68,1342
consent_grp[1]/section_h[1]/h_depression_grp[1]/h_hands_shake,68,1342
consent_grp[1]/section_h[1]/h_depression_grp[1]/h_nervous,68,1342
consent_grp[1]/section_h[1]/h_depression_grp[1]/h_digestion,68,1342
consent_grp[1]/section_h[1]/h_depression_grp[1]/h_thinking,68,1342
consent_grp[1]/section_h[1]/h_depression_grp[1]/h_unhappy,68,1342
consent_grp[1]/section_h[1]/h_depression_grp[1]/h_cry,68,1342
consent_grp[1]/section_h[1]/h_depression_grp[1]/h_activities,68,1342
consent_grp[1]/section_h[1]/h_depression_grp[1]/h_decisions,68,1342
consent_grp[1]/section_h[1]/h_depression_grp[1]/h_daily_work,68,1342
consent_grp[1]/section_h[1]/h_depression_grp[1]/h_life,68,1342
consent_grp[1]/section_h[1]/h_depression_grp[1]/h_interest,68,1342
consent_grp[1]/section_h[1]/h_depression_grp[1]/h_worthless,68,1342
consent_grp[1]/section_h[1]/h_depression_grp[1]/h_end_life,68,1342
consent_grp[1]/section_h[1]/h_depression_grp[1]/h_tired,68,1342
consent_grp[1]/section_h[1]/h_depression_grp[1]/h_uncomfortable,68,1342
consent_grp[1]/section_h[1]/h_depression_grp[1]/h_easily_tired,68,1342
consent_grp[1]/section_h[1]/sec_h_ext_contr_note,3,1410
consent_grp[1]/section_h[1]/h_ext_control_grp[1]/h_ext_cont_note,4,1413
consent_grp[1]/section_h[1]/h_ext_control_grp[1]/h_pup_learn,41,1417
consent_grp[1]/section_h[1]/h_ext_control_grp[1]/h_discipline,32,1457
consent_grp[1]/section_h[1]/h_ext_control_grp[1]/h_stu_achieve,18,1489
consent_grp[1]/section_h[1]/h_ext_control_grp[1]/h_teach_motiv,26,1508
consent_grp[1]/section_h[1]/h_ext_control_grp[1]/h_good_teach,21,1534
consent_grp[1]/section_h[1]/sec_h_motiv_note,1,1554
consent_grp[1]/section_h[1]/h_motiv_grp[1]/h_motiv_note,7,1556
consent_grp[1]/section_h[1]/h_motiv_grp[1]/h_motiv_help,23,1563
consent_grp[1]/section_h[1]/h_motiv_grp[1]/h_quest_school,50,1586
consent_grp[1]/section_h[1]/h_motiv_grp[1]/h_help_child,18,1637
consent_grp[1]/section_h[1]/h_motiv_grp[1]/h_sch_goal,11,1655
consent_grp[1]/section_h[1]/h_motiv_grp[1]/h_help_emot,6,1666
consent_grp[1]/section_h[1]/h_motiv_grp[1]/h_enjoy_teach,4,1672
consent_grp[1]/section_h[1]/h_motiv_grp[1]/h_develop_society,10,1676
consent_grp[1]/section_h[1]/h_motiv_grp[1]/h_develop_socially,5,1686
consent_grp[1]/section_h[1]/h_motiv_grp[1]/h_perso_clear,3,1691
consent_grp[1]/section_h[1]/h_impor_thing,38,1694
consent_grp[1]/section_h[1]/h_job_satisfaction_grp[1]/h_job_satis_note,15,1732
consent_grp[1]/section_h[1]/h_job_satisfaction_grp[1]/h_look_out,23,1733
consent_grp[1]/section_h[1]/h_job_satisfaction_grp[1]/h_perso_worries,14,1770
consent_grp[1]/section_h[1]/h_job_satisfaction_grp[1]/h_know_col,7,1784
consent_grp[1]/section_h[1]/h_job_satisfaction_grp[1]/h_col_coop,5,1791
consent_grp[1]/section_h[1]/h_job_satisfaction_grp[1]/h_trust_col,4,1796
consent_grp[1]/section_h[1]/h_job_satisfaction_grp[1]/h_enjoy_col,9,1800
consent_grp[1]/section_h[1]/h_job_satisfaction_grp[1]/h_sup_respect,5,1810
consent_grp[1]/section_h[1]/h_job_satisfaction_grp[1]/h_sup_busy,6,1814
consent_grp[1]/section_h[1]/h_job_satisfaction_grp[1]/h_sup_opinion,10,1820
consent_grp[1]/section_h[1]/h_job_satisfaction_grp[1]/h_count_sup,5,1830
consent_grp[1]/section_h[1]/h_job_satisfaction_grp[1]/h_motivated,8,1834
consent_grp[1]/section_h[1]/h_job_satisfaction_grp[1]/h_sup_unpredict,5,1842
consent_grp[1]/section_h[1]/h_job_satisfaction_grp[1]/h_wrk_challenge,10,1847
consent_grp[1]/section_h[1]/h_job_satisfaction_grp[1]/h_wrk_monotonous,14,1857
consent_grp[1]/section_h[1]/h_job_satisfaction_grp[1]/h_wrk_creative,6,1871
consent_grp[1]/section_h[1]/h_job_satisfaction_grp[1]/h_big_impact,4,1876
consent_grp[1]/section_h[1]/h_job_satisfaction_grp[1]/h_little_time,16,1881
consent_grp[1]/section_h[1]/h_job_satisfaction_grp[1]/h_control_satis,9,1897
consent_grp[1]/section_h[1]/h_job_satisfaction_grp[1]/h_look,9,1906
consent_grp[1]/section_h[1]/h_job_satisfaction_grp[1]/h_small_space,8,1913
consent_grp[1]/section_h[1]/h_job_satisfaction_grp[1]/h_new_mat,7,1922
consent_grp[1]/section_h[1]/h_job_satisfaction_grp[1]/h_clean_kinder,11,1930
consent_grp[1]/section_h[1]/h_job_satisfaction_grp[1]/h_loud_kinder,21,1940
consent_grp[1]/section_h[1]/h_job_satisfaction_grp[1]/h_kinder_rules,16,1961
consent_grp[1]/section_h[1]/h_job_satisfaction_grp[1]/h_satisfied_paid,7,1977
consent_grp[1]/section_h[1]/h_burnout_grp[1]/h_burnout_note,1,1984
consent_grp[1]/section_h[1]/h_burnout_grp[1]/h_emotion_drained,7,1985
consent_grp[1]/section_h[1]/h_burnout_grp[1]/h_used_up,2,1992
consent_grp[1]/section_h[1]/h_burnout_grp[1]/h_fatigued,2,1994
consent_grp[1]/section_h[1]/h_burnout_grp[1]/h_child_feel,6,1996
consent_grp[1]/section_h[1]/h_burnout_grp[1]/h_child_impersonal,4,2002
consent_grp[1]/section_h[1]/h_burnout_grp[1]/h_ppl_strain,4,2006
consent_grp[1]/section_h[1]/h_burnout_grp[1]/h_deal_effect,6,2010
consent_grp[1]/section_h[1]/h_burnout_grp[1]/h_burnout,3,2016
consent_grp[1]/section_h[1]/h_burnout_grp[1]/h_pos_influence,3,2019
consent_grp[1]/section_h[1]/h_burnout_grp[1]/h_cold,6,2022
consent_grp[1]/section_h[1]/h_burnout_grp[1]/h_hard,12,2027
consent_grp[1]/section_h[1]/h_burnout_grp[1]/h_energetic,13,2039
consent_grp[1]/section_h[1]/h_burnout_grp[1]/h_frustrated,3,2052
consent_grp[1]/section_h[1]/h_burnout_grp[1]/h_work_hard,6,2056
consent_grp[1]/section_h[1]/h_burnout_grp[1]/h_dont_care,3,2062
consent_grp[1]/section_h[1]/h_burnout_grp[1]/h_put_pressure,4,2065
consent_grp[1]/section_h[1]/h_burnout_grp[1]/h_relax,7,2069
consent_grp[1]/section_h[1]/h_burnout_grp[1]/h_excited,11,2075
consent_grp[1]/section_h[1]/h_burnout_grp[1]/h_accomplished,11,2087
consent_grp[1]/section_h[1]/h_burnout_grp[1]/h_end_of_rop,5,2098
consent_grp[1]/section_h[1]/h_burnout_grp[1]/h_emot_pro_calm,9,2103
consent_grp[1]/i_teacher_knowledge_grp[1]/I_teach_know_note,9,2112
consent_grp[1]/i_teacher_knowledge_grp[1]/i_consonance,114,2120
consent_grp[1]/i_teacher_knowledge_grp[1]/i_vowel,22,2234
consent_grp[1]/i_teacher_knowledge_grp[1]/i_unbelievable,14,2256
consent_grp[1]/i_teacher_knowledge_grp[1]/i_irregular,27,2270
consent_grp[1]/i_teacher_knowledge_grp[1]/i_cat,10,2297
consent_grp[1]/i_teacher_knowledge_grp[1]/i_cough,26,2307
consent_grp[1]/i_teacher_knowledge_grp[1]/i_check,12,2332
consent_grp[1]/i_teacher_knowledge_grp[1]/i_english,14,2345
consent_grp[1]/j_perception_grp[1]/j_perception_note,1,2359
consent_grp[1]/j_perception_grp[1]/j_dev_practice_grp[1]/j_dev_practice_note,5,2360
consent_grp[1]/j_perception_grp[1]/j_dev_practice_grp[1]/j_child_need,51,2366
consent_grp[1]/j_perception_grp[1]/j_dev_practice_grp[1]/j_recog_letter,2,2416
consent_grp[1]/j_perception_grp[1]/j_dev_practice_grp[1]/j_recog_number,7,2418
consent_grp[1]/j_perception_grp[1]/j_dev_practice_grp[1]/j_recog_colour,2,2425
consent_grp[1]/j_perception_grp[1]/j_dev_practice_grp[1]/j_indiv_goal,6,2427
consent_grp[1]/j_perception_grp[1]/j_dev_practice_grp[1]/j_play_materials,6,2433
consent_grp[1]/j_perception_grp[1]/j_dev_practice_grp[1]/j_child_measure,4,2439
consent_grp[1]/j_perception_grp[1]/j_supp_chil_grp[1]/j_supp_chil_note,1,2442
consent_grp[1]/j_perception_grp[1]/j_supp_chil_grp[1]/j_build_relation,17,2444
consent_grp[1]/j_perception_grp[1]/j_supp_chil_grp[1]/j_control_behaviour,6,2461
consent_grp[1]/j_perception_grp[1]/j_supp_chil_grp[1]/j_express_thought,3,2467
consent_grp[1]/j_perception_grp[1]/j_supp_chil_grp[1]/j_resolve_conflicts,39,2470
consent_grp[1]/j_perception_grp[1]/j_supp_chil_grp[1]/j_guidance_style,4,2509
consent_grp[1]/j_perception_grp[1]/j_fam_sensitive_grp[1]/j_fam_sensitive_note,23,2513
consent_grp[1]/j_perception_grp[1]/j_fam_sensitive_grp[1]/j_parent_goal,23,2513
consent_grp[1]/j_perception_grp[1]/j_fam_sensitive_grp[1]/j_work_schedule,23,2513
consent_grp[1]/j_perception_grp[1]/j_fam_sensitive_grp[1]/j_fam_decision,23,2513
consent_grp[1]/j_perception_grp[1]/j_fam_sensitive_grp[1]/j_family_care,23,2513
consent_grp[1]/j_perception_grp[1]/j_fam_sensitive_grp[1]/j_connect_family,23,2513
consent_grp[1]/k_grp[1]/k_instro_note,3,2536
consent_grp[1]/k_grp[1]/k_ts_grp[1]/tmp_k_labels,94,2537
consent_grp[1]/k_grp[1]/k_ts_grp[1]/k_take_priviledges,94,2537
consent_grp[1]/k_grp[1]/k_ts_grp[1]/k_explain_behavior,94,2537
consent_grp[1]/k_grp[1]/k_ts_grp[1]/k_shook,94,2537
consent_grp[1]/k_grp[1]/k_ts_grp[1]/k_shouted,94,2537
consent_grp[1]/k_grp[1]/k_ts_grp[1]/k_gave_something,94,2537
consent_grp[1]/k_grp[1]/k_ts_grp[1]/k_spanked,94,2537
consent_grp[1]/k_grp[1]/k_ts_grp[1]/k_hit_bottom,94,2537
consent_grp[1]/k_grp[1]/k_ts_grp[1]/k_call_dumb,94,2537
consent_grp[1]/k_grp[1]/k_ts_grp[1]/k_hit_face,94,2537
consent_grp[1]/k_grp[1]/k_ts_grp[1]/k_praised,94,2537
consent_grp[1]/k_grp[1]/k_ts_grp[1]/k_affection,94,2537
consent_grp[1]/k_grp[1]/k_ts_grp[1]/k_rewarded,94,2537
consent_grp[1]/l_teaching_prac_grp[1]/l_note,1,2633
consent_grp[1]/l_teaching_prac_grp[1]/l_previos_kinder_act[1]/tmp_l_prac_lab,63,2634
consent_grp[1]/l_teaching_prac_grp[1]/l_previos_kinder_act[1]/l_hygiene_routine,63,2634
consent_grp[1]/l_teaching_prac_grp[1]/l_previos_kinder_act[1]/l_supply,63,2634
consent_grp[1]/l_teaching_prac_grp[1]/l_previos_kinder_act[1]/l_pamper,63,2634
consent_grp[1]/l_teaching_prac_grp[1]/l_previos_kinder_act[1]/l_read,63,2634
consent_grp[1]/l_teaching_prac_grp[1]/l_previos_kinder_act[1]/l_tell,63,2634
consent_grp[1]/l_teaching_prac_grp[1]/l_previos_kinder_act[1]/l_conversatin,63,2634
consent_grp[1]/l_teaching_prac_grp[1]/l_previos_kinder_act[1]/l_sing,63,2634
consent_grp[1]/l_teaching_prac_grp[1]/l_previos_kinder_act[1]/l_dance,63,2634
consent_grp[1]/l_teaching_prac_grp[1]/l_previos_kinder_act[1]/l_visit,63,2634
consent_grp[1]/l_teaching_prac_grp[1]/l_previos_kinder_act[1]/l_play_kg,63,2634
consent_grp[1]/l_teaching_prac_grp[1]/l_previos_kinder_act[1]/l_play_recrea,63,2634
consent_grp[1]/l_teaching_prac_grp[1]/l_previos_kinder_act[1]/l_sleep,63,2634
consent_grp[1]/l_teaching_prac_grp[1]/l_previos_kinder_act[1]/l_run,63,2634
consent_grp[1]/l_teaching_prac_grp[1]/l_previos_kinder_act[1]/l_group_learn,63,2634
consent_grp[1]/l_teaching_prac_grp[1]/l_previos_kinder_act[1]/l_indiv_learn,63,2634
consent_grp[1]/l_teaching_prac_grp[1]/l_class_acti_grp[1]/l_act_grp[1]/tmp_l_class_lab,120,2696
consent_grp[1]/l_teaching_prac_grp[1]/l_class_acti_grp[1]/l_act_grp[1]/l_teach_colour,120,2696
consent_grp[1]/l_teaching_prac_grp[1]/l_class_acti_grp[1]/l_act_grp[1]/l_teach_number,120,2696
consent_grp[1]/l_teaching_prac_grp[1]/l_class_acti_grp[1]/l_act_grp[1]/l_teach_letter,120,2696
consent_grp[1]/l_teaching_prac_grp[1]/l_class_acti_grp[1]/l_act_grp[1]/l_teach_form,120,2696
consent_grp[1]/l_teaching_prac_grp[1]/l_class_acti_grp[1]/l_act_grp[1]/l_socialise,120,2696
consent_grp[1]/l_teaching_prac_grp[1]/l_class_acti_grp[1]/l_act_grp[1]/l_pro_solve,120,2696
consent_grp[1]/l_teaching_prac_grp[1]/l_class_acti_grp[1]/l_act_grp[1]/l_writing,120,2696
consent_grp[1]/l_teaching_prac_grp[1]/l_class_acti_grp[1]/l_act_grp[1]/l_teach_body,120,2696
consent_grp[1]/l_teaching_prac_grp[1]/l_class_acti_grp[1]/l_act_grp[1]/l_pers_hygiene,120,2696
consent_grp[1]/l_teaching_prac_grp[1]/l_class_acti_grp[1]/l_act_grp[1]/l_art_expre,120,2696
consent_grp[1]/l_teaching_prac_grp[1]/l_class_acti_grp[1]/l_act_grp[1]/l_body_lang,120,2696
consent_grp[1]/l_teaching_prac_grp[1]/l_class_acti_grp[1]/l_act_grp[1]/l_concentration,120,2696
consent_grp[1]/l_teaching_prac_grp[1]/l_class_acti_grp[1]/l_act_grp[1]/l_gross_motor,120,2696
consent_grp[1]/l_teaching_prac_grp[1]/l_class_acti_grp[1]/l_act_grp[1]/l_fine_motor,120,2696
consent_grp[1]/l_teaching_prac_grp[1]/l_class_acti_grp[1]/l_act_grp[1]/l_gender,120,2696
consent_grp[1]/l_teaching_prac_grp[1]/l_class_acti_grp[1]/l_act_grp[1]/l_responsibility,120,2696
consent_grp[1]/l_teaching_prac_grp[1]/l_class_acti_grp[1]/l_act_grp[1]/l_speech,120,2696
consent_grp[1]/l_teaching_prac_grp[1]/l_class_acti_grp[1]/l_act_grp[1]/l_explore_comm,120,2696
consent_grp[1]/l_teaching_prac_grp[1]/l_class_acti_grp[1]/l_act_grp[1]/l_explore_culture,120,2696
consent_grp[1]/l_teaching_prac_grp[1]/l_parent_interact_note,3,2818
consent_grp[1]/l_teaching_prac_grp[1]/l_actively_engaged,38,2821
consent_grp[1]/l_teaching_prac_grp[1]/l_proportion_child,21,2859
consent_grp[1]/l_teaching_prac_grp[1]/l_proportion_child_more,10,2881
consent_grp[1]/l_teaching_prac_grp[1]/l_visit_pupil_house,11,2891
consent_grp[1]/l_teaching_prac_grp[1]/l_visit_parent_house,10,2902
consent_grp[1]/l_teaching_prac_grp[1]/l_receive_parent_supp,17,2912
consent_grp[1]/l_teaching_prac_grp[1]/l_day_teaching_note,2,2928
consent_grp[1]/l_teaching_prac_grp[1]/l_day_grp[1]/tmp_l_labs,50,2930
consent_grp[1]/l_teaching_prac_grp[1]/l_day_grp[1]/l_daily_schedule,50,2930
consent_grp[1]/l_teaching_prac_grp[1]/l_day_grp[1]/l_play_period,50,2930
consent_grp[1]/l_teaching_prac_grp[1]/l_day_grp[1]/l_free_play,50,2930
consent_grp[1]/l_teaching_prac_grp[1]/l_day_grp[1]/l_activities,50,2930
consent_grp[1]/l_teaching_prac_grp[1]/l_per_daily_grp[1]/l_perc_note,190,2980
consent_grp[1]/l_teaching_prac_grp[1]/l_per_daily_grp[1]/l_admin_per,190,2980
consent_grp[1]/l_teaching_prac_grp[1]/l_per_daily_grp[1]/l_class_per,190,2980
consent_grp[1]/l_teaching_prac_grp[1]/l_per_daily_grp[1]/l_teach_per,190,2980
consent_grp[1]/l_teaching_prac_grp[1]/l_per_daily_grp[1]/l_super_per,190,2980
consent_grp[1]/l_teaching_prac_grp[1]/l_per_daily_grp[1]/l_super_oth_per,190,2980
consent_grp[1]/l_teaching_prac_grp[1]/l_per_daily_grp[1]/l_break_per,190,2980
consent_grp[1]/l_teaching_prac_grp[1]/l_discipline_note,1,3170
consent_grp[1]/l_teaching_prac_grp[1]/l_dont_like,73,3171
consent_grp[1]/l_teaching_prac_grp[1]/l_really_bad,31,3243
consent_grp[1]/l_teaching_prac_grp[1]/l_does_good,17,3275
consent_grp[1]/l_teaching_prac_grp[1]/l_praise,7,3292
consent_grp[1]/q_note,2,3298
consent_grp[1]/q_activ_yn,30,3301
s_int_accom_yn,25,3331
s_int_accom,3,3355
comments,12,3359
