Field name,Total duration (seconds),First appeared (seconds into survey)
instruction,1,2
a_district_id,2,4
a_circuit_id,7,6
a_kg_id,9,13
a_community_id,32,21
a_enum_id,19,53
consent_note,254,72
con_understand,2,326
con_questions,2,328
con_written,2,330
consent_grp[1]/audio_consent,1,332
consent_grp[1]/d_background_note,1,333
consent_grp[1]/section_d[1]/kgt_key,15,334
consent_grp[1]/section_d[1]/kgt_confirm_note,7,350
consent_grp[1]/section_d[1]/d_num_cnt,8,356
consent_grp[1]/section_d[1]/d_cnt_grp[1]/d_cnt_main,8,365
consent_grp[1]/section_d[1]/d_work_last,8,373
consent_grp[1]/section_d[1]/d_edu_level,9,381
consent_grp[1]/section_d[1]/d_edu_train,9,390
consent_grp[1]/section_d[1]/d_edu_level_train,2,399
consent_grp[1]/section_d[1]/d_marital_status,5,401
consent_grp[1]/section_d[1]/d_religion,5,406
consent_grp[1]/section_d[1]/d_la_spk_grp[1]/d_la_spk_note,36,411
consent_grp[1]/section_d[1]/d_la_spk_grp[1]/d_la_spk_eng,36,411
consent_grp[1]/section_d[1]/d_la_spk_grp[1]/d_la_spk_dagb,36,411
consent_grp[1]/section_d[1]/d_la_wrt_grp[1]/d_la_wrt_note,12,447
consent_grp[1]/section_d[1]/d_la_wrt_grp[1]/d_la_wrt_eng,12,447
consent_grp[1]/section_d[1]/d_la_wrt_grp[1]/d_la_wrt_dagb,12,447
consent_grp[1]/section_d[1]/d_main_language,6,459
consent_grp[1]/section_d[1]/d_loc_lang_kinderg,5,465
consent_grp[1]/f_moved_yn,28,470
consent_grp[1]/g_nature_wrk_note,3,499
consent_grp[1]/section_g[1]/g_teach_pos,7,502
consent_grp[1]/section_g[1]/g_teach_school,9,509
consent_grp[1]/section_g[1]/g_kg_grade,6,517
consent_grp[1]/section_g[1]/g_class_grp[1]/g_children_note,14,524
consent_grp[1]/section_g[1]/g_class_grp[1]/g_kg_1,14,524
consent_grp[1]/section_g[1]/g_ah_grp[1]/g_ah_note,48,538
consent_grp[1]/section_g[1]/g_ah_grp[1]/g_ah_working,48,538
consent_grp[1]/section_g[1]/g_ah_grp[1]/g_ah_prepping,48,538
consent_grp[1]/section_g[1]/g_eh_grp[1]/g_eh_note,34,586
consent_grp[1]/section_g[1]/g_eh_grp[1]/g_eh_working,34,586
consent_grp[1]/section_g[1]/g_eh_grp[1]/g_eh_prepping,34,586
consent_grp[1]/section_g[1]/g_teach_salary,58,620
consent_grp[1]/section_g[1]/g_salary_freq,4,678
consent_grp[1]/section_g[1]/g_salary_intime,18,683
consent_grp[1]/section_g[1]/g_money_cmp,9,699
consent_grp[1]/section_g[1]/g_job_outside,15,709
consent_grp[1]/section_g[1]/g_extra_money_spec,10,723
consent_grp[1]/section_g[1]/g_sch_pro_grp[1]/tmp_g_sch_pro_lab,115,733
consent_grp[1]/section_g[1]/g_sch_pro_grp[1]/g_class,115,733
consent_grp[1]/section_g[1]/g_sch_pro_grp[1]/g_class_taught,115,733
consent_grp[1]/section_g[1]/g_sch_pro_grp[1]/g_fin_resource,115,733
consent_grp[1]/section_g[1]/g_sch_pro_grp[1]/g_high_expe,115,733
consent_grp[1]/section_g[1]/g_sch_pro_grp[1]/g_change_curri,115,733
consent_grp[1]/section_g[1]/g_sch_pro_grp[1]/g_diff_curri,115,733
consent_grp[1]/section_g[1]/g_sch_pro_grp[1]/g_easy_curri,115,733
consent_grp[1]/section_g[1]/g_sch_pro_grp[1]/g_par_dem_high,115,733
consent_grp[1]/section_g[1]/g_sch_pro_grp[1]/g_par_suff_interest,115,733
consent_grp[1]/section_g[1]/g_sch_pro_grp[1]/g_par_suff_active,115,733
consent_grp[1]/section_g[1]/g_par_supp_grp[1]/g_par_supp_note,5,848
consent_grp[1]/section_g[1]/g_par_supp_grp[1]/g_home_wrk,16,853
consent_grp[1]/section_g[1]/g_par_supp_grp[1]/g_behave_val,17,869
consent_grp[1]/section_g[1]/g_par_supp_grp[1]/g_get_schl,7,886
consent_grp[1]/section_g[1]/g_par_supp_grp[1]/g_visit_schl,9,892
consent_grp[1]/section_g[1]/g_par_supp_grp[1]/g_show_respect,11,901
consent_grp[1]/section_g[1]/g_par_supp_grp[1]/g_best_schl,9,912
consent_grp[1]/section_g[1]/g_par_supp_grp[1]/g_parti_pta,6,921
consent_grp[1]/section_g[1]/g_par_supp_grp[1]/g_cont_kg_act,7,927
consent_grp[1]/section_g[1]/g_lead_respect,15,934
consent_grp[1]/section_g[1]/g_val_citizen,15,948
consent_grp[1]/section_h[1]/sec_h_depre_note,1,964
consent_grp[1]/section_h[1]/h_depression_grp[1]/h_da_note,86,965
consent_grp[1]/section_h[1]/h_depression_grp[1]/tmp_h_da_lab,86,965
consent_grp[1]/section_h[1]/h_depression_grp[1]/h_headache,86,965
consent_grp[1]/section_h[1]/h_depression_grp[1]/h_appetite,86,965
consent_grp[1]/section_h[1]/h_depression_grp[1]/h_sleep,86,965
consent_grp[1]/section_h[1]/h_depression_grp[1]/h_frightened,86,965
consent_grp[1]/section_h[1]/h_depression_grp[1]/h_hands_shake,86,965
consent_grp[1]/section_h[1]/h_depression_grp[1]/h_nervous,86,965
consent_grp[1]/section_h[1]/h_depression_grp[1]/h_digestion,86,965
consent_grp[1]/section_h[1]/h_depression_grp[1]/h_thinking,86,965
consent_grp[1]/section_h[1]/h_depression_grp[1]/h_unhappy,86,965
consent_grp[1]/section_h[1]/h_depression_grp[1]/h_cry,86,965
consent_grp[1]/section_h[1]/h_depression_grp[1]/h_activities,86,965
consent_grp[1]/section_h[1]/h_depression_grp[1]/h_decisions,86,965
consent_grp[1]/section_h[1]/h_depression_grp[1]/h_daily_work,86,965
consent_grp[1]/section_h[1]/h_depression_grp[1]/h_life,86,965
consent_grp[1]/section_h[1]/h_depression_grp[1]/h_interest,86,965
consent_grp[1]/section_h[1]/h_depression_grp[1]/h_worthless,86,965
consent_grp[1]/section_h[1]/h_depression_grp[1]/h_end_life,86,965
consent_grp[1]/section_h[1]/h_depression_grp[1]/h_tired,86,965
consent_grp[1]/section_h[1]/h_depression_grp[1]/h_uncomfortable,86,965
consent_grp[1]/section_h[1]/h_depression_grp[1]/h_easily_tired,86,965
consent_grp[1]/section_h[1]/sec_h_ext_contr_note,1,1051
consent_grp[1]/section_h[1]/h_ext_control_grp[1]/h_ext_cont_note,1,1053
consent_grp[1]/section_h[1]/h_ext_control_grp[1]/h_pup_learn,14,1054
consent_grp[1]/section_h[1]/h_ext_control_grp[1]/h_discipline,9,1068
consent_grp[1]/section_h[1]/h_ext_control_grp[1]/h_stu_achieve,11,1077
consent_grp[1]/section_h[1]/h_ext_control_grp[1]/h_teach_motiv,12,1088
consent_grp[1]/section_h[1]/h_ext_control_grp[1]/h_good_teach,18,1100
consent_grp[1]/section_h[1]/sec_h_motiv_note,1,1118
consent_grp[1]/section_h[1]/h_motiv_grp[1]/h_motiv_note,1,1120
consent_grp[1]/section_h[1]/h_motiv_grp[1]/h_motiv_help,7,1121
consent_grp[1]/section_h[1]/h_motiv_grp[1]/h_quest_school,7,1128
consent_grp[1]/section_h[1]/h_motiv_grp[1]/h_help_child,3,1134
consent_grp[1]/section_h[1]/h_motiv_grp[1]/h_sch_goal,5,1138
consent_grp[1]/section_h[1]/h_motiv_grp[1]/h_help_emot,4,1143
consent_grp[1]/section_h[1]/h_motiv_grp[1]/h_enjoy_teach,3,1147
consent_grp[1]/section_h[1]/h_motiv_grp[1]/h_develop_society,4,1150
consent_grp[1]/section_h[1]/h_motiv_grp[1]/h_develop_socially,6,1154
consent_grp[1]/section_h[1]/h_motiv_grp[1]/h_perso_clear,5,1159
consent_grp[1]/section_h[1]/h_impor_thing,24,1166
consent_grp[1]/section_h[1]/h_job_satisfaction_grp[1]/h_job_satis_note,2,1189
consent_grp[1]/section_h[1]/h_job_satisfaction_grp[1]/h_look_out,87,1191
consent_grp[1]/section_h[1]/h_job_satisfaction_grp[1]/h_perso_worries,5,1279
consent_grp[1]/section_h[1]/h_job_satisfaction_grp[1]/h_know_col,5,1284
consent_grp[1]/section_h[1]/h_job_satisfaction_grp[1]/h_col_coop,4,1289
consent_grp[1]/section_h[1]/h_job_satisfaction_grp[1]/h_trust_col,5,1293
consent_grp[1]/section_h[1]/h_job_satisfaction_grp[1]/h_enjoy_col,7,1298
consent_grp[1]/section_h[1]/h_job_satisfaction_grp[1]/h_sup_respect,4,1305
consent_grp[1]/section_h[1]/h_job_satisfaction_grp[1]/h_sup_busy,6,1308
consent_grp[1]/section_h[1]/h_job_satisfaction_grp[1]/h_sup_opinion,4,1314
consent_grp[1]/section_h[1]/h_job_satisfaction_grp[1]/h_count_sup,16,1318
consent_grp[1]/section_h[1]/h_job_satisfaction_grp[1]/h_motivated,4,1334
consent_grp[1]/section_h[1]/h_job_satisfaction_grp[1]/h_sup_unpredict,5,1338
consent_grp[1]/section_h[1]/h_job_satisfaction_grp[1]/h_wrk_challenge,5,1343
consent_grp[1]/section_h[1]/h_job_satisfaction_grp[1]/h_wrk_monotonous,7,1348
consent_grp[1]/section_h[1]/h_job_satisfaction_grp[1]/h_wrk_creative,2,1355
consent_grp[1]/section_h[1]/h_job_satisfaction_grp[1]/h_big_impact,4,1357
consent_grp[1]/section_h[1]/h_job_satisfaction_grp[1]/h_little_time,8,1362
consent_grp[1]/section_h[1]/h_job_satisfaction_grp[1]/h_control_satis,4,1369
consent_grp[1]/section_h[1]/h_job_satisfaction_grp[1]/h_look,5,1374
consent_grp[1]/section_h[1]/h_job_satisfaction_grp[1]/h_small_space,11,1379
consent_grp[1]/section_h[1]/h_job_satisfaction_grp[1]/h_new_mat,6,1390
consent_grp[1]/section_h[1]/h_job_satisfaction_grp[1]/h_clean_kinder,5,1396
consent_grp[1]/section_h[1]/h_job_satisfaction_grp[1]/h_loud_kinder,4,1401
consent_grp[1]/section_h[1]/h_job_satisfaction_grp[1]/h_kinder_rules,4,1405
consent_grp[1]/section_h[1]/h_job_satisfaction_grp[1]/h_satisfied_paid,5,1409
consent_grp[1]/section_h[1]/h_burnout_grp[1]/h_burnout_note,1,1414
consent_grp[1]/section_h[1]/h_burnout_grp[1]/h_emotion_drained,9,1415
consent_grp[1]/section_h[1]/h_burnout_grp[1]/h_used_up,7,1424
consent_grp[1]/section_h[1]/h_burnout_grp[1]/h_fatigued,8,1432
consent_grp[1]/section_h[1]/h_burnout_grp[1]/h_child_feel,5,1440
consent_grp[1]/section_h[1]/h_burnout_grp[1]/h_child_impersonal,7,1445
consent_grp[1]/section_h[1]/h_burnout_grp[1]/h_ppl_strain,7,1452
consent_grp[1]/section_h[1]/h_burnout_grp[1]/h_deal_effect,8,1458
consent_grp[1]/section_h[1]/h_burnout_grp[1]/h_burnout,7,1466
consent_grp[1]/section_h[1]/h_burnout_grp[1]/h_pos_influence,4,1474
consent_grp[1]/section_h[1]/h_burnout_grp[1]/h_cold,7,1478
consent_grp[1]/section_h[1]/h_burnout_grp[1]/h_hard,7,1485
consent_grp[1]/section_h[1]/h_burnout_grp[1]/h_energetic,3,1492
consent_grp[1]/section_h[1]/h_burnout_grp[1]/h_frustrated,3,1495
consent_grp[1]/section_h[1]/h_burnout_grp[1]/h_work_hard,5,1498
consent_grp[1]/section_h[1]/h_burnout_grp[1]/h_dont_care,7,1503
consent_grp[1]/section_h[1]/h_burnout_grp[1]/h_put_pressure,8,1510
consent_grp[1]/section_h[1]/h_burnout_grp[1]/h_relax,6,1518
consent_grp[1]/section_h[1]/h_burnout_grp[1]/h_excited,8,1525
consent_grp[1]/section_h[1]/h_burnout_grp[1]/h_accomplished,5,1533
consent_grp[1]/section_h[1]/h_burnout_grp[1]/h_end_of_rop,8,1538
consent_grp[1]/section_h[1]/h_burnout_grp[1]/h_emot_pro_calm,5,1545
consent_grp[1]/i_teacher_knowledge_grp[1]/I_teach_know_note,1,1551
consent_grp[1]/i_teacher_knowledge_grp[1]/i_consonance,68,1552
consent_grp[1]/i_teacher_knowledge_grp[1]/i_vowel,135,1620
consent_grp[1]/i_teacher_knowledge_grp[1]/i_unbelievable,65,1754
consent_grp[1]/i_teacher_knowledge_grp[1]/i_irregular,36,1819
consent_grp[1]/i_teacher_knowledge_grp[1]/i_cat,17,1856
consent_grp[1]/i_teacher_knowledge_grp[1]/i_cough,14,1873
consent_grp[1]/i_teacher_knowledge_grp[1]/i_check,11,1887
consent_grp[1]/i_teacher_knowledge_grp[1]/i_english,30,1897
consent_grp[1]/j_perception_grp[1]/j_perception_note,1,1927
consent_grp[1]/j_perception_grp[1]/j_dev_practice_grp[1]/j_dev_practice_note,2,1929
consent_grp[1]/j_perception_grp[1]/j_dev_practice_grp[1]/j_child_need,12,1931
consent_grp[1]/j_perception_grp[1]/j_dev_practice_grp[1]/j_recog_letter,4,1943
consent_grp[1]/j_perception_grp[1]/j_dev_practice_grp[1]/j_recog_number,3,1947
consent_grp[1]/j_perception_grp[1]/j_dev_practice_grp[1]/j_recog_colour,6,1950
consent_grp[1]/j_perception_grp[1]/j_dev_practice_grp[1]/j_indiv_goal,5,1956
consent_grp[1]/j_perception_grp[1]/j_dev_practice_grp[1]/j_play_materials,4,1961
consent_grp[1]/j_perception_grp[1]/j_dev_practice_grp[1]/j_child_measure,5,1964
consent_grp[1]/j_perception_grp[1]/j_supp_chil_grp[1]/j_supp_chil_note,2,1970
consent_grp[1]/j_perception_grp[1]/j_supp_chil_grp[1]/j_build_relation,5,1972
consent_grp[1]/j_perception_grp[1]/j_supp_chil_grp[1]/j_control_behaviour,4,1977
consent_grp[1]/j_perception_grp[1]/j_supp_chil_grp[1]/j_express_thought,4,1981
consent_grp[1]/j_perception_grp[1]/j_supp_chil_grp[1]/j_resolve_conflicts,5,1985
consent_grp[1]/j_perception_grp[1]/j_supp_chil_grp[1]/j_guidance_style,8,1990
consent_grp[1]/j_perception_grp[1]/j_fam_sensitive_grp[1]/j_fam_sensitive_note,34,1998
consent_grp[1]/j_perception_grp[1]/j_fam_sensitive_grp[1]/j_parent_goal,34,1998
consent_grp[1]/j_perception_grp[1]/j_fam_sensitive_grp[1]/j_work_schedule,34,1998
consent_grp[1]/j_perception_grp[1]/j_fam_sensitive_grp[1]/j_fam_decision,34,1998
consent_grp[1]/j_perception_grp[1]/j_fam_sensitive_grp[1]/j_family_care,34,1998
consent_grp[1]/j_perception_grp[1]/j_fam_sensitive_grp[1]/j_connect_family,34,1998
consent_grp[1]/k_grp[1]/k_instro_note,4,2033
consent_grp[1]/k_grp[1]/k_ts_grp[1]/tmp_k_labels,32,2034
consent_grp[1]/k_grp[1]/k_ts_grp[1]/k_take_priviledges,32,2034
consent_grp[1]/k_grp[1]/k_ts_grp[1]/k_explain_behavior,32,2034
consent_grp[1]/k_grp[1]/k_ts_grp[1]/k_shook,32,2034
consent_grp[1]/k_grp[1]/k_ts_grp[1]/k_shouted,32,2034
consent_grp[1]/k_grp[1]/k_ts_grp[1]/k_gave_something,32,2034
consent_grp[1]/k_grp[1]/k_ts_grp[1]/k_spanked,32,2034
consent_grp[1]/k_grp[1]/k_ts_grp[1]/k_hit_bottom,32,2034
consent_grp[1]/k_grp[1]/k_ts_grp[1]/k_call_dumb,32,2034
consent_grp[1]/k_grp[1]/k_ts_grp[1]/k_hit_face,32,2034
consent_grp[1]/k_grp[1]/k_ts_grp[1]/k_praised,32,2034
consent_grp[1]/k_grp[1]/k_ts_grp[1]/k_affection,32,2034
consent_grp[1]/k_grp[1]/k_ts_grp[1]/k_rewarded,32,2034
consent_grp[1]/l_teaching_prac_grp[1]/l_note,1,2068
consent_grp[1]/l_teaching_prac_grp[1]/l_previos_kinder_act[1]/tmp_l_prac_lab,37,2070
consent_grp[1]/l_teaching_prac_grp[1]/l_previos_kinder_act[1]/l_hygiene_routine,37,2070
consent_grp[1]/l_teaching_prac_grp[1]/l_previos_kinder_act[1]/l_supply,37,2070
consent_grp[1]/l_teaching_prac_grp[1]/l_previos_kinder_act[1]/l_pamper,37,2070
consent_grp[1]/l_teaching_prac_grp[1]/l_previos_kinder_act[1]/l_read,37,2070
consent_grp[1]/l_teaching_prac_grp[1]/l_previos_kinder_act[1]/l_tell,37,2070
consent_grp[1]/l_teaching_prac_grp[1]/l_previos_kinder_act[1]/l_conversatin,37,2070
consent_grp[1]/l_teaching_prac_grp[1]/l_previos_kinder_act[1]/l_sing,37,2070
consent_grp[1]/l_teaching_prac_grp[1]/l_previos_kinder_act[1]/l_dance,37,2070
consent_grp[1]/l_teaching_prac_grp[1]/l_previos_kinder_act[1]/l_visit,37,2070
consent_grp[1]/l_teaching_prac_grp[1]/l_previos_kinder_act[1]/l_play_kg,37,2070
consent_grp[1]/l_teaching_prac_grp[1]/l_previos_kinder_act[1]/l_play_recrea,37,2070
consent_grp[1]/l_teaching_prac_grp[1]/l_previos_kinder_act[1]/l_sleep,37,2070
consent_grp[1]/l_teaching_prac_grp[1]/l_previos_kinder_act[1]/l_run,37,2070
consent_grp[1]/l_teaching_prac_grp[1]/l_previos_kinder_act[1]/l_group_learn,37,2070
consent_grp[1]/l_teaching_prac_grp[1]/l_previos_kinder_act[1]/l_indiv_learn,37,2070
consent_grp[1]/l_teaching_prac_grp[1]/l_class_acti_grp[1]/l_act_grp[1]/tmp_l_class_lab,26,2106
consent_grp[1]/l_teaching_prac_grp[1]/l_class_acti_grp[1]/l_act_grp[1]/l_teach_colour,26,2106
consent_grp[1]/l_teaching_prac_grp[1]/l_class_acti_grp[1]/l_act_grp[1]/l_teach_number,26,2106
consent_grp[1]/l_teaching_prac_grp[1]/l_class_acti_grp[1]/l_act_grp[1]/l_teach_letter,26,2106
consent_grp[1]/l_teaching_prac_grp[1]/l_class_acti_grp[1]/l_act_grp[1]/l_teach_form,26,2106
consent_grp[1]/l_teaching_prac_grp[1]/l_class_acti_grp[1]/l_act_grp[1]/l_socialise,26,2106
consent_grp[1]/l_teaching_prac_grp[1]/l_class_acti_grp[1]/l_act_grp[1]/l_pro_solve,26,2106
consent_grp[1]/l_teaching_prac_grp[1]/l_class_acti_grp[1]/l_act_grp[1]/l_writing,26,2106
consent_grp[1]/l_teaching_prac_grp[1]/l_class_acti_grp[1]/l_act_grp[1]/l_teach_body,26,2106
consent_grp[1]/l_teaching_prac_grp[1]/l_class_acti_grp[1]/l_act_grp[1]/l_pers_hygiene,26,2106
consent_grp[1]/l_teaching_prac_grp[1]/l_class_acti_grp[1]/l_act_grp[1]/l_art_expre,26,2106
consent_grp[1]/l_teaching_prac_grp[1]/l_class_acti_grp[1]/l_act_grp[1]/l_body_lang,26,2106
consent_grp[1]/l_teaching_prac_grp[1]/l_class_acti_grp[1]/l_act_grp[1]/l_concentration,26,2106
consent_grp[1]/l_teaching_prac_grp[1]/l_class_acti_grp[1]/l_act_grp[1]/l_gross_motor,26,2106
consent_grp[1]/l_teaching_prac_grp[1]/l_class_acti_grp[1]/l_act_grp[1]/l_fine_motor,26,2106
consent_grp[1]/l_teaching_prac_grp[1]/l_class_acti_grp[1]/l_act_grp[1]/l_gender,26,2106
consent_grp[1]/l_teaching_prac_grp[1]/l_class_acti_grp[1]/l_act_grp[1]/l_responsibility,26,2106
consent_grp[1]/l_teaching_prac_grp[1]/l_class_acti_grp[1]/l_act_grp[1]/l_speech,26,2106
consent_grp[1]/l_teaching_prac_grp[1]/l_class_acti_grp[1]/l_act_grp[1]/l_explore_comm,26,2106
consent_grp[1]/l_teaching_prac_grp[1]/l_class_acti_grp[1]/l_act_grp[1]/l_explore_culture,26,2106
consent_grp[1]/l_teaching_prac_grp[1]/l_parent_interact_note,1,2132
consent_grp[1]/l_teaching_prac_grp[1]/l_actively_engaged,24,2133
consent_grp[1]/l_teaching_prac_grp[1]/l_proportion_child,15,2158
consent_grp[1]/l_teaching_prac_grp[1]/l_proportion_child_more,9,2173
consent_grp[1]/l_teaching_prac_grp[1]/l_visit_pupil_house,24,2182
consent_grp[1]/l_teaching_prac_grp[1]/l_visit_parent_house,14,2206
consent_grp[1]/l_teaching_prac_grp[1]/l_receive_parent_supp,16,2218
consent_grp[1]/l_teaching_prac_grp[1]/l_day_teaching_note,2,2235
consent_grp[1]/l_teaching_prac_grp[1]/l_day_grp[1]/tmp_l_labs,23,2237
consent_grp[1]/l_teaching_prac_grp[1]/l_day_grp[1]/l_daily_schedule,23,2237
consent_grp[1]/l_teaching_prac_grp[1]/l_day_grp[1]/l_play_period,23,2237
consent_grp[1]/l_teaching_prac_grp[1]/l_day_grp[1]/l_free_play,23,2237
consent_grp[1]/l_teaching_prac_grp[1]/l_day_grp[1]/l_activities,23,2237
consent_grp[1]/l_teaching_prac_grp[1]/l_per_daily_grp[1]/l_perc_note,264,2261
consent_grp[1]/l_teaching_prac_grp[1]/l_per_daily_grp[1]/l_admin_per,264,2261
consent_grp[1]/l_teaching_prac_grp[1]/l_per_daily_grp[1]/l_class_per,264,2261
consent_grp[1]/l_teaching_prac_grp[1]/l_per_daily_grp[1]/l_teach_per,264,2261
consent_grp[1]/l_teaching_prac_grp[1]/l_per_daily_grp[1]/l_super_per,264,2261
consent_grp[1]/l_teaching_prac_grp[1]/l_per_daily_grp[1]/l_super_oth_per,264,2261
consent_grp[1]/l_teaching_prac_grp[1]/l_per_daily_grp[1]/l_break_per,264,2261
consent_grp[1]/l_teaching_prac_grp[1]/l_discipline_note,3,2524
consent_grp[1]/l_teaching_prac_grp[1]/l_dont_like,21,2528
consent_grp[1]/l_teaching_prac_grp[1]/l_really_bad,12,2549
consent_grp[1]/l_teaching_prac_grp[1]/l_does_good,11,2561
consent_grp[1]/l_teaching_prac_grp[1]/l_praise,16,2572
consent_grp[1]/q_note,17,2585
consent_grp[1]/q_activ_yn,10,2606
consent_grp[1]/q_rpt[1]/q_activ_r,47,2616
consent_grp[1]/q_rpt[1]/q_activ_org_r,9,2663
consent_grp[1]/q_rpt[1]/q_activ_add_r,14,2670
consent_grp[1]/q_rpt[2]/q_activ_r,21,2686
consent_grp[1]/q_rpt[2]/q_activ_osp_r,125,2707
consent_grp[1]/q_rpt[2]/q_activ_org_r,3,2832
consent_grp[1]/q_rpt[2]/q_activ_org_osp_r,10,2835
consent_grp[1]/q_rpt[2]/q_activ_add_r,5,2846
s_int_accom_yn,7,2850
comments,1,2857
