Field name,Total duration (seconds),First appeared (seconds into survey)
instruction,2,256
a_district_id,161,258
a_circuit_id,4,419
a_kg_id,8,423
a_community_id,9,431
a_enum_id,21,440
consent_note,2,461
con_understand,2,463
con_questions,2,465
con_written,2,467
consent_grp[1]/audio_consent,24,469
consent_grp[1]/d_background_note,2,494
consent_grp[1]/section_d[1]/kgt_key,49,495
consent_grp[1]/section_d[1]/kgt_name_gp[1]/kgt_fsn,40,544
consent_grp[1]/section_d[1]/kgt_name_gp[1]/kgt_msn,40,544
consent_grp[1]/section_d[1]/kgt_name_gp[1]/kgt_lsn,40,544
consent_grp[1]/section_d[1]/kgt_name_gp[1]/kgt_ppn,40,544
consent_grp[1]/section_d[1]/kgt_name_gp[1]/d_sex,40,544
consent_grp[1]/section_d[1]/kgt_confirm_note,25,584
consent_grp[1]/section_d[1]/d_num_cnt,16,608
consent_grp[1]/section_d[1]/d_cnt_grp[1]/d_cnt_main,49,624
consent_grp[1]/section_d[1]/d_cnt_grp[1]/d_cnt_sec,49,624
consent_grp[1]/section_d[1]/d_age,11,673
consent_grp[1]/section_d[1]/d_teacher_grp[1]/d_been_teacher,33,684
consent_grp[1]/section_d[1]/d_teacher_grp[1]/d_teacher_year,33,684
consent_grp[1]/section_d[1]/d_teacher_grp[1]/d_teacher_month,33,684
consent_grp[1]/section_d[1]/d_been_kinder_grp[1]/d_been_kinder,12,709
consent_grp[1]/section_d[1]/d_been_kinder_grp[1]/d_kinder_year,12,709
consent_grp[1]/section_d[1]/d_been_kinder_grp[1]/d_kinder_month,12,709
consent_grp[1]/section_d[1]/d_work_last,21,729
consent_grp[1]/section_d[1]/d_os_yn,27,750
consent_grp[1]/section_d[1]/d_edu_level,12,778
consent_grp[1]/section_d[1]/d_edu_train,14,790
consent_grp[1]/section_d[1]/d_edu_level_train,12,805
consent_grp[1]/section_d[1]/d_edu_level_fath,17,817
consent_grp[1]/section_d[1]/d_edu_level_mom,30,834
consent_grp[1]/section_d[1]/d_marital_status,12,864
consent_grp[1]/section_d[1]/d_ethnic_group,11,875
consent_grp[1]/section_d[1]/d_religion,6,887
consent_grp[1]/section_d[1]/d_la_spk_grp[1]/d_la_spk_note,62,892
consent_grp[1]/section_d[1]/d_la_spk_grp[1]/d_la_spk_eng,62,892
consent_grp[1]/section_d[1]/d_la_spk_grp[1]/d_la_spk_grun,62,892
consent_grp[1]/section_d[1]/d_la_wrt_grp[1]/d_la_wrt_note,61,954
consent_grp[1]/section_d[1]/d_la_wrt_grp[1]/d_la_wrt_eng,61,954
consent_grp[1]/section_d[1]/d_la_wrt_grp[1]/d_la_wrt_grun,61,954
consent_grp[1]/section_d[1]/d_main_language,26,1016
consent_grp[1]/section_d[1]/d_loc_lang_kinderg,12,1042
consent_grp[1]/e_rel_grp[1]/e_hh_note,9,1054
consent_grp[1]/e_rel_grp[1]/e_hh_num,36,1063
consent_grp[1]/e_rel_grp[1]/e_hh_grp[1]/e_hh_head,42,1099
consent_grp[1]/e_rel_grp[1]/e_hh_grp[1]/e_chil_hh,42,1099
consent_grp[1]/e_rel_grp[1]/e_hh_grp[1]/e_adult_hh,42,1099
consent_grp[1]/e_rel_grp[1]/e_hh_school,35,1141
consent_grp[1]/e_rel_grp[1]/e_read_english,15,1176
consent_grp[1]/e_rel_grp[1]/e_rate_health,13,1191
consent_grp[1]/e_rel_grp[1]/e_live_note,5,1204
consent_grp[1]/e_rel_grp[1]/e_rooms_occu,21,1210
consent_grp[1]/e_rel_grp[1]/e_own_status,13,1231
consent_grp[1]/e_rel_grp[1]/e_electricity_inhouse,6,1244
consent_grp[1]/e_rel_grp[1]/e_floor_material,22,1249
consent_grp[1]/e_rel_grp[1]/e_interior_floor,26,1271
consent_grp[1]/e_rel_grp[1]/e_roof_mat,14,1297
consent_grp[1]/e_rel_grp[1]/e_cook_fuel,9,1311
consent_grp[1]/e_rel_grp[1]/e_lighting,19,1320
consent_grp[1]/e_rel_grp[1]/e_drink_source,14,1339
consent_grp[1]/e_rel_grp[1]/e_toilet_facility,12,1353
consent_grp[1]/e_rel_grp[1]/e_asset_note,10,1364
consent_grp[1]/e_rel_grp[1]/e_hh_own_phone,10,1374
consent_grp[1]/e_rel_grp[1]/e_hh_ass_grp[1]/tmp_e_hh_ass_lab,139,1384
consent_grp[1]/e_rel_grp[1]/e_hh_ass_grp[1]/e_hh_ass_radio,139,1384
consent_grp[1]/e_rel_grp[1]/e_hh_ass_grp[1]/e_hh_ass_refrig,139,1384
consent_grp[1]/e_rel_grp[1]/e_hh_ass_grp[1]/e_hh_ass_bike,139,1384
consent_grp[1]/e_rel_grp[1]/e_hh_ass_grp[1]/e_hh_ass_tv,139,1384
consent_grp[1]/e_rel_grp[1]/e_hh_ass_grp[1]/e_hh_ass_vcr,139,1384
consent_grp[1]/e_rel_grp[1]/e_hh_ass_grp[1]/e_hh_ass_motor,139,1384
consent_grp[1]/e_rel_grp[1]/e_hh_ass_grp[1]/e_hh_ass_car,139,1384
consent_grp[1]/e_rel_grp[1]/e_hh_ass_grp[1]/e_hh_ass_tractor,139,1384
consent_grp[1]/e_rel_grp[1]/e_hh_ass_grp[1]/e_hh_ass_farm_equip,139,1384
consent_grp[1]/e_rel_grp[1]/e_hh_ass_grp[1]/e_hh_ass_sew_mach,139,1384
consent_grp[1]/e_rel_grp[1]/e_hh_ass_grp[1]/e_hh_ass_bed,139,1384
consent_grp[1]/e_rel_grp[1]/e_hh_ass_grp[1]/e_hh_ass_mattress,139,1384
consent_grp[1]/e_rel_grp[1]/e_hh_ass_grp[1]/e_hh_ass_table_chair,139,1384
consent_grp[1]/e_rel_grp[1]/e_hh_ass_grp[1]/e_hh_ass_stool,139,1384
consent_grp[1]/e_rel_grp[1]/e_hh_ass_grp[1]/e_hh_ass_sofa,139,1384
consent_grp[1]/e_rel_grp[1]/e_hh_ass_grp[1]/e_hh_ass_fan,139,1384
consent_grp[1]/e_rel_grp[1]/e_hh_ass_grp[1]/e_hh_ass_lamp,139,1384
consent_grp[1]/e_rel_grp[1]/e_hh_ass_grp[1]/e_hh_ass_watch,139,1384
consent_grp[1]/e_rel_grp[1]/e_hh_ass_grp[1]/e_hh_ass_mat,139,1384
consent_grp[1]/e_rel_grp[1]/e_hh_ass_grp[1]/e_hh_ass_torch,139,1384
consent_grp[1]/e_rel_grp[1]/e_hh_ass_grp[1]/e_hh_ass_cabinet,139,1384
consent_grp[1]/e_rel_grp[1]/e_hh_ass_grp[1]/e_hh_ass_pot,139,1384
consent_grp[1]/e_rel_grp[1]/e_hh_ass_grp[1]/e_hh_ass_itn,139,1384
consent_grp[1]/e_rel_grp[1]/e_hh_ass_grp[1]/e_hh_ass_iron_elec,139,1384
consent_grp[1]/e_rel_grp[1]/e_hh_ass_grp[1]/e_hh_ass_iron_coal,139,1384
consent_grp[1]/e_rel_grp[1]/e_hh_ass_grp[1]/e_hh_ass_iron_gas,139,1384
consent_grp[1]/f_rel_grp[1]/f_comm_note,6,1523
consent_grp[1]/f_rel_grp[1]/section_f[1]/f_born_comm,9,1529
consent_grp[1]/f_rel_grp[1]/section_f[1]/f_school_loc,23,1538
consent_grp[1]/f_rel_grp[1]/section_f[1]/f_lived_bef_teach,12,1561
consent_grp[1]/f_rel_grp[1]/section_f[1]/f_lived_grp[1]/f_lived_comm,27,1573
consent_grp[1]/f_rel_grp[1]/section_f[1]/f_lived_grp[1]/f_lived_comm_year,27,1573
consent_grp[1]/f_rel_grp[1]/section_f[1]/f_lived_grp[1]/f_lived_comm_month,27,1573
consent_grp[1]/f_rel_grp[1]/section_f[1]/f_fam_lived,25,1600
consent_grp[1]/f_rel_grp[1]/section_f[1]/f_emot_support,61,1625
consent_grp[1]/f_rel_grp[1]/section_f[1]/f_emot_support_num,7,1686
consent_grp[1]/f_rel_grp[1]/section_f[1]/f_lend_money,17,1692
consent_grp[1]/f_rel_grp[1]/section_f[1]/f_borrow_money,32,1710
consent_grp[1]/f_rel_grp[1]/section_f[1]/f_rel_live_nearby,30,1741
consent_grp[1]/f_rel_grp[1]/section_f[1]/f_part_comm,7,1771
consent_grp[1]/f_rel_grp[1]/section_f[1]/f_main_trans,7,1778
consent_grp[1]/f_rel_grp[1]/section_f[1]/f_min_get_sch_grp[1]/f_min_get_note,14,1786
consent_grp[1]/f_rel_grp[1]/section_f[1]/f_min_get_sch_grp[1]/f_h_get_school,14,1786
consent_grp[1]/f_rel_grp[1]/section_f[1]/f_min_get_sch_grp[1]/f_m_get_school,14,1786
consent_grp[1]/g_nature_wrk_note,7,1800
consent_grp[1]/section_g[1]/g_teach_pos,8,1807
consent_grp[1]/section_g[1]/g_teach_school,10,1814
consent_grp[1]/section_g[1]/g_kg_grade,16,1825
consent_grp[1]/section_g[1]/g_class_grp[1]/g_children_note,11,1841
consent_grp[1]/section_g[1]/g_class_grp[1]/g_kg_1,11,1841
consent_grp[1]/section_g[1]/g_ah_grp[1]/g_ah_note,98,1852
consent_grp[1]/section_g[1]/g_ah_grp[1]/g_ah_working,98,1852
consent_grp[1]/section_g[1]/g_ah_grp[1]/g_ah_prepping,98,1852
consent_grp[1]/section_g[1]/g_eh_grp[1]/g_eh_note,83,1907
consent_grp[1]/section_g[1]/g_eh_grp[1]/g_eh_working,83,1907
consent_grp[1]/section_g[1]/g_eh_grp[1]/g_eh_prepping,83,1907
consent_grp[1]/section_g[1]/g_teach_salary,21,1962
consent_grp[1]/section_g[1]/g_salary_freq,13,1980
consent_grp[1]/section_g[1]/g_salary_intime,103,1992
consent_grp[1]/section_g[1]/g_money_cmp,30,2094
consent_grp[1]/section_g[1]/g_money_cmp_hrs,44,2123
consent_grp[1]/section_g[1]/g_money_cmp_amt,40,2245
consent_grp[1]/section_g[1]/g_job_outside,39,2285
consent_grp[1]/section_g[1]/g_extra_money_spec,14,2324
consent_grp[1]/section_g[1]/g_sch_pro_grp[1]/tmp_g_sch_pro_lab,199,2335
consent_grp[1]/section_g[1]/g_sch_pro_grp[1]/g_class,199,2335
consent_grp[1]/section_g[1]/g_sch_pro_grp[1]/g_class_taught,199,2335
consent_grp[1]/section_g[1]/g_sch_pro_grp[1]/g_fin_resource,199,2335
consent_grp[1]/section_g[1]/g_sch_pro_grp[1]/g_high_expe,199,2335
consent_grp[1]/section_g[1]/g_sch_pro_grp[1]/g_change_curri,199,2335
consent_grp[1]/section_g[1]/g_sch_pro_grp[1]/g_diff_curri,199,2335
consent_grp[1]/section_g[1]/g_sch_pro_grp[1]/g_easy_curri,199,2335
consent_grp[1]/section_g[1]/g_sch_pro_grp[1]/g_par_dem_high,199,2335
consent_grp[1]/section_g[1]/g_sch_pro_grp[1]/g_par_suff_interest,199,2335
consent_grp[1]/section_g[1]/g_sch_pro_grp[1]/g_par_suff_active,199,2335
consent_grp[1]/section_g[1]/g_par_supp_grp[1]/g_par_supp_note,15,2537
consent_grp[1]/section_g[1]/g_par_supp_grp[1]/g_home_wrk,19,2547
consent_grp[1]/section_g[1]/g_par_supp_grp[1]/g_behave_val,50,2562
consent_grp[1]/section_g[1]/g_par_supp_grp[1]/g_get_schl,12,2621
consent_grp[1]/section_g[1]/g_par_supp_grp[1]/g_visit_schl,19,2632
consent_grp[1]/section_g[1]/g_par_supp_grp[1]/g_show_respect,19,2651
consent_grp[1]/section_g[1]/g_par_supp_grp[1]/g_best_schl,20,2670
consent_grp[1]/section_g[1]/g_par_supp_grp[1]/g_parti_pta,16,2690
consent_grp[1]/section_g[1]/g_par_supp_grp[1]/g_cont_kg_act,29,2706
consent_grp[1]/section_g[1]/g_lead_respect,21,2732
consent_grp[1]/section_g[1]/g_val_citizen,28,2756
consent_grp[1]/section_h[1]/sec_h_depre_note,53,2784
consent_grp[1]/section_h[1]/h_depression_grp[1]/h_da_note,168,2837
consent_grp[1]/section_h[1]/h_depression_grp[1]/tmp_h_da_lab,168,2837
consent_grp[1]/section_h[1]/h_depression_grp[1]/h_headache,168,2837
consent_grp[1]/section_h[1]/h_depression_grp[1]/h_appetite,168,2837
consent_grp[1]/section_h[1]/h_depression_grp[1]/h_sleep,168,2837
consent_grp[1]/section_h[1]/h_depression_grp[1]/h_frightened,168,2837
consent_grp[1]/section_h[1]/h_depression_grp[1]/h_hands_shake,168,2837
consent_grp[1]/section_h[1]/h_depression_grp[1]/h_nervous,168,2837
consent_grp[1]/section_h[1]/h_depression_grp[1]/h_digestion,168,2837
consent_grp[1]/section_h[1]/h_depression_grp[1]/h_thinking,168,2837
consent_grp[1]/section_h[1]/h_depression_grp[1]/h_unhappy,168,2837
consent_grp[1]/section_h[1]/h_depression_grp[1]/h_cry,168,2837
consent_grp[1]/section_h[1]/h_depression_grp[1]/h_activities,168,2837
consent_grp[1]/section_h[1]/h_depression_grp[1]/h_decisions,168,2837
consent_grp[1]/section_h[1]/h_depression_grp[1]/h_daily_work,168,2837
consent_grp[1]/section_h[1]/h_depression_grp[1]/h_life,168,2837
consent_grp[1]/section_h[1]/h_depression_grp[1]/h_interest,168,2837
consent_grp[1]/section_h[1]/h_depression_grp[1]/h_worthless,168,2837
consent_grp[1]/section_h[1]/h_depression_grp[1]/h_end_life,168,2837
consent_grp[1]/section_h[1]/h_depression_grp[1]/h_tired,168,2837
consent_grp[1]/section_h[1]/h_depression_grp[1]/h_uncomfortable,168,2837
consent_grp[1]/section_h[1]/h_depression_grp[1]/h_easily_tired,168,2837
consent_grp[1]/section_h[1]/sec_h_ext_contr_note,11,3005
consent_grp[1]/section_h[1]/h_ext_control_grp[1]/h_ext_cont_note,7,3016
consent_grp[1]/section_h[1]/h_ext_control_grp[1]/h_pup_learn,90,3023
consent_grp[1]/section_h[1]/h_ext_control_grp[1]/h_discipline,51,3112
consent_grp[1]/section_h[1]/h_ext_control_grp[1]/h_stu_achieve,32,3163
consent_grp[1]/section_h[1]/h_ext_control_grp[1]/h_teach_motiv,25,3195
consent_grp[1]/section_h[1]/h_ext_control_grp[1]/h_good_teach,20,3220
consent_grp[1]/section_h[1]/sec_h_motiv_note,8,3240
consent_grp[1]/section_h[1]/h_motiv_grp[1]/h_motiv_note,14,3248
consent_grp[1]/section_h[1]/h_motiv_grp[1]/h_motiv_help,15,3262
consent_grp[1]/section_h[1]/h_motiv_grp[1]/h_quest_school,16,3277
consent_grp[1]/section_h[1]/h_motiv_grp[1]/h_help_child,13,3293
consent_grp[1]/section_h[1]/h_motiv_grp[1]/h_sch_goal,19,3307
consent_grp[1]/section_h[1]/h_motiv_grp[1]/h_help_emot,23,3325
consent_grp[1]/section_h[1]/h_motiv_grp[1]/h_enjoy_teach,9,3348
consent_grp[1]/section_h[1]/h_motiv_grp[1]/h_develop_society,17,3357
consent_grp[1]/section_h[1]/h_motiv_grp[1]/h_develop_socially,13,3373
consent_grp[1]/section_h[1]/h_motiv_grp[1]/h_perso_clear,9,3387
consent_grp[1]/section_h[1]/h_impor_thing,41,3396
consent_grp[1]/section_h[1]/h_job_satisfaction_grp[1]/h_job_satis_note,23,3437
consent_grp[1]/section_h[1]/h_job_satisfaction_grp[1]/h_look_out,95,3460
consent_grp[1]/section_h[1]/h_job_satisfaction_grp[1]/h_perso_worries,12,3554
consent_grp[1]/section_h[1]/h_job_satisfaction_grp[1]/h_know_col,20,3566
consent_grp[1]/section_h[1]/h_job_satisfaction_grp[1]/h_col_coop,15,3587
consent_grp[1]/section_h[1]/h_job_satisfaction_grp[1]/h_trust_col,24,3602
consent_grp[1]/section_h[1]/h_job_satisfaction_grp[1]/h_enjoy_col,17,3626
consent_grp[1]/section_h[1]/h_job_satisfaction_grp[1]/h_sup_respect,7,3643
consent_grp[1]/section_h[1]/h_job_satisfaction_grp[1]/h_sup_busy,11,3649
consent_grp[1]/section_h[1]/h_job_satisfaction_grp[1]/h_sup_opinion,9,3660
consent_grp[1]/section_h[1]/h_job_satisfaction_grp[1]/h_count_sup,16,3669
consent_grp[1]/section_h[1]/h_job_satisfaction_grp[1]/h_motivated,12,3685
consent_grp[1]/section_h[1]/h_job_satisfaction_grp[1]/h_sup_unpredict,17,3697
consent_grp[1]/section_h[1]/h_job_satisfaction_grp[1]/h_wrk_challenge,12,3714
consent_grp[1]/section_h[1]/h_job_satisfaction_grp[1]/h_wrk_monotonous,22,3726
consent_grp[1]/section_h[1]/h_job_satisfaction_grp[1]/h_wrk_creative,6,3748
consent_grp[1]/section_h[1]/h_job_satisfaction_grp[1]/h_big_impact,9,3753
consent_grp[1]/section_h[1]/h_job_satisfaction_grp[1]/h_little_time,23,3762
consent_grp[1]/section_h[1]/h_job_satisfaction_grp[1]/h_control_satis,16,3785
consent_grp[1]/section_h[1]/h_job_satisfaction_grp[1]/h_look,16,3801
consent_grp[1]/section_h[1]/h_job_satisfaction_grp[1]/h_small_space,15,3817
consent_grp[1]/section_h[1]/h_job_satisfaction_grp[1]/h_new_mat,16,3832
consent_grp[1]/section_h[1]/h_job_satisfaction_grp[1]/h_clean_kinder,17,3846
consent_grp[1]/section_h[1]/h_job_satisfaction_grp[1]/h_loud_kinder,9,3865
consent_grp[1]/section_h[1]/h_job_satisfaction_grp[1]/h_kinder_rules,18,3874
consent_grp[1]/section_h[1]/h_job_satisfaction_grp[1]/h_satisfied_paid,9,3892
consent_grp[1]/section_h[1]/h_burnout_grp[1]/h_burnout_note,14,3901
consent_grp[1]/section_h[1]/h_burnout_grp[1]/h_emotion_drained,91,3915
consent_grp[1]/section_h[1]/h_burnout_grp[1]/h_used_up,24,4006
consent_grp[1]/section_h[1]/h_burnout_grp[1]/h_fatigued,40,4030
consent_grp[1]/section_h[1]/h_burnout_grp[1]/h_child_feel,25,4069
consent_grp[1]/section_h[1]/h_burnout_grp[1]/h_child_impersonal,13,4094
consent_grp[1]/section_h[1]/h_burnout_grp[1]/h_ppl_strain,20,4108
consent_grp[1]/section_h[1]/h_burnout_grp[1]/h_deal_effect,31,4128
consent_grp[1]/section_h[1]/h_burnout_grp[1]/h_burnout,21,4144
consent_grp[1]/section_h[1]/h_burnout_grp[1]/h_pos_influence,12,4179
consent_grp[1]/section_h[1]/h_burnout_grp[1]/h_cold,81,4191
consent_grp[1]/section_h[1]/h_burnout_grp[1]/h_hard,10,4272
consent_grp[1]/section_h[1]/h_burnout_grp[1]/h_energetic,6,4283
consent_grp[1]/section_h[1]/h_burnout_grp[1]/h_frustrated,5,4289
consent_grp[1]/section_h[1]/h_burnout_grp[1]/h_work_hard,7,4294
consent_grp[1]/section_h[1]/h_burnout_grp[1]/h_dont_care,6,4301
consent_grp[1]/section_h[1]/h_burnout_grp[1]/h_put_pressure,40,4307
consent_grp[1]/section_h[1]/h_burnout_grp[1]/h_relax,10,4347
consent_grp[1]/section_h[1]/h_burnout_grp[1]/h_excited,11,4357
consent_grp[1]/section_h[1]/h_burnout_grp[1]/h_accomplished,15,4367
consent_grp[1]/section_h[1]/h_burnout_grp[1]/h_end_of_rop,10,4383
consent_grp[1]/section_h[1]/h_burnout_grp[1]/h_emot_pro_calm,8,4392
consent_grp[1]/i_teacher_knowledge_grp[1]/I_teach_know_note,15,4400
consent_grp[1]/i_teacher_knowledge_grp[1]/i_consonance,72,4414
consent_grp[1]/i_teacher_knowledge_grp[1]/i_vowel,13,4486
consent_grp[1]/i_teacher_knowledge_grp[1]/i_unbelievable,23,4500
consent_grp[1]/i_teacher_knowledge_grp[1]/i_irregular,19,4522
consent_grp[1]/i_teacher_knowledge_grp[1]/i_cat,13,4542
consent_grp[1]/i_teacher_knowledge_grp[1]/i_cough,11,4555
consent_grp[1]/i_teacher_knowledge_grp[1]/i_check,12,4566
consent_grp[1]/i_teacher_knowledge_grp[1]/i_english,15,4578
consent_grp[1]/j_perception_grp[1]/j_perception_note,48,4593
consent_grp[1]/j_perception_grp[1]/j_dev_practice_grp[1]/j_dev_practice_note,11,4641
consent_grp[1]/j_perception_grp[1]/j_dev_practice_grp[1]/j_child_need,20,4649
consent_grp[1]/j_perception_grp[1]/j_dev_practice_grp[1]/j_recog_letter,14,4667
consent_grp[1]/j_perception_grp[1]/j_dev_practice_grp[1]/j_recog_number,18,4687
consent_grp[1]/j_perception_grp[1]/j_dev_practice_grp[1]/j_recog_colour,11,4705
consent_grp[1]/j_perception_grp[1]/j_dev_practice_grp[1]/j_indiv_goal,25,4716
consent_grp[1]/j_perception_grp[1]/j_dev_practice_grp[1]/j_play_materials,12,4741
consent_grp[1]/j_perception_grp[1]/j_dev_practice_grp[1]/j_child_measure,15,4753
consent_grp[1]/j_perception_grp[1]/j_supp_chil_grp[1]/j_supp_chil_note,8,4768
consent_grp[1]/j_perception_grp[1]/j_supp_chil_grp[1]/j_build_relation,10,4776
consent_grp[1]/j_perception_grp[1]/j_supp_chil_grp[1]/j_control_behaviour,22,4786
consent_grp[1]/j_perception_grp[1]/j_supp_chil_grp[1]/j_express_thought,13,4808
consent_grp[1]/j_perception_grp[1]/j_supp_chil_grp[1]/j_resolve_conflicts,14,4821
consent_grp[1]/j_perception_grp[1]/j_supp_chil_grp[1]/j_guidance_style,14,4835
consent_grp[1]/j_perception_grp[1]/j_fam_sensitive_grp[1]/j_fam_sensitive_note,75,4850
consent_grp[1]/j_perception_grp[1]/j_fam_sensitive_grp[1]/j_parent_goal,75,4850
consent_grp[1]/j_perception_grp[1]/j_fam_sensitive_grp[1]/j_work_schedule,75,4850
consent_grp[1]/j_perception_grp[1]/j_fam_sensitive_grp[1]/j_fam_decision,75,4850
consent_grp[1]/j_perception_grp[1]/j_fam_sensitive_grp[1]/j_family_care,75,4850
consent_grp[1]/j_perception_grp[1]/j_fam_sensitive_grp[1]/j_connect_family,75,4850
consent_grp[1]/k_grp[1]/k_instro_note,30,4925
consent_grp[1]/k_grp[1]/k_ts_grp[1]/tmp_k_labels,188,4955
consent_grp[1]/k_grp[1]/k_ts_grp[1]/k_take_priviledges,188,4955
consent_grp[1]/k_grp[1]/k_ts_grp[1]/k_explain_behavior,188,4955
consent_grp[1]/k_grp[1]/k_ts_grp[1]/k_shook,188,4955
consent_grp[1]/k_grp[1]/k_ts_grp[1]/k_shouted,188,4955
consent_grp[1]/k_grp[1]/k_ts_grp[1]/k_gave_something,188,4955
consent_grp[1]/k_grp[1]/k_ts_grp[1]/k_spanked,188,4955
consent_grp[1]/k_grp[1]/k_ts_grp[1]/k_hit_bottom,188,4955
consent_grp[1]/k_grp[1]/k_ts_grp[1]/k_call_dumb,188,4955
consent_grp[1]/k_grp[1]/k_ts_grp[1]/k_hit_face,188,4955
consent_grp[1]/k_grp[1]/k_ts_grp[1]/k_praised,188,4955
consent_grp[1]/k_grp[1]/k_ts_grp[1]/k_affection,188,4955
consent_grp[1]/k_grp[1]/k_ts_grp[1]/k_rewarded,188,4955
consent_grp[1]/l_teaching_prac_grp[1]/l_note,8,5143
consent_grp[1]/l_teaching_prac_grp[1]/l_previos_kinder_act[1]/tmp_l_prac_lab,204,5152
consent_grp[1]/l_teaching_prac_grp[1]/l_previos_kinder_act[1]/l_hygiene_routine,204,5152
consent_grp[1]/l_teaching_prac_grp[1]/l_previos_kinder_act[1]/l_supply,204,5152
consent_grp[1]/l_teaching_prac_grp[1]/l_previos_kinder_act[1]/l_pamper,204,5152
consent_grp[1]/l_teaching_prac_grp[1]/l_previos_kinder_act[1]/l_read,204,5152
consent_grp[1]/l_teaching_prac_grp[1]/l_previos_kinder_act[1]/l_tell,204,5152
consent_grp[1]/l_teaching_prac_grp[1]/l_previos_kinder_act[1]/l_conversatin,204,5152
consent_grp[1]/l_teaching_prac_grp[1]/l_previos_kinder_act[1]/l_sing,204,5152
consent_grp[1]/l_teaching_prac_grp[1]/l_previos_kinder_act[1]/l_dance,204,5152
consent_grp[1]/l_teaching_prac_grp[1]/l_previos_kinder_act[1]/l_visit,204,5152
consent_grp[1]/l_teaching_prac_grp[1]/l_previos_kinder_act[1]/l_play_kg,204,5152
consent_grp[1]/l_teaching_prac_grp[1]/l_previos_kinder_act[1]/l_play_recrea,204,5152
consent_grp[1]/l_teaching_prac_grp[1]/l_previos_kinder_act[1]/l_sleep,204,5152
consent_grp[1]/l_teaching_prac_grp[1]/l_previos_kinder_act[1]/l_run,204,5152
consent_grp[1]/l_teaching_prac_grp[1]/l_previos_kinder_act[1]/l_group_learn,204,5152
consent_grp[1]/l_teaching_prac_grp[1]/l_previos_kinder_act[1]/l_indiv_learn,204,5152
consent_grp[1]/l_teaching_prac_grp[1]/l_class_acti_grp[1]/l_act_grp[1]/tmp_l_class_lab,87,5355
consent_grp[1]/l_teaching_prac_grp[1]/l_class_acti_grp[1]/l_act_grp[1]/l_teach_colour,87,5355
consent_grp[1]/l_teaching_prac_grp[1]/l_class_acti_grp[1]/l_act_grp[1]/l_teach_number,87,5355
consent_grp[1]/l_teaching_prac_grp[1]/l_class_acti_grp[1]/l_act_grp[1]/l_teach_letter,87,5355
consent_grp[1]/l_teaching_prac_grp[1]/l_class_acti_grp[1]/l_act_grp[1]/l_teach_form,87,5355
consent_grp[1]/l_teaching_prac_grp[1]/l_class_acti_grp[1]/l_act_grp[1]/l_socialise,87,5355
consent_grp[1]/l_teaching_prac_grp[1]/l_class_acti_grp[1]/l_act_grp[1]/l_pro_solve,87,5355
consent_grp[1]/l_teaching_prac_grp[1]/l_class_acti_grp[1]/l_act_grp[1]/l_writing,87,5355
consent_grp[1]/l_teaching_prac_grp[1]/l_class_acti_grp[1]/l_act_grp[1]/l_teach_body,87,5355
consent_grp[1]/l_teaching_prac_grp[1]/l_class_acti_grp[1]/l_act_grp[1]/l_pers_hygiene,87,5355
consent_grp[1]/l_teaching_prac_grp[1]/l_class_acti_grp[1]/l_act_grp[1]/l_art_expre,87,5355
consent_grp[1]/l_teaching_prac_grp[1]/l_class_acti_grp[1]/l_act_grp[1]/l_body_lang,87,5355
consent_grp[1]/l_teaching_prac_grp[1]/l_class_acti_grp[1]/l_act_grp[1]/l_concentration,87,5355
consent_grp[1]/l_teaching_prac_grp[1]/l_class_acti_grp[1]/l_act_grp[1]/l_gross_motor,87,5355
consent_grp[1]/l_teaching_prac_grp[1]/l_class_acti_grp[1]/l_act_grp[1]/l_fine_motor,87,5355
consent_grp[1]/l_teaching_prac_grp[1]/l_class_acti_grp[1]/l_act_grp[1]/l_gender,87,5355
consent_grp[1]/l_teaching_prac_grp[1]/l_class_acti_grp[1]/l_act_grp[1]/l_responsibility,87,5355
consent_grp[1]/l_teaching_prac_grp[1]/l_class_acti_grp[1]/l_act_grp[1]/l_speech,87,5355
consent_grp[1]/l_teaching_prac_grp[1]/l_class_acti_grp[1]/l_act_grp[1]/l_explore_comm,87,5355
consent_grp[1]/l_teaching_prac_grp[1]/l_class_acti_grp[1]/l_act_grp[1]/l_explore_culture,87,5355
consent_grp[1]/l_teaching_prac_grp[1]/l_parent_interact_note,8,5442
consent_grp[1]/l_teaching_prac_grp[1]/l_actively_engaged,42,5450
consent_grp[1]/l_teaching_prac_grp[1]/l_proportion_child,19,5492
consent_grp[1]/l_teaching_prac_grp[1]/l_proportion_child_more,47,5511
consent_grp[1]/l_teaching_prac_grp[1]/l_visit_pupil_house,27,5558
consent_grp[1]/l_teaching_prac_grp[1]/l_visit_parent_house,23,5585
consent_grp[1]/l_teaching_prac_grp[1]/l_receive_parent_supp,23,5608
consent_grp[1]/l_teaching_prac_grp[1]/l_day_teaching_note,8,5630
consent_grp[1]/l_teaching_prac_grp[1]/l_day_grp[1]/tmp_l_labs,84,5638
consent_grp[1]/l_teaching_prac_grp[1]/l_day_grp[1]/l_daily_schedule,84,5638
consent_grp[1]/l_teaching_prac_grp[1]/l_day_grp[1]/l_play_period,84,5638
consent_grp[1]/l_teaching_prac_grp[1]/l_day_grp[1]/l_free_play,84,5638
consent_grp[1]/l_teaching_prac_grp[1]/l_day_grp[1]/l_activities,84,5638
consent_grp[1]/l_teaching_prac_grp[1]/l_per_daily_grp[1]/l_perc_note,355,5722
consent_grp[1]/l_teaching_prac_grp[1]/l_per_daily_grp[1]/l_admin_per,355,5722
consent_grp[1]/l_teaching_prac_grp[1]/l_per_daily_grp[1]/l_class_per,355,5722
consent_grp[1]/l_teaching_prac_grp[1]/l_per_daily_grp[1]/l_teach_per,355,5722
consent_grp[1]/l_teaching_prac_grp[1]/l_per_daily_grp[1]/l_super_per,355,5722
consent_grp[1]/l_teaching_prac_grp[1]/l_per_daily_grp[1]/l_super_oth_per,355,5722
consent_grp[1]/l_teaching_prac_grp[1]/l_per_daily_grp[1]/l_break_per,355,5722
consent_grp[1]/l_teaching_prac_grp[1]/l_discipline_note,29,6077
consent_grp[1]/l_teaching_prac_grp[1]/l_dont_like,30,6106
consent_grp[1]/l_teaching_prac_grp[1]/l_really_bad,15,6132
consent_grp[1]/l_teaching_prac_grp[1]/l_does_good,21,6151
consent_grp[1]/l_teaching_prac_grp[1]/l_praise,37,6172
consent_grp[1]/q_note,15,6209
consent_grp[1]/q_activ_yn,11,6223
consent_grp[1]/q_rpt[1]/q_activ_r,53,6234
consent_grp[1]/q_rpt[1]/q_activ_org_r,12,6287
consent_grp[1]/q_rpt[1]/q_activ_add_r,15,6299
consent_grp[1]/q_rpt[2]/q_activ_r,14,6315
consent_grp[1]/q_rpt[2]/q_activ_osp_r,37,6328
consent_grp[1]/q_rpt[2]/q_activ_org_r,7,6366
consent_grp[1]/q_rpt[2]/q_activ_add_r,5,6372
s_int_accom_yn,3,6377
s_int_accom,2,6380
comments,2,6383
