Field name,Total duration (seconds),First appeared (seconds into survey)
instruction,1,3
a_district_id,4,5
a_circuit_id,10,8
a_kg_id,4,18
a_community_id,3,22
a_enum_id,2,25
consent_note,1,27
con_understand,2,28
con_questions,1,30
con_written,6,32
consent_grp[1]/audio_consent,2,38
consent_grp[1]/d_background_note,1,40
consent_grp[1]/section_d[1]/kgt_key,33,41
consent_grp[1]/section_d[1]/kgt_name_gp[1]/kgt_fsn,658,43
consent_grp[1]/section_d[1]/kgt_name_gp[1]/kgt_msn,658,43
consent_grp[1]/section_d[1]/kgt_name_gp[1]/kgt_lsn,658,43
consent_grp[1]/section_d[1]/kgt_name_gp[1]/kgt_ppn,658,43
consent_grp[1]/section_d[1]/kgt_name_gp[1]/d_sex,658,43
consent_grp[1]/section_d[1]/kgt_confirm_note,57,521
consent_grp[1]/section_d[1]/d_num_cnt,79,788
consent_grp[1]/section_d[1]/d_cnt_grp[1]/d_cnt_main,20,868
consent_grp[1]/section_d[1]/d_age,4,888
consent_grp[1]/section_d[1]/d_teacher_grp[1]/d_been_teacher,7,892
consent_grp[1]/section_d[1]/d_teacher_grp[1]/d_teacher_year,7,892
consent_grp[1]/section_d[1]/d_teacher_grp[1]/d_teacher_month,7,892
consent_grp[1]/section_d[1]/d_been_kinder_grp[1]/d_been_kinder,6,898
consent_grp[1]/section_d[1]/d_been_kinder_grp[1]/d_kinder_year,6,898
consent_grp[1]/section_d[1]/d_been_kinder_grp[1]/d_kinder_month,6,898
consent_grp[1]/section_d[1]/d_work_last,9,904
consent_grp[1]/section_d[1]/d_os_yn,26,914
consent_grp[1]/section_d[1]/d_os_grp[1]/d_os_name,62,940
consent_grp[1]/section_d[1]/d_os_grp[1]/d_os_region,62,940
consent_grp[1]/section_d[1]/d_os_district,3,1001
consent_grp[1]/section_d[1]/d_os_comm_sel,73,1005
consent_grp[1]/section_d[1]/d_edu_level,8,1076
consent_grp[1]/section_d[1]/d_edu_train,35,1080
consent_grp[1]/section_d[1]/d_edu_level_train,3,1121
consent_grp[1]/section_d[1]/d_edu_level_fath,9,1124
consent_grp[1]/section_d[1]/d_edu_level_mom,6,1132
consent_grp[1]/section_d[1]/d_marital_status,14,1135
consent_grp[1]/section_d[1]/d_ethnic_group,4,1153
consent_grp[1]/section_d[1]/d_religion,5,1156
consent_grp[1]/section_d[1]/d_la_spk_grp[1]/d_la_spk_note,49,1161
consent_grp[1]/section_d[1]/d_la_spk_grp[1]/d_la_spk_eng,49,1161
consent_grp[1]/section_d[1]/d_la_spk_grp[1]/d_la_spk_grun,49,1161
consent_grp[1]/section_d[1]/d_la_wrt_grp[1]/d_la_wrt_note,81,1210
consent_grp[1]/section_d[1]/d_la_wrt_grp[1]/d_la_wrt_eng,81,1210
consent_grp[1]/section_d[1]/d_la_wrt_grp[1]/d_la_wrt_grun,81,1210
consent_grp[1]/section_d[1]/d_main_language,8,1291
consent_grp[1]/section_d[1]/d_loc_lang_kinderg,3,1299
consent_grp[1]/e_rel_grp[1]/e_hh_note,1,1302
consent_grp[1]/e_rel_grp[1]/e_hh_num,30,1304
consent_grp[1]/e_rel_grp[1]/e_hh_grp[1]/e_hh_head,46,1332
consent_grp[1]/e_rel_grp[1]/e_hh_grp[1]/e_chil_hh,46,1332
consent_grp[1]/e_rel_grp[1]/e_hh_grp[1]/e_adult_hh,46,1332
consent_grp[1]/e_rel_grp[1]/e_hh_school,5,1379
consent_grp[1]/e_rel_grp[1]/e_read_english,6,1384
consent_grp[1]/e_rel_grp[1]/e_rate_health,4,1389
consent_grp[1]/e_rel_grp[1]/e_live_note,4,1393
consent_grp[1]/e_rel_grp[1]/e_rooms_occu,4,1397
consent_grp[1]/e_rel_grp[1]/e_own_status,5,1402
consent_grp[1]/e_rel_grp[1]/e_electricity_inhouse,4,1406
consent_grp[1]/e_rel_grp[1]/e_floor_material,10,1411
consent_grp[1]/e_rel_grp[1]/e_interior_floor,2,1421
consent_grp[1]/e_rel_grp[1]/e_roof_mat,13,1423
consent_grp[1]/e_rel_grp[1]/e_cook_fuel,6,1436
consent_grp[1]/e_rel_grp[1]/e_lighting,4,1442
consent_grp[1]/e_rel_grp[1]/e_drink_source,2,1446
consent_grp[1]/e_rel_grp[1]/e_toilet_facility,2,1449
consent_grp[1]/e_rel_grp[1]/e_asset_note,1,1451
consent_grp[1]/e_rel_grp[1]/e_hh_own_phone,6,1452
consent_grp[1]/e_rel_grp[1]/e_hh_ass_grp[1]/tmp_e_hh_ass_lab,63,1458
consent_grp[1]/e_rel_grp[1]/e_hh_ass_grp[1]/e_hh_ass_radio,63,1458
consent_grp[1]/e_rel_grp[1]/e_hh_ass_grp[1]/e_hh_ass_refrig,63,1458
consent_grp[1]/e_rel_grp[1]/e_hh_ass_grp[1]/e_hh_ass_bike,63,1458
consent_grp[1]/e_rel_grp[1]/e_hh_ass_grp[1]/e_hh_ass_tv,63,1458
consent_grp[1]/e_rel_grp[1]/e_hh_ass_grp[1]/e_hh_ass_vcr,63,1458
consent_grp[1]/e_rel_grp[1]/e_hh_ass_grp[1]/e_hh_ass_motor,63,1458
consent_grp[1]/e_rel_grp[1]/e_hh_ass_grp[1]/e_hh_ass_car,63,1458
consent_grp[1]/e_rel_grp[1]/e_hh_ass_grp[1]/e_hh_ass_tractor,63,1458
consent_grp[1]/e_rel_grp[1]/e_hh_ass_grp[1]/e_hh_ass_farm_equip,63,1458
consent_grp[1]/e_rel_grp[1]/e_hh_ass_grp[1]/e_hh_ass_sew_mach,63,1458
consent_grp[1]/e_rel_grp[1]/e_hh_ass_grp[1]/e_hh_ass_bed,63,1458
consent_grp[1]/e_rel_grp[1]/e_hh_ass_grp[1]/e_hh_ass_mattress,63,1458
consent_grp[1]/e_rel_grp[1]/e_hh_ass_grp[1]/e_hh_ass_table_chair,63,1458
consent_grp[1]/e_rel_grp[1]/e_hh_ass_grp[1]/e_hh_ass_stool,63,1458
consent_grp[1]/e_rel_grp[1]/e_hh_ass_grp[1]/e_hh_ass_sofa,63,1458
consent_grp[1]/e_rel_grp[1]/e_hh_ass_grp[1]/e_hh_ass_fan,63,1458
consent_grp[1]/e_rel_grp[1]/e_hh_ass_grp[1]/e_hh_ass_lamp,63,1458
consent_grp[1]/e_rel_grp[1]/e_hh_ass_grp[1]/e_hh_ass_watch,63,1458
consent_grp[1]/e_rel_grp[1]/e_hh_ass_grp[1]/e_hh_ass_mat,63,1458
consent_grp[1]/e_rel_grp[1]/e_hh_ass_grp[1]/e_hh_ass_torch,63,1458
consent_grp[1]/e_rel_grp[1]/e_hh_ass_grp[1]/e_hh_ass_cabinet,63,1458
consent_grp[1]/e_rel_grp[1]/e_hh_ass_grp[1]/e_hh_ass_pot,63,1458
consent_grp[1]/e_rel_grp[1]/e_hh_ass_grp[1]/e_hh_ass_itn,63,1458
consent_grp[1]/e_rel_grp[1]/e_hh_ass_grp[1]/e_hh_ass_iron_elec,63,1458
consent_grp[1]/e_rel_grp[1]/e_hh_ass_grp[1]/e_hh_ass_iron_coal,63,1458
consent_grp[1]/e_rel_grp[1]/e_hh_ass_grp[1]/e_hh_ass_iron_gas,63,1458
consent_grp[1]/f_rel_grp[1]/f_comm_note,1,1520
consent_grp[1]/f_rel_grp[1]/section_f[1]/f_born_comm,29,1522
consent_grp[1]/f_rel_grp[1]/section_f[1]/f_school_loc,67,1543
consent_grp[1]/f_rel_grp[1]/section_f[1]/f_lived_bef_teach,44,1586
consent_grp[1]/f_rel_grp[1]/section_f[1]/f_lived_grp[1]/f_lived_comm,10,1662
consent_grp[1]/f_rel_grp[1]/section_f[1]/f_lived_grp[1]/f_lived_comm_year,10,1662
consent_grp[1]/f_rel_grp[1]/section_f[1]/f_lived_grp[1]/f_lived_comm_month,10,1662
consent_grp[1]/f_rel_grp[1]/section_f[1]/f_fam_lived,32,1672
consent_grp[1]/f_rel_grp[1]/section_f[1]/f_emot_support,3,1704
consent_grp[1]/f_rel_grp[1]/section_f[1]/f_emot_support_num,2,1707
consent_grp[1]/f_rel_grp[1]/section_f[1]/f_lend_money,6,1709
consent_grp[1]/f_rel_grp[1]/section_f[1]/f_borrow_money,18,1715
consent_grp[1]/f_rel_grp[1]/section_f[1]/f_rel_live_nearby,9,1732
consent_grp[1]/f_rel_grp[1]/section_f[1]/f_part_comm,4,1741
consent_grp[1]/f_rel_grp[1]/section_f[1]/f_main_trans,3,1746
consent_grp[1]/f_rel_grp[1]/section_f[1]/f_min_get_sch_grp[1]/f_min_get_note,11,1749
consent_grp[1]/f_rel_grp[1]/section_f[1]/f_min_get_sch_grp[1]/f_h_get_school,11,1749
consent_grp[1]/f_rel_grp[1]/section_f[1]/f_min_get_sch_grp[1]/f_m_get_school,11,1749
consent_grp[1]/g_nature_wrk_note,3,1761
consent_grp[1]/section_g[1]/g_teach_pos,4,1764
consent_grp[1]/section_g[1]/g_teach_school,17,1766
consent_grp[1]/section_g[1]/g_kg_grade,9,1784
consent_grp[1]/section_g[1]/g_class_grp[1]/g_children_note,8,1793
consent_grp[1]/section_g[1]/g_class_grp[1]/g_kg_1,8,1793
consent_grp[1]/section_g[1]/g_ah_grp[1]/g_ah_note,33,1802
consent_grp[1]/section_g[1]/g_ah_grp[1]/g_ah_working,33,1802
consent_grp[1]/section_g[1]/g_ah_grp[1]/g_ah_prepping,33,1802
consent_grp[1]/section_g[1]/g_eh_grp[1]/g_eh_note,24,1834
consent_grp[1]/section_g[1]/g_eh_grp[1]/g_eh_working,24,1834
consent_grp[1]/section_g[1]/g_eh_grp[1]/g_eh_prepping,24,1834
consent_grp[1]/section_g[1]/g_teach_salary,7,1858
consent_grp[1]/section_g[1]/g_salary_freq,3,1865
consent_grp[1]/section_g[1]/g_salary_intime,4,1868
consent_grp[1]/section_g[1]/g_money_cmp,17,1872
consent_grp[1]/section_g[1]/g_money_cmp_hrs,32,1880
consent_grp[1]/section_g[1]/g_money_cmp_amt,15,1911
consent_grp[1]/section_g[1]/g_extra_money_spec,7,1936
consent_grp[1]/section_g[1]/g_sch_pro_grp[1]/tmp_g_sch_pro_lab,103,1941
consent_grp[1]/section_g[1]/g_sch_pro_grp[1]/g_class,103,1941
consent_grp[1]/section_g[1]/g_sch_pro_grp[1]/g_class_taught,103,1941
consent_grp[1]/section_g[1]/g_sch_pro_grp[1]/g_fin_resource,103,1941
consent_grp[1]/section_g[1]/g_sch_pro_grp[1]/g_high_expe,103,1941
consent_grp[1]/section_g[1]/g_sch_pro_grp[1]/g_change_curri,103,1941
consent_grp[1]/section_g[1]/g_sch_pro_grp[1]/g_diff_curri,103,1941
consent_grp[1]/section_g[1]/g_sch_pro_grp[1]/g_easy_curri,103,1941
consent_grp[1]/section_g[1]/g_sch_pro_grp[1]/g_par_dem_high,103,1941
consent_grp[1]/section_g[1]/g_sch_pro_grp[1]/g_par_suff_interest,103,1941
consent_grp[1]/section_g[1]/g_sch_pro_grp[1]/g_par_suff_active,103,1941
consent_grp[1]/section_g[1]/g_par_supp_grp[1]/g_par_supp_note,2,2046
consent_grp[1]/section_g[1]/g_par_supp_grp[1]/g_home_wrk,10,2048
consent_grp[1]/section_g[1]/g_par_supp_grp[1]/g_behave_val,39,2058
consent_grp[1]/section_g[1]/g_par_supp_grp[1]/g_get_schl,19,2097
consent_grp[1]/section_g[1]/g_par_supp_grp[1]/g_visit_schl,7,2100
consent_grp[1]/section_g[1]/g_par_supp_grp[1]/g_show_respect,5,2123
consent_grp[1]/section_g[1]/g_par_supp_grp[1]/g_best_schl,10,2128
consent_grp[1]/section_g[1]/g_par_supp_grp[1]/g_parti_pta,17,2138
consent_grp[1]/section_g[1]/g_par_supp_grp[1]/g_cont_kg_act,10,2155
consent_grp[1]/section_g[1]/g_lead_respect,6,2165
consent_grp[1]/section_g[1]/g_val_citizen,3,2171
consent_grp[1]/section_h[1]/sec_h_depre_note,6,2174
consent_grp[1]/section_h[1]/h_depression_grp[1]/h_da_note,143,2180
consent_grp[1]/section_h[1]/h_depression_grp[1]/tmp_h_da_lab,143,2180
consent_grp[1]/section_h[1]/h_depression_grp[1]/h_headache,143,2180
consent_grp[1]/section_h[1]/h_depression_grp[1]/h_appetite,143,2180
consent_grp[1]/section_h[1]/h_depression_grp[1]/h_sleep,143,2180
consent_grp[1]/section_h[1]/h_depression_grp[1]/h_frightened,143,2180
consent_grp[1]/section_h[1]/h_depression_grp[1]/h_hands_shake,143,2180
consent_grp[1]/section_h[1]/h_depression_grp[1]/h_nervous,143,2180
consent_grp[1]/section_h[1]/h_depression_grp[1]/h_digestion,143,2180
consent_grp[1]/section_h[1]/h_depression_grp[1]/h_thinking,143,2180
consent_grp[1]/section_h[1]/h_depression_grp[1]/h_unhappy,143,2180
consent_grp[1]/section_h[1]/h_depression_grp[1]/h_cry,143,2180
consent_grp[1]/section_h[1]/h_depression_grp[1]/h_activities,143,2180
consent_grp[1]/section_h[1]/h_depression_grp[1]/h_decisions,143,2180
consent_grp[1]/section_h[1]/h_depression_grp[1]/h_daily_work,143,2180
consent_grp[1]/section_h[1]/h_depression_grp[1]/h_life,143,2180
consent_grp[1]/section_h[1]/h_depression_grp[1]/h_interest,143,2180
consent_grp[1]/section_h[1]/h_depression_grp[1]/h_worthless,143,2180
consent_grp[1]/section_h[1]/h_depression_grp[1]/h_end_life,143,2180
consent_grp[1]/section_h[1]/h_depression_grp[1]/h_tired,143,2180
consent_grp[1]/section_h[1]/h_depression_grp[1]/h_uncomfortable,143,2180
consent_grp[1]/section_h[1]/h_depression_grp[1]/h_easily_tired,143,2180
consent_grp[1]/section_h[1]/sec_h_ext_contr_note,5,2323
consent_grp[1]/section_h[1]/h_ext_control_grp[1]/h_ext_cont_note,1,2328
consent_grp[1]/section_h[1]/h_ext_control_grp[1]/h_pup_learn,13,2329
consent_grp[1]/section_h[1]/h_ext_control_grp[1]/h_discipline,6,2343
consent_grp[1]/section_h[1]/h_ext_control_grp[1]/h_stu_achieve,10,2349
consent_grp[1]/section_h[1]/h_ext_control_grp[1]/h_teach_motiv,6,2352
consent_grp[1]/section_h[1]/h_ext_control_grp[1]/h_good_teach,4,2365
consent_grp[1]/section_h[1]/sec_h_motiv_note,5,2369
consent_grp[1]/section_h[1]/h_motiv_grp[1]/h_motiv_note,1,2375
consent_grp[1]/section_h[1]/h_motiv_grp[1]/h_motiv_help,10,2376
consent_grp[1]/section_h[1]/h_motiv_grp[1]/h_quest_school,6,2385
consent_grp[1]/section_h[1]/h_motiv_grp[1]/h_help_child,13,2391
consent_grp[1]/section_h[1]/h_motiv_grp[1]/h_sch_goal,18,2401
consent_grp[1]/section_h[1]/h_motiv_grp[1]/h_help_emot,15,2406
consent_grp[1]/section_h[1]/h_motiv_grp[1]/h_enjoy_teach,28,2437
consent_grp[1]/section_h[1]/h_motiv_grp[1]/h_develop_society,5,2465
consent_grp[1]/section_h[1]/h_motiv_grp[1]/h_develop_socially,8,2470
consent_grp[1]/section_h[1]/h_motiv_grp[1]/h_perso_clear,8,2478
consent_grp[1]/section_h[1]/h_impor_thing,5,2485
consent_grp[1]/section_h[1]/h_job_satisfaction_grp[1]/h_job_satis_note,1,2490
consent_grp[1]/section_h[1]/h_job_satisfaction_grp[1]/h_look_out,5,2491
consent_grp[1]/section_h[1]/h_job_satisfaction_grp[1]/h_perso_worries,25,2496
consent_grp[1]/section_h[1]/h_job_satisfaction_grp[1]/h_know_col,9,2522
consent_grp[1]/section_h[1]/h_job_satisfaction_grp[1]/h_col_coop,4,2531
consent_grp[1]/section_h[1]/h_job_satisfaction_grp[1]/h_trust_col,5,2535
consent_grp[1]/section_h[1]/h_job_satisfaction_grp[1]/h_enjoy_col,3,2540
consent_grp[1]/section_h[1]/h_job_satisfaction_grp[1]/h_sup_respect,12,2543
consent_grp[1]/section_h[1]/h_job_satisfaction_grp[1]/h_sup_busy,11,2555
consent_grp[1]/section_h[1]/h_job_satisfaction_grp[1]/h_sup_opinion,6,2566
consent_grp[1]/section_h[1]/h_job_satisfaction_grp[1]/h_count_sup,8,2572
consent_grp[1]/section_h[1]/h_job_satisfaction_grp[1]/h_motivated,16,2580
consent_grp[1]/section_h[1]/h_job_satisfaction_grp[1]/h_sup_unpredict,5,2597
consent_grp[1]/section_h[1]/h_job_satisfaction_grp[1]/h_wrk_challenge,5,2602
consent_grp[1]/section_h[1]/h_job_satisfaction_grp[1]/h_wrk_monotonous,12,2607
consent_grp[1]/section_h[1]/h_job_satisfaction_grp[1]/h_wrk_creative,9,2619
consent_grp[1]/section_h[1]/h_job_satisfaction_grp[1]/h_big_impact,5,2628
consent_grp[1]/section_h[1]/h_job_satisfaction_grp[1]/h_little_time,10,2633
consent_grp[1]/section_h[1]/h_job_satisfaction_grp[1]/h_control_satis,4,2644
consent_grp[1]/section_h[1]/h_job_satisfaction_grp[1]/h_look,15,2648
consent_grp[1]/section_h[1]/h_job_satisfaction_grp[1]/h_small_space,9,2663
consent_grp[1]/section_h[1]/h_job_satisfaction_grp[1]/h_new_mat,7,2672
consent_grp[1]/section_h[1]/h_job_satisfaction_grp[1]/h_clean_kinder,5,2679
consent_grp[1]/section_h[1]/h_job_satisfaction_grp[1]/h_loud_kinder,4,2684
consent_grp[1]/section_h[1]/h_job_satisfaction_grp[1]/h_kinder_rules,15,2687
consent_grp[1]/section_h[1]/h_job_satisfaction_grp[1]/h_satisfied_paid,13,2703
consent_grp[1]/section_h[1]/h_burnout_grp[1]/h_burnout_note,1,2716
consent_grp[1]/section_h[1]/h_burnout_grp[1]/h_emotion_drained,10,2717
consent_grp[1]/section_h[1]/h_burnout_grp[1]/h_used_up,39,2727
consent_grp[1]/section_h[1]/h_burnout_grp[1]/h_fatigued,7,2766
consent_grp[1]/section_h[1]/h_burnout_grp[1]/h_child_feel,30,2773
consent_grp[1]/section_h[1]/h_burnout_grp[1]/h_child_impersonal,5,2803
consent_grp[1]/section_h[1]/h_burnout_grp[1]/h_ppl_strain,5,2808
consent_grp[1]/section_h[1]/h_burnout_grp[1]/h_deal_effect,71,2813
consent_grp[1]/section_h[1]/h_burnout_grp[1]/h_burnout,5,2884
consent_grp[1]/section_h[1]/h_burnout_grp[1]/h_pos_influence,3,2889
consent_grp[1]/section_h[1]/h_burnout_grp[1]/h_cold,7,2892
consent_grp[1]/section_h[1]/h_burnout_grp[1]/h_hard,4,2899
consent_grp[1]/section_h[1]/h_burnout_grp[1]/h_energetic,5,2903
consent_grp[1]/section_h[1]/h_burnout_grp[1]/h_frustrated,2,2907
consent_grp[1]/section_h[1]/h_burnout_grp[1]/h_work_hard,5,2910
consent_grp[1]/section_h[1]/h_burnout_grp[1]/h_dont_care,11,2915
consent_grp[1]/section_h[1]/h_burnout_grp[1]/h_put_pressure,27,2926
consent_grp[1]/section_h[1]/h_burnout_grp[1]/h_relax,6,2953
consent_grp[1]/section_h[1]/h_burnout_grp[1]/h_excited,4,2959
consent_grp[1]/section_h[1]/h_burnout_grp[1]/h_accomplished,5,2963
consent_grp[1]/section_h[1]/h_burnout_grp[1]/h_end_of_rop,11,2968
consent_grp[1]/section_h[1]/h_burnout_grp[1]/h_emot_pro_calm,3,2979
consent_grp[1]/i_teacher_knowledge_grp[1]/I_teach_know_note,1,2982
consent_grp[1]/i_teacher_knowledge_grp[1]/i_consonance,2,2983
consent_grp[1]/i_teacher_knowledge_grp[1]/i_vowel,8,2985
consent_grp[1]/i_teacher_knowledge_grp[1]/i_unbelievable,4,2993
consent_grp[1]/i_teacher_knowledge_grp[1]/i_irregular,3,2997
consent_grp[1]/i_teacher_knowledge_grp[1]/i_cat,3,3000
consent_grp[1]/i_teacher_knowledge_grp[1]/i_cough,4,3003
consent_grp[1]/i_teacher_knowledge_grp[1]/i_check,5,3007
consent_grp[1]/i_teacher_knowledge_grp[1]/i_english,3,3012
consent_grp[1]/j_perception_grp[1]/j_perception_note,5,3015
consent_grp[1]/j_perception_grp[1]/j_dev_practice_grp[1]/j_dev_practice_note,1,3020
consent_grp[1]/j_perception_grp[1]/j_dev_practice_grp[1]/j_child_need,19,3021
consent_grp[1]/j_perception_grp[1]/j_dev_practice_grp[1]/j_recog_letter,4,3040
consent_grp[1]/j_perception_grp[1]/j_dev_practice_grp[1]/j_recog_number,3,3045
consent_grp[1]/j_perception_grp[1]/j_dev_practice_grp[1]/j_recog_colour,2,3047
consent_grp[1]/j_perception_grp[1]/j_dev_practice_grp[1]/j_indiv_goal,6,3050
consent_grp[1]/j_perception_grp[1]/j_dev_practice_grp[1]/j_play_materials,2,3056
consent_grp[1]/j_perception_grp[1]/j_dev_practice_grp[1]/j_child_measure,2,3057
consent_grp[1]/j_perception_grp[1]/j_supp_chil_grp[1]/j_supp_chil_note,1,3059
consent_grp[1]/j_perception_grp[1]/j_supp_chil_grp[1]/j_build_relation,5,3060
consent_grp[1]/j_perception_grp[1]/j_supp_chil_grp[1]/j_control_behaviour,3,3065
consent_grp[1]/j_perception_grp[1]/j_supp_chil_grp[1]/j_express_thought,2,3068
consent_grp[1]/j_perception_grp[1]/j_supp_chil_grp[1]/j_resolve_conflicts,16,3070
consent_grp[1]/j_perception_grp[1]/j_supp_chil_grp[1]/j_guidance_style,3,3086
consent_grp[1]/j_perception_grp[1]/j_fam_sensitive_grp[1]/j_fam_sensitive_note,14,3089
consent_grp[1]/j_perception_grp[1]/j_fam_sensitive_grp[1]/j_parent_goal,14,3089
consent_grp[1]/j_perception_grp[1]/j_fam_sensitive_grp[1]/j_work_schedule,14,3089
consent_grp[1]/j_perception_grp[1]/j_fam_sensitive_grp[1]/j_fam_decision,14,3089
consent_grp[1]/j_perception_grp[1]/j_fam_sensitive_grp[1]/j_family_care,14,3089
consent_grp[1]/j_perception_grp[1]/j_fam_sensitive_grp[1]/j_connect_family,14,3089
consent_grp[1]/k_grp[1]/k_instro_note,1,3102
consent_grp[1]/k_grp[1]/k_ts_grp[1]/tmp_k_labels,38,3104
consent_grp[1]/k_grp[1]/k_ts_grp[1]/k_take_priviledges,38,3104
consent_grp[1]/k_grp[1]/k_ts_grp[1]/k_explain_behavior,38,3104
consent_grp[1]/k_grp[1]/k_ts_grp[1]/k_shook,38,3104
consent_grp[1]/k_grp[1]/k_ts_grp[1]/k_shouted,38,3104
consent_grp[1]/k_grp[1]/k_ts_grp[1]/k_gave_something,38,3104
consent_grp[1]/k_grp[1]/k_ts_grp[1]/k_spanked,38,3104
consent_grp[1]/k_grp[1]/k_ts_grp[1]/k_hit_bottom,38,3104
consent_grp[1]/k_grp[1]/k_ts_grp[1]/k_call_dumb,38,3104
consent_grp[1]/k_grp[1]/k_ts_grp[1]/k_hit_face,38,3104
consent_grp[1]/k_grp[1]/k_ts_grp[1]/k_praised,38,3104
consent_grp[1]/k_grp[1]/k_ts_grp[1]/k_affection,38,3104
consent_grp[1]/k_grp[1]/k_ts_grp[1]/k_rewarded,38,3104
consent_grp[1]/l_teaching_prac_grp[1]/l_note,4,3141
consent_grp[1]/l_teaching_prac_grp[1]/l_previos_kinder_act[1]/tmp_l_prac_lab,37,3146
consent_grp[1]/l_teaching_prac_grp[1]/l_previos_kinder_act[1]/l_hygiene_routine,37,3146
consent_grp[1]/l_teaching_prac_grp[1]/l_previos_kinder_act[1]/l_supply,37,3146
consent_grp[1]/l_teaching_prac_grp[1]/l_previos_kinder_act[1]/l_pamper,37,3146
consent_grp[1]/l_teaching_prac_grp[1]/l_previos_kinder_act[1]/l_read,37,3146
consent_grp[1]/l_teaching_prac_grp[1]/l_previos_kinder_act[1]/l_tell,37,3146
consent_grp[1]/l_teaching_prac_grp[1]/l_previos_kinder_act[1]/l_conversatin,37,3146
consent_grp[1]/l_teaching_prac_grp[1]/l_previos_kinder_act[1]/l_sing,37,3146
consent_grp[1]/l_teaching_prac_grp[1]/l_previos_kinder_act[1]/l_dance,37,3146
consent_grp[1]/l_teaching_prac_grp[1]/l_previos_kinder_act[1]/l_visit,37,3146
consent_grp[1]/l_teaching_prac_grp[1]/l_previos_kinder_act[1]/l_play_kg,37,3146
consent_grp[1]/l_teaching_prac_grp[1]/l_previos_kinder_act[1]/l_play_recrea,37,3146
consent_grp[1]/l_teaching_prac_grp[1]/l_previos_kinder_act[1]/l_sleep,37,3146
consent_grp[1]/l_teaching_prac_grp[1]/l_previos_kinder_act[1]/l_run,37,3146
consent_grp[1]/l_teaching_prac_grp[1]/l_previos_kinder_act[1]/l_group_learn,37,3146
consent_grp[1]/l_teaching_prac_grp[1]/l_previos_kinder_act[1]/l_indiv_learn,37,3146
consent_grp[1]/l_teaching_prac_grp[1]/l_class_acti_grp[1]/l_act_grp[1]/tmp_l_class_lab,15,3183
consent_grp[1]/l_teaching_prac_grp[1]/l_class_acti_grp[1]/l_act_grp[1]/l_teach_colour,15,3183
consent_grp[1]/l_teaching_prac_grp[1]/l_class_acti_grp[1]/l_act_grp[1]/l_teach_number,15,3183
consent_grp[1]/l_teaching_prac_grp[1]/l_class_acti_grp[1]/l_act_grp[1]/l_teach_letter,15,3183
consent_grp[1]/l_teaching_prac_grp[1]/l_class_acti_grp[1]/l_act_grp[1]/l_teach_form,15,3183
consent_grp[1]/l_teaching_prac_grp[1]/l_class_acti_grp[1]/l_act_grp[1]/l_socialise,15,3183
consent_grp[1]/l_teaching_prac_grp[1]/l_class_acti_grp[1]/l_act_grp[1]/l_pro_solve,15,3183
consent_grp[1]/l_teaching_prac_grp[1]/l_class_acti_grp[1]/l_act_grp[1]/l_writing,15,3183
consent_grp[1]/l_teaching_prac_grp[1]/l_class_acti_grp[1]/l_act_grp[1]/l_teach_body,15,3183
consent_grp[1]/l_teaching_prac_grp[1]/l_class_acti_grp[1]/l_act_grp[1]/l_pers_hygiene,15,3183
consent_grp[1]/l_teaching_prac_grp[1]/l_class_acti_grp[1]/l_act_grp[1]/l_art_expre,15,3183
consent_grp[1]/l_teaching_prac_grp[1]/l_class_acti_grp[1]/l_act_grp[1]/l_body_lang,15,3183
consent_grp[1]/l_teaching_prac_grp[1]/l_class_acti_grp[1]/l_act_grp[1]/l_concentration,15,3183
consent_grp[1]/l_teaching_prac_grp[1]/l_class_acti_grp[1]/l_act_grp[1]/l_gross_motor,15,3183
consent_grp[1]/l_teaching_prac_grp[1]/l_class_acti_grp[1]/l_act_grp[1]/l_fine_motor,15,3183
consent_grp[1]/l_teaching_prac_grp[1]/l_class_acti_grp[1]/l_act_grp[1]/l_gender,15,3183
consent_grp[1]/l_teaching_prac_grp[1]/l_class_acti_grp[1]/l_act_grp[1]/l_responsibility,15,3183
consent_grp[1]/l_teaching_prac_grp[1]/l_class_acti_grp[1]/l_act_grp[1]/l_speech,15,3183
consent_grp[1]/l_teaching_prac_grp[1]/l_class_acti_grp[1]/l_act_grp[1]/l_explore_comm,15,3183
consent_grp[1]/l_teaching_prac_grp[1]/l_class_acti_grp[1]/l_act_grp[1]/l_explore_culture,15,3183
consent_grp[1]/l_teaching_prac_grp[1]/l_parent_interact_note,1,3198
consent_grp[1]/l_teaching_prac_grp[1]/l_actively_engaged,3,3199
consent_grp[1]/l_teaching_prac_grp[1]/l_proportion_child,1,3203
consent_grp[1]/l_teaching_prac_grp[1]/l_proportion_child_more,2,3204
consent_grp[1]/l_teaching_prac_grp[1]/l_visit_pupil_house,4,3206
consent_grp[1]/l_teaching_prac_grp[1]/l_visit_parent_house,3,3210
consent_grp[1]/l_teaching_prac_grp[1]/l_receive_parent_supp,3,3212
consent_grp[1]/l_teaching_prac_grp[1]/l_day_teaching_note,3,3216
consent_grp[1]/l_teaching_prac_grp[1]/l_day_grp[1]/tmp_l_labs,5,3218
consent_grp[1]/l_teaching_prac_grp[1]/l_day_grp[1]/l_daily_schedule,5,3218
consent_grp[1]/l_teaching_prac_grp[1]/l_day_grp[1]/l_play_period,5,3218
consent_grp[1]/l_teaching_prac_grp[1]/l_day_grp[1]/l_free_play,5,3218
consent_grp[1]/l_teaching_prac_grp[1]/l_day_grp[1]/l_activities,5,3218
consent_grp[1]/l_teaching_prac_grp[1]/l_per_daily_grp[1]/l_perc_note,17,3223
consent_grp[1]/l_teaching_prac_grp[1]/l_per_daily_grp[1]/l_admin_per,17,3223
consent_grp[1]/l_teaching_prac_grp[1]/l_per_daily_grp[1]/l_class_per,17,3223
consent_grp[1]/l_teaching_prac_grp[1]/l_per_daily_grp[1]/l_teach_per,17,3223
consent_grp[1]/l_teaching_prac_grp[1]/l_per_daily_grp[1]/l_super_per,17,3223
consent_grp[1]/l_teaching_prac_grp[1]/l_per_daily_grp[1]/l_super_oth_per,17,3223
consent_grp[1]/l_teaching_prac_grp[1]/l_per_daily_grp[1]/l_break_per,17,3223
consent_grp[1]/l_teaching_prac_grp[1]/l_discipline_note,1,3240
consent_grp[1]/l_teaching_prac_grp[1]/l_dont_like,8,3241
consent_grp[1]/l_teaching_prac_grp[1]/l_really_bad,5,3249
consent_grp[1]/l_teaching_prac_grp[1]/l_does_good,3,3254
consent_grp[1]/l_teaching_prac_grp[1]/l_praise,3,3257
consent_grp[1]/q_note,1,3260
consent_grp[1]/q_activ_yn,9,3261
consent_grp[1]/q_rpt[1]/q_activ_r,18,3263
consent_grp[1]/q_rpt[1]/q_activ_org_r,7,3287
consent_grp[1]/q_rpt[1]/q_activ_add_r,3,3294
s_int_accom_yn,4,3297
s_int_accom,5,3301
comments,1,3306
