Field name,Total duration (seconds),First appeared (seconds into survey)
instruction,1,5
a_district_id,3,6
a_circuit_id,10,10
a_kg_id,25,19
a_community_id,37,28
a_enum_id,7,32
consent_note,256,37
con_understand,3,292
con_questions,7,294
con_written,3,299
consent_grp[1]/audio_consent,13,301
consent_grp[1]/d_background_note,1,369
consent_grp[1]/section_d[1]/kgt_key,14,371
consent_grp[1]/section_d[1]/kgt_confirm_note,2,385
consent_grp[1]/section_d[1]/d_num_cnt,11,388
consent_grp[1]/section_d[1]/d_cnt_grp[1]/d_cnt_main,22,398
consent_grp[1]/section_d[1]/d_cnt_grp[1]/d_cnt_sec,22,398
consent_grp[1]/section_d[1]/d_work_last,7,420
consent_grp[1]/section_d[1]/d_edu_level,12,427
consent_grp[1]/section_d[1]/d_edu_train,15,440
consent_grp[1]/section_d[1]/d_edu_level_train,12,454
consent_grp[1]/section_d[1]/d_marital_status,9,467
consent_grp[1]/section_d[1]/d_religion,5,475
consent_grp[1]/section_d[1]/d_la_spk_grp[1]/d_la_spk_note,32,480
consent_grp[1]/section_d[1]/d_la_spk_grp[1]/d_la_spk_eng,32,480
consent_grp[1]/section_d[1]/d_la_spk_grp[1]/d_la_spk_grun,32,480
consent_grp[1]/section_d[1]/d_la_wrt_grp[1]/d_la_wrt_note,13,512
consent_grp[1]/section_d[1]/d_la_wrt_grp[1]/d_la_wrt_eng,13,512
consent_grp[1]/section_d[1]/d_la_wrt_grp[1]/d_la_wrt_grun,13,512
consent_grp[1]/section_d[1]/d_main_language,11,525
consent_grp[1]/section_d[1]/d_loc_lang_kinderg,2,535
consent_grp[1]/f_moved_yn,7,537
consent_grp[1]/g_nature_wrk_note,4,544
consent_grp[1]/section_g[1]/g_teach_pos,12,549
consent_grp[1]/section_g[1]/g_teach_school,6,560
consent_grp[1]/section_g[1]/g_kg_grade,6,566
consent_grp[1]/section_g[1]/g_class_grp[1]/g_children_note,9,572
consent_grp[1]/section_g[1]/g_class_grp[1]/g_kg_2,9,572
consent_grp[1]/section_g[1]/g_ah_grp[1]/g_ah_note,69,581
consent_grp[1]/section_g[1]/g_ah_grp[1]/g_ah_working,69,581
consent_grp[1]/section_g[1]/g_ah_grp[1]/g_ah_prepping,69,581
consent_grp[1]/section_g[1]/g_eh_grp[1]/g_eh_note,103,650
consent_grp[1]/section_g[1]/g_eh_grp[1]/g_eh_working,103,650
consent_grp[1]/section_g[1]/g_eh_grp[1]/g_eh_prepping,103,650
consent_grp[1]/section_g[1]/g_teach_salary,29,753
consent_grp[1]/section_g[1]/g_salary_freq,12,782
consent_grp[1]/section_g[1]/g_salary_intime,12,793
consent_grp[1]/section_g[1]/g_money_cmp,7,806
consent_grp[1]/section_g[1]/g_job_outside,12,813
consent_grp[1]/section_g[1]/g_extra_money_spec,9,825
consent_grp[1]/section_g[1]/g_sch_pro_grp[1]/tmp_g_sch_pro_lab,135,835
consent_grp[1]/section_g[1]/g_sch_pro_grp[1]/g_class,135,835
consent_grp[1]/section_g[1]/g_sch_pro_grp[1]/g_class_taught,135,835
consent_grp[1]/section_g[1]/g_sch_pro_grp[1]/g_fin_resource,135,835
consent_grp[1]/section_g[1]/g_sch_pro_grp[1]/g_high_expe,135,835
consent_grp[1]/section_g[1]/g_sch_pro_grp[1]/g_change_curri,135,835
consent_grp[1]/section_g[1]/g_sch_pro_grp[1]/g_diff_curri,135,835
consent_grp[1]/section_g[1]/g_sch_pro_grp[1]/g_easy_curri,135,835
consent_grp[1]/section_g[1]/g_sch_pro_grp[1]/g_par_dem_high,135,835
consent_grp[1]/section_g[1]/g_sch_pro_grp[1]/g_par_suff_interest,135,835
consent_grp[1]/section_g[1]/g_sch_pro_grp[1]/g_par_suff_active,135,835
consent_grp[1]/section_g[1]/g_par_supp_grp[1]/g_par_supp_note,9,970
consent_grp[1]/section_g[1]/g_par_supp_grp[1]/g_home_wrk,14,974
consent_grp[1]/section_g[1]/g_par_supp_grp[1]/g_behave_val,8,992
consent_grp[1]/section_g[1]/g_par_supp_grp[1]/g_get_schl,6,1000
consent_grp[1]/section_g[1]/g_par_supp_grp[1]/g_visit_schl,6,1007
consent_grp[1]/section_g[1]/g_par_supp_grp[1]/g_show_respect,11,1013
consent_grp[1]/section_g[1]/g_par_supp_grp[1]/g_best_schl,17,1024
consent_grp[1]/section_g[1]/g_par_supp_grp[1]/g_parti_pta,8,1041
consent_grp[1]/section_g[1]/g_par_supp_grp[1]/g_cont_kg_act,9,1049
consent_grp[1]/section_g[1]/g_lead_respect,26,1057
consent_grp[1]/section_g[1]/g_val_citizen,23,1084
consent_grp[1]/section_h[1]/sec_h_depre_note,51,1107
consent_grp[1]/section_h[1]/h_depression_grp[1]/h_da_note,124,1158
consent_grp[1]/section_h[1]/h_depression_grp[1]/tmp_h_da_lab,124,1158
consent_grp[1]/section_h[1]/h_depression_grp[1]/h_headache,124,1158
consent_grp[1]/section_h[1]/h_depression_grp[1]/h_appetite,124,1158
consent_grp[1]/section_h[1]/h_depression_grp[1]/h_sleep,124,1158
consent_grp[1]/section_h[1]/h_depression_grp[1]/h_frightened,124,1158
consent_grp[1]/section_h[1]/h_depression_grp[1]/h_hands_shake,124,1158
consent_grp[1]/section_h[1]/h_depression_grp[1]/h_nervous,124,1158
consent_grp[1]/section_h[1]/h_depression_grp[1]/h_digestion,124,1158
consent_grp[1]/section_h[1]/h_depression_grp[1]/h_thinking,124,1158
consent_grp[1]/section_h[1]/h_depression_grp[1]/h_unhappy,124,1158
consent_grp[1]/section_h[1]/h_depression_grp[1]/h_cry,124,1158
consent_grp[1]/section_h[1]/h_depression_grp[1]/h_activities,124,1158
consent_grp[1]/section_h[1]/h_depression_grp[1]/h_decisions,124,1158
consent_grp[1]/section_h[1]/h_depression_grp[1]/h_daily_work,124,1158
consent_grp[1]/section_h[1]/h_depression_grp[1]/h_life,124,1158
consent_grp[1]/section_h[1]/h_depression_grp[1]/h_interest,124,1158
consent_grp[1]/section_h[1]/h_depression_grp[1]/h_worthless,124,1158
consent_grp[1]/section_h[1]/h_depression_grp[1]/h_end_life,124,1158
consent_grp[1]/section_h[1]/h_depression_grp[1]/h_tired,124,1158
consent_grp[1]/section_h[1]/h_depression_grp[1]/h_uncomfortable,124,1158
consent_grp[1]/section_h[1]/h_depression_grp[1]/h_easily_tired,124,1158
consent_grp[1]/section_h[1]/sec_h_ext_contr_note,9,1283
consent_grp[1]/section_h[1]/h_ext_control_grp[1]/h_ext_cont_note,2,1291
consent_grp[1]/section_h[1]/h_ext_control_grp[1]/h_pup_learn,26,1293
consent_grp[1]/section_h[1]/h_ext_control_grp[1]/h_discipline,15,1319
consent_grp[1]/section_h[1]/h_ext_control_grp[1]/h_stu_achieve,20,1334
consent_grp[1]/section_h[1]/h_ext_control_grp[1]/h_teach_motiv,36,1354
consent_grp[1]/section_h[1]/h_ext_control_grp[1]/h_good_teach,17,1390
consent_grp[1]/section_h[1]/sec_h_motiv_note,1,1407
consent_grp[1]/section_h[1]/h_motiv_grp[1]/h_motiv_note,7,1408
consent_grp[1]/section_h[1]/h_motiv_grp[1]/h_motiv_help,10,1415
consent_grp[1]/section_h[1]/h_motiv_grp[1]/h_quest_school,9,1426
consent_grp[1]/section_h[1]/h_motiv_grp[1]/h_help_child,11,1434
consent_grp[1]/section_h[1]/h_motiv_grp[1]/h_sch_goal,13,1445
consent_grp[1]/section_h[1]/h_motiv_grp[1]/h_help_emot,15,1457
consent_grp[1]/section_h[1]/h_motiv_grp[1]/h_enjoy_teach,6,1473
consent_grp[1]/section_h[1]/h_motiv_grp[1]/h_develop_society,10,1479
consent_grp[1]/section_h[1]/h_motiv_grp[1]/h_develop_socially,34,1489
consent_grp[1]/section_h[1]/h_motiv_grp[1]/h_perso_clear,7,1523
consent_grp[1]/section_h[1]/h_impor_thing,36,1531
consent_grp[1]/section_h[1]/h_job_satisfaction_grp[1]/h_job_satis_note,21,1567
consent_grp[1]/section_h[1]/h_job_satisfaction_grp[1]/h_look_out,52,1587
consent_grp[1]/section_h[1]/h_job_satisfaction_grp[1]/h_perso_worries,7,1640
consent_grp[1]/section_h[1]/h_job_satisfaction_grp[1]/h_know_col,46,1647
consent_grp[1]/section_h[1]/h_job_satisfaction_grp[1]/h_col_coop,8,1693
consent_grp[1]/section_h[1]/h_job_satisfaction_grp[1]/h_trust_col,10,1701
consent_grp[1]/section_h[1]/h_job_satisfaction_grp[1]/h_enjoy_col,7,1711
consent_grp[1]/section_h[1]/h_job_satisfaction_grp[1]/h_sup_respect,5,1718
consent_grp[1]/section_h[1]/h_job_satisfaction_grp[1]/h_sup_busy,7,1723
consent_grp[1]/section_h[1]/h_job_satisfaction_grp[1]/h_sup_opinion,5,1730
consent_grp[1]/section_h[1]/h_job_satisfaction_grp[1]/h_count_sup,23,1735
consent_grp[1]/section_h[1]/h_job_satisfaction_grp[1]/h_motivated,6,1758
consent_grp[1]/section_h[1]/h_job_satisfaction_grp[1]/h_sup_unpredict,10,1764
consent_grp[1]/section_h[1]/h_job_satisfaction_grp[1]/h_wrk_challenge,8,1774
consent_grp[1]/section_h[1]/h_job_satisfaction_grp[1]/h_wrk_monotonous,34,1782
consent_grp[1]/section_h[1]/h_job_satisfaction_grp[1]/h_wrk_creative,10,1816
consent_grp[1]/section_h[1]/h_job_satisfaction_grp[1]/h_big_impact,6,1826
consent_grp[1]/section_h[1]/h_job_satisfaction_grp[1]/h_little_time,15,1832
consent_grp[1]/section_h[1]/h_job_satisfaction_grp[1]/h_control_satis,14,1847
consent_grp[1]/section_h[1]/h_job_satisfaction_grp[1]/h_look,12,1861
consent_grp[1]/section_h[1]/h_job_satisfaction_grp[1]/h_small_space,31,1873
consent_grp[1]/section_h[1]/h_job_satisfaction_grp[1]/h_new_mat,9,1904
consent_grp[1]/section_h[1]/h_job_satisfaction_grp[1]/h_clean_kinder,12,1913
consent_grp[1]/section_h[1]/h_job_satisfaction_grp[1]/h_loud_kinder,7,1925
consent_grp[1]/section_h[1]/h_job_satisfaction_grp[1]/h_kinder_rules,6,1932
consent_grp[1]/section_h[1]/h_job_satisfaction_grp[1]/h_satisfied_paid,8,1938
consent_grp[1]/section_h[1]/h_burnout_grp[1]/h_burnout_note,14,1946
consent_grp[1]/section_h[1]/h_burnout_grp[1]/h_emotion_drained,44,1960
consent_grp[1]/section_h[1]/h_burnout_grp[1]/h_used_up,24,2005
consent_grp[1]/section_h[1]/h_burnout_grp[1]/h_fatigued,9,2028
consent_grp[1]/section_h[1]/h_burnout_grp[1]/h_child_feel,21,2038
consent_grp[1]/section_h[1]/h_burnout_grp[1]/h_child_impersonal,13,2059
consent_grp[1]/section_h[1]/h_burnout_grp[1]/h_ppl_strain,15,2072
consent_grp[1]/section_h[1]/h_burnout_grp[1]/h_deal_effect,40,2087
consent_grp[1]/section_h[1]/h_burnout_grp[1]/h_burnout,9,2126
consent_grp[1]/section_h[1]/h_burnout_grp[1]/h_pos_influence,29,2135
consent_grp[1]/section_h[1]/h_burnout_grp[1]/h_cold,9,2164
consent_grp[1]/section_h[1]/h_burnout_grp[1]/h_hard,14,2173
consent_grp[1]/section_h[1]/h_burnout_grp[1]/h_energetic,26,2187
consent_grp[1]/section_h[1]/h_burnout_grp[1]/h_frustrated,7,2213
consent_grp[1]/section_h[1]/h_burnout_grp[1]/h_work_hard,7,2219
consent_grp[1]/section_h[1]/h_burnout_grp[1]/h_dont_care,9,2226
consent_grp[1]/section_h[1]/h_burnout_grp[1]/h_put_pressure,19,2235
consent_grp[1]/section_h[1]/h_burnout_grp[1]/h_relax,9,2254
consent_grp[1]/section_h[1]/h_burnout_grp[1]/h_excited,8,2264
consent_grp[1]/section_h[1]/h_burnout_grp[1]/h_accomplished,7,2271
consent_grp[1]/section_h[1]/h_burnout_grp[1]/h_end_of_rop,23,2278
consent_grp[1]/section_h[1]/h_burnout_grp[1]/h_emot_pro_calm,7,2301
consent_grp[1]/i_teacher_knowledge_grp[1]/I_teach_know_note,18,2308
consent_grp[1]/i_teacher_knowledge_grp[1]/i_consonance,15,2327
consent_grp[1]/i_teacher_knowledge_grp[1]/i_vowel,8,2342
consent_grp[1]/i_teacher_knowledge_grp[1]/i_unbelievable,23,2350
consent_grp[1]/i_teacher_knowledge_grp[1]/i_irregular,18,2373
consent_grp[1]/i_teacher_knowledge_grp[1]/i_cat,13,2391
consent_grp[1]/i_teacher_knowledge_grp[1]/i_cough,13,2404
consent_grp[1]/i_teacher_knowledge_grp[1]/i_check,19,2417
consent_grp[1]/i_teacher_knowledge_grp[1]/i_english,18,2436
consent_grp[1]/j_perception_grp[1]/j_perception_note,47,2454
consent_grp[1]/j_perception_grp[1]/j_dev_practice_grp[1]/j_dev_practice_note,16,2501
consent_grp[1]/j_perception_grp[1]/j_dev_practice_grp[1]/j_child_need,9,2517
consent_grp[1]/j_perception_grp[1]/j_dev_practice_grp[1]/j_recog_letter,28,2527
consent_grp[1]/j_perception_grp[1]/j_dev_practice_grp[1]/j_recog_number,8,2555
consent_grp[1]/j_perception_grp[1]/j_dev_practice_grp[1]/j_recog_colour,14,2563
consent_grp[1]/j_perception_grp[1]/j_dev_practice_grp[1]/j_indiv_goal,8,2576
consent_grp[1]/j_perception_grp[1]/j_dev_practice_grp[1]/j_play_materials,7,2585
consent_grp[1]/j_perception_grp[1]/j_dev_practice_grp[1]/j_child_measure,7,2592
consent_grp[1]/j_perception_grp[1]/j_supp_chil_grp[1]/j_supp_chil_note,6,2599
consent_grp[1]/j_perception_grp[1]/j_supp_chil_grp[1]/j_build_relation,11,2605
consent_grp[1]/j_perception_grp[1]/j_supp_chil_grp[1]/j_control_behaviour,6,2616
consent_grp[1]/j_perception_grp[1]/j_supp_chil_grp[1]/j_express_thought,5,2622
consent_grp[1]/j_perception_grp[1]/j_supp_chil_grp[1]/j_resolve_conflicts,6,2627
consent_grp[1]/j_perception_grp[1]/j_supp_chil_grp[1]/j_guidance_style,19,2634
consent_grp[1]/j_perception_grp[1]/j_fam_sensitive_grp[1]/j_fam_sensitive_note,77,2653
consent_grp[1]/j_perception_grp[1]/j_fam_sensitive_grp[1]/j_parent_goal,77,2653
consent_grp[1]/j_perception_grp[1]/j_fam_sensitive_grp[1]/j_work_schedule,77,2653
consent_grp[1]/j_perception_grp[1]/j_fam_sensitive_grp[1]/j_fam_decision,77,2653
consent_grp[1]/j_perception_grp[1]/j_fam_sensitive_grp[1]/j_family_care,77,2653
consent_grp[1]/j_perception_grp[1]/j_fam_sensitive_grp[1]/j_connect_family,77,2653
consent_grp[1]/k_grp[1]/k_instro_note,19,2730
consent_grp[1]/k_grp[1]/k_ts_grp[1]/tmp_k_labels,127,2749
consent_grp[1]/k_grp[1]/k_ts_grp[1]/k_take_priviledges,127,2749
consent_grp[1]/k_grp[1]/k_ts_grp[1]/k_explain_behavior,127,2749
consent_grp[1]/k_grp[1]/k_ts_grp[1]/k_shook,127,2749
consent_grp[1]/k_grp[1]/k_ts_grp[1]/k_shouted,127,2749
consent_grp[1]/k_grp[1]/k_ts_grp[1]/k_gave_something,127,2749
consent_grp[1]/k_grp[1]/k_ts_grp[1]/k_spanked,127,2749
consent_grp[1]/k_grp[1]/k_ts_grp[1]/k_hit_bottom,127,2749
consent_grp[1]/k_grp[1]/k_ts_grp[1]/k_call_dumb,127,2749
consent_grp[1]/k_grp[1]/k_ts_grp[1]/k_hit_face,127,2749
consent_grp[1]/k_grp[1]/k_ts_grp[1]/k_praised,127,2749
consent_grp[1]/k_grp[1]/k_ts_grp[1]/k_affection,127,2749
consent_grp[1]/k_grp[1]/k_ts_grp[1]/k_rewarded,127,2749
consent_grp[1]/l_teaching_prac_grp[1]/l_note,5,2876
consent_grp[1]/l_teaching_prac_grp[1]/l_previos_kinder_act[1]/tmp_l_prac_lab,67,2881
consent_grp[1]/l_teaching_prac_grp[1]/l_previos_kinder_act[1]/l_hygiene_routine,67,2881
consent_grp[1]/l_teaching_prac_grp[1]/l_previos_kinder_act[1]/l_supply,67,2881
consent_grp[1]/l_teaching_prac_grp[1]/l_previos_kinder_act[1]/l_pamper,67,2881
consent_grp[1]/l_teaching_prac_grp[1]/l_previos_kinder_act[1]/l_read,67,2881
consent_grp[1]/l_teaching_prac_grp[1]/l_previos_kinder_act[1]/l_tell,67,2881
consent_grp[1]/l_teaching_prac_grp[1]/l_previos_kinder_act[1]/l_conversatin,67,2881
consent_grp[1]/l_teaching_prac_grp[1]/l_previos_kinder_act[1]/l_sing,67,2881
consent_grp[1]/l_teaching_prac_grp[1]/l_previos_kinder_act[1]/l_dance,67,2881
consent_grp[1]/l_teaching_prac_grp[1]/l_previos_kinder_act[1]/l_visit,67,2881
consent_grp[1]/l_teaching_prac_grp[1]/l_previos_kinder_act[1]/l_play_kg,67,2881
consent_grp[1]/l_teaching_prac_grp[1]/l_previos_kinder_act[1]/l_play_recrea,67,2881
consent_grp[1]/l_teaching_prac_grp[1]/l_previos_kinder_act[1]/l_sleep,67,2881
consent_grp[1]/l_teaching_prac_grp[1]/l_previos_kinder_act[1]/l_run,67,2881
consent_grp[1]/l_teaching_prac_grp[1]/l_previos_kinder_act[1]/l_group_learn,67,2881
consent_grp[1]/l_teaching_prac_grp[1]/l_previos_kinder_act[1]/l_indiv_learn,67,2881
consent_grp[1]/l_teaching_prac_grp[1]/l_class_acti_grp[1]/l_act_grp[1]/tmp_l_class_lab,50,2948
consent_grp[1]/l_teaching_prac_grp[1]/l_class_acti_grp[1]/l_act_grp[1]/l_teach_colour,50,2948
consent_grp[1]/l_teaching_prac_grp[1]/l_class_acti_grp[1]/l_act_grp[1]/l_teach_number,50,2948
consent_grp[1]/l_teaching_prac_grp[1]/l_class_acti_grp[1]/l_act_grp[1]/l_teach_letter,50,2948
consent_grp[1]/l_teaching_prac_grp[1]/l_class_acti_grp[1]/l_act_grp[1]/l_teach_form,50,2948
consent_grp[1]/l_teaching_prac_grp[1]/l_class_acti_grp[1]/l_act_grp[1]/l_socialise,50,2948
consent_grp[1]/l_teaching_prac_grp[1]/l_class_acti_grp[1]/l_act_grp[1]/l_pro_solve,50,2948
consent_grp[1]/l_teaching_prac_grp[1]/l_class_acti_grp[1]/l_act_grp[1]/l_writing,50,2948
consent_grp[1]/l_teaching_prac_grp[1]/l_class_acti_grp[1]/l_act_grp[1]/l_teach_body,50,2948
consent_grp[1]/l_teaching_prac_grp[1]/l_class_acti_grp[1]/l_act_grp[1]/l_pers_hygiene,50,2948
consent_grp[1]/l_teaching_prac_grp[1]/l_class_acti_grp[1]/l_act_grp[1]/l_art_expre,50,2948
consent_grp[1]/l_teaching_prac_grp[1]/l_class_acti_grp[1]/l_act_grp[1]/l_body_lang,50,2948
consent_grp[1]/l_teaching_prac_grp[1]/l_class_acti_grp[1]/l_act_grp[1]/l_concentration,50,2948
consent_grp[1]/l_teaching_prac_grp[1]/l_class_acti_grp[1]/l_act_grp[1]/l_gross_motor,50,2948
consent_grp[1]/l_teaching_prac_grp[1]/l_class_acti_grp[1]/l_act_grp[1]/l_fine_motor,50,2948
consent_grp[1]/l_teaching_prac_grp[1]/l_class_acti_grp[1]/l_act_grp[1]/l_gender,50,2948
consent_grp[1]/l_teaching_prac_grp[1]/l_class_acti_grp[1]/l_act_grp[1]/l_responsibility,50,2948
consent_grp[1]/l_teaching_prac_grp[1]/l_class_acti_grp[1]/l_act_grp[1]/l_speech,50,2948
consent_grp[1]/l_teaching_prac_grp[1]/l_class_acti_grp[1]/l_act_grp[1]/l_explore_comm,50,2948
consent_grp[1]/l_teaching_prac_grp[1]/l_class_acti_grp[1]/l_act_grp[1]/l_explore_culture,50,2948
consent_grp[1]/l_teaching_prac_grp[1]/l_parent_interact_note,6,2998
consent_grp[1]/l_teaching_prac_grp[1]/l_actively_engaged,34,3004
consent_grp[1]/l_teaching_prac_grp[1]/l_proportion_child,17,3037
consent_grp[1]/l_teaching_prac_grp[1]/l_proportion_child_more,11,3055
consent_grp[1]/l_teaching_prac_grp[1]/l_visit_pupil_house,61,3066
consent_grp[1]/l_teaching_prac_grp[1]/l_visit_parent_house,12,3127
consent_grp[1]/l_teaching_prac_grp[1]/l_receive_parent_supp,13,3140
consent_grp[1]/l_teaching_prac_grp[1]/l_day_teaching_note,6,3153
consent_grp[1]/l_teaching_prac_grp[1]/l_day_grp[1]/tmp_l_labs,46,3159
consent_grp[1]/l_teaching_prac_grp[1]/l_day_grp[1]/l_daily_schedule,46,3159
consent_grp[1]/l_teaching_prac_grp[1]/l_day_grp[1]/l_play_period,46,3159
consent_grp[1]/l_teaching_prac_grp[1]/l_day_grp[1]/l_free_play,46,3159
consent_grp[1]/l_teaching_prac_grp[1]/l_day_grp[1]/l_activities,46,3159
consent_grp[1]/l_teaching_prac_grp[1]/l_per_daily_grp[1]/l_perc_note,257,3205
consent_grp[1]/l_teaching_prac_grp[1]/l_per_daily_grp[1]/l_admin_per,257,3205
consent_grp[1]/l_teaching_prac_grp[1]/l_per_daily_grp[1]/l_class_per,257,3205
consent_grp[1]/l_teaching_prac_grp[1]/l_per_daily_grp[1]/l_teach_per,257,3205
consent_grp[1]/l_teaching_prac_grp[1]/l_per_daily_grp[1]/l_super_per,257,3205
consent_grp[1]/l_teaching_prac_grp[1]/l_per_daily_grp[1]/l_super_oth_per,257,3205
consent_grp[1]/l_teaching_prac_grp[1]/l_per_daily_grp[1]/l_break_per,257,3205
consent_grp[1]/l_teaching_prac_grp[1]/l_discipline_note,12,3462
consent_grp[1]/l_teaching_prac_grp[1]/l_dont_like,20,3463
consent_grp[1]/l_teaching_prac_grp[1]/l_really_bad,48,3494
consent_grp[1]/l_teaching_prac_grp[1]/l_does_good,17,3541
consent_grp[1]/l_teaching_prac_grp[1]/l_praise,20,3558
consent_grp[1]/q_note,16,3578
consent_grp[1]/q_activ_yn,10,3594
consent_grp[1]/q_rpt[1]/q_activ_r,29,3604
consent_grp[1]/q_rpt[1]/q_activ_org_r,7,3633
consent_grp[1]/q_rpt[1]/q_activ_add_r,8,3639
s_int_accom_yn,2,3648
s_int_accom,6,3650
comments,4,3656
