Field name,Total duration (seconds),First appeared (seconds into survey)
instruction,1,5
a_district_id,3,6
a_circuit_id,8,9
a_kg_id,6,16
a_community_id,2,22
a_enum_id,5,24
consent_note,219,29
con_understand,3,90
con_questions,2,251
con_written,16,253
consent_grp[1]/audio_consent,33,255
consent_grp[1]/d_background_note,1,302
consent_grp[1]/section_d[1]/kgt_key,6,303
consent_grp[1]/section_d[1]/kgt_confirm_note,5,308
consent_grp[1]/section_d[1]/d_num_cnt,8,314
consent_grp[1]/section_d[1]/d_cnt_grp[1]/d_cnt_main,16,322
consent_grp[1]/section_d[1]/d_cnt_grp[1]/d_cnt_sec,16,322
consent_grp[1]/section_d[1]/d_work_last,11,338
consent_grp[1]/section_d[1]/d_edu_level,10,349
consent_grp[1]/section_d[1]/d_edu_train,9,359
consent_grp[1]/section_d[1]/d_edu_level_train,6,368
consent_grp[1]/section_d[1]/d_marital_status,5,374
consent_grp[1]/section_d[1]/d_religion,6,379
consent_grp[1]/section_d[1]/d_la_spk_grp[1]/d_la_spk_note,17,385
consent_grp[1]/section_d[1]/d_la_spk_grp[1]/d_la_spk_eng,17,385
consent_grp[1]/section_d[1]/d_la_spk_grp[1]/d_la_spk_dagb,17,385
consent_grp[1]/section_d[1]/d_la_wrt_grp[1]/d_la_wrt_note,12,402
consent_grp[1]/section_d[1]/d_la_wrt_grp[1]/d_la_wrt_eng,12,402
consent_grp[1]/section_d[1]/d_la_wrt_grp[1]/d_la_wrt_dagb,12,402
consent_grp[1]/section_d[1]/d_main_language,12,413
consent_grp[1]/section_d[1]/d_loc_lang_kinderg,5,425
consent_grp[1]/f_moved_yn,17,430
consent_grp[1]/g_nature_wrk_note,7,443
consent_grp[1]/section_g[1]/g_teach_pos,6,455
consent_grp[1]/section_g[1]/g_teach_school,7,460
consent_grp[1]/section_g[1]/g_kg_grade,12,467
consent_grp[1]/section_g[1]/g_class_grp[1]/g_children_note,18,474
consent_grp[1]/section_g[1]/g_class_grp[1]/g_kg_2,12,474
consent_grp[1]/section_g[1]/g_ah_grp[1]/g_ah_note,59,485
consent_grp[1]/section_g[1]/g_ah_grp[1]/g_ah_working,59,485
consent_grp[1]/section_g[1]/g_ah_grp[1]/g_ah_prepping,59,485
consent_grp[1]/section_g[1]/g_class_grp[1]/g_kg_combined,6,505
consent_grp[1]/section_g[1]/g_eh_grp[1]/g_eh_note,26,557
consent_grp[1]/section_g[1]/g_eh_grp[1]/g_eh_working,26,557
consent_grp[1]/section_g[1]/g_eh_grp[1]/g_eh_prepping,26,557
consent_grp[1]/section_g[1]/g_teach_salary,29,583
consent_grp[1]/section_g[1]/g_salary_freq,9,612
consent_grp[1]/section_g[1]/g_salary_intime,3,621
consent_grp[1]/section_g[1]/g_money_cmp,15,624
consent_grp[1]/section_g[1]/g_job_outside,8,639
consent_grp[1]/section_g[1]/g_extra_money_spec,9,647
consent_grp[1]/section_g[1]/g_sch_pro_grp[1]/tmp_g_sch_pro_lab,173,657
consent_grp[1]/section_g[1]/g_sch_pro_grp[1]/g_class,173,657
consent_grp[1]/section_g[1]/g_sch_pro_grp[1]/g_class_taught,173,657
consent_grp[1]/section_g[1]/g_sch_pro_grp[1]/g_fin_resource,173,657
consent_grp[1]/section_g[1]/g_sch_pro_grp[1]/g_high_expe,173,657
consent_grp[1]/section_g[1]/g_sch_pro_grp[1]/g_change_curri,173,657
consent_grp[1]/section_g[1]/g_sch_pro_grp[1]/g_diff_curri,173,657
consent_grp[1]/section_g[1]/g_sch_pro_grp[1]/g_easy_curri,173,657
consent_grp[1]/section_g[1]/g_sch_pro_grp[1]/g_par_dem_high,173,657
consent_grp[1]/section_g[1]/g_sch_pro_grp[1]/g_par_suff_interest,173,657
consent_grp[1]/section_g[1]/g_sch_pro_grp[1]/g_par_suff_active,173,657
consent_grp[1]/section_g[1]/g_par_supp_grp[1]/g_par_supp_note,12,830
consent_grp[1]/section_g[1]/g_par_supp_grp[1]/g_home_wrk,15,842
consent_grp[1]/section_g[1]/g_par_supp_grp[1]/g_behave_val,14,857
consent_grp[1]/section_g[1]/g_par_supp_grp[1]/g_get_schl,18,871
consent_grp[1]/section_g[1]/g_par_supp_grp[1]/g_visit_schl,10,888
consent_grp[1]/section_g[1]/g_par_supp_grp[1]/g_show_respect,8,898
consent_grp[1]/section_g[1]/g_par_supp_grp[1]/g_best_schl,8,906
consent_grp[1]/section_g[1]/g_par_supp_grp[1]/g_parti_pta,5,914
consent_grp[1]/section_g[1]/g_par_supp_grp[1]/g_cont_kg_act,11,919
consent_grp[1]/section_g[1]/g_lead_respect,13,931
consent_grp[1]/section_g[1]/g_val_citizen,10,944
consent_grp[1]/section_h[1]/sec_h_depre_note,8,954
consent_grp[1]/section_h[1]/h_depression_grp[1]/h_da_note,43,962
consent_grp[1]/section_h[1]/h_depression_grp[1]/tmp_h_da_lab,43,962
consent_grp[1]/section_h[1]/h_depression_grp[1]/h_headache,43,962
consent_grp[1]/section_h[1]/h_depression_grp[1]/h_appetite,43,962
consent_grp[1]/section_h[1]/h_depression_grp[1]/h_sleep,43,962
consent_grp[1]/section_h[1]/h_depression_grp[1]/h_frightened,43,962
consent_grp[1]/section_h[1]/h_depression_grp[1]/h_hands_shake,43,962
consent_grp[1]/section_h[1]/h_depression_grp[1]/h_nervous,43,962
consent_grp[1]/section_h[1]/h_depression_grp[1]/h_digestion,43,962
consent_grp[1]/section_h[1]/h_depression_grp[1]/h_thinking,43,962
consent_grp[1]/section_h[1]/h_depression_grp[1]/h_unhappy,43,962
consent_grp[1]/section_h[1]/h_depression_grp[1]/h_cry,43,962
consent_grp[1]/section_h[1]/h_depression_grp[1]/h_activities,43,962
consent_grp[1]/section_h[1]/h_depression_grp[1]/h_decisions,43,962
consent_grp[1]/section_h[1]/h_depression_grp[1]/h_daily_work,43,962
consent_grp[1]/section_h[1]/h_depression_grp[1]/h_life,43,962
consent_grp[1]/section_h[1]/h_depression_grp[1]/h_interest,43,962
consent_grp[1]/section_h[1]/h_depression_grp[1]/h_worthless,43,962
consent_grp[1]/section_h[1]/h_depression_grp[1]/h_end_life,43,962
consent_grp[1]/section_h[1]/h_depression_grp[1]/h_tired,43,962
consent_grp[1]/section_h[1]/h_depression_grp[1]/h_uncomfortable,43,962
consent_grp[1]/section_h[1]/h_depression_grp[1]/h_easily_tired,43,962
consent_grp[1]/section_h[1]/sec_h_ext_contr_note,10,1002
consent_grp[1]/section_h[1]/h_ext_control_grp[1]/h_ext_cont_note,2,1016
consent_grp[1]/section_h[1]/h_ext_control_grp[1]/h_pup_learn,8,1018
consent_grp[1]/section_h[1]/h_ext_control_grp[1]/h_discipline,19,1026
consent_grp[1]/section_h[1]/h_ext_control_grp[1]/h_stu_achieve,11,1044
consent_grp[1]/section_h[1]/h_ext_control_grp[1]/h_teach_motiv,101,1056
consent_grp[1]/section_h[1]/h_ext_control_grp[1]/h_good_teach,10,1157
consent_grp[1]/section_h[1]/sec_h_motiv_note,1,1167
consent_grp[1]/section_h[1]/h_motiv_grp[1]/h_motiv_note,1,1169
consent_grp[1]/section_h[1]/h_motiv_grp[1]/h_motiv_help,12,1170
consent_grp[1]/section_h[1]/h_motiv_grp[1]/h_quest_school,9,1182
consent_grp[1]/section_h[1]/h_motiv_grp[1]/h_help_child,6,1191
consent_grp[1]/section_h[1]/h_motiv_grp[1]/h_sch_goal,9,1197
consent_grp[1]/section_h[1]/h_motiv_grp[1]/h_help_emot,7,1205
consent_grp[1]/section_h[1]/h_motiv_grp[1]/h_enjoy_teach,4,1214
consent_grp[1]/section_h[1]/h_motiv_grp[1]/h_develop_society,6,1218
consent_grp[1]/section_h[1]/h_motiv_grp[1]/h_develop_socially,6,1224
consent_grp[1]/section_h[1]/h_motiv_grp[1]/h_perso_clear,6,1229
consent_grp[1]/section_h[1]/h_impor_thing,45,1235
consent_grp[1]/section_h[1]/h_job_satisfaction_grp[1]/h_job_satis_note,10,1280
consent_grp[1]/section_h[1]/h_job_satisfaction_grp[1]/h_look_out,12,1291
consent_grp[1]/section_h[1]/h_job_satisfaction_grp[1]/h_perso_worries,9,1303
consent_grp[1]/section_h[1]/h_job_satisfaction_grp[1]/h_know_col,13,1312
consent_grp[1]/section_h[1]/h_job_satisfaction_grp[1]/h_col_coop,9,1325
consent_grp[1]/section_h[1]/h_job_satisfaction_grp[1]/h_trust_col,8,1334
consent_grp[1]/section_h[1]/h_job_satisfaction_grp[1]/h_enjoy_col,9,1342
consent_grp[1]/section_h[1]/h_job_satisfaction_grp[1]/h_sup_respect,5,1351
consent_grp[1]/section_h[1]/h_job_satisfaction_grp[1]/h_sup_busy,6,1357
consent_grp[1]/section_h[1]/h_job_satisfaction_grp[1]/h_sup_opinion,5,1363
consent_grp[1]/section_h[1]/h_job_satisfaction_grp[1]/h_count_sup,9,1368
consent_grp[1]/section_h[1]/h_job_satisfaction_grp[1]/h_motivated,10,1377
consent_grp[1]/section_h[1]/h_job_satisfaction_grp[1]/h_sup_unpredict,5,1385
consent_grp[1]/section_h[1]/h_job_satisfaction_grp[1]/h_wrk_challenge,8,1393
consent_grp[1]/section_h[1]/h_job_satisfaction_grp[1]/h_wrk_monotonous,8,1402
consent_grp[1]/section_h[1]/h_job_satisfaction_grp[1]/h_wrk_creative,4,1409
consent_grp[1]/section_h[1]/h_job_satisfaction_grp[1]/h_big_impact,6,1414
consent_grp[1]/section_h[1]/h_job_satisfaction_grp[1]/h_little_time,13,1419
consent_grp[1]/section_h[1]/h_job_satisfaction_grp[1]/h_control_satis,7,1432
consent_grp[1]/section_h[1]/h_job_satisfaction_grp[1]/h_look,7,1439
consent_grp[1]/section_h[1]/h_job_satisfaction_grp[1]/h_small_space,12,1446
consent_grp[1]/section_h[1]/h_job_satisfaction_grp[1]/h_new_mat,5,1458
consent_grp[1]/section_h[1]/h_job_satisfaction_grp[1]/h_clean_kinder,6,1463
consent_grp[1]/section_h[1]/h_job_satisfaction_grp[1]/h_loud_kinder,12,1469
consent_grp[1]/section_h[1]/h_job_satisfaction_grp[1]/h_kinder_rules,8,1481
consent_grp[1]/section_h[1]/h_job_satisfaction_grp[1]/h_satisfied_paid,6,1489
consent_grp[1]/section_h[1]/h_burnout_grp[1]/h_burnout_note,11,1496
consent_grp[1]/section_h[1]/h_burnout_grp[1]/h_emotion_drained,14,1507
consent_grp[1]/section_h[1]/h_burnout_grp[1]/h_used_up,9,1521
consent_grp[1]/section_h[1]/h_burnout_grp[1]/h_fatigued,7,1530
consent_grp[1]/section_h[1]/h_burnout_grp[1]/h_child_feel,7,1537
consent_grp[1]/section_h[1]/h_burnout_grp[1]/h_child_impersonal,8,1544
consent_grp[1]/section_h[1]/h_burnout_grp[1]/h_ppl_strain,7,1552
consent_grp[1]/section_h[1]/h_burnout_grp[1]/h_deal_effect,10,1559
consent_grp[1]/section_h[1]/h_burnout_grp[1]/h_burnout,5,1569
consent_grp[1]/section_h[1]/h_burnout_grp[1]/h_pos_influence,6,1574
consent_grp[1]/section_h[1]/h_burnout_grp[1]/h_cold,12,1581
consent_grp[1]/section_h[1]/h_burnout_grp[1]/h_hard,28,1592
consent_grp[1]/section_h[1]/h_burnout_grp[1]/h_energetic,33,1621
consent_grp[1]/section_h[1]/h_burnout_grp[1]/h_frustrated,9,1653
consent_grp[1]/section_h[1]/h_burnout_grp[1]/h_work_hard,9,1661
consent_grp[1]/section_h[1]/h_burnout_grp[1]/h_dont_care,6,1671
consent_grp[1]/section_h[1]/h_burnout_grp[1]/h_put_pressure,14,1678
consent_grp[1]/section_h[1]/h_burnout_grp[1]/h_relax,6,1691
consent_grp[1]/section_h[1]/h_burnout_grp[1]/h_excited,6,1697
consent_grp[1]/section_h[1]/h_burnout_grp[1]/h_accomplished,6,1703
consent_grp[1]/section_h[1]/h_burnout_grp[1]/h_end_of_rop,10,1708
consent_grp[1]/section_h[1]/h_burnout_grp[1]/h_emot_pro_calm,6,1719
consent_grp[1]/i_teacher_knowledge_grp[1]/I_teach_know_note,4,1725
consent_grp[1]/i_teacher_knowledge_grp[1]/i_consonance,17,1728
consent_grp[1]/i_teacher_knowledge_grp[1]/i_vowel,8,1746
consent_grp[1]/i_teacher_knowledge_grp[1]/i_unbelievable,10,1752
consent_grp[1]/i_teacher_knowledge_grp[1]/i_irregular,8,1763
consent_grp[1]/i_teacher_knowledge_grp[1]/i_cat,11,1771
consent_grp[1]/i_teacher_knowledge_grp[1]/i_cough,10,1780
consent_grp[1]/i_teacher_knowledge_grp[1]/i_check,15,1792
consent_grp[1]/i_teacher_knowledge_grp[1]/i_english,15,1805
consent_grp[1]/j_perception_grp[1]/j_perception_note,7,1821
consent_grp[1]/j_perception_grp[1]/j_dev_practice_grp[1]/j_dev_practice_note,4,1828
consent_grp[1]/j_perception_grp[1]/j_dev_practice_grp[1]/j_child_need,43,1832
consent_grp[1]/j_perception_grp[1]/j_dev_practice_grp[1]/j_recog_letter,9,1875
consent_grp[1]/j_perception_grp[1]/j_dev_practice_grp[1]/j_recog_number,5,1884
consent_grp[1]/j_perception_grp[1]/j_dev_practice_grp[1]/j_recog_colour,4,1889
consent_grp[1]/j_perception_grp[1]/j_dev_practice_grp[1]/j_indiv_goal,9,1893
consent_grp[1]/j_perception_grp[1]/j_dev_practice_grp[1]/j_play_materials,7,1901
consent_grp[1]/j_perception_grp[1]/j_dev_practice_grp[1]/j_child_measure,7,1908
consent_grp[1]/j_perception_grp[1]/j_supp_chil_grp[1]/j_supp_chil_note,2,1915
consent_grp[1]/j_perception_grp[1]/j_supp_chil_grp[1]/j_build_relation,6,1917
consent_grp[1]/j_perception_grp[1]/j_supp_chil_grp[1]/j_control_behaviour,6,1924
consent_grp[1]/j_perception_grp[1]/j_supp_chil_grp[1]/j_express_thought,7,1929
consent_grp[1]/j_perception_grp[1]/j_supp_chil_grp[1]/j_resolve_conflicts,5,1936
consent_grp[1]/j_perception_grp[1]/j_supp_chil_grp[1]/j_guidance_style,7,1941
consent_grp[1]/j_perception_grp[1]/j_fam_sensitive_grp[1]/j_fam_sensitive_note,39,1948
consent_grp[1]/j_perception_grp[1]/j_fam_sensitive_grp[1]/j_parent_goal,39,1948
consent_grp[1]/j_perception_grp[1]/j_fam_sensitive_grp[1]/j_work_schedule,39,1948
consent_grp[1]/j_perception_grp[1]/j_fam_sensitive_grp[1]/j_fam_decision,39,1948
consent_grp[1]/j_perception_grp[1]/j_fam_sensitive_grp[1]/j_family_care,39,1948
consent_grp[1]/j_perception_grp[1]/j_fam_sensitive_grp[1]/j_connect_family,39,1948
consent_grp[1]/k_grp[1]/k_instro_note,20,1986
consent_grp[1]/k_grp[1]/k_ts_grp[1]/tmp_k_labels,65,2006
consent_grp[1]/k_grp[1]/k_ts_grp[1]/k_take_priviledges,65,2006
consent_grp[1]/k_grp[1]/k_ts_grp[1]/k_explain_behavior,65,2006
consent_grp[1]/k_grp[1]/k_ts_grp[1]/k_shook,65,2006
consent_grp[1]/k_grp[1]/k_ts_grp[1]/k_shouted,65,2006
consent_grp[1]/k_grp[1]/k_ts_grp[1]/k_gave_something,65,2006
consent_grp[1]/k_grp[1]/k_ts_grp[1]/k_spanked,65,2006
consent_grp[1]/k_grp[1]/k_ts_grp[1]/k_hit_bottom,65,2006
consent_grp[1]/k_grp[1]/k_ts_grp[1]/k_call_dumb,65,2006
consent_grp[1]/k_grp[1]/k_ts_grp[1]/k_hit_face,65,2006
consent_grp[1]/k_grp[1]/k_ts_grp[1]/k_praised,65,2006
consent_grp[1]/k_grp[1]/k_ts_grp[1]/k_affection,65,2006
consent_grp[1]/k_grp[1]/k_ts_grp[1]/k_rewarded,65,2006
consent_grp[1]/l_teaching_prac_grp[1]/l_note,7,2072
consent_grp[1]/l_teaching_prac_grp[1]/l_previos_kinder_act[1]/tmp_l_prac_lab,53,2078
consent_grp[1]/l_teaching_prac_grp[1]/l_previos_kinder_act[1]/l_hygiene_routine,53,2078
consent_grp[1]/l_teaching_prac_grp[1]/l_previos_kinder_act[1]/l_supply,53,2078
consent_grp[1]/l_teaching_prac_grp[1]/l_previos_kinder_act[1]/l_pamper,53,2078
consent_grp[1]/l_teaching_prac_grp[1]/l_previos_kinder_act[1]/l_read,53,2078
consent_grp[1]/l_teaching_prac_grp[1]/l_previos_kinder_act[1]/l_tell,53,2078
consent_grp[1]/l_teaching_prac_grp[1]/l_previos_kinder_act[1]/l_conversatin,53,2078
consent_grp[1]/l_teaching_prac_grp[1]/l_previos_kinder_act[1]/l_sing,53,2078
consent_grp[1]/l_teaching_prac_grp[1]/l_previos_kinder_act[1]/l_dance,53,2078
consent_grp[1]/l_teaching_prac_grp[1]/l_previos_kinder_act[1]/l_visit,53,2078
consent_grp[1]/l_teaching_prac_grp[1]/l_previos_kinder_act[1]/l_play_kg,53,2078
consent_grp[1]/l_teaching_prac_grp[1]/l_previos_kinder_act[1]/l_play_recrea,53,2078
consent_grp[1]/l_teaching_prac_grp[1]/l_previos_kinder_act[1]/l_sleep,53,2078
consent_grp[1]/l_teaching_prac_grp[1]/l_previos_kinder_act[1]/l_run,53,2078
consent_grp[1]/l_teaching_prac_grp[1]/l_previos_kinder_act[1]/l_group_learn,53,2078
consent_grp[1]/l_teaching_prac_grp[1]/l_previos_kinder_act[1]/l_indiv_learn,53,2078
consent_grp[1]/l_teaching_prac_grp[1]/l_class_acti_grp[1]/l_act_grp[1]/tmp_l_class_lab,63,2120
consent_grp[1]/l_teaching_prac_grp[1]/l_class_acti_grp[1]/l_act_grp[1]/l_teach_colour,63,2120
consent_grp[1]/l_teaching_prac_grp[1]/l_class_acti_grp[1]/l_act_grp[1]/l_teach_number,63,2120
consent_grp[1]/l_teaching_prac_grp[1]/l_class_acti_grp[1]/l_act_grp[1]/l_teach_letter,63,2120
consent_grp[1]/l_teaching_prac_grp[1]/l_class_acti_grp[1]/l_act_grp[1]/l_teach_form,63,2120
consent_grp[1]/l_teaching_prac_grp[1]/l_class_acti_grp[1]/l_act_grp[1]/l_socialise,63,2120
consent_grp[1]/l_teaching_prac_grp[1]/l_class_acti_grp[1]/l_act_grp[1]/l_pro_solve,63,2120
consent_grp[1]/l_teaching_prac_grp[1]/l_class_acti_grp[1]/l_act_grp[1]/l_writing,63,2120
consent_grp[1]/l_teaching_prac_grp[1]/l_class_acti_grp[1]/l_act_grp[1]/l_teach_body,63,2120
consent_grp[1]/l_teaching_prac_grp[1]/l_class_acti_grp[1]/l_act_grp[1]/l_pers_hygiene,63,2120
consent_grp[1]/l_teaching_prac_grp[1]/l_class_acti_grp[1]/l_act_grp[1]/l_art_expre,63,2120
consent_grp[1]/l_teaching_prac_grp[1]/l_class_acti_grp[1]/l_act_grp[1]/l_body_lang,63,2120
consent_grp[1]/l_teaching_prac_grp[1]/l_class_acti_grp[1]/l_act_grp[1]/l_concentration,63,2120
consent_grp[1]/l_teaching_prac_grp[1]/l_class_acti_grp[1]/l_act_grp[1]/l_gross_motor,63,2120
consent_grp[1]/l_teaching_prac_grp[1]/l_class_acti_grp[1]/l_act_grp[1]/l_fine_motor,63,2120
consent_grp[1]/l_teaching_prac_grp[1]/l_class_acti_grp[1]/l_act_grp[1]/l_gender,63,2120
consent_grp[1]/l_teaching_prac_grp[1]/l_class_acti_grp[1]/l_act_grp[1]/l_responsibility,63,2120
consent_grp[1]/l_teaching_prac_grp[1]/l_class_acti_grp[1]/l_act_grp[1]/l_speech,63,2120
consent_grp[1]/l_teaching_prac_grp[1]/l_class_acti_grp[1]/l_act_grp[1]/l_explore_comm,63,2120
consent_grp[1]/l_teaching_prac_grp[1]/l_class_acti_grp[1]/l_act_grp[1]/l_explore_culture,63,2120
consent_grp[1]/l_teaching_prac_grp[1]/l_parent_interact_note,4,2194
consent_grp[1]/l_teaching_prac_grp[1]/l_actively_engaged,22,2198
consent_grp[1]/l_teaching_prac_grp[1]/l_proportion_child,14,2220
consent_grp[1]/l_teaching_prac_grp[1]/l_proportion_child_more,12,2234
consent_grp[1]/l_teaching_prac_grp[1]/l_visit_pupil_house,18,2247
consent_grp[1]/l_teaching_prac_grp[1]/l_visit_parent_house,19,2265
consent_grp[1]/l_teaching_prac_grp[1]/l_receive_parent_supp,9,2285
consent_grp[1]/l_teaching_prac_grp[1]/l_day_teaching_note,7,2293
consent_grp[1]/l_teaching_prac_grp[1]/l_day_grp[1]/tmp_l_labs,34,2301
consent_grp[1]/l_teaching_prac_grp[1]/l_day_grp[1]/l_daily_schedule,34,2301
consent_grp[1]/l_teaching_prac_grp[1]/l_day_grp[1]/l_play_period,34,2301
consent_grp[1]/l_teaching_prac_grp[1]/l_day_grp[1]/l_free_play,34,2301
consent_grp[1]/l_teaching_prac_grp[1]/l_day_grp[1]/l_activities,34,2301
consent_grp[1]/l_teaching_prac_grp[1]/l_per_daily_grp[1]/l_perc_note,213,2332
consent_grp[1]/l_teaching_prac_grp[1]/l_per_daily_grp[1]/l_admin_per,213,2332
consent_grp[1]/l_teaching_prac_grp[1]/l_per_daily_grp[1]/l_class_per,213,2332
consent_grp[1]/l_teaching_prac_grp[1]/l_per_daily_grp[1]/l_teach_per,213,2332
consent_grp[1]/l_teaching_prac_grp[1]/l_per_daily_grp[1]/l_super_per,213,2332
consent_grp[1]/l_teaching_prac_grp[1]/l_per_daily_grp[1]/l_super_oth_per,213,2332
consent_grp[1]/l_teaching_prac_grp[1]/l_per_daily_grp[1]/l_break_per,213,2332
consent_grp[1]/l_teaching_prac_grp[1]/l_discipline_note,8,2547
consent_grp[1]/l_teaching_prac_grp[1]/l_dont_like,42,2555
consent_grp[1]/l_teaching_prac_grp[1]/l_really_bad,27,2598
consent_grp[1]/l_teaching_prac_grp[1]/l_does_good,41,2625
consent_grp[1]/l_teaching_prac_grp[1]/l_praise,20,2666
consent_grp[1]/q_note,12,2685
consent_grp[1]/q_activ_yn,11,2698
consent_grp[1]/q_rpt[1]/q_activ_r,23,2708
consent_grp[1]/q_rpt[1]/q_activ_org_r,12,2728
consent_grp[1]/q_rpt[1]/q_activ_org_osp_r,12,2743
consent_grp[1]/q_rpt[1]/q_activ_add_r,6,2749
consent_grp[1]/q_rpt[2]/q_activ_r,15,2762
consent_grp[1]/q_rpt[2]/q_activ_org_r,8,2775
consent_grp[1]/q_rpt[2]/q_activ_add_r,9,2785
s_int_accom_yn,7,2794
s_int_accom,3,2798
comments,3,2805
