"Field name","Total duration (seconds)","First appeared (seconds into survey)"
"intro_note","1","1"
"enum_id","6","3"
"enum_confirm_grp[1]/enum_details","1","9"
"enum_confirm_grp[1]/enum_confirm","1","9"
"community_id","6","9"
"comm_confirm_grp[1]/comm_details","1","15"
"comm_confirm_grp[1]/comm_confirm","1","15"
"iw_iden_grp[1]/iw_id","44","16"
"iw_iden_grp[1]/iw_fullname","44","16"
"iw_iden_grp[1]/iw_age","44","16"
"wm8","2","61"
"wm9_grp[1]/wm9b","1","63"
"wm9_grp[1]/consent","1","63"
"consented_grp[1]/wb3_age_sel","2","64"
"consented_grp[1]/wb3_dob_dmy","18","66"
"consented_grp[1]/wb5","17","84"
"consented_grp[1]/wb5_grp[1]/wb6","2","100"
"consented_grp[1]/wb5_grp[1]/wb6a","3","102"
"consented_grp[1]/wb5_grp[1]/wb6b","2","106"
"consented_grp[1]/wb5_grp[1]/wb7","2","107"
"consented_grp[1]/wb5_grp[1]/wb10a","1","109"
"consented_grp[1]/wb5_grp[1]/wb10b","1","111"
"consented_grp[1]/wb5_grp[1]/wb12a","1","112"
"consented_grp[1]/wb5_grp[1]/wb12b","1","113"
"consented_grp[1]/wb14_grp[1]/wb14_note","4","114"
"consented_grp[1]/wb14_grp[1]/wb14","4","114"
"consented_grp[1]/wb15","15","117"
"consented_grp[1]/wb18","7","133"
"consented_grp[1]/mt1","6","140"
"consented_grp[1]/mt2","14","145"
"consented_grp[1]/mt3","3","159"
"consented_grp[1]/mt4","3","162"
"consented_grp[1]/mt9","1","165"
"consented_grp[1]/mt11","4","167"
"consented_grp[1]/mt12","7","170"
"consented_grp[1]/cm1","5","177"
"consented_grp[1]/cm2","2","182"
"consented_grp[1]/cm2_grp[1]/cm3","10","184"
"consented_grp[1]/cm2_grp[1]/cm4","10","184"
"consented_grp[1]/cm5","4","194"
"consented_grp[1]/cm8","9","198"
"consented_grp[1]/cm12","4","207"
"consented_grp[1]/bh0","1","211"
"consented_grp[1]/bh_rpt[1]/bh1","13","213"
"consented_grp[1]/bh_rpt[1]/bh2","3","224"
"consented_grp[1]/bh_rpt[1]/bh3","2","228"
"consented_grp[1]/bh_rpt[1]/bh4_age_sel","2","230"
"consented_grp[1]/bh_rpt[1]/bh4_dob_dmy","13","232"
"consented_grp[1]/bh_rpt[1]/bh5","3","245"
"consented_grp[1]/bh_rpt[1]/bh6","4","248"
"consented_grp[1]/bh_rpt[1]/bh7","2","252"
"consented_grp[1]/bh_rpt[1]/bh8","6","254"
"consented_grp[1]/bh_rpt[1]/bh10","3","259"
"consented_grp[1]/bh_rpt[2]/bh1","16","262"
"consented_grp[1]/bh_rpt[2]/bh2","4","278"
"consented_grp[1]/bh_rpt[2]/bh3","2","282"
"consented_grp[1]/bh_rpt[2]/bh4_age_sel","2","284"
"consented_grp[1]/bh_rpt[2]/bh4_dob_dmy","10","286"
"consented_grp[1]/bh_rpt[2]/bh5","2","296"
"consented_grp[1]/bh_rpt[2]/bh6","3","298"
"consented_grp[1]/bh_rpt[2]/bh7","2","301"
"consented_grp[1]/bh_rpt[2]/bh8","6","303"
"consented_grp[1]/bh_rpt[2]/bh10","2","309"
"consented_grp[1]/bh_rpt[3]/bh1","10","311"
"consented_grp[1]/bh_rpt[3]/bh2","2","321"
"consented_grp[1]/bh_rpt[3]/bh3","2","323"
"consented_grp[1]/bh_rpt[3]/bh4_age_sel","2","326"
"consented_grp[1]/bh_rpt[3]/bh4_dob_dmy","8","327"
"consented_grp[1]/bh_rpt[3]/bh5","2","335"
"consented_grp[1]/bh_rpt[3]/bh6","2","338"
"consented_grp[1]/bh_rpt[3]/bh7","2","340"
"consented_grp[1]/bh_rpt[3]/bh8","4","342"
"consented_grp[1]/bh_rpt[3]/bh10","4","346"
"consented_grp[1]/db2","10","350"
"consented_grp[1]/mn_rpt[1]/mn_grp[1]/mn2","10","360"
"consented_grp[1]/mn_rpt[1]/mn_grp[1]/mn3","6","370"
"consented_grp[1]/mn_rpt[1]/mn_grp[1]/mn4_grp[1]/mn4_a","15","376"
"consented_grp[1]/mn_rpt[1]/mn_grp[1]/mn4_grp[1]/mn4_b","15","376"
"consented_grp[1]/mn_rpt[1]/mn_grp[1]/mn5","8","390"
"consented_grp[1]/mn_rpt[1]/mn_grp[1]/mn6_grp[1]/mn6_note","14","399"
"consented_grp[1]/mn_rpt[1]/mn_grp[1]/mn6_grp[1]/mn6_label","14","399"
"consented_grp[1]/mn_rpt[1]/mn_grp[1]/mn6_grp[1]/mn6_a","14","399"
"consented_grp[1]/mn_rpt[1]/mn_grp[1]/mn6_grp[1]/mn6_b","14","399"
"consented_grp[1]/mn_rpt[1]/mn_grp[1]/mn6_grp[1]/mn6_c","14","399"
"consented_grp[1]/mn_rpt[1]/mn_grp[1]/mn7","14","413"
"consented_grp[1]/mn_rpt[1]/mn_grp[1]/mn8","12","427"
"consented_grp[1]/mn_rpt[1]/mn_grp[1]/mn9","1","438"
"consented_grp[1]/mn_rpt[1]/mn_grp[1]/mn16","11","440"
"consented_grp[1]/mn_rpt[1]/mn_grp[1]/mn17","6","451"
"consented_grp[1]/mn_rpt[1]/mn_grp[1]/mn18","9","457"
"consented_grp[1]/mn_rpt[1]/mn_grp[1]/mn19","11","466"
"consented_grp[1]/mn_rpt[1]/mn_grp[1]/mn20","4","477"
"consented_grp[1]/mn_rpt[1]/mn_grp[1]/mn21","2","481"
"consented_grp[1]/mn_rpt[1]/mn_grp[1]/mn22","41","483"
"consented_grp[1]/mn_rpt[1]/mn_grp[1]/mn23","8","524"
"consented_grp[1]/mn_rpt[1]/mn_grp[1]/mn25","6","532"
"consented_grp[1]/mn_rpt[1]/mn_grp[1]/mn26","8","539"
"consented_grp[1]/mn_rpt[1]/mn_grp[1]/mn30","13","546"
"consented_grp[1]/mn_rpt[1]/mn_grp[1]/mn31","13","560"
"consented_grp[1]/mn_rpt[1]/mn_grp[1]/mn31_osp","16","573"
"consented_grp[1]/mn_rpt[1]/mn_grp[1]/mn32","9","589"
"consented_grp[1]/mn_rpt[1]/mn_grp[1]/mn33","5","598"
"consented_grp[1]/mn_rpt[1]/mn_grp[1]/mn34_grp[1]/mn34_a","8","603"
"consented_grp[1]/mn_rpt[1]/mn_grp[1]/mn34_grp[1]/mn34_b","8","603"
"consented_grp[1]/mn_rpt[1]/mn_grp[1]/mn35","7","611"
"consented_grp[1]/mn_rpt[1]/mn_grp[1]/mn36","6","618"
"consented_grp[1]/mn_rpt[1]/mn_grp[1]/mn36_grp[1]/mn37","12","623"
"consented_grp[1]/mn_rpt[1]/mn_grp[1]/mn36_grp[1]/mn37_units","12","623"
"consented_grp[1]/mn_rpt[1]/mn_grp[1]/mn38","11","635"
"consented_grp[1]/mn_rpt[1]/mn_grp[1]/mn39a","7","646"
"consented_grp[1]/pn_rpt[1]/pn_grp[1]/pn_note","8","654"
"consented_grp[1]/pn_rpt[1]/pn_grp[1]/pn3_grp[1]/pn3","12","662"
"consented_grp[1]/pn_rpt[1]/pn_grp[1]/pn3_grp[1]/pn3_units","12","662"
"consented_grp[1]/pn_rpt[1]/pn_grp[1]/pn4_grp[1]/pn4_note","21","674"
"consented_grp[1]/pn_rpt[1]/pn_grp[1]/pn4_grp[1]/pn4","21","674"
"consented_grp[1]/pn_rpt[1]/pn_grp[1]/pn5_grp[1]/pm5_note","3","695"
"consented_grp[1]/pn_rpt[1]/pn_grp[1]/pn5_grp[1]/pn5","3","695"
"consented_grp[1]/pn_rpt[1]/pn_grp[1]/pn6_grp[1]/pn6_note","18","698"
"consented_grp[1]/pn_rpt[1]/pn_grp[1]/pn6_grp[1]/pn6","18","698"
"consented_grp[1]/pn_rpt[1]/pn_grp[1]/pn12","7","716"
"consented_grp[1]/pn_rpt[1]/pn_grp[1]/pn13_grp[1]/pn13b","25","723"
"consented_grp[1]/pn_rpt[1]/pn_grp[1]/pn13_grp[1]/pn13_units","25","723"
"consented_grp[1]/pn_rpt[1]/pn_grp[1]/pn17","2","748"
"consented_grp[1]/pn_rpt[1]/pn_grp[1]/pn21","2","750"
"consented_grp[1]/pn_rpt[1]/pn_grp[1]/pn21_grp[1]/pn21b","5","752"
"consented_grp[1]/pn_rpt[1]/pn_grp[1]/pn21_grp[1]/pn22_units","5","752"
"consented_grp[1]/pn_rpt[1]/pn_grp[1]/pn23","18","757"
"consented_grp[1]/pn_rpt[1]/pn_grp[1]/pn24","5","775"
"consented_grp[1]/pn_rpt[1]/pn_grp[1]/pn25_grp[1]/pn25_note","16","779"
"consented_grp[1]/pn_rpt[1]/pn_grp[1]/pn25_grp[1]/pn25_lab","16","779"
"consented_grp[1]/pn_rpt[1]/pn_grp[1]/pn25_grp[1]/pn25a","16","779"
"consented_grp[1]/pn_rpt[1]/pn_grp[1]/pn25_grp[1]/pn25b","16","779"
"consented_grp[1]/pn_rpt[1]/pn_grp[1]/pn25_grp[1]/pn25c","16","779"
"consented_grp[1]/pn_rpt[1]/pn_grp[1]/pn27","5","795"
"consented_grp[1]/pn_rpt[1]/pn_grp[1]/pn29a","12","800"
"consented_grp[1]/pn_rpt[1]/pn_grp[1]/pn30","18","812"
"consented_grp[1]/cp1_grp[1]/cp1_note","8","830"
"consented_grp[1]/cp1_grp[1]/cp1","8","830"
"consented_grp[1]/cp2_grp[1]/cp2_note","5","838"
"consented_grp[1]/cp2_grp[1]/cp2","5","838"
"consented_grp[1]/cp4","5","842"
"consented_grp[1]/un7","10","848"
"consented_grp[1]/un8_grp[1]/un8","6","858"
"consented_grp[1]/un8_grp[1]/un8_units","6","858"
"consented_grp[1]/ma1","4","864"
"consented_grp[1]/ma2","6","867"
"consented_grp[1]/ma3","4","873"
"consented_grp[1]/ma7","7","877"
"consented_grp[1]/ma8a","57","884"
"consented_grp[1]/ma11a","21","941"
"consented_grp[1]/af_grp[1]/af2","12","962"
"consented_grp[1]/af_grp[1]/af3","5","974"
"consented_grp[1]/af_grp[1]/af4","1","979"
"consented_grp[1]/af_grp[1]/af6b","2","981"
"consented_grp[1]/af_grp[1]/af8b","2","982"
"consented_grp[1]/af_grp[1]/af9","7","985"
"consented_grp[1]/af_grp[1]/af10","11","992"
"consented_grp[1]/af_grp[1]/af11","10","1003"
"consented_grp[1]/af_grp[1]/af12","2","1012"
"consented_grp[1]/ls1_grp[1]/ls_note","46","1014"
"consented_grp[1]/ls1_grp[1]/ls1","46","1014"
"consented_grp[1]/ls2_grp[1]/ls2_note","58","1060"
"consented_grp[1]/ls2_grp[1]/ls2","58","1060"
"consented_grp[1]/ls3","7","1118"
"consented_grp[1]/ls4","10","1125"
"consented_grp[1]/survey_language","2","1136"
"consented_grp[1]/survey_accomp","2","1138"
"consented_grp[1]/comment","4","1139"
