"Field name","Total duration (seconds)","First appeared (seconds into survey)"
"intro_note","1","4"
"enum_id","5","5"
"enum_confirm_grp[1]/enum_details","1","9"
"enum_confirm_grp[1]/enum_confirm","1","9"
"community_id","9","10"
"comm_confirm_grp[1]/comm_details","1","20"
"comm_confirm_grp[1]/comm_confirm","1","20"
"hhid_grp[1]/hhid_instruction","7","21"
"hhid_grp[1]/hhid_struct_num","7","21"
"hhid_grp[1]/hhid_hh_num","7","21"
"hhid_confirm_grp[1]/hhid_details","2","28"
"hhid_confirm_grp[1]/hhid_confirm","2","28"
"consent_grp[1]/consent_instr","15","30"
"consent_grp[1]/consent","15","30"
"consented_grp[1]/hh_note","6","45"
"consented_grp[1]/hhm_cnt","7","51"
"consented_grp[1]/rooster_note","2","58"
"consented_grp[1]/hhm_rpt[1]/hhmemb_info[1]/fmemb_name_grp[1]/fmemb_fn","15","60"
"consented_grp[1]/hhm_rpt[1]/hhmemb_info[1]/fmemb_name_grp[1]/fmemb_sn","15","60"
"consented_grp[1]/hhm_rpt[1]/hhmemb_info[1]/fmemb_name_grp[1]/fmemb_popn","15","60"
"consented_grp[1]/hhm_rpt[1]/hhmemb_info[1]/hl3","1","75"
"consented_grp[1]/hhm_rpt[1]/hhmemb_info[1]/hl4","1","76"
"consented_grp[1]/hhm_rpt[1]/hhmemb_info[1]/hl5_age_sel","1","77"
"consented_grp[1]/hhm_rpt[1]/hhmemb_info[1]/hl5_dob_dmy","15","78"
"consented_grp[1]/hhm_rpt[1]/hhmemb_info[1]/hl7","4","93"
"consented_grp[1]/hhm_rpt[1]/ed4","1","97"
"consented_grp[1]/hhm_rpt[1]/ed5_grp[1]/ed5a","1","99"
"consented_grp[1]/hhm_rpt[1]/ed5_grp[1]/ed5a_a","1","100"
"consented_grp[1]/hhm_rpt[1]/ed5_grp[1]/ed5b","1","101"
"consented_grp[1]/hhm_rpt[1]/ed5_grp[1]/ed6","3","103"
"consented_grp[1]/hhm_rpt[1]/hhm_add_grp[1]/hhm_add_note","3","106"
"consented_grp[1]/hhm_rpt[1]/hhm_add_grp[1]/hhm_add_yn","3","106"
"consented_grp[1]/hhm_rpt[2]/hhmemb_info[1]/fmemb_name_grp[1]/fmemb_fn","12","109"
"consented_grp[1]/hhm_rpt[2]/hhmemb_info[1]/fmemb_name_grp[1]/fmemb_sn","12","109"
"consented_grp[1]/hhm_rpt[2]/hhmemb_info[1]/fmemb_name_grp[1]/fmemb_popn","12","109"
"consented_grp[1]/hhm_rpt[2]/hhmemb_info[1]/hl3","1","122"
"consented_grp[1]/hhm_rpt[2]/hhmemb_info[1]/hl4","4","123"
"consented_grp[1]/hhm_rpt[2]/hhmemb_info[1]/hl5_age_sel","1","127"
"consented_grp[1]/hhm_rpt[2]/hhmemb_info[1]/hl5_dob_dmy","11","128"
"consented_grp[1]/hhm_rpt[2]/hhmemb_info[1]/hl7","2","139"
"consented_grp[1]/hhm_rpt[2]/ed4","2","142"
"consented_grp[1]/hhm_rpt[2]/ed5_grp[1]/ed5a","2","143"
"consented_grp[1]/hhm_rpt[2]/ed5_grp[1]/ed5a_a","13","145"
"consented_grp[1]/hhm_rpt[2]/ed5_grp[1]/ed6","2","158"
"consented_grp[1]/hhm_rpt[2]/ed9","2","160"
"consented_grp[1]/hhm_rpt[2]/ed15","1","162"
"consented_grp[1]/hhm_rpt[2]/hhm_add_grp[1]/hhm_add_note","4","163"
"consented_grp[1]/hhm_rpt[2]/hhm_add_grp[1]/hhm_add_yn","4","163"
"consented_grp[1]/hhm_rpt[3]/hhmemb_info[1]/fmemb_name_grp[1]/fmemb_fn","15","167"
"consented_grp[1]/hhm_rpt[3]/hhmemb_info[1]/fmemb_name_grp[1]/fmemb_sn","15","167"
"consented_grp[1]/hhm_rpt[3]/hhmemb_info[1]/fmemb_name_grp[1]/fmemb_popn","15","167"
"consented_grp[1]/hhm_rpt[3]/hhmemb_info[1]/hl3","2","182"
"consented_grp[1]/hhm_rpt[3]/hhmemb_info[1]/hl4","1","183"
"consented_grp[1]/hhm_rpt[3]/hhmemb_info[1]/hl5_age_sel","1","184"
"consented_grp[1]/hhm_rpt[3]/hhmemb_info[1]/hl5_dob_dmy","13","186"
"consented_grp[1]/hhm_rpt[3]/hhmemb_info[1]/hl7","1","199"
"consented_grp[1]/hhm_rpt[3]/ed4","2","200"
"consented_grp[1]/hhm_rpt[3]/ed9","1","202"
"consented_grp[1]/hhm_rpt[3]/ed15","1","203"
"consented_grp[1]/hhm_rpt[3]/hhm_add_grp[1]/hhm_add_note","3","204"
"consented_grp[1]/hhm_rpt[3]/hhm_add_grp[1]/hhm_add_yn","3","204"
"consented_grp[1]/hhm_rpt[4]/hhmemb_info[1]/fmemb_name_grp[1]/fmemb_fn","19","207"
"consented_grp[1]/hhm_rpt[4]/hhmemb_info[1]/fmemb_name_grp[1]/fmemb_sn","19","207"
"consented_grp[1]/hhm_rpt[4]/hhmemb_info[1]/fmemb_name_grp[1]/fmemb_popn","19","207"
"consented_grp[1]/hhm_rpt[4]/hhmemb_info[1]/hl3","3","226"
"consented_grp[1]/hhm_rpt[4]/hhmemb_info[1]/hl4","1","229"
"consented_grp[1]/hhm_rpt[4]/hhmemb_info[1]/hl5_age_sel","1","230"
"consented_grp[1]/hhm_rpt[4]/hhmemb_info[1]/hl5_dob_dmy","7","231"
"consented_grp[1]/hhm_rpt[4]/hhmemb_info[1]/hl7","1","238"
"consented_grp[1]/hhm_rpt[4]/hhm_add_grp[1]/hhm_add_note","2","239"
"consented_grp[1]/hhm_rpt[4]/hhm_add_grp[1]/hhm_add_yn","2","239"
"consented_grp[1]/hhm_rpt[5]/hhmemb_info[1]/fmemb_name_grp[1]/fmemb_fn","16","242"
"consented_grp[1]/hhm_rpt[5]/hhmemb_info[1]/fmemb_name_grp[1]/fmemb_sn","16","242"
"consented_grp[1]/hhm_rpt[5]/hhmemb_info[1]/fmemb_name_grp[1]/fmemb_popn","16","242"
"consented_grp[1]/hhm_rpt[5]/hhmemb_info[1]/hl3","2","258"
"consented_grp[1]/hhm_rpt[5]/hhmemb_info[1]/hl4","1","259"
"consented_grp[1]/hhm_rpt[5]/hhmemb_info[1]/hl5_age_sel","1","261"
"consented_grp[1]/hhm_rpt[5]/hhmemb_info[1]/hl5_dob_dmy","5","262"
"consented_grp[1]/hhm_rpt[5]/hhmemb_info[1]/hl7","2","267"
"consented_grp[1]/hhm_rpt[5]/hhm_add_grp[1]/hhm_add_note","3","268"
"consented_grp[1]/hhm_rpt[5]/hhm_add_grp[1]/hhm_add_yn","3","268"
"consented_grp[1]/hhm_rpt[6]/hhmemb_info[1]/fmemb_name_grp[1]/fmemb_fn","15","271"
"consented_grp[1]/hhm_rpt[6]/hhmemb_info[1]/fmemb_name_grp[1]/fmemb_sn","15","271"
"consented_grp[1]/hhm_rpt[6]/hhmemb_info[1]/fmemb_name_grp[1]/fmemb_popn","15","271"
"consented_grp[1]/hhm_rpt[6]/hhmemb_info[1]/hl3","27","286"
"consented_grp[1]/hhm_rpt[6]/hhmemb_info[1]/hl4","16","302"
"consented_grp[1]/hhm_rpt[6]/hhmemb_info[1]/hl5_age_sel","4","315"
"consented_grp[1]/hhm_rpt[6]/hhmemb_info[1]/hl5_dob_dmy","15","317"
"consented_grp[1]/hhm_rpt[6]/hhmemb_info[1]/hl7","3","331"
"consented_grp[1]/hhm_rpt[6]/ed4","18","333"
"consented_grp[1]/hhm_rpt[6]/ed5_grp[1]/ed5a","8","350"
"consented_grp[1]/hhm_rpt[6]/ed5_grp[1]/ed5a_a","21","352"
"consented_grp[1]/hhm_rpt[6]/ed5_grp[1]/ed5b","11","368"
"consented_grp[1]/hhm_rpt[6]/ed5_grp[1]/ed6","7","385"
"consented_grp[1]/hhm_rpt[6]/ed9","15","391"
"consented_grp[1]/hhm_rpt[6]/ed15","2","406"
"consented_grp[1]/hhm_rpt[6]/hhm_add_grp[1]/hhm_add_note","10","407"
"consented_grp[1]/hhm_rpt[6]/hhm_add_grp[1]/hhm_add_yn","10","407"
"consented_grp[1]/hhm_ch_intro","12","413"
"consented_grp[1]/hhm_ch_rpt[1]/h12_grp[1]/hl12","5","424"
"consented_grp[1]/hhm_ch_rpt[1]/h12_grp[1]/hl13a","2","426"
"consented_grp[1]/hhm_ch_rpt[1]/h12_grp[1]/hl13b","6","428"
"consented_grp[1]/hhm_ch_rpt[1]/h16_grp[1]/hl16","7","430"
"consented_grp[1]/hhm_ch_rpt[1]/h16_grp[1]/hl17a","3","432"
"consented_grp[1]/hhm_ch_rpt[1]/h16_grp[1]/hl17b","3","433"
"consented_grp[1]/hhm_ch_rpt[2]/h12_grp[1]/hl12","5","434"
"consented_grp[1]/hhm_ch_rpt[2]/h12_grp[1]/hl13a","2","437"
"consented_grp[1]/hhm_ch_rpt[2]/h12_grp[1]/hl13b","7","438"
"consented_grp[1]/hhm_ch_rpt[2]/h16_grp[1]/hl16","3","443"
"consented_grp[1]/hhm_ch_rpt[2]/h16_grp[1]/hl17a","3","444"
"consented_grp[1]/hhm_ch_rpt[2]/h16_grp[1]/hl17b","2","445"
"consented_grp[1]/hhm_ch_rpt[3]/h12_grp[1]/hl12","3","446"
"consented_grp[1]/hhm_ch_rpt[3]/h12_grp[1]/hl13a","2","448"
"consented_grp[1]/hhm_ch_rpt[3]/h12_grp[1]/hl13b","3","449"
"consented_grp[1]/hhm_ch_rpt[3]/h16_grp[1]/hl16","3","450"
"consented_grp[1]/hhm_ch_rpt[3]/h16_grp[1]/hl17a","3","451"
"consented_grp[1]/hhm_ch_rpt[3]/h16_grp[1]/hl17b","11","452"
"consented_grp[1]/u5_rpt[1]/u5_note","13","454"
"consented_grp[1]/u5_rpt[2]/u5_note","10","462"
"consented_grp[1]/u5_rpt[3]/u5_note","9","463"
"consented_grp[1]/hc_grp[1]/hc1a","11","465"
"consented_grp[1]/hc_grp[1]/hc1b","4","572"
"consented_grp[1]/hc_grp[1]/hc2","1","576"
"consented_grp[1]/hc_grp[1]/hc3","5","577"
"consented_grp[1]/hc_grp[1]/hc4","2","582"
"consented_grp[1]/hc_grp[1]/hc5","3","584"
"consented_grp[1]/hc_grp[1]/hc6","22","586"
"consented_grp[1]/hc_grp[1]/hc7_grp[1]/hcf_note","10","609"
"consented_grp[1]/hc_grp[1]/hc7_grp[1]/hc7_label","10","609"
"consented_grp[1]/hc_grp[1]/hc7_grp[1]/hc7a","10","609"
"consented_grp[1]/hc_grp[1]/hc7_grp[1]/hc7b","10","609"
"consented_grp[1]/hc_grp[1]/hc7_grp[1]/hc7c","10","609"
"consented_grp[1]/hc_grp[1]/hc7_grp[1]/hc7d","10","609"
"consented_grp[1]/hc_grp[1]/hc7_grp[1]/hc7e","10","609"
"consented_grp[1]/hc_grp[1]/hc7_grp[1]/hc7f","10","609"
"consented_grp[1]/hc_grp[1]/hc7_grp[1]/hc7g","10","609"
"consented_grp[1]/hc_grp[1]/hc8","2","619"
"consented_grp[1]/hc_grp[1]/hc10_grp[1]/hc10_note","10","620"
"consented_grp[1]/hc_grp[1]/hc10_grp[1]/hc10_labels","10","620"
"consented_grp[1]/hc_grp[1]/hc10_grp[1]/hc10a","10","620"
"consented_grp[1]/hc_grp[1]/hc10_grp[1]/hc10b","10","620"
"consented_grp[1]/hc_grp[1]/hc10_grp[1]/hc10c","10","620"
"consented_grp[1]/hc_grp[1]/hc10_grp[1]/hc10d","10","620"
"consented_grp[1]/hc_grp[1]/hc10_grp[1]/hc10e","10","620"
"consented_grp[1]/hc_grp[1]/hc10_grp[1]/hc10f","10","620"
"consented_grp[1]/hc_grp[1]/hc10_grp[1]/hc10g","10","620"
"consented_grp[1]/hc_grp[1]/hc11","16","630"
"consented_grp[1]/hc_grp[1]/hc12","6","646"
"consented_grp[1]/hc_grp[1]/hc13","8","652"
"consented_grp[1]/hc_grp[1]/hc14","5","660"
"consented_grp[1]/hc_grp[1]/hc15","4","664"
"consented_grp[1]/hc_grp[1]/hc16_grp[1]/hc16a","3","668"
"consented_grp[1]/hc_grp[1]/hc16_grp[1]/hc16b","3","668"
"consented_grp[1]/hc_grp[1]/hc17","2","671"
"consented_grp[1]/hc_grp[1]/hc18","3","673"
"consented_grp[1]/hc_grp[1]/hc18_grp[1]/note","15","676"
"consented_grp[1]/hc_grp[1]/hc18_grp[1]/hc18f","15","676"
"consented_grp[1]/hc_grp[1]/hc19","2","691"
"consented_grp[1]/st_intonote","1","693"
"consented_grp[1]/st_rpt[1]/st1a","2","694"
"consented_grp[1]/st_rpt[1]/st1b","1","696"
"consented_grp[1]/st_rpt[2]/st1a","2","697"
"consented_grp[1]/st_rpt[2]/st1b","2","699"
"consented_grp[1]/st_rpt[3]/st1a","1","702"
"consented_grp[1]/st_rpt[3]/st1b","2","703"
"consented_grp[1]/st_rpt[4]/st1a","2","705"
"consented_grp[1]/st_rpt[4]/st1b","1","707"
"consented_grp[1]/st_rpt[5]/st1a","1","708"
"consented_grp[1]/st_rpt[5]/st1b","1","709"
"consented_grp[1]/st_rpt[5]/st1_add_yn","1","710"
"consented_grp[1]/eu1","3","711"
"consented_grp[1]/eu2","1","714"
"consented_grp[1]/eu4_grp[1]/eu4","2","715"
"consented_grp[1]/eu5_grp[1]/eu5","3","717"
"consented_grp[1]/eu6","4","721"
"consented_grp[1]/eu9","3","725"
"consented_grp[1]/tn1","6","729"
"consented_grp[1]/tn2","1","735"
"consented_grp[1]/tn_rpt[1]/generated_note_name_438","1","736"
"consented_grp[1]/tn_rpt[1]/tn3","1","737"
"consented_grp[1]/tn_rpt[1]/tn4","2","738"
"consented_grp[1]/tn_rpt[1]/tn5","1","740"
"consented_grp[1]/tn_rpt[1]/tn10","1","741"
"consented_grp[1]/tn_rpt[1]/tn12","2","743"
"consented_grp[1]/tn_rpt[1]/tn13","1","745"
"consented_grp[1]/tn_rpt[1]/tn15","7","746"
"consented_grp[1]/tn_rpt[2]/generated_note_name_438","1","752"
"consented_grp[1]/tn_rpt[2]/tn3","1","753"
"consented_grp[1]/tn_rpt[2]/tn4","2","755"
"consented_grp[1]/tn_rpt[2]/tn5","1","756"
"consented_grp[1]/tn_rpt[2]/tn10","2","757"
"consented_grp[1]/tn_rpt[2]/tn12","1","759"
"consented_grp[1]/tn_rpt[2]/tn13","1","760"
"consented_grp[1]/tn_rpt[2]/tn15","2","761"
"consented_grp[1]/tn_rpt[3]/generated_note_name_438","1","764"
"consented_grp[1]/tn_rpt[3]/tn3","1","764"
"consented_grp[1]/tn_rpt[3]/tn4","2","766"
"consented_grp[1]/tn_rpt[3]/tn5","1","768"
"consented_grp[1]/tn_rpt[3]/tn10","1","769"
"consented_grp[1]/tn_rpt[3]/tn12","1","770"
"consented_grp[1]/tn_rpt[3]/tn13","1","771"
"consented_grp[1]/tn_rpt[3]/tn15","1","773"
"consented_grp[1]/irs1","2","774"
"consented_grp[1]/ws1","3","776"
"consented_grp[1]/ws3","2","779"
"consented_grp[1]/ws4","2","781"
"consented_grp[1]/ws5","17","783"
"consented_grp[1]/ws6","15","799"
"consented_grp[1]/ws7","2","814"
"consented_grp[1]/ws9","1","816"
"consented_grp[1]/ws11","4","817"
"consented_grp[1]/ws12","2","821"
"consented_grp[1]/ws14","2","823"
"consented_grp[1]/ws15","2","825"
"consented_grp[1]/ws16","1","826"
"consented_grp[1]/ws17","2","827"
"consented_grp[1]/hw1_grp[1]/hw1_note","3","829"
"consented_grp[1]/hw1_grp[1]/hw1","3","829"
"consented_grp[1]/hw5","2","832"
"consented_grp[1]/death_note","1","833"
"consented_grp[1]/dc0a","2","835"
"consented_grp[1]/main_respondent","5","836"
"consented_grp[1]/survey_language","1","841"
"consented_grp[1]/survey_accomp","1","843"
"gps_backup","16","844"
"comments","200","860"
