"Field name","Total duration (seconds)","First appeared (seconds into survey)"
"intro_note","1","1"
"enum_id","6","3"
"enum_confirm_grp[1]/enum_details","2","9"
"enum_confirm_grp[1]/enum_confirm","2","9"
"community_id","7","10"
"comm_confirm_grp[1]/comm_details","3","16"
"comm_confirm_grp[1]/comm_confirm","3","16"
"iw_iden_grp[1]/iw_id","98","17"
"iw_iden_grp[1]/iw_fullname","98","17"
"iw_iden_grp[1]/iw_age","98","17"
"wm8","18","105"
"wm9_grp[1]/wm9b","6","119"
"wm9_grp[1]/consent","6","119"
"consented_grp[1]/wb3_age_sel","7","122"
"consented_grp[1]/wb3_dob_dmy","34","126"
"consented_grp[1]/age_correct_info","10","152"
"consented_grp[1]/wb5","15","175"
"consented_grp[1]/wb5_grp[1]/wb6","7","188"
"consented_grp[1]/wb5_grp[1]/wb6a","3","194"
"consented_grp[1]/wb5_grp[1]/wb6b","3","196"
"consented_grp[1]/wb5_grp[1]/wb7","11","198"
"consented_grp[1]/wb5_grp[1]/wb10a","4","208"
"consented_grp[1]/wb5_grp[1]/wb10b","7","210"
"consented_grp[1]/wb5_grp[1]/wb12a","7","216"
"consented_grp[1]/wb5_grp[1]/wb12b","5","220"
"consented_grp[1]/wb14_grp[1]/wb14_note","29","223"
"consented_grp[1]/wb14_grp[1]/wb14","29","223"
"consented_grp[1]/wb15","51","248"
"consented_grp[1]/wb16_grp[1]/wb16a","52","296"
"consented_grp[1]/wb16_grp[1]/wb16_note","52","296"
"consented_grp[1]/wb16_grp[1]/wb16b","52","296"
"consented_grp[1]/wb17a","13","345"
"consented_grp[1]/wb17b","13","355"
"consented_grp[1]/wb18","24","366"
"consented_grp[1]/mt1","22","388"
"consented_grp[1]/mt2","23","407"
"consented_grp[1]/mt3","16","428"
"consented_grp[1]/mt4","21","441"
"consented_grp[1]/mt9","17","461"
"consented_grp[1]/mt11","7","475"
"consented_grp[1]/mt12","37","480"
"consented_grp[1]/cm1","39","513"
"consented_grp[1]/cm2","16","546"
"consented_grp[1]/cm2_grp[1]/cm3","66","558"
"consented_grp[1]/cm2_grp[1]/cm4","66","558"
"consented_grp[1]/cm5","18","573"
"consented_grp[1]/cm5_grp[1]/cm6","31","585"
"consented_grp[1]/cm5_grp[1]/cm7","31","585"
"consented_grp[1]/cm8","26","598"
"consented_grp[1]/cm12","51","619"
"consented_grp[1]/bh0","13","737"
"consented_grp[1]/bh_rpt[1]/bh1","87","749"
"consented_grp[1]/bh_rpt[1]/bh2","6","830"
"consented_grp[1]/bh_rpt[1]/bh3","6","833"
"consented_grp[1]/bh_rpt[1]/bh4_age_sel","7","836"
"consented_grp[1]/bh_rpt[1]/bh4_dob_dmy","19","839"
"consented_grp[1]/bh_rpt[1]/bh5","15","853"
"consented_grp[1]/bh_rpt[1]/bh6","51","869"
"consented_grp[1]/bh_rpt[1]/bh7","14","924"
"consented_grp[1]/bh_rpt[1]/bh10","6","937"
"consented_grp[1]/bh_rpt[2]/bh1","14","942"
"consented_grp[1]/bh_rpt[2]/bh2","6","950"
"consented_grp[1]/bh_rpt[2]/bh3","5","952"
"consented_grp[1]/bh_rpt[2]/bh4_age_sel","6","955"
"consented_grp[1]/bh_rpt[2]/bh4_dob_dmy","16","959"
"consented_grp[1]/bh_rpt[2]/bh5","5","970"
"consented_grp[1]/bh_rpt[2]/bh6","17","983"
"consented_grp[1]/bh_rpt[2]/bh7","6","998"
"consented_grp[1]/bh_rpt[2]/bh10","5","1003"
"consented_grp[1]/bh_rpt[3]/bh1","39","1006"
"consented_grp[1]/bh_rpt[3]/bh2","17","1028"
"consented_grp[1]/bh_rpt[3]/bh3","9","1040"
"consented_grp[1]/bh_rpt[3]/bh4_age_sel","6","1063"
"consented_grp[1]/bh_rpt[3]/bh4_dob_dmy","33","1066"
"consented_grp[1]/bh_rpt[3]/bh5","6","1089"
"consented_grp[1]/bh_rpt[3]/bh6","24","1094"
"consented_grp[1]/bh_rpt[3]/bh7","7","1117"
"consented_grp[1]/bh_rpt[3]/bh10","4","1123"
"consented_grp[1]/bh_rpt[4]/bh1","25","1126"
"consented_grp[1]/bh_rpt[4]/bh2","6","1148"
"consented_grp[1]/bh_rpt[4]/bh3","5","1153"
"consented_grp[1]/bh_rpt[4]/bh4_age_sel","4","1156"
"consented_grp[1]/bh_rpt[4]/bh4_dob_dmy","3600","1159"
"consented_grp[1]/bh_rpt[4]/bh5","4","1174"
"consented_grp[1]/bh_rpt[4]/bh6","36","1177"
"consented_grp[1]/bh_rpt[4]/bh7","8","1210"
"consented_grp[1]/bh_rpt[4]/bh8","15","1218"
"consented_grp[1]/bh_rpt[4]/bh10","5","1230"
"consented_grp[1]/bh_rpt[5]/bh1","16","1233"
"consented_grp[1]/bh_rpt[5]/bh2","6","1246"
"consented_grp[1]/bh_rpt[5]/bh3","3","1251"
"consented_grp[1]/bh_rpt[5]/bh4_age_sel","4","1254"
"consented_grp[1]/bh_rpt[5]/bh4_dob_dmy","28","1256"
"consented_grp[1]/bh_rpt[5]/bh5","5","1273"
"consented_grp[1]/bh_rpt[5]/bh6","8","1276"
"consented_grp[1]/bh_rpt[5]/bh7","5","1282"
"consented_grp[1]/bh_rpt[5]/bh8","11","1286"
"consented_grp[1]/bh_rpt[5]/bh10","17","1293"
"consented_grp[1]/db2","27","1297"
"consented_grp[1]/mn_rpt[1]/mn_grp[1]/mn2","22","1322"
"consented_grp[1]/mn_rpt[1]/mn_grp[1]/mn3","11","1336"
"consented_grp[1]/mn_rpt[1]/mn_grp[1]/mn4_grp[1]/mn4_a","57","1345"
"consented_grp[1]/mn_rpt[1]/mn_grp[1]/mn4_grp[1]/mn4_b","57","1345"
"consented_grp[1]/mn_rpt[1]/mn_grp[1]/mn5","83","1400"
"consented_grp[1]/mn_rpt[1]/mn_grp[1]/mn6_grp[1]/mn6_note","60","1481"
"consented_grp[1]/mn_rpt[1]/mn_grp[1]/mn6_grp[1]/mn6_label","60","1481"
"consented_grp[1]/mn_rpt[1]/mn_grp[1]/mn6_grp[1]/mn6_a","60","1481"
"consented_grp[1]/mn_rpt[1]/mn_grp[1]/mn6_grp[1]/mn6_b","60","1481"
"consented_grp[1]/mn_rpt[1]/mn_grp[1]/mn6_grp[1]/mn6_c","60","1481"
"consented_grp[1]/mn_rpt[1]/mn_grp[1]/mn7","58","1528"
"consented_grp[1]/mn_rpt[1]/mn_grp[1]/mn8","32","1571"
"consented_grp[1]/mn_rpt[1]/mn_grp[1]/mn9","13","1594"
"consented_grp[1]/mn_rpt[1]/mn_grp[1]/mn16","11","1602"
"consented_grp[1]/mn_rpt[1]/mn_grp[1]/mn17","8","1612"
"consented_grp[1]/mn_rpt[1]/mn_grp[1]/mn18","30","1619"
"consented_grp[1]/mn_rpt[1]/mn_grp[1]/mn19","11","1647"
"consented_grp[1]/mn_rpt[1]/mn_grp[1]/mn20","18","1657"
"consented_grp[1]/mn_rpt[1]/mn_grp[1]/mn21","7","1674"
"consented_grp[1]/mn_rpt[1]/mn_grp[1]/mn23","36","1681"
"consented_grp[1]/mn_rpt[1]/mn_grp[1]/mn25","20","1712"
"consented_grp[1]/mn_rpt[1]/mn_grp[1]/mn26","23","1728"
"consented_grp[1]/mn_rpt[1]/mn_grp[1]/mn30","21","1750"
"consented_grp[1]/mn_rpt[1]/mn_grp[1]/mn32","40","1769"
"consented_grp[1]/mn_rpt[1]/mn_grp[1]/mn33","12","1806"
"consented_grp[1]/mn_rpt[1]/mn_grp[1]/mn34_grp[1]/mn34_a","25","1818"
"consented_grp[1]/mn_rpt[1]/mn_grp[1]/mn34_grp[1]/mn34_b","25","1818"
"consented_grp[1]/mn_rpt[1]/mn_grp[1]/mn35","32","1841"
"consented_grp[1]/mn_rpt[1]/mn_grp[1]/mn36","9","1872"
"consented_grp[1]/mn_rpt[1]/mn_grp[1]/mn36_grp[1]/mn37","33","1880"
"consented_grp[1]/mn_rpt[1]/mn_grp[1]/mn36_grp[1]/mn37_units","33","1880"
"consented_grp[1]/mn_rpt[1]/mn_grp[1]/mn38","20","1911"
"consented_grp[1]/pn_rpt[1]/pn_grp[1]/pn_note","15","1931"
"consented_grp[1]/pn_rpt[1]/pn_grp[1]/pn3_grp[1]/pn3","32","1945"
"consented_grp[1]/pn_rpt[1]/pn_grp[1]/pn3_grp[1]/pn3_units","32","1945"
"consented_grp[1]/pn_rpt[1]/pn_grp[1]/pn4_grp[1]/pn4_note","59","1975"
"consented_grp[1]/pn_rpt[1]/pn_grp[1]/pn4_grp[1]/pn4","59","1975"
"consented_grp[1]/pn_rpt[1]/pn_grp[1]/pn5_grp[1]/pm5_note","25","2033"
"consented_grp[1]/pn_rpt[1]/pn_grp[1]/pn5_grp[1]/pn5","25","2033"
"consented_grp[1]/pn_rpt[1]/pn_grp[1]/pn6_grp[1]/pn6_note","36","2057"
"consented_grp[1]/pn_rpt[1]/pn_grp[1]/pn6_grp[1]/pn6","36","2057"
"consented_grp[1]/pn_rpt[1]/pn_grp[1]/pn17","26","2092"
"consented_grp[1]/pn_rpt[1]/pn_grp[1]/pn25_grp[1]/pn25_note","76","2115"
"consented_grp[1]/pn_rpt[1]/pn_grp[1]/pn25_grp[1]/pn25_lab","76","2115"
"consented_grp[1]/pn_rpt[1]/pn_grp[1]/pn25_grp[1]/pn25a","76","2115"
"consented_grp[1]/pn_rpt[1]/pn_grp[1]/pn25_grp[1]/pn25b","76","2115"
"consented_grp[1]/pn_rpt[1]/pn_grp[1]/pn25_grp[1]/pn25c","76","2115"
"consented_grp[1]/pn_rpt[1]/pn_grp[1]/pn27","9","2187"
"consented_grp[1]/pn_rpt[1]/pn_grp[1]/pn29a","27","2192"
"consented_grp[1]/pn_rpt[1]/pn_grp[1]/pn30","46","2214"
"consented_grp[1]/cp1_grp[1]/cp1_note","14","2259"
"consented_grp[1]/cp1_grp[1]/cp1","14","2259"
"consented_grp[1]/cp2_grp[1]/cp2_note","44","2271"
"consented_grp[1]/cp2_grp[1]/cp2","44","2271"
"consented_grp[1]/cp4","30","2314"
"consented_grp[1]/un7","23","2342"
"consented_grp[1]/un8_grp[1]/un8","21","2363"
"consented_grp[1]/un8_grp[1]/un8_units","21","2363"
"consented_grp[1]/ma1","13","2383"
"consented_grp[1]/ma2","160","2395"
"consented_grp[1]/ma3","17","2552"
"consented_grp[1]/ma7","11","2568"
"consented_grp[1]/ma8a","213","2578"
"consented_grp[1]/ma11a","34","2716"
"consented_grp[1]/af_grp[1]/af2","16","2786"
"consented_grp[1]/af_grp[1]/af3","7","2836"
"consented_grp[1]/af_grp[1]/af4","30","2842"
"consented_grp[1]/af_grp[1]/af6b","23","2871"
"consented_grp[1]/af_grp[1]/af8b","7","2893"
"consented_grp[1]/af_grp[1]/af9","10","2899"
"consented_grp[1]/af_grp[1]/af10","15","2908"
"consented_grp[1]/af_grp[1]/af11","22","2922"
"consented_grp[1]/af_grp[1]/af12","15","2943"
"consented_grp[1]/ls1_grp[1]/ls_note","91","2958"
"consented_grp[1]/ls1_grp[1]/ls1","91","2958"
"consented_grp[1]/ls2_grp[1]/ls2_note","206","3044"
"consented_grp[1]/ls2_grp[1]/ls2","206","3044"
"consented_grp[1]/ls3","47","3242"
"consented_grp[1]/ls4","40","3298"
"consented_grp[1]/survey_language","7","3337"
"consented_grp[1]/survey_accomp","8","3343"
