"Field name","Total duration (seconds)","First appeared (seconds into survey)"
"intro_note","1","1"
"enum_id","7","2"
"enum_confirm_grp[1]/enum_details","1","9"
"enum_confirm_grp[1]/enum_confirm","1","9"
"community_id","9","10"
"comm_confirm_grp[1]/comm_details","1","19"
"comm_confirm_grp[1]/comm_confirm","1","19"
"chw_iden_grp[1]/chw_id","70","20"
"chw_iden_grp[1]/chw_fullname","70","20"
"consent_grp[1]/consent_note","117","90"
"consent_grp[1]/consent","117","90"
"consented_grp[1]/consent_followup","2","207"
"consented_grp[1]/gi101","18","208"
"consented_grp[1]/gi102","3","227"
"consented_grp[1]/gi103_dob","165","230"
"consented_grp[1]/gi03_age","3","395"
"consented_grp[1]/age_mismatch","1","397"
"consented_grp[1]/gi104","7","399"
"consented_grp[1]/gi105","16","405"
"consented_grp[1]/gi107","17","422"
"consented_grp[1]/gi110","14","439"
"consented_grp[1]/gi111a","4","453"
"consented_grp[1]/gi113","2","458"
"consented_grp[1]/gi114_grp[1]/gi114_note","49","460"
"consented_grp[1]/gi114_grp[1]/gi114_a","49","460"
"consented_grp[1]/gi114_grp[1]/gi114_b","49","460"
"consented_grp[1]/gi115_grp[1]/gi115_note","31","509"
"consented_grp[1]/gi115_grp[1]/gi115_a","31","509"
"consented_grp[1]/gi115_grp[1]/gi115_b","31","509"
"consented_grp[1]/gi116_grp[1]/gi116_a","15","529"
"consented_grp[1]/gi116_grp[1]/gi116_b","15","529"
"consented_grp[1]/gi117","16","556"
"consented_grp[1]/gi118","35","570"
"consented_grp[1]/gi119","32","607"
"consented_grp[1]/gi120_grp[1]/gi120_a","20","639"
"consented_grp[1]/gi120_grp[1]/gi120_b","20","639"
"consented_grp[1]/gi121_grp[1]/gi121_a","10","659"
"consented_grp[1]/gi122_grp[1]/gi122_a","7","670"
"consented_grp[1]/gi122_grp[1]/gi122_b","7","670"
"consented_grp[1]/gi123","8","676"
"consented_grp[1]/gi124","8","684"
"consented_grp[1]/gi126","4","692"
"consented_grp[1]/gi127","4","696"
"consented_grp[1]/gi128_grp[1]/gi128","17","699"
"consented_grp[1]/gi131","26","709"
"consented_grp[1]/gi128_grp[1]/gi129","14","714"
"consented_grp[1]/gi130_grp[1]/gi130_note","2","725"
"consented_grp[1]/gi130_grp[1]/gi130a","2","725"
"consented_grp[1]/gi130_grp[1]/gi130b","2","725"
"consented_grp[1]/gi130_grp[1]/gi130c","2","725"
"consented_grp[1]/gi130_grp[1]/gi130d","2","725"
"consented_grp[1]/gi130_grp[1]/gi130e","2","725"
"consented_grp[1]/gi130_grp[1]/gi130f","2","725"
"consented_grp[1]/gi130_grp[1]/gi130g","2","725"
"consented_grp[1]/gi130_grp[1]/gi130h","2","725"
"consented_grp[1]/ts201_intronote","5","760"
"consented_grp[1]/ts201_grp[1]/ts201_note","74","763"
"consented_grp[1]/ts201_grp[1]/ts201_label","74","763"
"consented_grp[1]/ts201_grp[1]/ts201_a","74","763"
"consented_grp[1]/ts201_grp[1]/ts201_b","74","763"
"consented_grp[1]/ts201_grp[1]/ts201_c","74","763"
"consented_grp[1]/ts201_grp[1]/ts201_d","74","763"
"consented_grp[1]/ts201_grp[1]/ts201_e","74","763"
"consented_grp[1]/ts201_grp[1]/ts201_f","74","763"
"consented_grp[1]/ts201_grp[1]/ts201_g","74","763"
"consented_grp[1]/ts201_grp[1]/ts201_h","74","763"
"consented_grp[1]/ts201_grp[1]/ts201_i","74","763"
"consented_grp[1]/ts201_grp[1]/ts201_j","74","763"
"consented_grp[1]/ts201_grp[1]/ts201_k","74","763"
"consented_grp[1]/ts201_grp[1]/ts201_l","74","763"
"consented_grp[1]/ts201_grp[1]/ts201_m","74","763"
"consented_grp[1]/ts201_grp[1]/ts201_n","74","763"
"consented_grp[1]/ts201_grp[1]/ts201_o","74","763"
"consented_grp[1]/ts201_grp[1]/ts201_p","74","763"
"consented_grp[1]/ts201_grp[1]/ts201_q","74","763"
"consented_grp[1]/ts201_grp[1]/ts201_r","74","763"
"consented_grp[1]/ts202_grp[1]/ts202_note","34","839"
"consented_grp[1]/ts202_grp[1]/ts202_label","34","839"
"consented_grp[1]/ts202_grp[1]/ts202_a","34","839"
"consented_grp[1]/ts202_grp[1]/ts202_b","34","839"
"consented_grp[1]/ts202_grp[1]/ts202_c","34","839"
"consented_grp[1]/ts202_grp[1]/ts202_d","34","839"
"consented_grp[1]/ts202_grp[1]/ts202_e","34","839"
"consented_grp[1]/ts203","17","873"
"consented_grp[1]/ts206_grp[1]/ts206_note","145","890"
"consented_grp[1]/ts206_grp[1]/ts206_label","145","890"
"consented_grp[1]/ts206_grp[1]/ts206_a","145","890"
"consented_grp[1]/ts206_grp[1]/ts206_b","145","890"
"consented_grp[1]/ts206_grp[1]/ts206_c","145","890"
"consented_grp[1]/ts206_grp[1]/ts206_d","145","890"
"consented_grp[1]/ts206_grp[1]/ts206_e","145","890"
"consented_grp[1]/ts206_grp[1]/ts206_f","145","890"
"consented_grp[1]/ts206_grp[1]/ts206_g","145","890"
"consented_grp[1]/ts206_grp[1]/ts206_h","145","890"
"consented_grp[1]/ts206_grp[1]/ts206_i","145","890"
"consented_grp[1]/ts206_grp[1]/ts206_j","145","890"
"consented_grp[1]/ts206_grp[1]/ts206_k","145","890"
"consented_grp[1]/ts206_grp[1]/ts206_l","145","890"
"consented_grp[1]/ts206_grp[1]/ts206_m","145","890"
"consented_grp[1]/ts206_grp[1]/ts206_n","145","890"
"consented_grp[1]/ts206_grp[1]/ts206_o","145","890"
"consented_grp[1]/ts206_grp[1]/ts206_p","145","890"
"consented_grp[1]/ts206_grp[1]/ts206_q","145","890"
"consented_grp[1]/ts206_grp[1]/ts206_r","145","890"
"consented_grp[1]/ts206_grp[1]/ts206_s","145","890"
"consented_grp[1]/ts206_grp[1]/ts206_t","145","890"
"consented_grp[1]/ts206_grp[1]/ts206_u","145","890"
"consented_grp[1]/ts206_grp[1]/ts206_v","145","890"
"consented_grp[1]/ts206_grp[1]/ts206_w","145","890"
"consented_grp[1]/ts206_grp[1]/ts206_x","145","890"
"consented_grp[1]/p301","12","1035"
"consented_grp[1]/p302","5","1048"
"consented_grp[1]/p303_grp[1]/p303_note","13","1053"
"consented_grp[1]/p303_grp[1]/p303_a","13","1053"
"consented_grp[1]/p303_grp[1]/p303_b","13","1053"
"consented_grp[1]/p303_grp[1]/p303_c","13","1053"
"consented_grp[1]/p303_grp[1]/p303_d","13","1053"
"consented_grp[1]/p303_grp[1]/p303_e","13","1053"
"consented_grp[1]/p303_grp[1]/p303_f","13","1053"
"consented_grp[1]/p304","9","1066"
"consented_grp[1]/p307","13","1076"
"consented_grp[1]/p310","5","1088"
"consented_grp[1]/s401","5","1094"
"consented_grp[1]/s401_grp[1]/s402_grp[1]/s402","23","1099"
"consented_grp[1]/s401_grp[1]/s402_grp[1]/s402_label","23","1099"
"consented_grp[1]/s401_grp[1]/s402_grp[1]/s402_a","23","1099"
"consented_grp[1]/s401_grp[1]/s402_grp[1]/s402_b","23","1099"
"consented_grp[1]/s401_grp[1]/s402_grp[1]/s402_c","23","1099"
"consented_grp[1]/s401_grp[1]/s402_grp[1]/s402_d","23","1099"
"consented_grp[1]/s401_grp[1]/s402_grp[1]/s402_e","23","1099"
"consented_grp[1]/s401_grp[1]/s402_grp[1]/s402_f","23","1099"
"consented_grp[1]/s401_grp[1]/s403","30","1122"
"consented_grp[1]/s401_grp[1]/s404","10","1152"
"consented_grp[1]/s401_grp[1]/s405","27","1162"
"consented_grp[1]/s401_grp[1]/s406_grp[1]/s406_note","52","1189"
"consented_grp[1]/s401_grp[1]/s406_grp[1]/s406_label","52","1189"
"consented_grp[1]/s401_grp[1]/s406_grp[1]/s406_a","52","1189"
"consented_grp[1]/s401_grp[1]/s406_grp[1]/s406_b","52","1189"
"consented_grp[1]/s401_grp[1]/s406_grp[1]/s406_c","52","1189"
"consented_grp[1]/s401_grp[1]/s406_grp[1]/s406_d","52","1189"
"consented_grp[1]/s401_grp[1]/s406_grp[1]/s406_e","52","1189"
"consented_grp[1]/s401_grp[1]/s406_grp[1]/s406_f","52","1189"
"consented_grp[1]/s401_grp[1]/s406_grp[1]/s406_g","52","1189"
"consented_grp[1]/s401_grp[1]/s406_grp[1]/s406_h","52","1189"
"consented_grp[1]/s401_grp[1]/s406_grp[1]/s406_i","52","1189"
"consented_grp[1]/s401_grp[1]/s406_grp[1]/s406_j","52","1189"
"consented_grp[1]/s401_grp[1]/s406_grp[1]/s406_k","52","1189"
"consented_grp[1]/s401_grp[1]/s406_grp[1]/s406_l","52","1189"
"consented_grp[1]/s401_grp[1]/s406_grp[1]/s406_m","52","1189"
"consented_grp[1]/s401_grp[1]/s406_grp[1]/s406_n","52","1189"
"consented_grp[1]/s401_grp[1]/s406_grp[1]/s406_o","52","1189"
"consented_grp[1]/s401_grp[1]/s406_grp[1]/s406_p","52","1189"
"consented_grp[1]/fmc501","7","1241"
"consented_grp[1]/chwr601_grp[1]/chwr_note","102","1248"
"consented_grp[1]/chwr601_grp[1]/chwr601_label","102","1248"
"consented_grp[1]/chwr601_grp[1]/chwr601_a","102","1248"
"consented_grp[1]/chwr601_grp[1]/chwr601_b","102","1248"
"consented_grp[1]/chwr601_grp[1]/chwr601_c","102","1248"
"consented_grp[1]/chwr601_grp[1]/chwr601_d","102","1248"
"consented_grp[1]/chwr601_grp[1]/chwr601_e","102","1248"
"consented_grp[1]/chwr601_grp[1]/chwr601_f","102","1248"
"consented_grp[1]/chwr601_grp[1]/chwr601_g","102","1248"
"consented_grp[1]/chwr601_grp[1]/chwr601_h","102","1248"
"consented_grp[1]/chwr601_grp[1]/chwr601_i","102","1248"
"consented_grp[1]/chwr601_grp[1]/chwr601_j","102","1248"
"consented_grp[1]/chwr601_grp[1]/chwr601_k","102","1248"
"consented_grp[1]/chwr601_grp[1]/chwr601_l","102","1248"
"consented_grp[1]/chwr601_grp[1]/chwr601_m","102","1248"
"consented_grp[1]/chwr601_grp[1]/chwr601_n","102","1248"
"consented_grp[1]/chwr601_grp[1]/chwr601_o","102","1248"
"consented_grp[1]/chwr602_grp[1]/chwr602_note","57","1350"
"consented_grp[1]/chwr602_grp[1]/chwr602_label","57","1350"
"consented_grp[1]/chwr602_grp[1]/chwr602_a","57","1350"
"consented_grp[1]/chwr602_grp[1]/chwr602_b","57","1350"
"consented_grp[1]/chwr602_grp[1]/chwr602_c","57","1350"
"consented_grp[1]/chwr602_grp[1]/chwr602_d","57","1350"
"consented_grp[1]/chwr602_grp[1]/chwr602_e","57","1350"
"consented_grp[1]/chwr602_grp[1]/chwr602_f","57","1350"
"consented_grp[1]/chwr602_grp[1]/chwr602_g","57","1350"
"consented_grp[1]/chwr602_grp[1]/chwr602_h","57","1350"
"consented_grp[1]/chwr602_grp[1]/chwr602_i","57","1350"
"consented_grp[1]/chwr602_grp[1]/chwr602_j","57","1350"
"consented_grp[1]/chwr602_grp[1]/chwr602_k","57","1350"
"consented_grp[1]/chwr602_grp[1]/chwr602_l","57","1350"
"consented_grp[1]/chwr602_grp[1]/chwr602_m","57","1350"
"consented_grp[1]/chwr602_grp[1]/chwr602_n","57","1350"
"consented_grp[1]/chwr602_grp[1]/chwr602_o","57","1350"
"consented_grp[1]/chwr603_grp[1]/chwr603_note","50","1407"
"consented_grp[1]/chwr603_grp[1]/chwr603_label","50","1407"
"consented_grp[1]/chwr603_grp[1]/chwr603_a","50","1407"
"consented_grp[1]/chwr603_grp[1]/chwr603_b","50","1407"
"consented_grp[1]/chwr603_grp[1]/chwr603_c","50","1407"
"consented_grp[1]/chwr603_grp[1]/chwr603_d","50","1407"
"consented_grp[1]/chwr603_grp[1]/chwr603_e","50","1407"
"consented_grp[1]/chwr603_grp[1]/chwr603_f","50","1407"
"consented_grp[1]/chwr603_grp[1]/chwr603_g","50","1407"
"consented_grp[1]/chwr603_grp[1]/chwr603_h","50","1407"
"consented_grp[1]/chwr603_grp[1]/chwr603_i","50","1407"
"consented_grp[1]/chwr603_grp[1]/chwr603_j","50","1407"
"consented_grp[1]/chwr603_grp[1]/chwr603_k","50","1407"
"consented_grp[1]/chwr603_grp[1]/chwr603_l","50","1407"
"consented_grp[1]/chwr603_grp[1]/chwr603_m","50","1407"
"consented_grp[1]/chwr603_grp[1]/chwr603_n","50","1407"
"consented_grp[1]/chwr603_grp[1]/chwr603_o","50","1407"
"consented_grp[1]/chwr604_grp[1]/chwr604_note","43","1457"
"consented_grp[1]/chwr604_grp[1]/chwr604_label","43","1457"
"consented_grp[1]/chwr604_grp[1]/chwr604_a","43","1457"
"consented_grp[1]/chwr604_grp[1]/chwr604_b","43","1457"
"consented_grp[1]/chwr604_grp[1]/chwr604_c","43","1457"
"consented_grp[1]/chwr604_grp[1]/chwr604_d","43","1457"
"consented_grp[1]/chwr604_grp[1]/chwr604_e","43","1457"
"consented_grp[1]/chwr604_grp[1]/chwr604_f","43","1457"
"consented_grp[1]/chwr604_grp[1]/chwr604_g","43","1457"
"consented_grp[1]/chwr604_grp[1]/chwr604_h","43","1457"
"consented_grp[1]/chwr604_grp[1]/chwr604_i","43","1457"
"consented_grp[1]/chwr604_grp[1]/chwr604_j","43","1457"
"consented_grp[1]/chwr604_grp[1]/chwr604_k","43","1457"
"consented_grp[1]/chwr604_grp[1]/chwr604_l","43","1457"
"consented_grp[1]/chwr604_grp[1]/chwr604_m","43","1457"
"consented_grp[1]/chwr604_grp[1]/chwr604_n","43","1457"
"consented_grp[1]/chwr604_grp[1]/chwr604_o","43","1457"
"consented_grp[1]/chwr605_grp[1]/chwr605_note","53","1500"
"consented_grp[1]/chwr605_grp[1]/chwr605_label","53","1500"
"consented_grp[1]/chwr605_grp[1]/chwr605_a","53","1500"
"consented_grp[1]/chwr605_grp[1]/chwr605_b","53","1500"
"consented_grp[1]/chwr605_grp[1]/chwr605_c","53","1500"
"consented_grp[1]/chwr605_grp[1]/chwr605_d","53","1500"
"consented_grp[1]/chwr605_grp[1]/chwr605_e","53","1500"
"consented_grp[1]/chwr605_grp[1]/chwr605_f","53","1500"
"consented_grp[1]/chwr605_grp[1]/chwr605_g","53","1500"
"consented_grp[1]/chwr605_grp[1]/chwr605_h","53","1500"
"consented_grp[1]/chwr605_grp[1]/chwr605_i","53","1500"
"consented_grp[1]/chwr606","11","1553"
"consented_grp[1]/chwr607","3","1564"
"consented_grp[1]/chwr609_note","3","1567"
"consented_grp[1]/chwr609_a","10","1570"
"consented_grp[1]/chwr609_b","5","1581"
"consented_grp[1]/chwr609_c","2","1585"
"consented_grp[1]/chwr609_d","2","1588"
"consented_grp[1]/chwr609_e","4","1590"
"consented_grp[1]/chwr609_f","3","1594"
"consented_grp[1]/chwr609_g","4","1596"
"consented_grp[1]/chwr609_h","6","1601"
"consented_grp[1]/chwr609_i","7","1607"
"consented_grp[1]/chwr609_j","7","1614"
"consented_grp[1]/chwr609_k","8","1621"
"consented_grp[1]/chwr609_l","3","1629"
"consented_grp[1]/chwr609_m","3","1632"
"consented_grp[1]/chwr609_n","6","1635"
"consented_grp[1]/chwr609_o","8","1641"
"consented_grp[1]/chwr609_p","7","1648"
"consented_grp[1]/chwr609_q","8","1655"
"consented_grp[1]/chwr609_r","11","1663"
"consented_grp[1]/chwr610_grp[1]/chwr610_note","51","1674"
"consented_grp[1]/chwr610_grp[1]/chwr610_labels","51","1674"
"consented_grp[1]/chwr610_grp[1]/chwr610_a","51","1674"
"consented_grp[1]/chwr610_grp[1]/chwr610_b","51","1674"
"consented_grp[1]/chwr610_grp[1]/chwr610_c","51","1674"
"consented_grp[1]/chwr610_grp[1]/chwr610_d","51","1674"
"consented_grp[1]/chwr610_grp[1]/chwr610_e","51","1674"
"consented_grp[1]/chwr610_grp[1]/chwr610_f","51","1674"
"consented_grp[1]/chwr610_grp[1]/chwr610_g","51","1674"
"consented_grp[1]/chwr610_grp[1]/chwr610_h","51","1674"
"consented_grp[1]/chwr610_grp[1]/chwr610_i","51","1674"
"consented_grp[1]/chwr610_grp[1]/chwr610_j","51","1674"
"consented_grp[1]/chwr610_grp[1]/chwr610_k","51","1674"
"consented_grp[1]/chwr610_grp[1]/chwr610_l","51","1674"
"consented_grp[1]/chwr610_grp[1]/chwr610_m","51","1674"
"consented_grp[1]/chwr610_grp[1]/chwr610_n","51","1674"
"consented_grp[1]/chwr610_grp[1]/chwr610_o","51","1674"
"consented_grp[1]/chwr610_grp[1]/chwr610_p","51","1674"
"consented_grp[1]/chwr610_grp[1]/chwr610_q","51","1674"
"consented_grp[1]/chwr610_grp[1]/chwr610_r","51","1674"
"consented_grp[1]/chws7_note1","15","1725"
"consented_grp[1]/chws7_note2","2","1740"
"consented_grp[1]/chws701","83","1742"
"consented_grp[1]/chws702","13","1825"
"consented_grp[1]/chws703","9","1839"
"consented_grp[1]/chws704","12","1847"
"consented_grp[1]/chws705","3","1859"
"consented_grp[1]/chws706","16","1862"
"consented_grp[1]/chws707","4","1878"
"consented_grp[1]/chws708","3","1881"
"consented_grp[1]/chws709","8","1885"
"consented_grp[1]/chws710","10","1892"
"consented_grp[1]/chws711","11","1902"
"consented_grp[1]/chws712","8","1914"
"consented_grp[1]/chws713","12","1922"
"consented_grp[1]/chws714","13","1934"
"consented_grp[1]/chws715","12","1947"
"consented_grp[1]/chws716","3","1959"
"consented_grp[1]/chws717","11","1962"
"consented_grp[1]/chws718","3","1973"
"consented_grp[1]/chws719","3","1976"
"consented_grp[1]/chws720","14","1979"
"consented_grp[1]/chws721","10","1993"
"consented_grp[1]/chws722","9","2003"
"consented_grp[1]/chws723","13","2012"
"consented_grp[1]/chws724","7","2025"
"consented_grp[1]/chwm8_note1","6","2032"
"consented_grp[1]/chwm8_note2","2","2034"
"consented_grp[1]/chwm801","7","2041"
"consented_grp[1]/chwm802","5","2048"
"consented_grp[1]/chwm803","6","2052"
"consented_grp[1]/chwm804","7","2059"
"consented_grp[1]/chwm805","13","2066"
"consented_grp[1]/chwm806","3","2078"
"consented_grp[1]/chwm807","11","2081"
"consented_grp[1]/chwm808","22","2092"
"consented_grp[1]/chwm809","5","2114"
"consented_grp[1]/chwm810","6","2119"
"consented_grp[1]/gps_backup","2","2125"
"comments","168","2127"
