"Field name","Total duration (seconds)","First appeared (seconds into survey)"
"intro_note","3","28"
"enum_id","20","30"
"enum_confirm_grp[1]/enum_details","5","40"
"enum_confirm_grp[1]/enum_confirm","5","40"
"community_id","12","42"
"comm_confirm_grp[1]/comm_details","5","69"
"comm_confirm_grp[1]/comm_confirm","5","69"
"iw_iden_grp[1]/iw_id","237","70"
"iw_iden_grp[1]/iw_fullname","237","70"
"iw_iden_grp[1]/iw_age","237","70"
"wm8","50","298"
"wm9_grp[1]/wm9a","75","302"
"wm9_grp[1]/consent","75","302"
"consented_grp[1]/wb3_age_sel","26","366"
"consented_grp[1]/wb3_dob_dmy","24","382"
"consented_grp[1]/wb5","10","398"
"consented_grp[1]/wb14_grp[1]/wb14_note","33","402"
"consented_grp[1]/wb14_grp[1]/wb14","33","402"
"consented_grp[1]/wb15","240","408"
"consented_grp[1]/wb16_grp[1]/wb16a","69","515"
"consented_grp[1]/wb16_grp[1]/wb16_note","69","515"
"consented_grp[1]/wb16_grp[1]/wb16b","69","515"
"consented_grp[1]/wb17a","15","553"
"consented_grp[1]/wb17b","12","579"
"consented_grp[1]/wb18","10","586"
"consented_grp[1]/mt1","11","590"
"consented_grp[1]/mt2","11","597"
"consented_grp[1]/mt3","7","602"
"consented_grp[1]/mt4","9","605"
"consented_grp[1]/mt9","13","608"
"consented_grp[1]/mt11","11","612"
"consented_grp[1]/mt12","49","614"
"consented_grp[1]/cm1","33","631"
"consented_grp[1]/cm2","22","638"
"consented_grp[1]/cm2_grp[1]/cm3","65","643"
"consented_grp[1]/cm2_grp[1]/cm4","65","643"
"consented_grp[1]/cm5","45","654"
"consented_grp[1]/cm5_grp[1]/cm6","127","661"
"consented_grp[1]/cm5_grp[1]/cm7","127","661"
"consented_grp[1]/cm8","22","711"
"consented_grp[1]/cm12","26","720"
"consented_grp[1]/bh0","3","1034"
"consented_grp[1]/bh_rpt[1]/bh1","11","1037"
"consented_grp[1]/bh_rpt[1]/bh2","3","1046"
"consented_grp[1]/bh_rpt[1]/bh3","3","1049"
"consented_grp[1]/bh_rpt[1]/bh4_age_sel","8","1051"
"consented_grp[1]/bh_rpt[1]/bh4_dob_my","22","1058"
"consented_grp[1]/bh_rpt[1]/bh5","4","1079"
"consented_grp[1]/bh_rpt[1]/bh6","7","1082"
"consented_grp[1]/bh_rpt[1]/bh7","5","1087"
"consented_grp[1]/bh_rpt[1]/bh10","7","1091"
"consented_grp[1]/bh_rpt[2]/bh1","10","1098"
"consented_grp[1]/bh_rpt[2]/bh2","5","1107"
"consented_grp[1]/bh_rpt[2]/bh3","5","1111"
"consented_grp[1]/bh_rpt[2]/bh4_age_sel","8","1114"
"consented_grp[1]/bh_rpt[2]/bh4_dob_my","44","1118"
"consented_grp[1]/bh_rpt[2]/bh5","8","1147"
"consented_grp[1]/bh_rpt[2]/bh6","14","1150"
"consented_grp[1]/bh_rpt[2]/bh7","4","1185"
"consented_grp[1]/bh_rpt[2]/bh10","7","1188"
"consented_grp[1]/bh_rpt[3]/bh1","30","1195"
"consented_grp[1]/bh_rpt[3]/bh2","3","1224"
"consented_grp[1]/bh_rpt[3]/bh3","5","1226"
"consented_grp[1]/bh_rpt[3]/bh4_age_sel","16","1230"
"consented_grp[1]/bh_rpt[3]/bh4_dob_dmy","37","1243"
"consented_grp[1]/bh_rpt[3]/bh5","8","1271"
"consented_grp[1]/bh_rpt[3]/bh6","19","1276"
"consented_grp[1]/bh_rpt[3]/bh7","8","1288"
"consented_grp[1]/bh_rpt[3]/bh8","49","1291"
"consented_grp[1]/bh_rpt[3]/bh10","25","1335"
"consented_grp[1]/bh_rpt[4]/bh1","31","1355"
"consented_grp[1]/bh_rpt[4]/bh2","7","1381"
"consented_grp[1]/bh_rpt[4]/bh3","7","1383"
"consented_grp[1]/bh_rpt[4]/bh4_age_sel","8","1385"
"consented_grp[1]/bh_rpt[4]/bh4_dob_dmy","46","1390"
"consented_grp[1]/bh_rpt[4]/bh5","4","1471"
"consented_grp[1]/bh_rpt[4]/bh6","8","1474"
"consented_grp[1]/bh_rpt[4]/bh7","7","1479"
"consented_grp[1]/bh_rpt[4]/bh8","26","1482"
"consented_grp[1]/bh_rpt[4]/bh10","8","1507"
"consented_grp[1]/db2","14","1511"
"consented_grp[1]/mn_rpt[1]/mn_grp[1]/mn2","11","1522"
"consented_grp[1]/mn_rpt[1]/mn_grp[1]/mn3","22","1531"
"consented_grp[1]/mn_rpt[1]/mn_grp[1]/mn4_grp[1]/mn4_a","22","1536"
"consented_grp[1]/mn_rpt[1]/mn_grp[1]/mn4_grp[1]/mn4_b","22","1536"
"consented_grp[1]/mn_rpt[1]/mn_grp[1]/mn5","108","1552"
"consented_grp[1]/mn_rpt[1]/mn_grp[1]/mn6_grp[1]/mn6_note","30","1654"
"consented_grp[1]/mn_rpt[1]/mn_grp[1]/mn6_grp[1]/mn6_label","30","1654"
"consented_grp[1]/mn_rpt[1]/mn_grp[1]/mn6_grp[1]/mn6_a","30","1654"
"consented_grp[1]/mn_rpt[1]/mn_grp[1]/mn6_grp[1]/mn6_b","30","1654"
"consented_grp[1]/mn_rpt[1]/mn_grp[1]/mn6_grp[1]/mn6_c","30","1654"
"consented_grp[1]/mn_rpt[1]/mn_grp[1]/mn7","62","1681"
"consented_grp[1]/mn_rpt[1]/mn_grp[1]/mn8","61","1698"
"consented_grp[1]/mn_rpt[1]/mn_grp[1]/mn9","30","1781"
"consented_grp[1]/mn_rpt[1]/mn_grp[1]/mn16","15","1810"
"consented_grp[1]/mn_rpt[1]/mn_grp[1]/mn17","24","1824"
"consented_grp[1]/mn_rpt[1]/mn_grp[1]/mn18","47","1847"
"consented_grp[1]/mn_rpt[1]/mn_grp[1]/mn19","101","1894"
"consented_grp[1]/mn_rpt[1]/mn_grp[1]/mn20","40","1964"
"consented_grp[1]/mn_rpt[1]/mn_grp[1]/mn21","32","1990"
"consented_grp[1]/mn_rpt[1]/mn_grp[1]/mn23","34","2028"
"consented_grp[1]/mn_rpt[1]/mn_grp[1]/mn25","24","2060"
"consented_grp[1]/mn_rpt[1]/mn_grp[1]/mn26","48","2081"
"consented_grp[1]/mn_rpt[1]/mn_grp[1]/mn30","37","2124"
"consented_grp[1]/mn_rpt[1]/mn_grp[1]/mn32","22","2164"
"consented_grp[1]/mn_rpt[1]/mn_grp[1]/mn33","14","2184"
"consented_grp[1]/mn_rpt[1]/mn_grp[1]/mn34_grp[1]/mn34_a","47","2196"
"consented_grp[1]/mn_rpt[1]/mn_grp[1]/mn34_grp[1]/mn34_b","47","2196"
"consented_grp[1]/mn_rpt[1]/mn_grp[1]/mn35","17","2241"
"consented_grp[1]/mn_rpt[1]/mn_grp[1]/mn36","17","2256"
"consented_grp[1]/mn_rpt[1]/mn_grp[1]/mn36_grp[1]/mn37","48","2273"
"consented_grp[1]/mn_rpt[1]/mn_grp[1]/mn36_grp[1]/mn37_units","48","2273"
"consented_grp[1]/mn_rpt[1]/mn_grp[1]/mn38","28","2317"
"consented_grp[1]/pn_rpt[1]/pn_grp[1]/pn_note","14","2343"
"consented_grp[1]/pn_rpt[1]/pn_grp[1]/pn3_grp[1]/pn3","132","2356"
"consented_grp[1]/pn_rpt[1]/pn_grp[1]/pn3_grp[1]/pn3_units","132","2356"
"consented_grp[1]/pn_rpt[1]/pn_grp[1]/pn4_grp[1]/pn4_note","44","2484"
"consented_grp[1]/pn_rpt[1]/pn_grp[1]/pn4_grp[1]/pn4","44","2484"
"consented_grp[1]/pn_rpt[1]/pn_grp[1]/pn5_grp[1]/pm5_note","45","2524"
"consented_grp[1]/pn_rpt[1]/pn_grp[1]/pn5_grp[1]/pn5","45","2524"
"consented_grp[1]/pn_rpt[1]/pn_grp[1]/pn6_grp[1]/pn6_note","7","2567"
"consented_grp[1]/pn_rpt[1]/pn_grp[1]/pn6_grp[1]/pn6","7","2567"
"consented_grp[1]/pn_rpt[1]/pn_grp[1]/pn17","10","2572"
"consented_grp[1]/pn_rpt[1]/pn_grp[1]/pn25_grp[1]/pn25_note","45","2581"
"consented_grp[1]/pn_rpt[1]/pn_grp[1]/pn25_grp[1]/pn25_lab","45","2581"
"consented_grp[1]/pn_rpt[1]/pn_grp[1]/pn25_grp[1]/pn25a","45","2581"
"consented_grp[1]/pn_rpt[1]/pn_grp[1]/pn25_grp[1]/pn25b","45","2581"
"consented_grp[1]/pn_rpt[1]/pn_grp[1]/pn25_grp[1]/pn25c","45","2581"
"consented_grp[1]/pn_rpt[1]/pn_grp[1]/pn27","10","2623"
"consented_grp[1]/pn_rpt[1]/pn_grp[1]/pn29a","49","2632"
"consented_grp[1]/pn_rpt[1]/pn_grp[1]/pn30","95","2670"
"consented_grp[1]/cp1_grp[1]/cp1_note","76","2740"
"consented_grp[1]/cp1_grp[1]/cp1","76","2740"
"consented_grp[1]/cp2_grp[1]/cp2_note","42","2833"
"consented_grp[1]/cp2_grp[1]/cp2","42","2833"
"consented_grp[1]/cp4","29","2865"
"consented_grp[1]/cp4_osp","18","2877"
"consented_grp[1]/un7","40","2892"
"consented_grp[1]/un8_grp[1]/un8","30","2929"
"consented_grp[1]/un8_grp[1]/un8_units","30","2929"
"consented_grp[1]/ma1","87","2953"
"consented_grp[1]/ma2","14","3023"
"consented_grp[1]/ma3","29","3034"
"consented_grp[1]/ma7","26","3061"
"consented_grp[1]/ma8b","143","3084"
"consented_grp[1]/ma11b","55","3227"
"consented_grp[1]/af_grp[1]/af2","32","3281"
"consented_grp[1]/af_grp[1]/af3","7","3312"
"consented_grp[1]/af_grp[1]/af4","49","3317"
"consented_grp[1]/af_grp[1]/af6b","34","3365"
"consented_grp[1]/af_grp[1]/af8b","8","3399"
"consented_grp[1]/af_grp[1]/af9","14","3405"
"consented_grp[1]/af_grp[1]/af10","8","3418"
"consented_grp[1]/af_grp[1]/af11","16","3425"
"consented_grp[1]/af_grp[1]/af12","43","3439"
"consented_grp[1]/ls1_grp[1]/ls_note","65","3481"
"consented_grp[1]/ls1_grp[1]/ls1","65","3481"
"consented_grp[1]/ls2_grp[1]/ls2_note","103","3542"
"consented_grp[1]/ls2_grp[1]/ls2","103","3542"
"consented_grp[1]/ls3","88","3597"
"consented_grp[1]/ls4","61","3687"
"consented_grp[1]/survey_language","19","3791"
"consented_grp[1]/survey_accomp","24","3808"
"consented_grp[1]/comment","58","3830"
