"Field name","Total duration (seconds)","First appeared (seconds into survey)"
"intro_note","1","5"
"enum_id","10","6"
"enum_confirm_grp[1]/enum_details","1","16"
"enum_confirm_grp[1]/enum_confirm","1","16"
"community_id","32","17"
"comm_confirm_grp[1]/comm_details","10","49"
"comm_confirm_grp[1]/comm_confirm","10","49"
"chw_iden_grp[1]/chw_id","29","60"
"chw_iden_grp[1]/chw_fullname","29","60"
"consent_grp[1]/consent_note","223","88"
"consent_grp[1]/consent","223","88"
"consented_grp[1]/consent_followup","4","311"
"consented_grp[1]/gi101","2","315"
"consented_grp[1]/gi101_spec","5","317"
"consented_grp[1]/gi102","2","322"
"consented_grp[1]/gi103_dob","61","325"
"consented_grp[1]/gi03_age","3","385"
"consented_grp[1]/age_mismatch","2","389"
"consented_grp[1]/gi104","22","390"
"consented_grp[1]/gi105","4","399"
"consented_grp[1]/gi106","9","417"
"consented_grp[1]/gi107","54","426"
"consented_grp[1]/gi110","16","480"
"consented_grp[1]/gi111a","3","496"
"consented_grp[1]/gi113","5","499"
"consented_grp[1]/gi114_grp[1]/gi114_note","31","503"
"consented_grp[1]/gi114_grp[1]/gi114_a","31","503"
"consented_grp[1]/gi114_grp[1]/gi114_b","31","503"
"consented_grp[1]/gi115_grp[1]/gi115_note","184","535"
"consented_grp[1]/gi115_grp[1]/gi115_a","184","535"
"consented_grp[1]/gi115_grp[1]/gi115_b","184","535"
"consented_grp[1]/gi116_grp[1]/gi116_a","17","719"
"consented_grp[1]/gi116_grp[1]/gi116_b","17","719"
"consented_grp[1]/gi117","23","736"
"consented_grp[1]/gi118","23","759"
"consented_grp[1]/gi119","31","782"
"consented_grp[1]/gi120_grp[1]/gi120_a","27","814"
"consented_grp[1]/gi120_grp[1]/gi120_b","27","814"
"consented_grp[1]/gi121_grp[1]/gi121_a","102","841"
"consented_grp[1]/gi122_grp[1]/gi122_a","19","943"
"consented_grp[1]/gi122_grp[1]/gi122_b","19","943"
"consented_grp[1]/gi123","8","962"
"consented_grp[1]/gi124","37","970"
"consented_grp[1]/gi125","3","1005"
"consented_grp[1]/gi126","4","1010"
"consented_grp[1]/gi127","7","1014"
"consented_grp[1]/gi128_grp[1]/gi128","137","1020"
"consented_grp[1]/gi131","10","1157"
"consented_grp[1]/ts201_intronote","4","1167"
"consented_grp[1]/ts201_grp[1]/ts201_note","233","1171"
"consented_grp[1]/ts201_grp[1]/ts201_label","233","1171"
"consented_grp[1]/ts201_grp[1]/ts201_a","233","1171"
"consented_grp[1]/ts201_grp[1]/ts201_b","233","1171"
"consented_grp[1]/ts201_grp[1]/ts201_c","233","1171"
"consented_grp[1]/ts201_grp[1]/ts201_d","233","1171"
"consented_grp[1]/ts201_grp[1]/ts201_e","233","1171"
"consented_grp[1]/ts201_grp[1]/ts201_f","233","1171"
"consented_grp[1]/ts201_grp[1]/ts201_g","233","1171"
"consented_grp[1]/ts201_grp[1]/ts201_h","233","1171"
"consented_grp[1]/ts201_grp[1]/ts201_i","233","1171"
"consented_grp[1]/ts201_grp[1]/ts201_j","233","1171"
"consented_grp[1]/ts201_grp[1]/ts201_k","233","1171"
"consented_grp[1]/ts201_grp[1]/ts201_l","233","1171"
"consented_grp[1]/ts201_grp[1]/ts201_m","233","1171"
"consented_grp[1]/ts201_grp[1]/ts201_n","233","1171"
"consented_grp[1]/ts201_grp[1]/ts201_o","233","1171"
"consented_grp[1]/ts201_grp[1]/ts201_p","233","1171"
"consented_grp[1]/ts201_grp[1]/ts201_q","233","1171"
"consented_grp[1]/ts201_grp[1]/ts201_r","233","1171"
"consented_grp[1]/ts201_osp","8","1404"
"consented_grp[1]/ts202_grp[1]/ts202_note","56","1412"
"consented_grp[1]/ts202_grp[1]/ts202_label","56","1412"
"consented_grp[1]/ts202_grp[1]/ts202_a","56","1412"
"consented_grp[1]/ts202_grp[1]/ts202_b","56","1412"
"consented_grp[1]/ts202_grp[1]/ts202_c","56","1412"
"consented_grp[1]/ts202_grp[1]/ts202_d","56","1412"
"consented_grp[1]/ts202_grp[1]/ts202_e","56","1412"
"consented_grp[1]/ts203","16","1468"
"consented_grp[1]/ts206_grp[1]/ts206_note","239","1484"
"consented_grp[1]/ts206_grp[1]/ts206_label","239","1484"
"consented_grp[1]/ts206_grp[1]/ts206_a","239","1484"
"consented_grp[1]/ts206_grp[1]/ts206_b","239","1484"
"consented_grp[1]/ts206_grp[1]/ts206_c","239","1484"
"consented_grp[1]/ts206_grp[1]/ts206_d","239","1484"
"consented_grp[1]/ts206_grp[1]/ts206_e","239","1484"
"consented_grp[1]/ts206_grp[1]/ts206_f","239","1484"
"consented_grp[1]/ts206_grp[1]/ts206_g","239","1484"
"consented_grp[1]/ts206_grp[1]/ts206_h","239","1484"
"consented_grp[1]/ts206_grp[1]/ts206_i","239","1484"
"consented_grp[1]/ts206_grp[1]/ts206_j","239","1484"
"consented_grp[1]/ts206_grp[1]/ts206_k","239","1484"
"consented_grp[1]/ts206_grp[1]/ts206_l","239","1484"
"consented_grp[1]/ts206_grp[1]/ts206_m","239","1484"
"consented_grp[1]/ts206_grp[1]/ts206_n","239","1484"
"consented_grp[1]/ts206_grp[1]/ts206_o","239","1484"
"consented_grp[1]/ts206_grp[1]/ts206_p","239","1484"
"consented_grp[1]/ts206_grp[1]/ts206_q","239","1484"
"consented_grp[1]/ts206_grp[1]/ts206_r","239","1484"
"consented_grp[1]/ts206_grp[1]/ts206_s","239","1484"
"consented_grp[1]/ts206_grp[1]/ts206_t","239","1484"
"consented_grp[1]/ts206_grp[1]/ts206_u","239","1484"
"consented_grp[1]/ts206_grp[1]/ts206_v","239","1484"
"consented_grp[1]/ts206_grp[1]/ts206_w","239","1484"
"consented_grp[1]/ts206_grp[1]/ts206_x","239","1484"
"consented_grp[1]/p301","10","1723"
"consented_grp[1]/p304","12","1734"
"consented_grp[1]/p307","13","1745"
"consented_grp[1]/p310","3","1758"
"consented_grp[1]/s401","21","1761"
"consented_grp[1]/fmc501","24","1782"
"consented_grp[1]/fmc501_grp[1]/fmc502_grp[1]/fmc502_note","144","1807"
"consented_grp[1]/fmc501_grp[1]/fmc502_grp[1]/fmc502_label","144","1807"
"consented_grp[1]/fmc501_grp[1]/fmc502_grp[1]/fmc502_a","144","1807"
"consented_grp[1]/fmc501_grp[1]/fmc502_grp[1]/fmc502_b","144","1807"
"consented_grp[1]/fmc501_grp[1]/fmc502_grp[1]/fmc502_c","144","1807"
"consented_grp[1]/fmc501_grp[1]/fmc502_grp[1]/fmc502_d","144","1807"
"consented_grp[1]/fmc501_grp[1]/fmc502_grp[1]/fmc502_e","144","1807"
"consented_grp[1]/fmc501_grp[1]/fmc502_grp[1]/fmc502_f","144","1807"
"consented_grp[1]/fmc501_grp[1]/fmc502_grp[1]/fmc502_g","144","1807"
"consented_grp[1]/fmc501_grp[1]/fmc502_grp[1]/fmc502_h","144","1807"
"consented_grp[1]/fmc501_grp[1]/fmc503","22","1951"
"consented_grp[1]/fmc501_grp[1]/fmc504","42","1972"
"consented_grp[1]/fmc501_grp[1]/fmc505_grp[1]/fmc505_note","80","2014"
"consented_grp[1]/fmc501_grp[1]/fmc505_grp[1]/fmc505_label","80","2014"
"consented_grp[1]/fmc501_grp[1]/fmc505_grp[1]/fmc505_a","80","2014"
"consented_grp[1]/fmc501_grp[1]/fmc505_grp[1]/fmc505_b","80","2014"
"consented_grp[1]/fmc501_grp[1]/fmc505_grp[1]/fmc505_c","80","2014"
"consented_grp[1]/fmc501_grp[1]/fmc505_grp[1]/fmc505_d","80","2014"
"consented_grp[1]/fmc501_grp[1]/fmc505_grp[1]/fmc505_e","80","2014"
"consented_grp[1]/fmc501_grp[1]/fmc505_grp[1]/fmc505_f","80","2014"
"consented_grp[1]/fmc501_grp[1]/fmc505_grp[1]/fmc505_g","80","2014"
"consented_grp[1]/fmc501_grp[1]/fmc505_grp[1]/fmc505_h","80","2014"
"consented_grp[1]/fmc501_grp[1]/fmc505_grp[1]/fmc505_i","80","2014"
"consented_grp[1]/fmc501_grp[1]/fmc505_grp[1]/fmc505_j","80","2014"
"consented_grp[1]/fmc501_grp[1]/fmc505_grp[1]/fmc505_k","80","2014"
"consented_grp[1]/fmc501_grp[1]/fmc505_grp[1]/fmc505_l","80","2014"
"consented_grp[1]/fmc501_grp[1]/fmc505_grp[1]/fmc505_m","80","2014"
"consented_grp[1]/chwr601_grp[1]/chwr_note","80","2095"
"consented_grp[1]/chwr601_grp[1]/chwr601_label","80","2095"
"consented_grp[1]/chwr601_grp[1]/chwr601_a","80","2095"
"consented_grp[1]/chwr601_grp[1]/chwr601_b","80","2095"
"consented_grp[1]/chwr601_grp[1]/chwr601_c","80","2095"
"consented_grp[1]/chwr601_grp[1]/chwr601_d","80","2095"
"consented_grp[1]/chwr601_grp[1]/chwr601_e","80","2095"
"consented_grp[1]/chwr601_grp[1]/chwr601_f","80","2095"
"consented_grp[1]/chwr601_grp[1]/chwr601_g","80","2095"
"consented_grp[1]/chwr601_grp[1]/chwr601_h","80","2095"
"consented_grp[1]/chwr601_grp[1]/chwr601_i","80","2095"
"consented_grp[1]/chwr601_grp[1]/chwr601_j","80","2095"
"consented_grp[1]/chwr601_grp[1]/chwr601_k","80","2095"
"consented_grp[1]/chwr601_grp[1]/chwr601_l","80","2095"
"consented_grp[1]/chwr601_grp[1]/chwr601_m","80","2095"
"consented_grp[1]/chwr601_grp[1]/chwr601_n","80","2095"
"consented_grp[1]/chwr601_grp[1]/chwr601_o","80","2095"
"consented_grp[1]/chwr602_grp[1]/chwr602_note","35","2174"
"consented_grp[1]/chwr602_grp[1]/chwr602_label","35","2174"
"consented_grp[1]/chwr602_grp[1]/chwr602_a","35","2174"
"consented_grp[1]/chwr602_grp[1]/chwr602_b","35","2174"
"consented_grp[1]/chwr602_grp[1]/chwr602_c","35","2174"
"consented_grp[1]/chwr602_grp[1]/chwr602_d","35","2174"
"consented_grp[1]/chwr602_grp[1]/chwr602_e","35","2174"
"consented_grp[1]/chwr602_grp[1]/chwr602_f","35","2174"
"consented_grp[1]/chwr602_grp[1]/chwr602_g","35","2174"
"consented_grp[1]/chwr602_grp[1]/chwr602_h","35","2174"
"consented_grp[1]/chwr602_grp[1]/chwr602_i","35","2174"
"consented_grp[1]/chwr602_grp[1]/chwr602_j","35","2174"
"consented_grp[1]/chwr602_grp[1]/chwr602_k","35","2174"
"consented_grp[1]/chwr602_grp[1]/chwr602_l","35","2174"
"consented_grp[1]/chwr602_grp[1]/chwr602_m","35","2174"
"consented_grp[1]/chwr602_grp[1]/chwr602_n","35","2174"
"consented_grp[1]/chwr602_grp[1]/chwr602_o","35","2174"
"consented_grp[1]/chwr603_grp[1]/chwr603_note","20","2209"
"consented_grp[1]/chwr603_grp[1]/chwr603_label","20","2209"
"consented_grp[1]/chwr603_grp[1]/chwr603_a","20","2209"
"consented_grp[1]/chwr603_grp[1]/chwr603_b","20","2209"
"consented_grp[1]/chwr603_grp[1]/chwr603_c","20","2209"
"consented_grp[1]/chwr603_grp[1]/chwr603_d","20","2209"
"consented_grp[1]/chwr603_grp[1]/chwr603_e","20","2209"
"consented_grp[1]/chwr603_grp[1]/chwr603_f","20","2209"
"consented_grp[1]/chwr603_grp[1]/chwr603_g","20","2209"
"consented_grp[1]/chwr603_grp[1]/chwr603_h","20","2209"
"consented_grp[1]/chwr603_grp[1]/chwr603_i","20","2209"
"consented_grp[1]/chwr603_grp[1]/chwr603_j","20","2209"
"consented_grp[1]/chwr603_grp[1]/chwr603_k","20","2209"
"consented_grp[1]/chwr603_grp[1]/chwr603_l","20","2209"
"consented_grp[1]/chwr603_grp[1]/chwr603_m","20","2209"
"consented_grp[1]/chwr603_grp[1]/chwr603_n","20","2209"
"consented_grp[1]/chwr603_grp[1]/chwr603_o","20","2209"
"consented_grp[1]/chwr604_grp[1]/chwr604_note","65","2229"
"consented_grp[1]/chwr604_grp[1]/chwr604_label","65","2229"
"consented_grp[1]/chwr604_grp[1]/chwr604_a","65","2229"
"consented_grp[1]/chwr604_grp[1]/chwr604_b","65","2229"
"consented_grp[1]/chwr604_grp[1]/chwr604_c","65","2229"
"consented_grp[1]/chwr604_grp[1]/chwr604_d","65","2229"
"consented_grp[1]/chwr604_grp[1]/chwr604_e","65","2229"
"consented_grp[1]/chwr604_grp[1]/chwr604_f","65","2229"
"consented_grp[1]/chwr604_grp[1]/chwr604_g","65","2229"
"consented_grp[1]/chwr604_grp[1]/chwr604_h","65","2229"
"consented_grp[1]/chwr604_grp[1]/chwr604_i","65","2229"
"consented_grp[1]/chwr604_grp[1]/chwr604_j","65","2229"
"consented_grp[1]/chwr604_grp[1]/chwr604_k","65","2229"
"consented_grp[1]/chwr604_grp[1]/chwr604_l","65","2229"
"consented_grp[1]/chwr604_grp[1]/chwr604_m","65","2229"
"consented_grp[1]/chwr604_grp[1]/chwr604_n","65","2229"
"consented_grp[1]/chwr604_grp[1]/chwr604_o","65","2229"
"consented_grp[1]/chwr605_grp[1]/chwr605_note","13","2294"
"consented_grp[1]/chwr605_grp[1]/chwr605_label","13","2294"
"consented_grp[1]/chwr605_grp[1]/chwr605_a","13","2294"
"consented_grp[1]/chwr605_grp[1]/chwr605_b","13","2294"
"consented_grp[1]/chwr605_grp[1]/chwr605_c","13","2294"
"consented_grp[1]/chwr605_grp[1]/chwr605_d","13","2294"
"consented_grp[1]/chwr605_grp[1]/chwr605_e","13","2294"
"consented_grp[1]/chwr605_grp[1]/chwr605_f","13","2294"
"consented_grp[1]/chwr605_grp[1]/chwr605_g","13","2294"
"consented_grp[1]/chwr605_grp[1]/chwr605_h","13","2294"
"consented_grp[1]/chwr605_grp[1]/chwr605_i","13","2294"
"consented_grp[1]/chwr606","19","2306"
"consented_grp[1]/chwr607","3","2326"
"consented_grp[1]/chwr609_note","1","2328"
"consented_grp[1]/chwr609_a","17","2330"
"consented_grp[1]/chwr609_b","8","2347"
"consented_grp[1]/chwr609_c","4","2355"
"consented_grp[1]/chwr609_d","7","2359"
"consented_grp[1]/chwr609_e","10","2366"
"consented_grp[1]/chwr609_f","1","2376"
"consented_grp[1]/chwr609_g","8","2378"
"consented_grp[1]/chwr609_h","6","2386"
"consented_grp[1]/chwr609_i","6","2392"
"consented_grp[1]/chwr609_j","3","2399"
"consented_grp[1]/chwr609_k","5","2401"
"consented_grp[1]/chwr609_l","5","2407"
"consented_grp[1]/chwr609_m","3","2412"
"consented_grp[1]/chwr609_n","7","2415"
"consented_grp[1]/chwr609_o","9","2422"
"consented_grp[1]/chwr609_p","9","2430"
"consented_grp[1]/chwr609_q","7","2439"
"consented_grp[1]/chwr609_r","18","2446"
"consented_grp[1]/chwr610_grp[1]/chwr610_note","409","2461"
"consented_grp[1]/chwr610_grp[1]/chwr610_labels","409","2461"
"consented_grp[1]/chwr610_grp[1]/chwr610_a","409","2461"
"consented_grp[1]/chwr610_grp[1]/chwr610_b","409","2461"
"consented_grp[1]/chwr610_grp[1]/chwr610_c","409","2461"
"consented_grp[1]/chwr610_grp[1]/chwr610_d","409","2461"
"consented_grp[1]/chwr610_grp[1]/chwr610_e","409","2461"
"consented_grp[1]/chwr610_grp[1]/chwr610_f","409","2461"
"consented_grp[1]/chwr610_grp[1]/chwr610_g","409","2461"
"consented_grp[1]/chwr610_grp[1]/chwr610_h","409","2461"
"consented_grp[1]/chwr610_grp[1]/chwr610_i","409","2461"
"consented_grp[1]/chwr610_grp[1]/chwr610_j","409","2461"
"consented_grp[1]/chwr610_grp[1]/chwr610_k","409","2461"
"consented_grp[1]/chwr610_grp[1]/chwr610_l","409","2461"
"consented_grp[1]/chwr610_grp[1]/chwr610_m","409","2461"
"consented_grp[1]/chwr610_grp[1]/chwr610_n","409","2461"
"consented_grp[1]/chwr610_grp[1]/chwr610_o","409","2461"
"consented_grp[1]/chwr610_grp[1]/chwr610_p","409","2461"
"consented_grp[1]/chwr610_grp[1]/chwr610_q","409","2461"
"consented_grp[1]/chwr610_grp[1]/chwr610_r","409","2461"
"consented_grp[1]/chwr609_r_spec","11","2465"
"consented_grp[1]/chws7_note1","1","2884"
"consented_grp[1]/chws7_note2","1","2885"
"consented_grp[1]/chws701","41","2886"
"consented_grp[1]/chws702","72","2927"
"consented_grp[1]/chws703","3","2999"
"consented_grp[1]/chws704","7","3002"
"consented_grp[1]/chws705","5","3009"
"consented_grp[1]/chws706","3","3014"
"consented_grp[1]/chws707","3","3017"
"consented_grp[1]/chws708","6","3020"
"consented_grp[1]/chws709","7","3026"
"consented_grp[1]/chws710","6","3032"
"consented_grp[1]/chws711","6","3038"
"consented_grp[1]/chws712","14","3044"
"consented_grp[1]/chws713","7","3058"
"consented_grp[1]/chws714","14","3066"
"consented_grp[1]/chws715","9","3080"
"consented_grp[1]/chws716","11","3089"
"consented_grp[1]/chws717","6","3100"
"consented_grp[1]/chws718","3","3106"
"consented_grp[1]/chws719","2","3108"
"consented_grp[1]/chws720","3","3111"
"consented_grp[1]/chws721","11","3114"
"consented_grp[1]/chws722","4","3125"
"consented_grp[1]/chws723","4","3129"
"consented_grp[1]/chws724","8","3133"
"consented_grp[1]/chwm8_note1","1","3141"
"consented_grp[1]/chwm8_note2","1","3142"
"consented_grp[1]/chwm801","4","3143"
"consented_grp[1]/chwm802","4","3147"
"consented_grp[1]/chwm803","5","3151"
"consented_grp[1]/chwm804","3","3156"
"consented_grp[1]/chwm805","2","3159"
"consented_grp[1]/chwm806","2","3161"
"consented_grp[1]/chwm807","2","3162"
"consented_grp[1]/chwm808","3","3164"
"consented_grp[1]/chwm809","3","3167"
"consented_grp[1]/chwm810","2","3169"
"consented_grp[1]/gps_backup","247","3172"
"comments","2","3418"
