"Field name","Total duration (seconds)","First appeared (seconds into survey)"
"intro_note","1","35"
"enum_id","4","36"
"enum_confirm_grp[1]/enum_details","1","40"
"enum_confirm_grp[1]/enum_confirm","1","40"
"community_id","9","41"
"comm_confirm_grp[1]/comm_details","1","51"
"comm_confirm_grp[1]/comm_confirm","1","51"
"iw_iden_grp[1]/iw_id","41","52"
"iw_iden_grp[1]/iw_fullname","41","52"
"iw_iden_grp[1]/iw_age","41","52"
"wm8","2","93"
"wm9_grp[1]/wm9b","2","95"
"wm9_grp[1]/consent","2","95"
"consented_grp[1]/wb3_age_sel","2","97"
"consented_grp[1]/wb3_dob_dmy","22","99"
"consented_grp[1]/wb5","5","122"
"consented_grp[1]/wb5_grp[1]/wb6","5","127"
"consented_grp[1]/wb5_grp[1]/wb6a","11","132"
"consented_grp[1]/wb5_grp[1]/wb6b","105","137"
"consented_grp[1]/wb5_grp[1]/wb7","3","249"
"consented_grp[1]/wb5_grp[1]/wb9","2","252"
"consented_grp[1]/wb5_grp[1]/wb10a","2","254"
"consented_grp[1]/wb5_grp[1]/wb10b","1","256"
"consented_grp[1]/wb5_grp[1]/wb11","2","257"
"consented_grp[1]/wb5_grp[1]/wb12a","1","259"
"consented_grp[1]/wb5_grp[1]/wb12b","1","261"
"consented_grp[1]/wb15","15","262"
"consented_grp[1]/wb16_grp[1]/wb16a","38","276"
"consented_grp[1]/wb16_grp[1]/wb16_note","38","276"
"consented_grp[1]/wb16_grp[1]/wb16b","38","276"
"consented_grp[1]/wb17a","8","314"
"consented_grp[1]/wb17b","2","322"
"consented_grp[1]/wb17c","11","324"
"consented_grp[1]/wb18","32","334"
"consented_grp[1]/wb19","62","360"
"consented_grp[1]/mt1","19","426"
"consented_grp[1]/mt2","3","443"
"consented_grp[1]/mt3","3","445"
"consented_grp[1]/mt4","5","447"
"consented_grp[1]/mt9","3","449"
"consented_grp[1]/mt11","25","452"
"consented_grp[1]/mt12","6","469"
"consented_grp[1]/cm1","68","472"
"consented_grp[1]/cm2","6","539"
"consented_grp[1]/cm2_grp[1]/cm3","7","542"
"consented_grp[1]/cm2_grp[1]/cm4","7","542"
"consented_grp[1]/cm5","10","547"
"consented_grp[1]/cm8","4","549"
"consented_grp[1]/cm12","4","552"
"consented_grp[1]/bh0","1","555"
"consented_grp[1]/bh_rpt[1]/bh1","18","556"
"consented_grp[1]/bh_rpt[1]/bh2","3","573"
"consented_grp[1]/bh_rpt[1]/bh3","3","575"
"consented_grp[1]/bh_rpt[1]/bh4_age_sel","2","577"
"consented_grp[1]/bh_rpt[1]/bh4_dob_dmy","12","579"
"consented_grp[1]/bh_rpt[1]/bh5","6","586"
"consented_grp[1]/bh_rpt[1]/bh6","19","591"
"consented_grp[1]/bh_rpt[1]/bh7","3","656"
"consented_grp[1]/bh_rpt[1]/bh8","6","659"
"consented_grp[1]/bh_rpt[1]/bh10","2","666"
"consented_grp[1]/db2","31","668"
"consented_grp[1]/db4_a","14","699"
"consented_grp[1]/mn_rpt[1]/mn_grp[1]/mn2","10","713"
"consented_grp[1]/mn_rpt[1]/mn_grp[1]/mn3","26","723"
"consented_grp[1]/mn_rpt[1]/mn_grp[1]/mn4_grp[1]/mn4_a","13","748"
"consented_grp[1]/mn_rpt[1]/mn_grp[1]/mn4_grp[1]/mn4_b","13","748"
"consented_grp[1]/mn_rpt[1]/mn_grp[1]/mn5","42","762"
"consented_grp[1]/mn_rpt[1]/mn_grp[1]/mn6_grp[1]/mn6_note","11","803"
"consented_grp[1]/mn_rpt[1]/mn_grp[1]/mn6_grp[1]/mn6_label","11","803"
"consented_grp[1]/mn_rpt[1]/mn_grp[1]/mn6_grp[1]/mn6_a","11","803"
"consented_grp[1]/mn_rpt[1]/mn_grp[1]/mn6_grp[1]/mn6_b","11","803"
"consented_grp[1]/mn_rpt[1]/mn_grp[1]/mn6_grp[1]/mn6_c","11","803"
"consented_grp[1]/mn_rpt[1]/mn_grp[1]/mn7","16","814"
"consented_grp[1]/mn_rpt[1]/mn_grp[1]/mn8","4","830"
"consented_grp[1]/mn_rpt[1]/mn_grp[1]/mn9","6","834"
"consented_grp[1]/mn_rpt[1]/mn_grp[1]/mn16","10","840"
"consented_grp[1]/mn_rpt[1]/mn_grp[1]/mn17","2","850"
"consented_grp[1]/mn_rpt[1]/mn_grp[1]/mn18","14","853"
"consented_grp[1]/mn_rpt[1]/mn_grp[1]/mn19","9","867"
"consented_grp[1]/mn_rpt[1]/mn_grp[1]/mn20","18","875"
"consented_grp[1]/mn_rpt[1]/mn_grp[1]/mn21","7","894"
"consented_grp[1]/mn_rpt[1]/mn_grp[1]/mn23","7","901"
"consented_grp[1]/mn_rpt[1]/mn_grp[1]/mn24","12","908"
"consented_grp[1]/mn_rpt[1]/mn_grp[1]/mn25","9","920"
"consented_grp[1]/mn_rpt[1]/mn_grp[1]/mn26","17","928"
"consented_grp[1]/mn_rpt[1]/mn_grp[1]/mn30","9","945"
"consented_grp[1]/mn_rpt[1]/mn_grp[1]/mn31","18","954"
"consented_grp[1]/mn_rpt[1]/mn_grp[1]/mn32","7","972"
"consented_grp[1]/mn_rpt[1]/mn_grp[1]/mn33","4","979"
"consented_grp[1]/mn_rpt[1]/mn_grp[1]/mn34_grp[1]/mn34_a","8","984"
"consented_grp[1]/mn_rpt[1]/mn_grp[1]/mn34_grp[1]/mn34_b","8","984"
"consented_grp[1]/mn_rpt[1]/mn_grp[1]/mn35","8","992"
"consented_grp[1]/mn_rpt[1]/mn_grp[1]/mn36","11","1000"
"consented_grp[1]/mn_rpt[1]/mn_grp[1]/mn36_grp[1]/mn37","53","1011"
"consented_grp[1]/mn_rpt[1]/mn_grp[1]/mn36_grp[1]/mn37_units","53","1011"
"consented_grp[1]/mn_rpt[1]/mn_grp[1]/mn38","17","1064"
"consented_grp[1]/pn_rpt[1]/pn_grp[1]/pn_note","13","1077"
"consented_grp[1]/mn_rpt[1]/mn_grp[1]/mn39a","34","1093"
"consented_grp[1]/pn_rpt[1]/pn_grp[1]/pn3_grp[1]/pn3","11","1128"
"consented_grp[1]/pn_rpt[1]/pn_grp[1]/pn3_grp[1]/pn3_units","11","1128"
"consented_grp[1]/pn_rpt[1]/pn_grp[1]/pn4_grp[1]/pn4_note","10","1138"
"consented_grp[1]/pn_rpt[1]/pn_grp[1]/pn4_grp[1]/pn4","10","1138"
"consented_grp[1]/pn_rpt[1]/pn_grp[1]/pn5_grp[1]/pm5_note","2","1148"
"consented_grp[1]/pn_rpt[1]/pn_grp[1]/pn5_grp[1]/pn5","2","1148"
"consented_grp[1]/pn_rpt[1]/pn_grp[1]/pn6_grp[1]/pn6_note","15","1150"
"consented_grp[1]/pn_rpt[1]/pn_grp[1]/pn6_grp[1]/pn6","15","1150"
"consented_grp[1]/pn_rpt[1]/pn_grp[1]/pn17","1","1165"
"consented_grp[1]/pn_rpt[1]/pn_grp[1]/pn25_grp[1]/pn25_note","16","1167"
"consented_grp[1]/pn_rpt[1]/pn_grp[1]/pn25_grp[1]/pn25_lab","16","1167"
"consented_grp[1]/pn_rpt[1]/pn_grp[1]/pn25_grp[1]/pn25a","16","1167"
"consented_grp[1]/pn_rpt[1]/pn_grp[1]/pn25_grp[1]/pn25b","16","1167"
"consented_grp[1]/pn_rpt[1]/pn_grp[1]/pn25_grp[1]/pn25c","16","1167"
"consented_grp[1]/pn_rpt[1]/pn_grp[1]/pn27","3","1182"
"consented_grp[1]/pn_rpt[1]/pn_grp[1]/pn29a","25","1185"
"consented_grp[1]/pn_rpt[1]/pn_grp[1]/pn30","7","1210"
"consented_grp[1]/cp1_grp[1]/cp1_note","7","1217"
"consented_grp[1]/cp1_grp[1]/cp1","7","1217"
"consented_grp[1]/cp2_grp[1]/cp2_note","16","1224"
"consented_grp[1]/cp2_grp[1]/cp2","16","1224"
"consented_grp[1]/cp3","9","1239"
"consented_grp[1]/un7","12","1249"
"consented_grp[1]/un8_grp[1]/un8","14","1261"
"consented_grp[1]/un8_grp[1]/un8_units","14","1261"
"consented_grp[1]/ma1","5","1275"
"consented_grp[1]/ma5","11","1280"
"consented_grp[1]/ma6","14","1291"
"consented_grp[1]/ma7","10","1305"
"consented_grp[1]/ma8a","38","1316"
"consented_grp[1]/ma11a","65","1354"
"consented_grp[1]/af_grp[1]/af2","2","1419"
"consented_grp[1]/af_grp[1]/af3","3","1422"
"consented_grp[1]/af_grp[1]/af4","5","1425"
"consented_grp[1]/af_grp[1]/af6b","7","1430"
"consented_grp[1]/af_grp[1]/af8b","1","1438"
"consented_grp[1]/af_grp[1]/af9","2","1439"
"consented_grp[1]/af_grp[1]/af10","1","1441"
"consented_grp[1]/af_grp[1]/af11","1","1442"
"consented_grp[1]/af_grp[1]/af12","2","1444"
"consented_grp[1]/ls1_grp[1]/ls_note","26","1446"
"consented_grp[1]/ls1_grp[1]/ls1","26","1446"
"consented_grp[1]/ls2_grp[1]/ls2_note","16","1472"
"consented_grp[1]/ls2_grp[1]/ls2","16","1472"
"consented_grp[1]/ls3","17","1488"
"consented_grp[1]/ls4","8","1505"
"consented_grp[1]/survey_language","2","1513"
"consented_grp[1]/survey_accomp","1","1516"
"consented_grp[1]/comment","3","1517"
