"Field name","Total duration (seconds)","First appeared (seconds into survey)"
"intro_note","1","3"
"enum_id","5","4"
"enum_confirm_grp[1]/enum_details","1","9"
"enum_confirm_grp[1]/enum_confirm","1","9"
"community_id","16","10"
"comm_confirm_grp[1]/comm_details","1","26"
"comm_confirm_grp[1]/comm_confirm","1","26"
"iw_iden_grp[1]/iw_id","40","28"
"iw_iden_grp[1]/iw_fullname","40","28"
"iw_iden_grp[1]/iw_age","40","28"
"wm8","1","68"
"wm9_grp[1]/wm9b","2","69"
"wm9_grp[1]/consent","2","69"
"consented_grp[1]/wb3_age_sel","3","71"
"consented_grp[1]/wb3_dob_dmy","16","74"
"consented_grp[1]/wb5","2","89"
"consented_grp[1]/wb14_grp[1]/wb14_note","4","91"
"consented_grp[1]/wb14_grp[1]/wb14","4","91"
"consented_grp[1]/wb15","10","95"
"consented_grp[1]/wb18","13","105"
"consented_grp[1]/mt1","3","117"
"consented_grp[1]/mt2","6","120"
"consented_grp[1]/mt3","3","126"
"consented_grp[1]/mt4","2","129"
"consented_grp[1]/mt9","2","131"
"consented_grp[1]/mt11","4","133"
"consented_grp[1]/mt12","4","137"
"consented_grp[1]/cm1","3","141"
"consented_grp[1]/cm2","27","144"
"consented_grp[1]/cm2_grp[1]/cm3","8","170"
"consented_grp[1]/cm2_grp[1]/cm4","8","170"
"consented_grp[1]/cm5","2","178"
"consented_grp[1]/cm5_grp[1]/cm6","39","180"
"consented_grp[1]/cm5_grp[1]/cm7","39","180"
"consented_grp[1]/cm8","2","219"
"consented_grp[1]/cm12","2","221"
"consented_grp[1]/bh0","1","223"
"consented_grp[1]/bh_rpt[1]/bh1","15","224"
"consented_grp[1]/bh_rpt[1]/bh2","3","240"
"consented_grp[1]/bh_rpt[1]/bh3","2","242"
"consented_grp[1]/bh_rpt[1]/bh4_age_sel","2","244"
"consented_grp[1]/bh_rpt[1]/bh4_dob_dmy","13","246"
"consented_grp[1]/bh_rpt[1]/bh5","2","259"
"consented_grp[1]/bh_rpt[1]/bh6","6","261"
"consented_grp[1]/bh_rpt[1]/bh7","2","267"
"consented_grp[1]/bh_rpt[1]/bh8","5","268"
"consented_grp[1]/bh_rpt[1]/bh10","2","274"
"consented_grp[1]/bh_rpt[2]/bh1","24","276"
"consented_grp[1]/bh_rpt[2]/bh2","4","300"
"consented_grp[1]/bh_rpt[2]/bh3","5","302"
"consented_grp[1]/bh_rpt[2]/bh4_age_sel","4","304"
"consented_grp[1]/bh_rpt[2]/bh4_dob_dmy","2","305"
"consented_grp[1]/bh_rpt[2]/bh4_dob_my","20","314"
"consented_grp[1]/bh_rpt[2]/bh5","3","334"
"consented_grp[1]/bh_rpt[2]/bh6","3","337"
"consented_grp[1]/bh_rpt[2]/bh7","2","340"
"consented_grp[1]/bh_rpt[2]/bh8","6","342"
"consented_grp[1]/bh_rpt[2]/bh10","2","348"
"consented_grp[1]/bh_rpt[3]/bh1","10","349"
"consented_grp[1]/bh_rpt[3]/bh2","2","360"
"consented_grp[1]/bh_rpt[3]/bh3","3","362"
"consented_grp[1]/bh_rpt[3]/bh4_age_sel","1","365"
"consented_grp[1]/bh_rpt[3]/bh4_dob_my","10","366"
"consented_grp[1]/bh_rpt[3]/bh5","2","376"
"consented_grp[1]/bh_rpt[3]/bh6","3","378"
"consented_grp[1]/bh_rpt[3]/bh7","2","381"
"consented_grp[1]/bh_rpt[3]/bh10","2","383"
"consented_grp[1]/bh_rpt[4]/bh1","16","385"
"consented_grp[1]/bh_rpt[4]/bh2","10","401"
"consented_grp[1]/bh_rpt[4]/bh3","4","411"
"consented_grp[1]/bh_rpt[4]/bh4_age_sel","13","415"
"consented_grp[1]/bh_rpt[4]/bh4_dob_dmy","29","428"
"consented_grp[1]/bh_rpt[4]/bh5","2","457"
"consented_grp[1]/bh_rpt[4]/bh6","10","459"
"consented_grp[1]/bh_rpt[4]/bh7","2","469"
"consented_grp[1]/bh_rpt[4]/bh8","8","471"
"consented_grp[1]/bh_rpt[4]/bh10","11","479"
"consented_grp[1]/bh_rpt[5]/bh1","7","490"
"consented_grp[1]/bh_rpt[5]/bh2","2","496"
"consented_grp[1]/bh_rpt[5]/bh3","2","498"
"consented_grp[1]/bh_rpt[5]/bh4_age_sel","2","500"
"consented_grp[1]/bh_rpt[5]/bh4_dob_dmy","12","502"
"consented_grp[1]/bh_rpt[5]/bh5","4","515"
"consented_grp[1]/bh_rpt[5]/bh6","12","518"
"consented_grp[1]/bh_rpt[5]/bh7","2","530"
"consented_grp[1]/bh_rpt[5]/bh8","4","532"
"consented_grp[1]/bh_rpt[5]/bh10","2","536"
"consented_grp[1]/bh_rpt[6]/bh1","8","538"
"consented_grp[1]/bh_rpt[6]/bh2","2","546"
"consented_grp[1]/bh_rpt[6]/bh3","2","547"
"consented_grp[1]/bh_rpt[6]/bh4_age_sel","3","549"
"consented_grp[1]/bh_rpt[6]/bh4_dob_dmy","16","553"
"consented_grp[1]/bh_rpt[6]/bh5","2","569"
"consented_grp[1]/bh_rpt[6]/bh6","8","571"
"consented_grp[1]/bh_rpt[6]/bh7","2","579"
"consented_grp[1]/bh_rpt[6]/bh8","7","581"
"consented_grp[1]/bh_rpt[6]/bh10","3","588"
"consented_grp[1]/cp1_grp[1]/cp1_note","5","591"
"consented_grp[1]/cp1_grp[1]/cp1","5","591"
"consented_grp[1]/cp2_grp[1]/cp2_note","5","595"
"consented_grp[1]/cp2_grp[1]/cp2","5","595"
"consented_grp[1]/cp4","9","600"
"consented_grp[1]/un7","8","610"
"consented_grp[1]/ma1","5","617"
"consented_grp[1]/ma2","11","622"
"consented_grp[1]/ma3","2","633"
"consented_grp[1]/ma4","1","635"
"consented_grp[1]/ma7","3","637"
"consented_grp[1]/ma8a","12","640"
"consented_grp[1]/ma11a","4","652"
"consented_grp[1]/af_grp[1]/af2","6","657"
"consented_grp[1]/af_grp[1]/af3","3","661"
"consented_grp[1]/af_grp[1]/af4","15","662"
"consented_grp[1]/af_grp[1]/af6b","3","681"
"consented_grp[1]/af_grp[1]/af8b","1","683"
"consented_grp[1]/af_grp[1]/af9","9","685"
"consented_grp[1]/af_grp[1]/af10","3","694"
"consented_grp[1]/af_grp[1]/af11","1","697"
"consented_grp[1]/af_grp[1]/af12","3","698"
"consented_grp[1]/ls1_grp[1]/ls_note","14","701"
"consented_grp[1]/ls1_grp[1]/ls1","14","701"
"consented_grp[1]/ls2_grp[1]/ls2_note","3","715"
"consented_grp[1]/ls2_grp[1]/ls2","3","715"
"consented_grp[1]/ls3","1","718"
"consented_grp[1]/ls4","1","719"
"consented_grp[1]/survey_language","2","721"
"consented_grp[1]/survey_accomp","2","723"
"consented_grp[1]/comment","4","725"
