"Field name","Total duration (seconds)","First appeared (seconds into survey)"
"intro_note","13","88"
"enum_id","7","101"
"enum_confirm_grp[1]/enum_details","1","108"
"enum_confirm_grp[1]/enum_confirm","1","108"
"community_id","6","109"
"comm_confirm_grp[1]/comm_details","2","115"
"comm_confirm_grp[1]/comm_confirm","2","115"
"u5_iden_grp[1]/u5_id","93","117"
"u5_iden_grp[1]/u5_fullname","93","117"
"u5_iden_grp[1]/u5_age","93","117"
"u5_iden_grp[1]/u5_ct_id","93","117"
"u5_iden_grp[1]/u5_ct_fullname","93","117"
"uf9","2","211"
"consent_grp[1]/uf10a","4","213"
"consent_grp[1]/consent","4","213"
"consented_grp[1]/ub0","1","217"
"consented_grp[1]/ub1_age_sel","3","218"
"consented_grp[1]/ub1_dob_dmy","50","221"
"consented_grp[1]/ub5","11","270"
"consented_grp[1]/ub6","3","277"
"consented_grp[1]/ub9","4","284"
"consented_grp[1]/br1","8","289"
"consented_grp[1]/br2","22","296"
"consented_grp[1]/br3","24","302"
"consented_grp[1]/ec1","4","343"
"consented_grp[1]/ec2_grp[1]/generated_note_name_108","14","347"
"consented_grp[1]/ec2_grp[1]/ec2_label","14","347"
"consented_grp[1]/ec2_grp[1]/ec2a","14","347"
"consented_grp[1]/ec2_grp[1]/ec2b","14","347"
"consented_grp[1]/ec2_grp[1]/ec2c","14","347"
"consented_grp[1]/ec3_grp[1]/generated_note_name_115","63","361"
"consented_grp[1]/ec3_grp[1]/ec3a","63","361"
"consented_grp[1]/ec3_grp[1]/ec3b","63","361"
"consented_grp[1]/ec5_grp[1]/ec5","46","369"
"consented_grp[1]/ec5_grp[1]/ec5_label","46","369"
"consented_grp[1]/ec5_grp[1]/ec5a","46","369"
"consented_grp[1]/ec5_grp[1]/ec5b","46","369"
"consented_grp[1]/ec5_grp[1]/ec5c","46","369"
"consented_grp[1]/ec5_grp[1]/ec5d","46","369"
"consented_grp[1]/ec5_grp[1]/ec5e","46","369"
"consented_grp[1]/ec5_grp[1]/ec5f","46","369"
"consented_grp[1]/ec6_grp[1]/ec6_note","4","470"
"consented_grp[1]/ec6_grp[1]/ec6","4","470"
"consented_grp[1]/ec7","2","474"
"consented_grp[1]/ec8","5","476"
"consented_grp[1]/ec9","4","481"
"consented_grp[1]/ec10","10","485"
"consented_grp[1]/ec11","15","494"
"consented_grp[1]/ec12","5","510"
"consented_grp[1]/ec13","4","515"
"consented_grp[1]/ec14","11","519"
"consented_grp[1]/ec15","4","531"
"consented_grp[1]/ucd2_grp[1]/ucd2_note","110","535"
"consented_grp[1]/ucd2_grp[1]/ucb2_label","110","535"
"consented_grp[1]/ucd2_grp[1]/ucd2a","110","535"
"consented_grp[1]/ucd2_grp[1]/ucb2b","110","535"
"consented_grp[1]/ucd2_grp[1]/ucb2c","110","535"
"consented_grp[1]/ucd2_grp[1]/ucb2d","110","535"
"consented_grp[1]/ucd2_grp[1]/ucb2e","110","535"
"consented_grp[1]/ucd2_grp[1]/ucb2f","110","535"
"consented_grp[1]/ucd2_grp[1]/ucb2g","110","535"
"consented_grp[1]/ucd2_grp[1]/ucb2h","110","535"
"consented_grp[1]/ucd2_grp[1]/ucb2i","110","535"
"consented_grp[1]/ucd2_grp[1]/ucb2j","110","535"
"consented_grp[1]/ucd3","4","645"
"consented_grp[1]/ucf_grp[1]/ucf2_grp[1]/ucf2_note","18","649"
"consented_grp[1]/ucf_grp[1]/ucf2_grp[1]/ucf2_label","18","649"
"consented_grp[1]/ucf_grp[1]/ucf2_grp[1]/ucf2","18","649"
"consented_grp[1]/ucf_grp[1]/ucf2_grp[1]/ucf3","18","649"
"consented_grp[1]/ucf_grp[1]/ucf2_grp[1]/ucf4","18","649"
"consented_grp[1]/ucf_grp[1]/ucf5","2","667"
"consented_grp[1]/ucf_grp[1]/ucf7b","4","669"
"consented_grp[1]/ucf_grp[1]/ucf9b","2","672"
"consented_grp[1]/ucf_grp[1]/ucf13","4","674"
"consented_grp[1]/ucf_grp[1]/ucf14","2","678"
"consented_grp[1]/ucf_grp[1]/ucf15","3","680"
"consented_grp[1]/ucf_grp[1]/ucf16","10","683"
"consented_grp[1]/ucf_grp[1]/ucf17","9","693"
"consented_grp[1]/ucf_grp[1]/ucf18","4","701"
"consented_grp[1]/ucf_grp[1]/ucf19","5","706"
"consented_grp[1]/im2","3","710"
"consented_grp[1]/im5","3","713"
"consented_grp[1]/im6_note","1","716"
"consented_grp[1]/im6_rpt[1]/im6","13","717"
"consented_grp[1]/im6_rpt[1]/im6a","17","729"
"consented_grp[1]/im6_rpt[2]/im6","2","746"
"consented_grp[1]/im6_rpt[2]/im6a","11","748"
"consented_grp[1]/im6_rpt[3]/im6","6","759"
"consented_grp[1]/im6_rpt[3]/im6a","11","765"
"consented_grp[1]/im6_rpt[4]/im6","2","776"
"consented_grp[1]/im6_rpt[4]/im6a","7","778"
"consented_grp[1]/im6_rpt[5]/im6","3","785"
"consented_grp[1]/im6_rpt[5]/im6a","9","788"
"consented_grp[1]/im6_rpt[6]/im6","4","797"
"consented_grp[1]/im6_rpt[6]/im6a","9","800"
"consented_grp[1]/im6_rpt[7]/im6","6","810"
"consented_grp[1]/im6_rpt[7]/im6a","10","815"
"consented_grp[1]/im6_rpt[8]/im6","2","825"
"consented_grp[1]/im6_rpt[8]/im6a","10","828"
"consented_grp[1]/im6_rpt[9]/im6","3","838"
"consented_grp[1]/im6_rpt[9]/im6a","13","840"
"consented_grp[1]/im6_rpt[10]/im6","3","853"
"consented_grp[1]/im6_rpt[10]/im6a","21","857"
"consented_grp[1]/im6_rpt[11]/im6","2","878"
"consented_grp[1]/im6_rpt[11]/im6a","22","880"
"consented_grp[1]/im6_rpt[12]/im6","2","902"
"consented_grp[1]/im6_rpt[12]/im6a","13","904"
"consented_grp[1]/im6_rpt[13]/im6","7","916"
"consented_grp[1]/im6_rpt[13]/im6a","16","921"
"consented_grp[1]/im6_rpt[14]/im6","4","941"
"consented_grp[1]/im6_rpt[15]/im6","7","945"
"consented_grp[1]/im6_rpt[15]/im6a","17","951"
"consented_grp[1]/ca1","13","969"
"consented_grp[1]/ca14","7","982"
"consented_grp[1]/ca16","6","989"
"consented_grp[1]/ca17","8","995"
"consented_grp[1]/gps_backup","27","1002"
"comments","5","1031"
