"Field name","Total duration (seconds)","First appeared (seconds into survey)"
"intro_note","14","1"
"enum_id","5","2"
"enum_confirm_grp[1]/enum_details","3","7"
"enum_confirm_grp[1]/enum_confirm","3","7"
"community_id","29","8"
"comm_confirm_grp[1]/comm_details","12","14"
"comm_confirm_grp[1]/comm_confirm","12","14"
"u5_iden_grp[1]/u5_id","82","15"
"u5_iden_grp[1]/u5_fullname","82","15"
"u5_iden_grp[1]/u5_age","82","15"
"u5_iden_grp[1]/u5_ct_id","82","15"
"u5_iden_grp[1]/u5_ct_fullname","82","15"
"u5_check","16","80"
"uf9","2","148"
"consent_grp[1]/consent","3","150"
"consented_grp[1]/ub0","1","153"
"consented_grp[1]/ub1_age_sel","2","154"
"consented_grp[1]/ub1_dob_dmy","19","157"
"consented_grp[1]/ub5","9","176"
"consented_grp[1]/ub8b","8","183"
"consented_grp[1]/ub9","3","190"
"consented_grp[1]/br1","3","195"
"consented_grp[1]/br2","8","199"
"consented_grp[1]/ec1","9","207"
"consented_grp[1]/ec2_grp[1]/generated_note_name_108","21","216"
"consented_grp[1]/ec2_grp[1]/ec2_label","21","216"
"consented_grp[1]/ec2_grp[1]/ec2a","21","216"
"consented_grp[1]/ec2_grp[1]/ec2b","21","216"
"consented_grp[1]/ec2_grp[1]/ec2c","21","216"
"consented_grp[1]/ec3_grp[1]/generated_note_name_115","9","237"
"consented_grp[1]/ec3_grp[1]/ec3a","9","237"
"consented_grp[1]/ec3_grp[1]/ec3b","9","237"
"consented_grp[1]/ec5_grp[1]/ec5","41","246"
"consented_grp[1]/ec5_grp[1]/ec5_label","41","246"
"consented_grp[1]/ec5_grp[1]/ec5a","41","246"
"consented_grp[1]/ec5_grp[1]/ec5b","41","246"
"consented_grp[1]/ec5_grp[1]/ec5c","41","246"
"consented_grp[1]/ec5_grp[1]/ec5d","41","246"
"consented_grp[1]/ec5_grp[1]/ec5e","41","246"
"consented_grp[1]/ec5_grp[1]/ec5f","41","246"
"consented_grp[1]/ec6_grp[1]/ec6_note","12","287"
"consented_grp[1]/ec6_grp[1]/ec6","12","287"
"consented_grp[1]/ec7","5","299"
"consented_grp[1]/ec8","4","304"
"consented_grp[1]/ec9","3","308"
"consented_grp[1]/ec10","5","311"
"consented_grp[1]/ec11","6","315"
"consented_grp[1]/ec12","1","321"
"consented_grp[1]/ec13","2","322"
"consented_grp[1]/ec14","7","324"
"consented_grp[1]/ec15","4","331"
"consented_grp[1]/ucd2_grp[1]/ucd2_note","56","335"
"consented_grp[1]/ucd2_grp[1]/ucb2_label","56","335"
"consented_grp[1]/ucd2_grp[1]/ucd2a","56","335"
"consented_grp[1]/ucd2_grp[1]/ucb2b","56","335"
"consented_grp[1]/ucd2_grp[1]/ucb2c","56","335"
"consented_grp[1]/ucd2_grp[1]/ucb2d","56","335"
"consented_grp[1]/ucd2_grp[1]/ucb2e","56","335"
"consented_grp[1]/ucd2_grp[1]/ucb2f","56","335"
"consented_grp[1]/ucd2_grp[1]/ucb2g","56","335"
"consented_grp[1]/ucd2_grp[1]/ucb2h","56","335"
"consented_grp[1]/ucd2_grp[1]/ucb2i","56","335"
"consented_grp[1]/ucd2_grp[1]/ucb2j","56","335"
"consented_grp[1]/ucd2_grp[1]/ucb2k","56","335"
"consented_grp[1]/ucd3","10","391"
"consented_grp[1]/ucf_grp[1]/ucf2_grp[1]/ucf2_note","13","401"
"consented_grp[1]/ucf_grp[1]/ucf2_grp[1]/ucf2_label","13","401"
"consented_grp[1]/ucf_grp[1]/ucf2_grp[1]/ucf2","13","401"
"consented_grp[1]/ucf_grp[1]/ucf2_grp[1]/ucf3","13","401"
"consented_grp[1]/ucf_grp[1]/ucf2_grp[1]/ucf4","13","401"
"consented_grp[1]/ucf_grp[1]/ucf5","2","414"
"consented_grp[1]/ucf_grp[1]/ucf7b","2","416"
"consented_grp[1]/ucf_grp[1]/ucf9b","2","418"
"consented_grp[1]/ucf_grp[1]/ucf13","2","420"
"consented_grp[1]/ucf_grp[1]/ucf14","2","422"
"consented_grp[1]/ucf_grp[1]/ucf15","1","424"
"consented_grp[1]/ucf_grp[1]/ucf16","1","425"
"consented_grp[1]/ucf_grp[1]/ucf17","6","427"
"consented_grp[1]/ucf_grp[1]/ucf18","6","432"
"consented_grp[1]/ucf_grp[1]/ucf19","26","439"
"consented_grp[1]/im2","2","464"
"consented_grp[1]/im5","5","466"
"consented_grp[1]/im6_note","1","471"
"consented_grp[1]/im6_rpt[1]/im6","4","472"
"consented_grp[1]/im6_rpt[1]/im6a","21","476"
"consented_grp[1]/im6_rpt[2]/im6","3","497"
"consented_grp[1]/im6_rpt[2]/im6a","18","500"
"consented_grp[1]/im6_rpt[3]/im6","2","518"
"consented_grp[1]/im6_rpt[3]/im6a","16","519"
"consented_grp[1]/im6_rpt[4]/im6","1","536"
"consented_grp[1]/im6_rpt[4]/im6a","12","537"
"consented_grp[1]/im6_rpt[5]/im6","2","549"
"consented_grp[1]/im6_rpt[5]/im6a","12","551"
"consented_grp[1]/im6_rpt[6]/im6","2","563"
"consented_grp[1]/im6_rpt[6]/im6a","10","564"
"consented_grp[1]/im6_rpt[7]/im6","2","574"
"consented_grp[1]/im6_rpt[7]/im6a","11","575"
"consented_grp[1]/im6_rpt[8]/im6","1","586"
"consented_grp[1]/im6_rpt[8]/im6a","17","588"
"consented_grp[1]/im6_rpt[9]/im6","2","601"
"consented_grp[1]/im6_rpt[9]/im6a","15","603"
"consented_grp[1]/im6_rpt[10]/im6","2","618"
"consented_grp[1]/im6_rpt[10]/im6a","10","619"
"consented_grp[1]/im6_rpt[11]/im6","2","629"
"consented_grp[1]/im6_rpt[11]/im6a","11","631"
"consented_grp[1]/im6_rpt[12]/im6","2","641"
"consented_grp[1]/im6_rpt[12]/im6a","6","643"
"consented_grp[1]/im6_rpt[13]/im6","2","649"
"consented_grp[1]/im6_rpt[13]/im6a","9","651"
"consented_grp[1]/im6_rpt[14]/im6","5","659"
"consented_grp[1]/im6_rpt[14]/im6a","12","664"
"consented_grp[1]/im6_rpt[15]/im6","2","676"
"consented_grp[1]/im6_rpt[15]/im6a","11","678"
"consented_grp[1]/im8_im27_grp[1]/im8_grp[1]/im8_note","18","688"
"consented_grp[1]/im8_im27_grp[1]/im8_grp[1]/im8_label","18","688"
"consented_grp[1]/im8_im27_grp[1]/im8_grp[1]/im8a","18","688"
"consented_grp[1]/im8_im27_grp[1]/im8_grp[1]/im8b","18","688"
"consented_grp[1]/im8_im27_grp[1]/im8_grp[1]/im8c","18","688"
"consented_grp[1]/im8_im27_grp[1]/im8_grp[1]/im8d","18","688"
"consented_grp[1]/im8_im27_grp[1]/im9","3","706"
"consented_grp[1]/ca1","5","709"
"consented_grp[1]/ca14","6","714"
"consented_grp[1]/ca16","7","720"
"consented_grp[1]/ca17","5","727"
"comments","6","732"
