"Field name","Total duration (seconds)","First appeared (seconds into survey)"
"intro_note","1","3"
"enum_id","5","4"
"enum_confirm_grp[1]/enum_details","4","8"
"enum_confirm_grp[1]/enum_confirm","4","8"
"community_id","28","13"
"comm_confirm_grp[1]/comm_details","1","40"
"comm_confirm_grp[1]/comm_confirm","1","40"
"u5_iden_grp[1]/u5_id","69","42"
"u5_iden_grp[1]/u5_fullname","69","42"
"u5_iden_grp[1]/u5_age","69","42"
"u5_iden_grp[1]/u5_ct_id","69","42"
"u5_iden_grp[1]/u5_ct_fullname","69","42"
"uf9","2","111"
"consent_grp[1]/consent","2","112"
"consented_grp[1]/ub0","1","114"
"consented_grp[1]/ub1_age_sel","2","115"
"consented_grp[1]/ub1_dob_dmy","34","117"
"consented_grp[1]/ub5","3","150"
"consented_grp[1]/ub6","3","154"
"consented_grp[1]/ub9","8","156"
"consented_grp[1]/br1","18","165"
"consented_grp[1]/br2","18","182"
"consented_grp[1]/br3","2","201"
"consented_grp[1]/ec1","9","203"
"consented_grp[1]/ec2_grp[1]/generated_note_name_108","22","212"
"consented_grp[1]/ec2_grp[1]/ec2_label","22","212"
"consented_grp[1]/ec2_grp[1]/ec2a","22","212"
"consented_grp[1]/ec2_grp[1]/ec2b","22","212"
"consented_grp[1]/ec2_grp[1]/ec2c","22","212"
"consented_grp[1]/ec3_grp[1]/generated_note_name_115","46","235"
"consented_grp[1]/ec3_grp[1]/ec3a","46","235"
"consented_grp[1]/ec3_grp[1]/ec3b","46","235"
"consented_grp[1]/ec5_grp[1]/ec5","33","281"
"consented_grp[1]/ec5_grp[1]/ec5_label","33","281"
"consented_grp[1]/ec5_grp[1]/ec5a","33","281"
"consented_grp[1]/ec5_grp[1]/ec5b","33","281"
"consented_grp[1]/ec5_grp[1]/ec5c","33","281"
"consented_grp[1]/ec5_grp[1]/ec5d","33","281"
"consented_grp[1]/ec5_grp[1]/ec5e","33","281"
"consented_grp[1]/ec5_grp[1]/ec5f","33","281"
"consented_grp[1]/ec6_grp[1]/ec6_note","6","313"
"consented_grp[1]/ec6_grp[1]/ec6","6","313"
"consented_grp[1]/ec7","2","319"
"consented_grp[1]/ec8","8","321"
"consented_grp[1]/ec9","6","329"
"consented_grp[1]/ec10","8","335"
"consented_grp[1]/ec11","11","343"
"consented_grp[1]/ec12","1","353"
"consented_grp[1]/ec13","8","354"
"consented_grp[1]/ec14","10","363"
"consented_grp[1]/ec15","16","372"
"consented_grp[1]/ucd2_grp[1]/ucd2_note","90","389"
"consented_grp[1]/ucd2_grp[1]/ucb2_label","90","389"
"consented_grp[1]/ucd2_grp[1]/ucd2a","90","389"
"consented_grp[1]/ucd2_grp[1]/ucb2b","90","389"
"consented_grp[1]/ucd2_grp[1]/ucb2c","90","389"
"consented_grp[1]/ucd2_grp[1]/ucb2d","90","389"
"consented_grp[1]/ucd2_grp[1]/ucb2e","90","389"
"consented_grp[1]/ucd2_grp[1]/ucb2f","90","389"
"consented_grp[1]/ucd2_grp[1]/ucb2g","90","389"
"consented_grp[1]/ucd2_grp[1]/ucb2h","90","389"
"consented_grp[1]/ucd2_grp[1]/ucb2i","90","389"
"consented_grp[1]/ucd2_grp[1]/ucb2j","90","389"
"consented_grp[1]/ucd3","16","479"
"consented_grp[1]/ucf_grp[1]/ucf2_grp[1]/ucf2_note","18","495"
"consented_grp[1]/ucf_grp[1]/ucf2_grp[1]/ucf2_label","18","495"
"consented_grp[1]/ucf_grp[1]/ucf2_grp[1]/ucf2","18","495"
"consented_grp[1]/ucf_grp[1]/ucf2_grp[1]/ucf3","18","495"
"consented_grp[1]/ucf_grp[1]/ucf2_grp[1]/ucf4","18","495"
"consented_grp[1]/ucf_grp[1]/ucf5","2","512"
"consented_grp[1]/ucf_grp[1]/ucf7b","2","514"
"consented_grp[1]/ucf_grp[1]/ucf9b","1","516"
"consented_grp[1]/ucf_grp[1]/ucf13","1","517"
"consented_grp[1]/ucf_grp[1]/ucf14","5","519"
"consented_grp[1]/ucf_grp[1]/ucf15","4","523"
"consented_grp[1]/ucf_grp[1]/ucf16","2","528"
"consented_grp[1]/ucf_grp[1]/ucf17","16","530"
"consented_grp[1]/ucf_grp[1]/ucf18","4","545"
"consented_grp[1]/ucf_grp[1]/ucf19","3","549"
"consented_grp[1]/im2","10","553"
"consented_grp[1]/im5","2","563"
"consented_grp[1]/im6_note","1","564"
"consented_grp[1]/im6_rpt[1]/im6","10","565"
"consented_grp[1]/im6_rpt[1]/im6a","14","576"
"consented_grp[1]/im6_rpt[2]/im6","3","585"
"consented_grp[1]/im6_rpt[2]/im6a","15","587"
"consented_grp[1]/im6_rpt[3]/im6","3","598"
"consented_grp[1]/im6_rpt[3]/im6a","19","600"
"consented_grp[1]/im6_rpt[4]/im6","3","617"
"consented_grp[1]/im6_rpt[4]/im6a","12","618"
"consented_grp[1]/im6_rpt[5]/im6","3","627"
"consented_grp[1]/im6_rpt[5]/im6a","10","628"
"consented_grp[1]/im6_rpt[6]/im6","2","636"
"consented_grp[1]/im6_rpt[6]/im6a","14","638"
"consented_grp[1]/im6_rpt[7]/im6","6","648"
"consented_grp[1]/im6_rpt[7]/im6a","14","653"
"consented_grp[1]/im6_rpt[8]/im6","3","664"
"consented_grp[1]/im6_rpt[8]/im6a","10","667"
"consented_grp[1]/im6_rpt[9]/im6","3","675"
"consented_grp[1]/im6_rpt[9]/im6a","11","677"
"consented_grp[1]/im6_rpt[10]/im6","4","686"
"consented_grp[1]/im6_rpt[10]/im6a","14","689"
"consented_grp[1]/im6_rpt[11]/im6","5","696"
"consented_grp[1]/im6_rpt[11]/im6a","16","698"
"consented_grp[1]/im6_rpt[12]/im6","4","707"
"consented_grp[1]/im6_rpt[12]/im6a","14","709"
"consented_grp[1]/im6_rpt[13]/im6","4","718"
"consented_grp[1]/im6_rpt[13]/im6a","13","720"
"consented_grp[1]/im6_rpt[14]/im6","4","727"
"consented_grp[1]/im6_rpt[14]/im6a","20","730"
"consented_grp[1]/im6_rpt[15]/im6","3","744"
"consented_grp[1]/im6_rpt[15]/im6a","21","746"
"consented_grp[1]/im8_im27_grp[1]/im8_grp[1]/im8_note","32","841"
"consented_grp[1]/im8_im27_grp[1]/im8_grp[1]/im8_label","32","841"
"consented_grp[1]/im8_im27_grp[1]/im8_grp[1]/im8a","32","841"
"consented_grp[1]/im8_im27_grp[1]/im8_grp[1]/im8b","32","841"
"consented_grp[1]/im8_im27_grp[1]/im8_grp[1]/im8c","32","841"
"consented_grp[1]/im8_im27_grp[1]/im8_grp[1]/im8d","32","841"
"consented_grp[1]/im8_im27_grp[1]/im9","3","873"
"consented_grp[1]/ca1","6","876"
"consented_grp[1]/ca14","5","882"
"consented_grp[1]/ca16","6","887"
"consented_grp[1]/ca17","7","893"
"consented_grp[1]/gps_backup","7","900"
"comments","9","907"
