"Field name","Total duration (seconds)","First appeared (seconds into survey)"
"intro_note","1","2"
"enum_id","4","3"
"enum_confirm_grp[1]/enum_details","1","7"
"enum_confirm_grp[1]/enum_confirm","1","7"
"community_id","8","8"
"comm_confirm_grp[1]/comm_details","3","16"
"comm_confirm_grp[1]/comm_confirm","3","16"
"iw_iden_grp[1]/iw_id","67","19"
"iw_iden_grp[1]/iw_fullname","67","19"
"iw_iden_grp[1]/iw_age","67","19"
"wm8","2","86"
"wm9_grp[1]/wm9b","2","88"
"wm9_grp[1]/consent","2","88"
"consented_grp[1]/wb3_age_sel","4","91"
"consented_grp[1]/wb3_dob_dmy","27","95"
"consented_grp[1]/wb5","3","122"
"consented_grp[1]/wb5_grp[1]/wb6","3","125"
"consented_grp[1]/wb5_grp[1]/wb6a","4","128"
"consented_grp[1]/wb5_grp[1]/wb6b","2","132"
"consented_grp[1]/wb5_grp[1]/wb7","4","134"
"consented_grp[1]/wb5_grp[1]/wb10a","8","138"
"consented_grp[1]/wb5_grp[1]/wb10b","6","145"
"consented_grp[1]/wb5_grp[1]/wb12a","13","147"
"consented_grp[1]/wb5_grp[1]/wb12b","1","164"
"consented_grp[1]/wb15","29","165"
"consented_grp[1]/wb16_grp[1]/wb16a","27","195"
"consented_grp[1]/wb16_grp[1]/wb16_note","27","195"
"consented_grp[1]/wb16_grp[1]/wb16b","27","195"
"consented_grp[1]/wb17a","5","222"
"consented_grp[1]/wb17b","16","227"
"consented_grp[1]/wb18","5","243"
"consented_grp[1]/mt1","10","249"
"consented_grp[1]/mt2","7","259"
"consented_grp[1]/mt3","3","266"
"consented_grp[1]/mt4","4","268"
"consented_grp[1]/mt9","3","273"
"consented_grp[1]/mt11","5","275"
"consented_grp[1]/mt12","18","281"
"consented_grp[1]/cm1","254","299"
"consented_grp[1]/cm2","14","335"
"consented_grp[1]/cm2_grp[1]/cm3","10","566"
"consented_grp[1]/cm2_grp[1]/cm4","10","566"
"consented_grp[1]/cm5","6","576"
"consented_grp[1]/cm5_grp[1]/cm6","12","583"
"consented_grp[1]/cm5_grp[1]/cm7","12","583"
"consented_grp[1]/cm8","7","594"
"consented_grp[1]/cm12","5","601"
"consented_grp[1]/bh0","1","606"
"consented_grp[1]/bh_rpt[1]/bh1","41","607"
"consented_grp[1]/bh_rpt[1]/bh2","11","648"
"consented_grp[1]/bh_rpt[1]/bh3","4","659"
"consented_grp[1]/bh_rpt[1]/bh4_age_sel","7","663"
"consented_grp[1]/bh_rpt[1]/bh4_dob_my","15","669"
"consented_grp[1]/bh_rpt[1]/bh5","7","680"
"consented_grp[1]/bh_rpt[1]/bh6","9","684"
"consented_grp[1]/bh_rpt[1]/bh7","6","690"
"consented_grp[1]/bh_rpt[1]/bh10","6","694"
"consented_grp[1]/bh_rpt[2]/bh1","20","697"
"consented_grp[1]/bh_rpt[2]/bh2","6","710"
"consented_grp[1]/bh_rpt[2]/bh3","5","712"
"consented_grp[1]/bh_rpt[2]/bh4_age_sel","6","714"
"consented_grp[1]/bh_rpt[2]/bh4_dob_my","15","715"
"consented_grp[1]/bh_rpt[2]/bh5","6","751"
"consented_grp[1]/bh_rpt[2]/bh6","8","755"
"consented_grp[1]/bh_rpt[2]/bh7","5","778"
"consented_grp[1]/bh_rpt[2]/bh10","2","783"
"consented_grp[1]/bh_rpt[3]/bh1","15","785"
"consented_grp[1]/bh_rpt[3]/bh2","2","800"
"consented_grp[1]/bh_rpt[3]/bh3","2","802"
"consented_grp[1]/bh_rpt[3]/bh4_age_sel","2","804"
"consented_grp[1]/bh_rpt[3]/bh4_dob_dmy","20","806"
"consented_grp[1]/bh_rpt[3]/bh5","4","826"
"consented_grp[1]/bh_rpt[3]/bh6","3","831"
"consented_grp[1]/bh_rpt[3]/bh7","3","833"
"consented_grp[1]/bh_rpt[3]/bh8","10","836"
"consented_grp[1]/bh_rpt[3]/bh10","11","846"
"consented_grp[1]/db2","11","852"
"consented_grp[1]/db4_b","16","867"
"consented_grp[1]/mn_rpt[1]/mn_grp[1]/mn2","15","883"
"consented_grp[1]/mn_rpt[1]/mn_grp[1]/mn3","30","898"
"consented_grp[1]/mn_rpt[1]/mn_grp[1]/mn4_grp[1]/mn4_a","12","928"
"consented_grp[1]/mn_rpt[1]/mn_grp[1]/mn4_grp[1]/mn4_b","12","928"
"consented_grp[1]/mn_rpt[1]/mn_grp[1]/mn5","35","940"
"consented_grp[1]/mn_rpt[1]/mn_grp[1]/mn6_grp[1]/mn6_note","12","975"
"consented_grp[1]/mn_rpt[1]/mn_grp[1]/mn6_grp[1]/mn6_label","12","975"
"consented_grp[1]/mn_rpt[1]/mn_grp[1]/mn6_grp[1]/mn6_a","12","975"
"consented_grp[1]/mn_rpt[1]/mn_grp[1]/mn6_grp[1]/mn6_b","12","975"
"consented_grp[1]/mn_rpt[1]/mn_grp[1]/mn6_grp[1]/mn6_c","12","975"
"consented_grp[1]/mn_rpt[1]/mn_grp[1]/mn7","13","987"
"consented_grp[1]/mn_rpt[1]/mn_grp[1]/mn8","9","999"
"consented_grp[1]/mn_rpt[1]/mn_grp[1]/mn9","4","1008"
"consented_grp[1]/mn_rpt[1]/mn_grp[1]/mn11","10","1012"
"consented_grp[1]/mn_rpt[1]/mn_grp[1]/mn16","8","1022"
"consented_grp[1]/mn_rpt[1]/mn_grp[1]/mn17","2","1031"
"consented_grp[1]/mn_rpt[1]/mn_grp[1]/mn18","27","1033"
"consented_grp[1]/mn_rpt[1]/mn_grp[1]/mn19","6","1060"
"consented_grp[1]/mn_rpt[1]/mn_grp[1]/mn20","25","1066"
"consented_grp[1]/mn_rpt[1]/mn_grp[1]/mn21","3","1091"
"consented_grp[1]/mn_rpt[1]/mn_grp[1]/mn23","6","1095"
"consented_grp[1]/mn_rpt[1]/mn_grp[1]/mn24","14","1101"
"consented_grp[1]/mn_rpt[1]/mn_grp[1]/mn25","9","1115"
"consented_grp[1]/mn_rpt[1]/mn_grp[1]/mn26","55","1124"
"consented_grp[1]/mn_rpt[1]/mn_grp[1]/mn30","42","1179"
"consented_grp[1]/mn_rpt[1]/mn_grp[1]/mn31","58","1221"
"consented_grp[1]/mn_rpt[1]/mn_grp[1]/mn32","15","1275"
"consented_grp[1]/mn_rpt[1]/mn_grp[1]/mn33","7","1294"
"consented_grp[1]/mn_rpt[1]/mn_grp[1]/mn34_grp[1]/mn34_a","7","1301"
"consented_grp[1]/mn_rpt[1]/mn_grp[1]/mn34_grp[1]/mn34_b","7","1301"
"consented_grp[1]/mn_rpt[1]/mn_grp[1]/mn35","12","1308"
"consented_grp[1]/mn_rpt[1]/mn_grp[1]/mn36","4","1319"
"consented_grp[1]/mn_rpt[1]/mn_grp[1]/mn36_grp[1]/mn37","18","1323"
"consented_grp[1]/mn_rpt[1]/mn_grp[1]/mn36_grp[1]/mn37_units","18","1323"
"consented_grp[1]/mn_rpt[1]/mn_grp[1]/mn38","71","1341"
"consented_grp[1]/pn_rpt[1]/pn_grp[1]/pn_note","1","1412"
"consented_grp[1]/pn_rpt[1]/pn_grp[1]/pn3_grp[1]/pn3","12","1413"
"consented_grp[1]/pn_rpt[1]/pn_grp[1]/pn3_grp[1]/pn3_units","12","1413"
"consented_grp[1]/pn_rpt[1]/pn_grp[1]/pn4_grp[1]/pn4_note","10","1425"
"consented_grp[1]/pn_rpt[1]/pn_grp[1]/pn4_grp[1]/pn4","10","1425"
"consented_grp[1]/pn_rpt[1]/pn_grp[1]/pn5_grp[1]/pm5_note","2","1435"
"consented_grp[1]/pn_rpt[1]/pn_grp[1]/pn5_grp[1]/pn5","2","1435"
"consented_grp[1]/pn_rpt[1]/pn_grp[1]/pn6_grp[1]/pn6_note","9","1437"
"consented_grp[1]/pn_rpt[1]/pn_grp[1]/pn6_grp[1]/pn6","9","1437"
"consented_grp[1]/pn_rpt[1]/pn_grp[1]/pn12","6","1446"
"consented_grp[1]/pn_rpt[1]/pn_grp[1]/pn13_grp[1]/pn13b","31","1452"
"consented_grp[1]/pn_rpt[1]/pn_grp[1]/pn13_grp[1]/pn13_units","31","1452"
"consented_grp[1]/pn_rpt[1]/pn_grp[1]/pn17","6","1483"
"consented_grp[1]/pn_rpt[1]/pn_grp[1]/pn21","2","1489"
"consented_grp[1]/pn_rpt[1]/pn_grp[1]/pn21_grp[1]/pn21b","7","1492"
"consented_grp[1]/pn_rpt[1]/pn_grp[1]/pn21_grp[1]/pn22_units","7","1492"
"consented_grp[1]/pn_rpt[1]/pn_grp[1]/pn23","8","1499"
"consented_grp[1]/pn_rpt[1]/pn_grp[1]/pn24","13","1506"
"consented_grp[1]/pn_rpt[1]/pn_grp[1]/pn25_grp[1]/pn25_note","27","1519"
"consented_grp[1]/pn_rpt[1]/pn_grp[1]/pn25_grp[1]/pn25_lab","27","1519"
"consented_grp[1]/pn_rpt[1]/pn_grp[1]/pn25_grp[1]/pn25a","27","1519"
"consented_grp[1]/pn_rpt[1]/pn_grp[1]/pn25_grp[1]/pn25b","27","1519"
"consented_grp[1]/pn_rpt[1]/pn_grp[1]/pn25_grp[1]/pn25c","27","1519"
"consented_grp[1]/pn_rpt[1]/pn_grp[1]/pn27","3","1547"
"consented_grp[1]/pn_rpt[1]/pn_grp[1]/pn29a","18","1550"
"consented_grp[1]/pn_rpt[1]/pn_grp[1]/pn30","24","1562"
"consented_grp[1]/cp1_grp[1]/cp1_note","3","1592"
"consented_grp[1]/cp1_grp[1]/cp1","3","1592"
"consented_grp[1]/cp2_grp[1]/cp2_note","14","1595"
"consented_grp[1]/cp2_grp[1]/cp2","14","1595"
"consented_grp[1]/cp3","13","1609"
"consented_grp[1]/un7","15","1616"
"consented_grp[1]/un8_grp[1]/un8","17","1637"
"consented_grp[1]/un8_grp[1]/un8_units","17","1637"
"consented_grp[1]/ma1","9","1655"
"consented_grp[1]/ma2","7","1663"
"consented_grp[1]/ma3","10","1670"
"consented_grp[1]/ma4","15","1681"
"consented_grp[1]/ma7","15","1695"
"consented_grp[1]/ma8a","121","1710"
"consented_grp[1]/ma11a","10","1831"
"consented_grp[1]/af_grp[1]/af2","7","1842"
"consented_grp[1]/af_grp[1]/af3","4","1848"
"consented_grp[1]/af_grp[1]/af4","2","1853"
"consented_grp[1]/af_grp[1]/af6b","3","1854"
"consented_grp[1]/af_grp[1]/af8b","2","1857"
"consented_grp[1]/af_grp[1]/af9","2","1859"
"consented_grp[1]/af_grp[1]/af10","2","1862"
"consented_grp[1]/af_grp[1]/af11","2","1864"
"consented_grp[1]/af_grp[1]/af12","2","1866"
"consented_grp[1]/ls1_grp[1]/ls_note","79","1867"
"consented_grp[1]/ls1_grp[1]/ls1","79","1867"
"consented_grp[1]/ls2_grp[1]/ls2_note","61","1946"
"consented_grp[1]/ls2_grp[1]/ls2","61","1946"
"consented_grp[1]/ls3","40","2008"
"consented_grp[1]/ls4","16","2047"
"consented_grp[1]/survey_language","3","2063"
"consented_grp[1]/survey_accomp","2","2066"
"consented_grp[1]/comment","83","2068"
