"Field name","Total duration (seconds)","First appeared (seconds into survey)"
"intro_note","4","3"
"enum_id","8","7"
"enum_confirm_grp[1]/enum_details","1","15"
"enum_confirm_grp[1]/enum_confirm","1","15"
"community_id","7","16"
"comm_confirm_grp[1]/comm_details","1","23"
"comm_confirm_grp[1]/comm_confirm","1","23"
"hhid_grp[1]/hhid_instruction","8","24"
"hhid_grp[1]/hhid_struct_num","8","24"
"hhid_grp[1]/hhid_hh_num","8","24"
"hhid_confirm_grp[1]/hhid_details","2","32"
"hhid_confirm_grp[1]/hhid_confirm","2","32"
"consent_grp[1]/consent_instr","299","34"
"consent_grp[1]/consent","299","34"
"consented_grp[1]/hh_note","5","333"
"consented_grp[1]/hhm_cnt","8","336"
"consented_grp[1]/rooster_note","8","342"
"consented_grp[1]/hhm_rpt[1]/hhmemb_info[1]/fmemb_name_grp[1]/fmemb_fn","54","348"
"consented_grp[1]/hhm_rpt[1]/hhmemb_info[1]/fmemb_name_grp[1]/fmemb_sn","54","348"
"consented_grp[1]/hhm_rpt[1]/hhmemb_info[1]/fmemb_name_grp[1]/fmemb_popn","54","348"
"consented_grp[1]/hhm_rpt[1]/hhmemb_info[1]/hl3","5","400"
"consented_grp[1]/hhm_rpt[1]/hhmemb_info[1]/hl4","5","403"
"consented_grp[1]/hhm_rpt[1]/hhmemb_info[1]/hl5_age_sel","7","405"
"consented_grp[1]/hhm_rpt[1]/hhmemb_info[1]/hl6_age_est","6","407"
"consented_grp[1]/hhm_rpt[1]/hhmemb_info[1]/hl7","7","412"
"consented_grp[1]/hhm_rpt[1]/ed4","7","418"
"consented_grp[1]/hhm_rpt[1]/hhm_add_grp[1]/hhm_add_note","4","423"
"consented_grp[1]/hhm_rpt[1]/hhm_add_grp[1]/hhm_add_yn","4","423"
"consented_grp[1]/hhm_rpt[2]/hhmemb_info[1]/fmemb_name_grp[1]/fmemb_fn","28","425"
"consented_grp[1]/hhm_rpt[2]/hhmemb_info[1]/fmemb_name_grp[1]/fmemb_sn","28","425"
"consented_grp[1]/hhm_rpt[2]/hhmemb_info[1]/fmemb_name_grp[1]/fmemb_popn","28","425"
"consented_grp[1]/hhm_rpt[2]/hhmemb_info[1]/hl3","4","449"
"consented_grp[1]/hhm_rpt[2]/hhmemb_info[1]/hl4","4","452"
"consented_grp[1]/hhm_rpt[2]/hhmemb_info[1]/hl5_age_sel","4","454"
"consented_grp[1]/hhm_rpt[2]/hhmemb_info[1]/hl6_age_est","16","455"
"consented_grp[1]/hhm_rpt[2]/hhmemb_info[1]/hl7","8","470"
"consented_grp[1]/hhm_rpt[2]/ed4","7","477"
"consented_grp[1]/hhm_rpt[2]/ed5_grp[1]/ed5a","8","483"
"consented_grp[1]/hhm_rpt[2]/ed5_grp[1]/ed5a_a","4","488"
"consented_grp[1]/hhm_rpt[2]/ed5_grp[1]/ed5b","5","490"
"consented_grp[1]/hhm_rpt[2]/ed5_grp[1]/ed6","5","492"
"consented_grp[1]/hhm_rpt[2]/ed9","5","497"
"consented_grp[1]/hhm_rpt[2]/ed15","7","500"
"consented_grp[1]/hhm_rpt[2]/hhm_add_grp[1]/hhm_add_note","4","504"
"consented_grp[1]/hhm_rpt[2]/hhm_add_grp[1]/hhm_add_yn","4","504"
"consented_grp[1]/hhm_rpt[3]/hhmemb_info[1]/fmemb_name_grp[1]/fmemb_fn","40","506"
"consented_grp[1]/hhm_rpt[3]/hhmemb_info[1]/fmemb_name_grp[1]/fmemb_sn","40","506"
"consented_grp[1]/hhm_rpt[3]/hhmemb_info[1]/fmemb_name_grp[1]/fmemb_popn","40","506"
"consented_grp[1]/hhm_rpt[3]/hhmemb_info[1]/hl3","7","544"
"consented_grp[1]/hhm_rpt[3]/hhmemb_info[1]/hl4","4","548"
"consented_grp[1]/hhm_rpt[3]/hhmemb_info[1]/hl5_age_sel","5","550"
"consented_grp[1]/hhm_rpt[3]/hhmemb_info[1]/hl5_dob_dmy","31","554"
"consented_grp[1]/hhm_rpt[3]/hhmemb_info[1]/hl7","9","584"
"consented_grp[1]/hhm_rpt[3]/hhm_add_grp[1]/hhm_add_note","5","587"
"consented_grp[1]/hhm_rpt[3]/hhm_add_grp[1]/hhm_add_yn","5","587"
"consented_grp[1]/hhm_ch_intro","4","590"
"consented_grp[1]/hhm_ch_rpt[1]/h12_grp[1]/hl12","6","592"
"consented_grp[1]/hhm_ch_rpt[1]/h12_grp[1]/hl13a","7","596"
"consented_grp[1]/hhm_ch_rpt[1]/h12_grp[1]/hl13b","9","599"
"consented_grp[1]/hhm_ch_rpt[1]/h16_grp[1]/hl16","14","602"
"consented_grp[1]/hhm_ch_rpt[1]/h16_grp[1]/hl17a","19","608"
"consented_grp[1]/hhm_ch_rpt[1]/h16_grp[1]/hl19","23","622"
"consented_grp[1]/u5_rpt[1]/u5_note","71","629"
"consented_grp[1]/hc_grp[1]/hc1a","10","698"
"consented_grp[1]/hc_grp[1]/hc1b","10","704"
"consented_grp[1]/hc_grp[1]/hc2","6","711"
"consented_grp[1]/hc_grp[1]/hc3","15","713"
"consented_grp[1]/hc_grp[1]/hc4","27","722"
"consented_grp[1]/hc_grp[1]/hc5","12","743"
"consented_grp[1]/hc_grp[1]/hc6","18","748"
"consented_grp[1]/hc_grp[1]/hc7_grp[1]/hcf_note","54","758"
"consented_grp[1]/hc_grp[1]/hc7_grp[1]/hc7_label","54","758"
"consented_grp[1]/hc_grp[1]/hc7_grp[1]/hc7a","54","758"
"consented_grp[1]/hc_grp[1]/hc7_grp[1]/hc7b","54","758"
"consented_grp[1]/hc_grp[1]/hc7_grp[1]/hc7c","54","758"
"consented_grp[1]/hc_grp[1]/hc7_grp[1]/hc7d","54","758"
"consented_grp[1]/hc_grp[1]/hc7_grp[1]/hc7e","54","758"
"consented_grp[1]/hc_grp[1]/hc7_grp[1]/hc7f","54","758"
"consented_grp[1]/hc_grp[1]/hc7_grp[1]/hc7g","54","758"
"consented_grp[1]/hc_grp[1]/hc8","11","806"
"consented_grp[1]/hc_grp[1]/hc10_grp[1]/hc10_note","41","815"
"consented_grp[1]/hc_grp[1]/hc10_grp[1]/hc10_labels","41","815"
"consented_grp[1]/hc_grp[1]/hc10_grp[1]/hc10a","41","815"
"consented_grp[1]/hc_grp[1]/hc10_grp[1]/hc10b","41","815"
"consented_grp[1]/hc_grp[1]/hc10_grp[1]/hc10c","41","815"
"consented_grp[1]/hc_grp[1]/hc10_grp[1]/hc10d","41","815"
"consented_grp[1]/hc_grp[1]/hc10_grp[1]/hc10e","41","815"
"consented_grp[1]/hc_grp[1]/hc10_grp[1]/hc10f","41","815"
"consented_grp[1]/hc_grp[1]/hc10_grp[1]/hc10g","41","815"
"consented_grp[1]/hc_grp[1]/hc11","19","850"
"consented_grp[1]/hc_grp[1]/hc12","12","867"
"consented_grp[1]/hc_grp[1]/hc13","7","876"
"consented_grp[1]/hc_grp[1]/hc14","22","879"
"consented_grp[1]/hc_grp[1]/hc15","22","900"
"consented_grp[1]/hc_grp[1]/hc16_grp[1]/hc16a","22","921"
"consented_grp[1]/hc_grp[1]/hc16_grp[1]/hc16b","22","921"
"consented_grp[1]/hc_grp[1]/hc17","16","935"
"consented_grp[1]/hc_grp[1]/hc19","15","949"
"consented_grp[1]/st_intonote","26","963"
"consented_grp[1]/st_rpt[1]/st1a","29","988"
"consented_grp[1]/st_rpt[1]/st1b","20","1016"
"consented_grp[1]/st_rpt[1]/st1c_grp[1]/st1c_note","54","1035"
"consented_grp[1]/st_rpt[1]/st1c_grp[1]/st1cb","54","1035"
"consented_grp[1]/st_rpt[1]/st1c_grp[1]/st1ca","54","1035"
"consented_grp[1]/st_rpt[2]/st1a","24","1088"
"consented_grp[1]/st_rpt[2]/st1b","7","1111"
"consented_grp[1]/st_rpt[3]/st1a","24","1116"
"consented_grp[1]/st_rpt[3]/st1b","8","1138"
"consented_grp[1]/st_rpt[4]/st1a","46","1142"
"consented_grp[1]/st_rpt[4]/st1b","3","1187"
"consented_grp[1]/st_rpt[5]/st1a","47","1189"
"consented_grp[1]/st_rpt[5]/st1b","10","1227"
"consented_grp[1]/st_rpt[5]/st1_add_yn","23","1235"
"consented_grp[1]/eu1","42","1255"
"consented_grp[1]/eu2","27","1273"
"consented_grp[1]/eu4_grp[1]/eu4","29","1315"
"consented_grp[1]/eu5_grp[1]/eu5","9","1333"
"consented_grp[1]/eu6","72","1339"
"consented_grp[1]/eu9","20","1407"
"consented_grp[1]/tn1","84","1425"
"consented_grp[1]/tn2","8","1507"
"consented_grp[1]/tn_rpt[1]/generated_note_name_438","4","1512"
"consented_grp[1]/tn_rpt[1]/tn3","12","1514"
"consented_grp[1]/tn_rpt[1]/tn4","81","1520"
"consented_grp[1]/tn_rpt[1]/tn5","5","1573"
"consented_grp[1]/tn_rpt[1]/tn10","13","1575"
"consented_grp[1]/tn_rpt[1]/tn12","18","1586"
"consented_grp[1]/tn_rpt[1]/tn13","19","1600"
"consented_grp[1]/tn_rpt[1]/tn15","17","1613"
"consented_grp[1]/irs1","17","1626"
"consented_grp[1]/ws1","44","1637"
"consented_grp[1]/ws3","7","1677"
"consented_grp[1]/ws4","43","1681"
"consented_grp[1]/ws5","14","1718"
"consented_grp[1]/ws6","23","1729"
"consented_grp[1]/ws7","16","1750"
"consented_grp[1]/ws9","14","1764"
"consented_grp[1]/ws11","40","1776"
"consented_grp[1]/ws14","6","1807"
"consented_grp[1]/ws15","11","1810"
"consented_grp[1]/ws16","5","1819"
"consented_grp[1]/ws17","6","1821"
"consented_grp[1]/hw1_grp[1]/hw1_note","45","1824"
"consented_grp[1]/hw1_grp[1]/hw1","45","1824"
"consented_grp[1]/hw5","23","1865"
"consented_grp[1]/hw6","9","1884"
"consented_grp[1]/hw7","6","1889"
"consented_grp[1]/death_note","24","1892"
"consented_grp[1]/dc0a","6","1895"
"consented_grp[1]/main_respondent","22","1916"
"consented_grp[1]/survey_language","34","1920"
"consented_grp[1]/survey_accomp","14","1923"
"consented_grp[1]/survey_accomp_enum","-7294","1925"
"gps_backup","49","1930"
"comments","-7794","1956"
