"Field name","Total duration (seconds)","First appeared (seconds into survey)"
"intro_note","1","8"
"enum_id","13","9"
"enum_confirm_grp[1]/enum_details","2","22"
"enum_confirm_grp[1]/enum_confirm","2","22"
"community_id","14","24"
"comm_confirm_grp[1]/comm_details","4","38"
"comm_confirm_grp[1]/comm_confirm","4","38"
"u5_iden_grp[1]/u5_id","117","42"
"u5_iden_grp[1]/u5_fullname","117","42"
"u5_iden_grp[1]/u5_age","117","42"
"u5_iden_grp[1]/u5_ct_id","117","42"
"u5_iden_grp[1]/u5_ct_fullname","117","42"
"uf9","3","158"
"consent_grp[1]/consent","3","162"
"consented_grp[1]/ub0","4","165"
"consented_grp[1]/ub1_age_sel","6","169"
"consented_grp[1]/ub1_dob_dmy","65","174"
"consented_grp[1]/ub5","12","239"
"consented_grp[1]/ub8b","9","242"
"consented_grp[1]/ub9","8","250"
"consented_grp[1]/ub6","8","264"
"consented_grp[1]/br1","9","276"
"consented_grp[1]/br2","14","285"
"consented_grp[1]/ec1","25","298"
"consented_grp[1]/ec2_grp[1]/generated_note_name_108","38","323"
"consented_grp[1]/ec2_grp[1]/ec2_label","38","323"
"consented_grp[1]/ec2_grp[1]/ec2a","38","323"
"consented_grp[1]/ec2_grp[1]/ec2b","38","323"
"consented_grp[1]/ec2_grp[1]/ec2c","38","323"
"consented_grp[1]/ec3_grp[1]/generated_note_name_115","38","361"
"consented_grp[1]/ec3_grp[1]/ec3a","38","361"
"consented_grp[1]/ec3_grp[1]/ec3b","38","361"
"consented_grp[1]/ec5_grp[1]/ec5","67","399"
"consented_grp[1]/ec5_grp[1]/ec5_label","67","399"
"consented_grp[1]/ec5_grp[1]/ec5a","67","399"
"consented_grp[1]/ec5_grp[1]/ec5b","67","399"
"consented_grp[1]/ec5_grp[1]/ec5c","67","399"
"consented_grp[1]/ec5_grp[1]/ec5d","67","399"
"consented_grp[1]/ec5_grp[1]/ec5e","67","399"
"consented_grp[1]/ec5_grp[1]/ec5f","67","399"
"consented_grp[1]/ec6_grp[1]/ec6_note","39","466"
"consented_grp[1]/ec6_grp[1]/ec6","39","466"
"consented_grp[1]/ec7","10","505"
"consented_grp[1]/ec8","9","515"
"consented_grp[1]/ec9","6","524"
"consented_grp[1]/ec10","15","530"
"consented_grp[1]/ec11","9","545"
"consented_grp[1]/ec12","6","554"
"consented_grp[1]/ec13","7","560"
"consented_grp[1]/ec14","10","567"
"consented_grp[1]/ec15","17","577"
"consented_grp[1]/ucd2_grp[1]/ucd2_note","107","594"
"consented_grp[1]/ucd2_grp[1]/ucb2_label","107","594"
"consented_grp[1]/ucd2_grp[1]/ucd2a","107","594"
"consented_grp[1]/ucd2_grp[1]/ucb2b","107","594"
"consented_grp[1]/ucd2_grp[1]/ucb2c","107","594"
"consented_grp[1]/ucd2_grp[1]/ucb2d","107","594"
"consented_grp[1]/ucd2_grp[1]/ucb2e","107","594"
"consented_grp[1]/ucd2_grp[1]/ucb2f","107","594"
"consented_grp[1]/ucd2_grp[1]/ucb2g","107","594"
"consented_grp[1]/ucd2_grp[1]/ucb2h","107","594"
"consented_grp[1]/ucd2_grp[1]/ucb2i","107","594"
"consented_grp[1]/ucd2_grp[1]/ucb2j","107","594"
"consented_grp[1]/ucd2_grp[1]/ucb2k","107","594"
"consented_grp[1]/ucd3","13","701"
"consented_grp[1]/ucf_grp[1]/ucf2_grp[1]/ucf2_note","38","714"
"consented_grp[1]/ucf_grp[1]/ucf2_grp[1]/ucf2_label","38","714"
"consented_grp[1]/ucf_grp[1]/ucf2_grp[1]/ucf2","38","714"
"consented_grp[1]/ucf_grp[1]/ucf2_grp[1]/ucf3","38","714"
"consented_grp[1]/ucf_grp[1]/ucf2_grp[1]/ucf4","38","714"
"consented_grp[1]/ucf_grp[1]/ucf5","4","751"
"consented_grp[1]/ucf_grp[1]/ucf7b","6","756"
"consented_grp[1]/ucf_grp[1]/ucf9b","3","762"
"consented_grp[1]/ucf_grp[1]/ucf13","6","765"
"consented_grp[1]/ucf_grp[1]/ucf14","6","772"
"consented_grp[1]/ucf_grp[1]/ucf15","11","778"
"consented_grp[1]/ucf_grp[1]/ucf16","8","789"
"consented_grp[1]/ucf_grp[1]/ucf17","14","796"
"consented_grp[1]/ucf_grp[1]/ucf18","4","810"
"consented_grp[1]/ucf_grp[1]/ucf19","16","814"
"consented_grp[1]/im2","5","831"
"consented_grp[1]/im5","23","836"
"consented_grp[1]/im6_note","2","858"
"consented_grp[1]/im6_rpt[1]/im6","2","860"
"consented_grp[1]/im6_rpt[1]/im6a","113","862"
"consented_grp[1]/im6_rpt[2]/im6","2","975"
"consented_grp[1]/im6_rpt[2]/im6a","16","978"
"consented_grp[1]/im6_rpt[3]/im6","11","994"
"consented_grp[1]/im6_rpt[3]/im6a","20","1005"
"consented_grp[1]/im6_rpt[4]/im6","5","1025"
"consented_grp[1]/im6_rpt[4]/im6a","18","1029"
"consented_grp[1]/im6_rpt[5]/im6","6","1047"
"consented_grp[1]/im6_rpt[5]/im6a","16","1053"
"consented_grp[1]/im6_rpt[6]/im6","3","1069"
"consented_grp[1]/im6_rpt[6]/im6a","61","1072"
"consented_grp[1]/im6_rpt[7]/im6","8","1128"
"consented_grp[1]/im6_rpt[7]/im6a","48","1132"
"consented_grp[1]/im6_rpt[8]/im6","7","1148"
"consented_grp[1]/im6_rpt[8]/im6a","31","1152"
"consented_grp[1]/im6_rpt[9]/im6","11","1173"
"consented_grp[1]/im6_rpt[9]/im6a","17","1238"
"consented_grp[1]/im6_rpt[10]/im6","3","1254"
"consented_grp[1]/im6_rpt[10]/im6a","18","1257"
"consented_grp[1]/im6_rpt[11]/im6","16","1275"
"consented_grp[1]/im6_rpt[11]/im6a","20","1291"
"consented_grp[1]/im6_rpt[12]/im6","3","1311"
"consented_grp[1]/im6_rpt[12]/im6a","21","1314"
"consented_grp[1]/im6_rpt[13]/im6","2","1335"
"consented_grp[1]/im6_rpt[13]/im6a","21","1337"
"consented_grp[1]/im6_rpt[14]/im6","6","1359"
"consented_grp[1]/im6_rpt[14]/im6a","20","1365"
"consented_grp[1]/im6_rpt[15]/im6","2","1385"
"consented_grp[1]/im6_rpt[15]/im6a","11","1387"
"consented_grp[1]/im8_im27_grp[1]/im8_grp[1]/im8_note","85","1399"
"consented_grp[1]/im8_im27_grp[1]/im8_grp[1]/im8_label","85","1399"
"consented_grp[1]/im8_im27_grp[1]/im8_grp[1]/im8a","85","1399"
"consented_grp[1]/im8_im27_grp[1]/im8_grp[1]/im8b","85","1399"
"consented_grp[1]/im8_im27_grp[1]/im8_grp[1]/im8c","85","1399"
"consented_grp[1]/im8_im27_grp[1]/im8_grp[1]/im8d","85","1399"
"consented_grp[1]/im8_im27_grp[1]/im9","25","1480"
"consented_grp[1]/im8_im27_grp[1]/im10_rpt[1]/im10","4","1501"
"consented_grp[1]/im8_im27_grp[1]/im10_rpt[2]/im10","7","1504"
"consented_grp[1]/ca1","5","1520"
"consented_grp[1]/ca14","2","1525"
"consented_grp[1]/ca16","16","1526"
"consented_grp[1]/ca17","8","1543"
"comments","14","1551"
