"Field name","Total duration (seconds)","First appeared (seconds into survey)"
"intro_note","2","2"
"enum_id","7","3"
"enum_confirm_grp[1]/enum_details","2","9"
"enum_confirm_grp[1]/enum_confirm","2","9"
"community_id","30","10"
"comm_confirm_grp[1]/comm_details","4","32"
"comm_confirm_grp[1]/comm_confirm","4","32"
"iw_iden_grp[1]/iw_id","79","34"
"iw_iden_grp[1]/iw_fullname","79","34"
"iw_iden_grp[1]/iw_age","79","34"
"wm8","3","102"
"wm9_grp[1]/wm9b","3","104"
"wm9_grp[1]/consent","3","104"
"consented_grp[1]/wb3_age_sel","4","106"
"consented_grp[1]/wb3_dob_dmy","33","109"
"consented_grp[1]/wb5","4","140"
"consented_grp[1]/wb14_grp[1]/wb14_note","101","142"
"consented_grp[1]/wb14_grp[1]/wb14","101","142"
"consented_grp[1]/wb15","13","239"
"consented_grp[1]/wb16_grp[1]/wb16a","22","249"
"consented_grp[1]/wb16_grp[1]/wb16_note","22","249"
"consented_grp[1]/wb16_grp[1]/wb16b","22","249"
"consented_grp[1]/wb17a","20","266"
"consented_grp[1]/wb17b","5","285"
"consented_grp[1]/wb18","31","289"
"consented_grp[1]/mt1","34","319"
"consented_grp[1]/mt2","41","352"
"consented_grp[1]/mt3","11","384"
"consented_grp[1]/mt4","13","391"
"consented_grp[1]/mt9","10","405"
"consented_grp[1]/mt11","7","414"
"consented_grp[1]/mt12","4","420"
"consented_grp[1]/cm1","505","424"
"consented_grp[1]/cm2","4","928"
"consented_grp[1]/cm2_grp[1]/cm3","7","931"
"consented_grp[1]/cm2_grp[1]/cm4","7","931"
"consented_grp[1]/cm5","3","937"
"consented_grp[1]/cm5_grp[1]/cm6","37","940"
"consented_grp[1]/cm5_grp[1]/cm7","37","940"
"consented_grp[1]/cm8","16","975"
"consented_grp[1]/cm8_grp[1]/cm9","18","979"
"consented_grp[1]/cm8_grp[1]/cm10","18","979"
"consented_grp[1]/cm12","9","994"
"consented_grp[1]/bh0","2","1001"
"consented_grp[1]/bh_rpt[1]/bh1","18","1003"
"consented_grp[1]/bh_rpt[1]/bh2","17","1019"
"consented_grp[1]/bh_rpt[1]/bh3","8","1035"
"consented_grp[1]/bh_rpt[1]/bh4_age_sel","8","1042"
"consented_grp[1]/bh_rpt[1]/bh4_dob_dmy","31","1049"
"consented_grp[1]/bh_rpt[1]/bh5","6","1079"
"consented_grp[1]/bh_rpt[1]/bh9_grp[1]/bh9_note","17","1084"
"consented_grp[1]/bh_rpt[1]/bh9_grp[1]/bh9_a","17","1084"
"consented_grp[1]/bh_rpt[1]/bh9_grp[1]/bh9_b","17","1084"
"consented_grp[1]/bh_rpt[1]/bh10","4","1224"
"consented_grp[1]/bh_rpt[2]/bh1","14","1227"
"consented_grp[1]/bh_rpt[2]/bh2","4","1240"
"consented_grp[1]/bh_rpt[2]/bh3","6","1243"
"consented_grp[1]/bh_rpt[2]/bh4_age_sel","6","1247"
"consented_grp[1]/bh_rpt[2]/bh4_dob_dmy","24","1250"
"consented_grp[1]/bh_rpt[2]/bh5","4","1273"
"consented_grp[1]/bh_rpt[2]/bh9_grp[1]/bh9_note","12","1276"
"consented_grp[1]/bh_rpt[2]/bh9_grp[1]/bh9_a","12","1276"
"consented_grp[1]/bh_rpt[2]/bh9_grp[1]/bh9_b","12","1276"
"consented_grp[1]/bh_rpt[2]/bh10","4","1287"
"consented_grp[1]/bh_rpt[3]/bh1","19","1289"
"consented_grp[1]/bh_rpt[3]/bh2","18","1305"
"consented_grp[1]/bh_rpt[3]/bh3","8","1309"
"consented_grp[1]/bh_rpt[3]/bh4_age_sel","3","1316"
"consented_grp[1]/bh_rpt[3]/bh4_dob_dmy","24","1318"
"consented_grp[1]/bh_rpt[3]/bh5","3","1340"
"consented_grp[1]/bh_rpt[3]/bh6","15","1343"
"consented_grp[1]/bh_rpt[3]/bh7","6","1357"
"consented_grp[1]/bh_rpt[3]/bh10","3","1361"
"consented_grp[1]/bh_rpt[4]/bh1","14","1363"
"consented_grp[1]/bh_rpt[4]/bh2","5","1376"
"consented_grp[1]/bh_rpt[4]/bh3","3","1380"
"consented_grp[1]/bh_rpt[4]/bh4_age_sel","3","1382"
"consented_grp[1]/bh_rpt[4]/bh4_dob_dmy","18","1384"
"consented_grp[1]/bh_rpt[4]/bh5","3","1401"
"consented_grp[1]/bh_rpt[4]/bh6","10","1403"
"consented_grp[1]/bh_rpt[4]/bh7","6","1413"
"consented_grp[1]/bh_rpt[4]/bh10","3","1417"
"consented_grp[1]/bh_rpt[5]/bh1","19","1419"
"consented_grp[1]/bh_rpt[5]/bh2","3","1436"
"consented_grp[1]/bh_rpt[5]/bh3","3","1439"
"consented_grp[1]/bh_rpt[5]/bh4_age_sel","3","1441"
"consented_grp[1]/bh_rpt[5]/bh4_dob_dmy","19","1443"
"consented_grp[1]/bh_rpt[5]/bh5","3","1461"
"consented_grp[1]/bh_rpt[5]/bh6","13","1463"
"consented_grp[1]/bh_rpt[5]/bh7","4","1475"
"consented_grp[1]/bh_rpt[5]/bh10","3","1478"
"consented_grp[1]/bh_rpt[6]/bh1","10","1480"
"consented_grp[1]/bh_rpt[6]/bh2","3","1489"
"consented_grp[1]/bh_rpt[6]/bh3","3","1490"
"consented_grp[1]/bh_rpt[6]/bh4_age_sel","3","1492"
"consented_grp[1]/bh_rpt[6]/bh4_dob_dmy","18","1494"
"consented_grp[1]/bh_rpt[6]/bh5","3","1511"
"consented_grp[1]/bh_rpt[6]/bh6","13","1514"
"consented_grp[1]/bh_rpt[6]/bh7","6","1524"
"consented_grp[1]/bh_rpt[6]/bh10","3","1527"
"consented_grp[1]/bh_rpt[7]/bh1","18","1529"
"consented_grp[1]/bh_rpt[7]/bh2","7","1546"
"consented_grp[1]/bh_rpt[7]/bh3","6","1548"
"consented_grp[1]/bh_rpt[7]/bh4_age_sel","3","1550"
"consented_grp[1]/bh_rpt[7]/bh4_dob_dmy","18","1552"
"consented_grp[1]/bh_rpt[7]/bh5","4","1570"
"consented_grp[1]/bh_rpt[7]/bh6","13","1572"
"consented_grp[1]/bh_rpt[7]/bh7","4","1585"
"consented_grp[1]/bh_rpt[7]/bh10","12","1588"
"consented_grp[1]/bh_rpt[8]/bh1","14","1592"
"consented_grp[1]/bh_rpt[8]/bh2","3","1604"
"consented_grp[1]/bh_rpt[8]/bh3","5","1606"
"consented_grp[1]/bh_rpt[8]/bh4_age_sel","6","1610"
"consented_grp[1]/bh_rpt[8]/bh4_dob_dmy","9","1616"
"consented_grp[1]/bh_rpt[8]/bh5","8","1624"
"consented_grp[1]/bh_rpt[8]/bh9_grp[1]/bh9_note","10","1627"
"consented_grp[1]/bh_rpt[8]/bh9_grp[1]/bh9_a","10","1627"
"consented_grp[1]/bh_rpt[8]/bh9_grp[1]/bh9_b","10","1627"
"consented_grp[1]/bh_rpt[8]/bh10","3","1636"
"consented_grp[1]/bh_rpt[9]/bh1","17","1638"
"consented_grp[1]/bh_rpt[9]/bh2","3","1654"
"consented_grp[1]/bh_rpt[9]/bh3","3","1655"
"consented_grp[1]/bh_rpt[9]/bh4_age_sel","3","1658"
"consented_grp[1]/bh_rpt[9]/bh4_dob_dmy","17","1660"
"consented_grp[1]/bh_rpt[9]/bh5","14","1676"
"consented_grp[1]/bh_rpt[9]/bh6","13","1678"
"consented_grp[1]/bh_rpt[9]/bh7","4","1689"
"consented_grp[1]/bh_rpt[9]/bh8","11","1692"
"consented_grp[1]/bh_rpt[9]/bh10","3","1702"
"consented_grp[1]/bh_rpt[10]/bh1","12","1704"
"consented_grp[1]/bh_rpt[10]/bh2","3","1715"
"consented_grp[1]/bh_rpt[10]/bh3","3","1717"
"consented_grp[1]/bh_rpt[10]/bh4_age_sel","3","1719"
"consented_grp[1]/bh_rpt[10]/bh4_dob_dmy","13","1721"
"consented_grp[1]/bh_rpt[10]/bh5","3","1733"
"consented_grp[1]/bh_rpt[10]/bh6","14","1735"
"consented_grp[1]/bh_rpt[10]/bh7","4","1740"
"consented_grp[1]/bh_rpt[10]/bh8","19","1743"
"consented_grp[1]/bh_rpt[10]/bh10","9","1749"
"consented_grp[1]/db2","179","1752"
"consented_grp[1]/db4_b","11","1930"
"consented_grp[1]/mn_rpt[1]/mn_grp[1]/mn2","5","1940"
"consented_grp[1]/mn_rpt[1]/mn_grp[1]/mn3","10","1943"
"consented_grp[1]/mn_rpt[1]/mn_grp[1]/mn4_grp[1]/mn4_a","17","1952"
"consented_grp[1]/mn_rpt[1]/mn_grp[1]/mn4_grp[1]/mn4_b","17","1952"
"consented_grp[1]/mn_rpt[1]/mn_grp[1]/mn5","28","1969"
"consented_grp[1]/mn_rpt[1]/mn_grp[1]/mn6_grp[1]/mn6_note","13","1995"
"consented_grp[1]/mn_rpt[1]/mn_grp[1]/mn6_grp[1]/mn6_label","13","1995"
"consented_grp[1]/mn_rpt[1]/mn_grp[1]/mn6_grp[1]/mn6_a","13","1995"
"consented_grp[1]/mn_rpt[1]/mn_grp[1]/mn6_grp[1]/mn6_b","13","1995"
"consented_grp[1]/mn_rpt[1]/mn_grp[1]/mn6_grp[1]/mn6_c","13","1995"
"consented_grp[1]/mn_rpt[1]/mn_grp[1]/mn7","14","2008"
"consented_grp[1]/mn_rpt[1]/mn_grp[1]/mn8","8","2021"
"consented_grp[1]/mn_rpt[1]/mn_grp[1]/mn9","7","2028"
"consented_grp[1]/mn_rpt[1]/mn_grp[1]/mn16","4","2034"
"consented_grp[1]/mn_rpt[1]/mn_grp[1]/mn17","6","2037"
"consented_grp[1]/mn_rpt[1]/mn_grp[1]/mn18","4","2042"
"consented_grp[1]/mn_rpt[1]/mn_grp[1]/mn19","11","2044"
"consented_grp[1]/mn_rpt[1]/mn_grp[1]/mn20","11","2054"
"consented_grp[1]/mn_rpt[1]/mn_grp[1]/mn21","8","2062"
"consented_grp[1]/mn_rpt[1]/mn_grp[1]/mn23","22","2068"
"consented_grp[1]/mn_rpt[1]/mn_grp[1]/mn24","3","2089"
"consented_grp[1]/mn_rpt[1]/mn_grp[1]/mn25","3","2091"
"consented_grp[1]/mn_rpt[1]/mn_grp[1]/mn26","28","2093"
"consented_grp[1]/mn_rpt[1]/mn_grp[1]/mn30","8","2115"
"consented_grp[1]/mn_rpt[1]/mn_grp[1]/mn31","3","2122"
"consented_grp[1]/mn_rpt[1]/mn_grp[1]/mn32","14","2124"
"consented_grp[1]/mn_rpt[1]/mn_grp[1]/mn33","3","2135"
"consented_grp[1]/mn_rpt[1]/mn_grp[1]/mn34_grp[1]/mn34_a","5","2137"
"consented_grp[1]/mn_rpt[1]/mn_grp[1]/mn34_grp[1]/mn34_b","5","2137"
"consented_grp[1]/mn_rpt[1]/mn_grp[1]/mn35","20","2141"
"consented_grp[1]/mn_rpt[1]/mn_grp[1]/mn36","7","2160"
"consented_grp[1]/mn_rpt[1]/mn_grp[1]/mn36_grp[1]/mn37","22","2166"
"consented_grp[1]/mn_rpt[1]/mn_grp[1]/mn36_grp[1]/mn37_units","22","2166"
"consented_grp[1]/mn_rpt[1]/mn_grp[1]/mn38","19","2187"
"consented_grp[1]/mn_rpt[1]/mn_grp[1]/mn39a","11","2205"
"consented_grp[1]/pn_rpt[1]/pn_grp[1]/pn_note","3","2214"
"consented_grp[1]/pn_rpt[1]/pn_grp[1]/pn3_grp[1]/pn3","15","2216"
"consented_grp[1]/pn_rpt[1]/pn_grp[1]/pn3_grp[1]/pn3_units","15","2216"
"consented_grp[1]/pn_rpt[1]/pn_grp[1]/pn4_grp[1]/pn4_note","11","2230"
"consented_grp[1]/pn_rpt[1]/pn_grp[1]/pn4_grp[1]/pn4","11","2230"
"consented_grp[1]/pn_rpt[1]/pn_grp[1]/pn5_grp[1]/pm5_note","5","2240"
"consented_grp[1]/pn_rpt[1]/pn_grp[1]/pn5_grp[1]/pn5","5","2240"
"consented_grp[1]/pn_rpt[1]/pn_grp[1]/pn6_grp[1]/pn6_note","4","2244"
"consented_grp[1]/pn_rpt[1]/pn_grp[1]/pn6_grp[1]/pn6","4","2244"
"consented_grp[1]/pn_rpt[1]/pn_grp[1]/pn12","10","2246"
"consented_grp[1]/pn_rpt[1]/pn_grp[1]/pn13_grp[1]/pn13b","21","2254"
"consented_grp[1]/pn_rpt[1]/pn_grp[1]/pn13_grp[1]/pn13_units","21","2254"
"consented_grp[1]/pn_rpt[1]/pn_grp[1]/pn17","8","2274"
"consented_grp[1]/pn_rpt[1]/pn_grp[1]/pn21","8","2282"
"consented_grp[1]/pn_rpt[1]/pn_grp[1]/pn21_grp[1]/pn21b","8","2289"
"consented_grp[1]/pn_rpt[1]/pn_grp[1]/pn21_grp[1]/pn22_units","8","2289"
"consented_grp[1]/pn_rpt[1]/pn_grp[1]/pn23","4","2296"
"consented_grp[1]/pn_rpt[1]/pn_grp[1]/pn24","4","2298"
"consented_grp[1]/pn_rpt[1]/pn_grp[1]/pn25_grp[1]/pn25_note","8","2301"
"consented_grp[1]/pn_rpt[1]/pn_grp[1]/pn25_grp[1]/pn25_lab","8","2301"
"consented_grp[1]/pn_rpt[1]/pn_grp[1]/pn25_grp[1]/pn25a","8","2301"
"consented_grp[1]/pn_rpt[1]/pn_grp[1]/pn25_grp[1]/pn25b","8","2301"
"consented_grp[1]/pn_rpt[1]/pn_grp[1]/pn25_grp[1]/pn25c","8","2301"
"consented_grp[1]/pn_rpt[1]/pn_grp[1]/pn27","4","2308"
"consented_grp[1]/pn_rpt[1]/pn_grp[1]/pn29a","16","2310"
"consented_grp[1]/pn_rpt[1]/pn_grp[1]/pn30","13","2325"
"consented_grp[1]/cp1_grp[1]/cp1_note","7","2337"
"consented_grp[1]/cp1_grp[1]/cp1","7","2337"
"consented_grp[1]/cp2_grp[1]/cp2_note","11","2343"
"consented_grp[1]/cp2_grp[1]/cp2","11","2343"
"consented_grp[1]/cp3","6","2352"
"consented_grp[1]/un7","40","2357"
"consented_grp[1]/un11","13","2365"
"consented_grp[1]/ma1","14","2377"
"consented_grp[1]/ma2","42","2388"
"consented_grp[1]/ma3","9","2427"
"consented_grp[1]/ma4","3","2432"
"consented_grp[1]/ma7","7","2434"
"consented_grp[1]/ma8b","76","2441"
"consented_grp[1]/ma11b","15","2463"
"consented_grp[1]/af_grp[1]/af2","17","2529"
"consented_grp[1]/af_grp[1]/af3","7","2540"
"consented_grp[1]/af_grp[1]/af4","14","2546"
"consented_grp[1]/af_grp[1]/af6a","7","2559"
"consented_grp[1]/af_grp[1]/af8b","3","2565"
"consented_grp[1]/af_grp[1]/af9","3","2567"
"consented_grp[1]/af_grp[1]/af10","24","2569"
"consented_grp[1]/af_grp[1]/af11","3","2570"
"consented_grp[1]/af_grp[1]/af12","5","2572"
"consented_grp[1]/ls1_grp[1]/ls_note","24","2574"
"consented_grp[1]/ls1_grp[1]/ls1","24","2574"
"consented_grp[1]/ls2_grp[1]/ls2_note","5","2593"
"consented_grp[1]/ls2_grp[1]/ls2","5","2593"
"consented_grp[1]/ls3","3","2597"
"consented_grp[1]/ls4","3","2599"
"consented_grp[1]/survey_language","7","2601"
"consented_grp[1]/survey_accomp","26","2606"
"consented_grp[1]/comment","3","2609"
"consented_grp[1]/survey_accomp_enum","12","3053"
