"Field name","Total duration (seconds)","First appeared (seconds into survey)"
"intro_note","1","6"
"enum_id","7","7"
"enum_confirm_grp[1]/enum_details","1","14"
"enum_confirm_grp[1]/enum_confirm","1","14"
"community_id","4","15"
"comm_confirm_grp[1]/comm_details","3","19"
"comm_confirm_grp[1]/comm_confirm","3","19"
"chw_iden_grp[1]/chw_id","76","22"
"chw_iden_grp[1]/chw_fullname","76","22"
"consent_grp[1]/consent_note","5","97"
"consent_grp[1]/consent","5","97"
"consented_grp[1]/consent_followup","2","102"
"consented_grp[1]/gi101","2","104"
"consented_grp[1]/gi102","2","107"
"consented_grp[1]/gi103_dob","52","108"
"consented_grp[1]/gi03_age","2","160"
"consented_grp[1]/age_mismatch","1","162"
"consented_grp[1]/gi104","6","163"
"consented_grp[1]/gi106","3","169"
"consented_grp[1]/gi107","2","172"
"consented_grp[1]/gi110","8","174"
"consented_grp[1]/gi111a","2","183"
"consented_grp[1]/gi113","2","185"
"consented_grp[1]/gi114_grp[1]/gi114_note","18","188"
"consented_grp[1]/gi114_grp[1]/gi114_a","18","188"
"consented_grp[1]/gi114_grp[1]/gi114_b","18","188"
"consented_grp[1]/gi115_grp[1]/gi115_note","24","206"
"consented_grp[1]/gi115_grp[1]/gi115_a","24","206"
"consented_grp[1]/gi115_grp[1]/gi115_b","24","206"
"consented_grp[1]/gi116_grp[1]/gi116_a","23","230"
"consented_grp[1]/gi116_grp[1]/gi116_b","23","230"
"consented_grp[1]/gi117","4","254"
"consented_grp[1]/gi118","12","258"
"consented_grp[1]/gi119","6","269"
"consented_grp[1]/gi120_grp[1]/gi120_a","9","275"
"consented_grp[1]/gi120_grp[1]/gi120_b","9","275"
"consented_grp[1]/gi121_grp[1]/gi121_a","66","284"
"consented_grp[1]/gi122_grp[1]/gi122_a","5","350"
"consented_grp[1]/gi122_grp[1]/gi122_b","5","350"
"consented_grp[1]/gi123","4","356"
"consented_grp[1]/gi124","2","360"
"consented_grp[1]/gi126","2","362"
"consented_grp[1]/gi127","1","363"
"consented_grp[1]/gi128_grp[1]/gi128","3","365"
"consented_grp[1]/gi131","4","368"
"consented_grp[1]/ts201_intronote","2","372"
"consented_grp[1]/ts201_grp[1]/ts201_note","87","374"
"consented_grp[1]/ts201_grp[1]/ts201_label","87","374"
"consented_grp[1]/ts201_grp[1]/ts201_a","87","374"
"consented_grp[1]/ts201_grp[1]/ts201_b","87","374"
"consented_grp[1]/ts201_grp[1]/ts201_c","87","374"
"consented_grp[1]/ts201_grp[1]/ts201_d","87","374"
"consented_grp[1]/ts201_grp[1]/ts201_e","87","374"
"consented_grp[1]/ts201_grp[1]/ts201_f","87","374"
"consented_grp[1]/ts201_grp[1]/ts201_g","87","374"
"consented_grp[1]/ts201_grp[1]/ts201_h","87","374"
"consented_grp[1]/ts201_grp[1]/ts201_i","87","374"
"consented_grp[1]/ts201_grp[1]/ts201_j","87","374"
"consented_grp[1]/ts201_grp[1]/ts201_k","87","374"
"consented_grp[1]/ts201_grp[1]/ts201_l","87","374"
"consented_grp[1]/ts201_grp[1]/ts201_m","87","374"
"consented_grp[1]/ts201_grp[1]/ts201_n","87","374"
"consented_grp[1]/ts201_grp[1]/ts201_o","87","374"
"consented_grp[1]/ts201_grp[1]/ts201_p","87","374"
"consented_grp[1]/ts201_grp[1]/ts201_q","87","374"
"consented_grp[1]/ts201_grp[1]/ts201_r","87","374"
"consented_grp[1]/ts202_grp[1]/ts202_note","8","461"
"consented_grp[1]/ts202_grp[1]/ts202_label","8","461"
"consented_grp[1]/ts202_grp[1]/ts202_a","8","461"
"consented_grp[1]/ts202_grp[1]/ts202_b","8","461"
"consented_grp[1]/ts202_grp[1]/ts202_c","8","461"
"consented_grp[1]/ts202_grp[1]/ts202_d","8","461"
"consented_grp[1]/ts202_grp[1]/ts202_e","8","461"
"consented_grp[1]/ts203","5","470"
"consented_grp[1]/ts206_grp[1]/ts206_note","94","475"
"consented_grp[1]/ts206_grp[1]/ts206_label","94","475"
"consented_grp[1]/ts206_grp[1]/ts206_a","94","475"
"consented_grp[1]/ts206_grp[1]/ts206_b","94","475"
"consented_grp[1]/ts206_grp[1]/ts206_c","94","475"
"consented_grp[1]/ts206_grp[1]/ts206_d","94","475"
"consented_grp[1]/ts206_grp[1]/ts206_e","94","475"
"consented_grp[1]/ts206_grp[1]/ts206_f","94","475"
"consented_grp[1]/ts206_grp[1]/ts206_g","94","475"
"consented_grp[1]/ts206_grp[1]/ts206_h","94","475"
"consented_grp[1]/ts206_grp[1]/ts206_i","94","475"
"consented_grp[1]/ts206_grp[1]/ts206_j","94","475"
"consented_grp[1]/ts206_grp[1]/ts206_k","94","475"
"consented_grp[1]/ts206_grp[1]/ts206_l","94","475"
"consented_grp[1]/ts206_grp[1]/ts206_m","94","475"
"consented_grp[1]/ts206_grp[1]/ts206_n","94","475"
"consented_grp[1]/ts206_grp[1]/ts206_o","94","475"
"consented_grp[1]/ts206_grp[1]/ts206_p","94","475"
"consented_grp[1]/ts206_grp[1]/ts206_q","94","475"
"consented_grp[1]/ts206_grp[1]/ts206_r","94","475"
"consented_grp[1]/ts206_grp[1]/ts206_s","94","475"
"consented_grp[1]/ts206_grp[1]/ts206_t","94","475"
"consented_grp[1]/ts206_grp[1]/ts206_u","94","475"
"consented_grp[1]/ts206_grp[1]/ts206_v","94","475"
"consented_grp[1]/ts206_grp[1]/ts206_w","94","475"
"consented_grp[1]/ts206_grp[1]/ts206_x","94","475"
"consented_grp[1]/p301","3","568"
"consented_grp[1]/p304","2","571"
"consented_grp[1]/p307","3","573"
"consented_grp[1]/p310","2","576"
"consented_grp[1]/s401","3","578"
"consented_grp[1]/s401_grp[1]/s402_grp[1]/s402","61","580"
"consented_grp[1]/s401_grp[1]/s402_grp[1]/s402_label","61","580"
"consented_grp[1]/s401_grp[1]/s402_grp[1]/s402_a","61","580"
"consented_grp[1]/s401_grp[1]/s402_grp[1]/s402_b","61","580"
"consented_grp[1]/s401_grp[1]/s402_grp[1]/s402_c","61","580"
"consented_grp[1]/s401_grp[1]/s402_grp[1]/s402_d","61","580"
"consented_grp[1]/s401_grp[1]/s402_grp[1]/s402_e","61","580"
"consented_grp[1]/s401_grp[1]/s402_grp[1]/s402_f","61","580"
"consented_grp[1]/s401_grp[1]/s402_spec","12","641"
"consented_grp[1]/s401_grp[1]/s403","10","653"
"consented_grp[1]/s401_grp[1]/s404","3","664"
"consented_grp[1]/s401_grp[1]/s405","5","667"
"consented_grp[1]/s401_grp[1]/s406_grp[1]/s406_note","46","672"
"consented_grp[1]/s401_grp[1]/s406_grp[1]/s406_label","46","672"
"consented_grp[1]/s401_grp[1]/s406_grp[1]/s406_a","46","672"
"consented_grp[1]/s401_grp[1]/s406_grp[1]/s406_b","46","672"
"consented_grp[1]/s401_grp[1]/s406_grp[1]/s406_c","46","672"
"consented_grp[1]/s401_grp[1]/s406_grp[1]/s406_d","46","672"
"consented_grp[1]/s401_grp[1]/s406_grp[1]/s406_e","46","672"
"consented_grp[1]/s401_grp[1]/s406_grp[1]/s406_f","46","672"
"consented_grp[1]/s401_grp[1]/s406_grp[1]/s406_g","46","672"
"consented_grp[1]/s401_grp[1]/s406_grp[1]/s406_h","46","672"
"consented_grp[1]/s401_grp[1]/s406_grp[1]/s406_i","46","672"
"consented_grp[1]/s401_grp[1]/s406_grp[1]/s406_j","46","672"
"consented_grp[1]/s401_grp[1]/s406_grp[1]/s406_k","46","672"
"consented_grp[1]/s401_grp[1]/s406_grp[1]/s406_l","46","672"
"consented_grp[1]/s401_grp[1]/s406_grp[1]/s406_m","46","672"
"consented_grp[1]/s401_grp[1]/s406_grp[1]/s406_n","46","672"
"consented_grp[1]/s401_grp[1]/s406_grp[1]/s406_o","46","672"
"consented_grp[1]/s401_grp[1]/s406_grp[1]/s406_p","46","672"
"consented_grp[1]/fmc501","5","717"
"consented_grp[1]/fmc501_grp[1]/fmc502_grp[1]/fmc502_note","29","722"
"consented_grp[1]/fmc501_grp[1]/fmc502_grp[1]/fmc502_label","29","722"
"consented_grp[1]/fmc501_grp[1]/fmc502_grp[1]/fmc502_a","29","722"
"consented_grp[1]/fmc501_grp[1]/fmc502_grp[1]/fmc502_b","29","722"
"consented_grp[1]/fmc501_grp[1]/fmc502_grp[1]/fmc502_c","29","722"
"consented_grp[1]/fmc501_grp[1]/fmc502_grp[1]/fmc502_d","29","722"
"consented_grp[1]/fmc501_grp[1]/fmc502_grp[1]/fmc502_e","29","722"
"consented_grp[1]/fmc501_grp[1]/fmc502_grp[1]/fmc502_f","29","722"
"consented_grp[1]/fmc501_grp[1]/fmc502_grp[1]/fmc502_g","29","722"
"consented_grp[1]/fmc501_grp[1]/fmc502_grp[1]/fmc502_h","29","722"
"consented_grp[1]/fmc501_grp[1]/fmc502_spec","4","751"
"consented_grp[1]/fmc501_grp[1]/fmc503","7","755"
"consented_grp[1]/fmc501_grp[1]/fmc504","7","762"
"consented_grp[1]/chwr601_grp[1]/chwr_note","41","769"
"consented_grp[1]/chwr601_grp[1]/chwr601_label","41","769"
"consented_grp[1]/chwr601_grp[1]/chwr601_a","41","769"
"consented_grp[1]/chwr601_grp[1]/chwr601_b","41","769"
"consented_grp[1]/chwr601_grp[1]/chwr601_c","41","769"
"consented_grp[1]/chwr601_grp[1]/chwr601_d","41","769"
"consented_grp[1]/chwr601_grp[1]/chwr601_e","41","769"
"consented_grp[1]/chwr601_grp[1]/chwr601_f","41","769"
"consented_grp[1]/chwr601_grp[1]/chwr601_g","41","769"
"consented_grp[1]/chwr601_grp[1]/chwr601_h","41","769"
"consented_grp[1]/chwr601_grp[1]/chwr601_i","41","769"
"consented_grp[1]/chwr601_grp[1]/chwr601_j","41","769"
"consented_grp[1]/chwr601_grp[1]/chwr601_k","41","769"
"consented_grp[1]/chwr601_grp[1]/chwr601_l","41","769"
"consented_grp[1]/chwr601_grp[1]/chwr601_m","41","769"
"consented_grp[1]/chwr601_grp[1]/chwr601_n","41","769"
"consented_grp[1]/chwr601_grp[1]/chwr601_o","41","769"
"consented_grp[1]/chwr602_grp[1]/chwr602_note","16","810"
"consented_grp[1]/chwr602_grp[1]/chwr602_label","16","810"
"consented_grp[1]/chwr602_grp[1]/chwr602_a","16","810"
"consented_grp[1]/chwr602_grp[1]/chwr602_b","16","810"
"consented_grp[1]/chwr602_grp[1]/chwr602_c","16","810"
"consented_grp[1]/chwr602_grp[1]/chwr602_d","16","810"
"consented_grp[1]/chwr602_grp[1]/chwr602_e","16","810"
"consented_grp[1]/chwr602_grp[1]/chwr602_f","16","810"
"consented_grp[1]/chwr602_grp[1]/chwr602_g","16","810"
"consented_grp[1]/chwr602_grp[1]/chwr602_h","16","810"
"consented_grp[1]/chwr602_grp[1]/chwr602_i","16","810"
"consented_grp[1]/chwr602_grp[1]/chwr602_j","16","810"
"consented_grp[1]/chwr602_grp[1]/chwr602_k","16","810"
"consented_grp[1]/chwr602_grp[1]/chwr602_l","16","810"
"consented_grp[1]/chwr602_grp[1]/chwr602_m","16","810"
"consented_grp[1]/chwr602_grp[1]/chwr602_n","16","810"
"consented_grp[1]/chwr602_grp[1]/chwr602_o","16","810"
"consented_grp[1]/chwr603_grp[1]/chwr603_note","16","826"
"consented_grp[1]/chwr603_grp[1]/chwr603_label","16","826"
"consented_grp[1]/chwr603_grp[1]/chwr603_a","16","826"
"consented_grp[1]/chwr603_grp[1]/chwr603_b","16","826"
"consented_grp[1]/chwr603_grp[1]/chwr603_c","16","826"
"consented_grp[1]/chwr603_grp[1]/chwr603_d","16","826"
"consented_grp[1]/chwr603_grp[1]/chwr603_e","16","826"
"consented_grp[1]/chwr603_grp[1]/chwr603_f","16","826"
"consented_grp[1]/chwr603_grp[1]/chwr603_g","16","826"
"consented_grp[1]/chwr603_grp[1]/chwr603_h","16","826"
"consented_grp[1]/chwr603_grp[1]/chwr603_i","16","826"
"consented_grp[1]/chwr603_grp[1]/chwr603_j","16","826"
"consented_grp[1]/chwr603_grp[1]/chwr603_k","16","826"
"consented_grp[1]/chwr603_grp[1]/chwr603_l","16","826"
"consented_grp[1]/chwr603_grp[1]/chwr603_m","16","826"
"consented_grp[1]/chwr603_grp[1]/chwr603_n","16","826"
"consented_grp[1]/chwr603_grp[1]/chwr603_o","16","826"
"consented_grp[1]/chwr604_grp[1]/chwr604_note","20","843"
"consented_grp[1]/chwr604_grp[1]/chwr604_label","20","843"
"consented_grp[1]/chwr604_grp[1]/chwr604_a","20","843"
"consented_grp[1]/chwr604_grp[1]/chwr604_b","20","843"
"consented_grp[1]/chwr604_grp[1]/chwr604_c","20","843"
"consented_grp[1]/chwr604_grp[1]/chwr604_d","20","843"
"consented_grp[1]/chwr604_grp[1]/chwr604_e","20","843"
"consented_grp[1]/chwr604_grp[1]/chwr604_f","20","843"
"consented_grp[1]/chwr604_grp[1]/chwr604_g","20","843"
"consented_grp[1]/chwr604_grp[1]/chwr604_h","20","843"
"consented_grp[1]/chwr604_grp[1]/chwr604_i","20","843"
"consented_grp[1]/chwr604_grp[1]/chwr604_j","20","843"
"consented_grp[1]/chwr604_grp[1]/chwr604_k","20","843"
"consented_grp[1]/chwr604_grp[1]/chwr604_l","20","843"
"consented_grp[1]/chwr604_grp[1]/chwr604_m","20","843"
"consented_grp[1]/chwr604_grp[1]/chwr604_n","20","843"
"consented_grp[1]/chwr604_grp[1]/chwr604_o","20","843"
"consented_grp[1]/chwr605_grp[1]/chwr605_note","18","863"
"consented_grp[1]/chwr605_grp[1]/chwr605_label","18","863"
"consented_grp[1]/chwr605_grp[1]/chwr605_a","18","863"
"consented_grp[1]/chwr605_grp[1]/chwr605_b","18","863"
"consented_grp[1]/chwr605_grp[1]/chwr605_c","18","863"
"consented_grp[1]/chwr605_grp[1]/chwr605_d","18","863"
"consented_grp[1]/chwr605_grp[1]/chwr605_e","18","863"
"consented_grp[1]/chwr605_grp[1]/chwr605_f","18","863"
"consented_grp[1]/chwr605_grp[1]/chwr605_g","18","863"
"consented_grp[1]/chwr605_grp[1]/chwr605_h","18","863"
"consented_grp[1]/chwr605_grp[1]/chwr605_i","18","863"
"consented_grp[1]/chwr606","3","881"
"consented_grp[1]/chwr609_note","1","884"
"consented_grp[1]/chwr609_a","4","885"
"consented_grp[1]/chwr609_b","2","889"
"consented_grp[1]/chwr609_c","1","891"
"consented_grp[1]/chwr609_d","2","892"
"consented_grp[1]/chwr609_e","1","894"
"consented_grp[1]/chwr609_f","1","896"
"consented_grp[1]/chwr609_g","2","897"
"consented_grp[1]/chwr609_h","2","899"
"consented_grp[1]/chwr609_i","2","901"
"consented_grp[1]/chwr609_j","2","902"
"consented_grp[1]/chwr609_k","3","904"
"consented_grp[1]/chwr609_l","2","907"
"consented_grp[1]/chwr609_m","2","909"
"consented_grp[1]/chwr609_n","3","910"
"consented_grp[1]/chwr609_o","2","913"
"consented_grp[1]/chwr609_p","1","914"
"consented_grp[1]/chwr609_q","3","916"
"consented_grp[1]/chwr609_r","3","918"
"consented_grp[1]/chwr610_grp[1]/chwr610_note","40","922"
"consented_grp[1]/chwr610_grp[1]/chwr610_labels","40","922"
"consented_grp[1]/chwr610_grp[1]/chwr610_a","40","922"
"consented_grp[1]/chwr610_grp[1]/chwr610_b","40","922"
"consented_grp[1]/chwr610_grp[1]/chwr610_c","40","922"
"consented_grp[1]/chwr610_grp[1]/chwr610_d","40","922"
"consented_grp[1]/chwr610_grp[1]/chwr610_e","40","922"
"consented_grp[1]/chwr610_grp[1]/chwr610_f","40","922"
"consented_grp[1]/chwr610_grp[1]/chwr610_g","40","922"
"consented_grp[1]/chwr610_grp[1]/chwr610_h","40","922"
"consented_grp[1]/chwr610_grp[1]/chwr610_i","40","922"
"consented_grp[1]/chwr610_grp[1]/chwr610_j","40","922"
"consented_grp[1]/chwr610_grp[1]/chwr610_k","40","922"
"consented_grp[1]/chwr610_grp[1]/chwr610_l","40","922"
"consented_grp[1]/chwr610_grp[1]/chwr610_m","40","922"
"consented_grp[1]/chwr610_grp[1]/chwr610_n","40","922"
"consented_grp[1]/chwr610_grp[1]/chwr610_o","40","922"
"consented_grp[1]/chwr610_grp[1]/chwr610_p","40","922"
"consented_grp[1]/chwr610_grp[1]/chwr610_q","40","922"
"consented_grp[1]/chwr610_grp[1]/chwr610_r","40","922"
"consented_grp[1]/chws7_note1","1","962"
"consented_grp[1]/chws7_note2","1","963"
"consented_grp[1]/chws701","63","964"
"consented_grp[1]/chws702","2","1027"
"consented_grp[1]/chws703","7","1030"
"consented_grp[1]/chws704","4","1037"
"consented_grp[1]/chws705","8","1040"
"consented_grp[1]/chws706","8","1047"
"consented_grp[1]/chws707","4","1056"
"consented_grp[1]/chws708","4","1060"
"consented_grp[1]/chws709","3","1064"
"consented_grp[1]/chws710","4","1067"
"consented_grp[1]/chws711","2","1072"
"consented_grp[1]/chws712","6","1074"
"consented_grp[1]/chws713","4","1079"
"consented_grp[1]/chws714","3","1084"
"consented_grp[1]/chws715","2","1087"
"consented_grp[1]/chws716","4","1089"
"consented_grp[1]/chws717","8","1094"
"consented_grp[1]/chws718","5","1101"
"consented_grp[1]/chws719","2","1106"
"consented_grp[1]/chws720","3","1109"
"consented_grp[1]/chws721","3","1112"
"consented_grp[1]/chws722","3","1114"
"consented_grp[1]/chws723","3","1117"
"consented_grp[1]/chws724","2","1120"
"consented_grp[1]/chwm8_note1","1","1122"
"consented_grp[1]/chwm8_note2","80","1123"
"consented_grp[1]/chwm801","2","1204"
"consented_grp[1]/chwm802","7","1206"
"consented_grp[1]/chwm803","5","1213"
"consented_grp[1]/chwm804","11","1218"
"consented_grp[1]/chwm805","2","1229"
"consented_grp[1]/chwm806","3","1232"
"consented_grp[1]/chwm807","2","1235"
"consented_grp[1]/chwm808","4","1237"
"consented_grp[1]/chwm809","37","1241"
"consented_grp[1]/chwm810","2","1278"
"consented_grp[1]/gps_backup","275","1280"
"comments","2","1555"
