"Field name","Total duration (seconds)","First appeared (seconds into survey)"
"intro_note","1","2"
"enum_id","9","3"
"enum_confirm_grp[1]/enum_details","1","12"
"enum_confirm_grp[1]/enum_confirm","1","12"
"community_id","10","13"
"comm_confirm_grp[1]/comm_details","1","23"
"comm_confirm_grp[1]/comm_confirm","1","23"
"u5_iden_grp[1]/u5_id","96","24"
"u5_iden_grp[1]/u5_fullname","96","24"
"u5_iden_grp[1]/u5_age","96","24"
"u5_iden_grp[1]/u5_ct_id","96","24"
"u5_iden_grp[1]/u5_ct_fullname","96","24"
"uf9","3","120"
"consent_grp[1]/consent","5","123"
"consented_grp[1]/ub0","1","127"
"consented_grp[1]/ub1_age_sel","3","129"
"consented_grp[1]/ub1_dob_dmy","46","131"
"consented_grp[1]/ub5","3","178"
"consented_grp[1]/ub9","4","180"
"consented_grp[1]/br1","9","185"
"consented_grp[1]/br2","17","194"
"consented_grp[1]/ec1","22","211"
"consented_grp[1]/ec2_grp[1]/generated_note_name_108","18","233"
"consented_grp[1]/ec2_grp[1]/ec2_label","18","233"
"consented_grp[1]/ec2_grp[1]/ec2a","18","233"
"consented_grp[1]/ec2_grp[1]/ec2b","18","233"
"consented_grp[1]/ec2_grp[1]/ec2c","18","233"
"consented_grp[1]/ec3_grp[1]/generated_note_name_115","21","251"
"consented_grp[1]/ec3_grp[1]/ec3a","21","251"
"consented_grp[1]/ec3_grp[1]/ec3b","21","251"
"consented_grp[1]/ec7","2","272"
"consented_grp[1]/ec8","3","274"
"consented_grp[1]/ec9","2","277"
"consented_grp[1]/ec10","12","280"
"consented_grp[1]/ec11","5","292"
"consented_grp[1]/ec12","3","297"
"consented_grp[1]/ec13","6","300"
"consented_grp[1]/ec14","7","306"
"consented_grp[1]/ec15","5","313"
"consented_grp[1]/bd_grp[1]/bd2","5","318"
"consented_grp[1]/bd_grp[1]/bd3","3","322"
"consented_grp[1]/bd_grp[1]/bd4","12","325"
"consented_grp[1]/bd_grp[1]/bd5","6","338"
"consented_grp[1]/bd_grp[1]/bd6","5","344"
"consented_grp[1]/bd_grp[1]/bd7_grp[1]/bd7","16","349"
"consented_grp[1]/bd_grp[1]/bd7_grp[1]/bd7_label","16","349"
"consented_grp[1]/bd_grp[1]/bd7_grp[1]/bd7a","16","349"
"consented_grp[1]/bd_grp[1]/bd7_grp[1]/bd7b","16","349"
"consented_grp[1]/bd_grp[1]/bd7_grp[1]/bd7c","16","349"
"consented_grp[1]/bd_grp[1]/bd7_grp[1]/bd7d","16","349"
"consented_grp[1]/bd_grp[1]/bd7e_grp[1]/bd7e_label","3","365"
"consented_grp[1]/bd_grp[1]/bd7e_grp[1]/bd7e","3","365"
"consented_grp[1]/bd_grp[1]/bd7x_grp[1]/bd7x_label","2","368"
"consented_grp[1]/bd_grp[1]/bd7x_grp[1]/bd7x","2","368"
"consented_grp[1]/bd_grp[1]/bd8","3","370"
"consented_grp[1]/bd_grp[1]/bd8_grp[1]/bd8_note","1","373"
"consented_grp[1]/bd_grp[1]/bd8_grp[1]/bd8a1","3","374"
"consented_grp[1]/bd_grp[1]/bd8b_grp[1]/bd8b_note","1","377"
"consented_grp[1]/bd_grp[1]/bd8b_grp[1]/bd8b1","7","378"
"consented_grp[1]/bd_grp[1]/bd8b_grp[1]/bd8b2","2","385"
"consented_grp[1]/bd_grp[1]/bd8b_grp[1]/bd8c1","7","387"
"consented_grp[1]/bd_grp[1]/bd8b_grp[1]/bd8d1","9","393"
"consented_grp[1]/bd_grp[1]/bd8b_grp[1]/bd8e1","6","402"
"consented_grp[1]/bd_grp[1]/bd8b_grp[1]/bd8f1","2","407"
"consented_grp[1]/bd_grp[1]/bd8b_grp[1]/bd8g1","4","410"
"consented_grp[1]/bd_grp[1]/bd8b_grp[1]/bd8h1","2","413"
"consented_grp[1]/bd_grp[1]/bd8b_grp[1]/bd8i1","2","416"
"consented_grp[1]/bd_grp[1]/bd8b_grp[1]/bd8j1","3","418"
"consented_grp[1]/bd_grp[1]/bd8b_grp[1]/bd8k1","2","421"
"consented_grp[1]/bd_grp[1]/bd8b_grp[1]/bd8l1","7","423"
"consented_grp[1]/bd_grp[1]/bd8b_grp[1]/bd8m1","3","430"
"consented_grp[1]/bd_grp[1]/bd8b_grp[1]/bd8n1","2","433"
"consented_grp[1]/bd_grp[1]/bd8b_grp[1]/bd8x1","2","435"
"consented_grp[1]/im2","9","437"
"consented_grp[1]/im3","15","443"
"consented_grp[1]/ca1","741","457"
"consented_grp[1]/ca14","8","479"
"consented_grp[1]/ca15","11","486"
"consented_grp[1]/ca16","20","489"
"consented_grp[1]/ca17","6","514"
"consented_grp[1]/ca20","6","519"
"consented_grp[1]/ca21","7","524"
"consented_grp[1]/ca22","4","530"
"consented_grp[1]/ca31","24","533"
"consented_grp[1]/gps_backup","37","554"
"consented_grp[1]/im5","7","607"
"consented_grp[1]/im6_note","5","614"
"consented_grp[1]/im6_rpt[1]/im6","4","616"
"consented_grp[1]/im6_rpt[1]/im6a","15","619"
"consented_grp[1]/im6_rpt[2]/im6","4","629"
"consented_grp[1]/im6_rpt[2]/im6a","11","631"
"consented_grp[1]/im6_rpt[3]/im6","4","639"
"consented_grp[1]/im6_rpt[3]/im6a","26","642"
"consented_grp[1]/im6_rpt[4]/im6","8","659"
"consented_grp[1]/im6_rpt[4]/im6a","13","661"
"consented_grp[1]/im6_rpt[5]/im6","3","667"
"consented_grp[1]/im6_rpt[5]/im6a","11","670"
"consented_grp[1]/im6_rpt[6]/im6","6","679"
"consented_grp[1]/im6_rpt[6]/im6a","14","684"
"consented_grp[1]/im6_rpt[7]/im6","4","697"
"consented_grp[1]/im6_rpt[7]/im6a","21","699"
"consented_grp[1]/im6_rpt[8]/im6","6","714"
"consented_grp[1]/im6_rpt[8]/im6a","13","716"
"consented_grp[1]/im6_rpt[9]/im6","7","736"
"consented_grp[1]/im6_rpt[9]/im6a","29","738"
"consented_grp[1]/im6_rpt[10]/im6","7","748"
"consented_grp[1]/im6_rpt[10]/im6a","23","750"
"consented_grp[1]/im6_rpt[11]/im6","10","764"
"consented_grp[1]/im6_rpt[11]/im6a","30","766"
"consented_grp[1]/im6_rpt[12]/im6","12","781"
"consented_grp[1]/im6_rpt[12]/im6a","35","783"
"consented_grp[1]/im6_rpt[13]/im6","7","799"
"consented_grp[1]/im6_rpt[13]/im6a","20","801"
"consented_grp[1]/im6_rpt[14]/im6","12","812"
"consented_grp[1]/im6_rpt[14]/im6a","27","820"
"consented_grp[1]/im6_rpt[15]/im6","5","840"
"consented_grp[1]/im6_rpt[15]/im6a","10","842"
"consented_grp[1]/im8_im27_grp[1]/im8_grp[1]/im8_note","18","849"
"consented_grp[1]/im8_im27_grp[1]/im8_grp[1]/im8_label","18","849"
"consented_grp[1]/im8_im27_grp[1]/im8_grp[1]/im8a","18","849"
"consented_grp[1]/im8_im27_grp[1]/im8_grp[1]/im8b","18","849"
"consented_grp[1]/im8_im27_grp[1]/im8_grp[1]/im8c","18","849"
"consented_grp[1]/im8_im27_grp[1]/im8_grp[1]/im8d","18","849"
"consented_grp[1]/im8_im27_grp[1]/im9","5","855"
