"Field name","Total duration (seconds)","First appeared (seconds into survey)"
"intro_note","1","2"
"enum_id","7","2"
"enum_confirm_grp[1]/enum_details","1","10"
"enum_confirm_grp[1]/enum_confirm","1","10"
"community_id","45","11"
"comm_confirm_grp[1]/comm_details","1","56"
"comm_confirm_grp[1]/comm_confirm","1","56"
"hhid_grp[1]/hhid_instruction","236","57"
"hhid_grp[1]/hhid_struct_num","236","57"
"hhid_grp[1]/hhid_hh_num","236","57"
"hhid_confirm_grp[1]/hhid_details","1","293"
"hhid_confirm_grp[1]/hhid_confirm","1","293"
"consent_grp[1]/consent_instr","26","294"
"consent_grp[1]/consent","26","294"
"consented_grp[1]/hh_note","2","320"
"consented_grp[1]/hhm_cnt","9","322"
"consented_grp[1]/rooster_note","2","331"
"consented_grp[1]/hhm_rpt[1]/hhmemb_info[1]/fmemb_name_grp[1]/fmemb_fn","21","333"
"consented_grp[1]/hhm_rpt[1]/hhmemb_info[1]/fmemb_name_grp[1]/fmemb_sn","21","333"
"consented_grp[1]/hhm_rpt[1]/hhmemb_info[1]/fmemb_name_grp[1]/fmemb_popn","21","333"
"consented_grp[1]/hhm_rpt[1]/hhmemb_info[1]/hl3","2","354"
"consented_grp[1]/hhm_rpt[1]/hhmemb_info[1]/hl4","2","356"
"consented_grp[1]/hhm_rpt[1]/hhmemb_info[1]/hl5_age_sel","1","358"
"consented_grp[1]/hhm_rpt[1]/hhmemb_info[1]/hl5_dob_dmy","58","359"
"consented_grp[1]/hhm_rpt[1]/hhmemb_info[1]/hl7","1","417"
"consented_grp[1]/hhm_rpt[1]/ed4","6","419"
"consented_grp[1]/hhm_rpt[1]/ed5_grp[1]/ed5a","2","425"
"consented_grp[1]/hhm_rpt[1]/ed5_grp[1]/ed5a_a","2","427"
"consented_grp[1]/hhm_rpt[1]/ed5_grp[1]/ed5b","2","429"
"consented_grp[1]/hhm_rpt[1]/ed5_grp[1]/ed6","2","430"
"consented_grp[1]/hhm_rpt[1]/hhm_add_grp[1]/hhm_add_note","2","432"
"consented_grp[1]/hhm_rpt[1]/hhm_add_grp[1]/hhm_add_yn","2","432"
"consented_grp[1]/hhm_rpt[2]/hhmemb_info[1]/fmemb_name_grp[1]/fmemb_fn","13","434"
"consented_grp[1]/hhm_rpt[2]/hhmemb_info[1]/fmemb_name_grp[1]/fmemb_sn","13","434"
"consented_grp[1]/hhm_rpt[2]/hhmemb_info[1]/fmemb_name_grp[1]/fmemb_popn","13","434"
"consented_grp[1]/hhm_rpt[2]/hhmemb_info[1]/hl3","1","447"
"consented_grp[1]/hhm_rpt[2]/hhmemb_info[1]/hl4","2","449"
"consented_grp[1]/hhm_rpt[2]/hhmemb_info[1]/hl5_age_sel","1","450"
"consented_grp[1]/hhm_rpt[2]/hhmemb_info[1]/hl5_dob_dmy","58","452"
"consented_grp[1]/hhm_rpt[2]/hhmemb_info[1]/hl7","2","509"
"consented_grp[1]/hhm_rpt[2]/ed4","3","511"
"consented_grp[1]/hhm_rpt[2]/hhm_add_grp[1]/hhm_add_note","2","514"
"consented_grp[1]/hhm_rpt[2]/hhm_add_grp[1]/hhm_add_yn","2","514"
"consented_grp[1]/hhm_rpt[3]/hhmemb_info[1]/fmemb_name_grp[1]/fmemb_fn","26","516"
"consented_grp[1]/hhm_rpt[3]/hhmemb_info[1]/fmemb_name_grp[1]/fmemb_sn","26","516"
"consented_grp[1]/hhm_rpt[3]/hhmemb_info[1]/fmemb_name_grp[1]/fmemb_popn","26","516"
"consented_grp[1]/hhm_rpt[3]/hhmemb_info[1]/hl3","3","542"
"consented_grp[1]/hhm_rpt[3]/hhmemb_info[1]/hl4","3","545"
"consented_grp[1]/hhm_rpt[3]/hhmemb_info[1]/hl5_age_sel","2","548"
"consented_grp[1]/hhm_rpt[3]/hhmemb_info[1]/hl5_dob_dmy","42","549"
"consented_grp[1]/hhm_rpt[3]/hhmemb_info[1]/hl7","2","592"
"consented_grp[1]/hhm_rpt[3]/ed4","7","594"
"consented_grp[1]/hhm_rpt[3]/ed9","2","601"
"consented_grp[1]/hhm_rpt[3]/ed15","2","603"
"consented_grp[1]/hhm_rpt[3]/hhm_add_grp[1]/hhm_add_note","2","605"
"consented_grp[1]/hhm_rpt[3]/hhm_add_grp[1]/hhm_add_yn","2","605"
"consented_grp[1]/hhm_rpt[4]/hhmemb_info[1]/fmemb_name_grp[1]/fmemb_fn","24","607"
"consented_grp[1]/hhm_rpt[4]/hhmemb_info[1]/fmemb_name_grp[1]/fmemb_sn","24","607"
"consented_grp[1]/hhm_rpt[4]/hhmemb_info[1]/fmemb_name_grp[1]/fmemb_popn","24","607"
"consented_grp[1]/hhm_rpt[4]/hhmemb_info[1]/hl3","2","631"
"consented_grp[1]/hhm_rpt[4]/hhmemb_info[1]/hl4","2","633"
"consented_grp[1]/hhm_rpt[4]/hhmemb_info[1]/hl5_age_sel","2","635"
"consented_grp[1]/hhm_rpt[4]/hhmemb_info[1]/hl5_dob_dmy","135","637"
"consented_grp[1]/hhm_rpt[4]/hhmemb_info[1]/hl7","2","772"
"consented_grp[1]/hhm_rpt[4]/ed4","6","774"
"consented_grp[1]/hhm_rpt[4]/ed5_grp[1]/ed5a","4","780"
"consented_grp[1]/hhm_rpt[4]/ed5_grp[1]/ed5a_a","2","784"
"consented_grp[1]/hhm_rpt[4]/ed5_grp[1]/ed5b","2","786"
"consented_grp[1]/hhm_rpt[4]/ed5_grp[1]/ed6","4","788"
"consented_grp[1]/hhm_rpt[4]/ed9","3","792"
"consented_grp[1]/hhm_rpt[4]/ed9_grp[1]/ed10","2","794"
"consented_grp[1]/hhm_rpt[4]/ed9_grp[1]/ed11a","3","796"
"consented_grp[1]/hhm_rpt[4]/ed9_grp[1]/ed12","8","799"
"consented_grp[1]/hhm_rpt[4]/ed9_grp[1]/ed13","2","807"
"consented_grp[1]/hhm_rpt[4]/ed9_grp[1]/ed14","14","808"
"consented_grp[1]/hhm_rpt[4]/ed15","3","822"
"consented_grp[1]/hhm_rpt[4]/ed16_grp[1]/ed16a","1","825"
"consented_grp[1]/hhm_rpt[4]/ed16_grp[1]/ed16b","4","826"
"consented_grp[1]/hhm_rpt[4]/hhm_add_grp[1]/hhm_add_note","4","830"
"consented_grp[1]/hhm_rpt[4]/hhm_add_grp[1]/hhm_add_yn","4","830"
"consented_grp[1]/hhm_rpt[5]/hhmemb_info[1]/fmemb_name_grp[1]/fmemb_fn","30","834"
"consented_grp[1]/hhm_rpt[5]/hhmemb_info[1]/fmemb_name_grp[1]/fmemb_sn","30","834"
"consented_grp[1]/hhm_rpt[5]/hhmemb_info[1]/fmemb_name_grp[1]/fmemb_popn","30","834"
"consented_grp[1]/hhm_rpt[5]/hhmemb_info[1]/hl3","19","863"
"consented_grp[1]/hhm_rpt[5]/hhmemb_info[1]/hl4","7","882"
"consented_grp[1]/hhm_rpt[5]/hhmemb_info[1]/hl5_age_sel","2","889"
"consented_grp[1]/hhm_rpt[5]/hhmemb_info[1]/hl5_dob_dmy","24","891"
"consented_grp[1]/hhm_rpt[5]/hhmemb_info[1]/hl7","4","913"
"consented_grp[1]/hhm_rpt[5]/ed4","3","915"
"consented_grp[1]/hhm_rpt[5]/ed9","3","917"
"consented_grp[1]/hhm_rpt[5]/ed15","2","919"
"consented_grp[1]/hhm_rpt[5]/hhm_add_grp[1]/hhm_add_note","5","920"
"consented_grp[1]/hhm_rpt[5]/hhm_add_grp[1]/hhm_add_yn","5","920"
"consented_grp[1]/hhm_rpt[6]/hhmemb_info[1]/fmemb_name_grp[1]/fmemb_fn","17","922"
"consented_grp[1]/hhm_rpt[6]/hhmemb_info[1]/fmemb_name_grp[1]/fmemb_sn","17","922"
"consented_grp[1]/hhm_rpt[6]/hhmemb_info[1]/fmemb_name_grp[1]/fmemb_popn","17","922"
"consented_grp[1]/hhm_rpt[6]/hhmemb_info[1]/hl3","4","936"
"consented_grp[1]/hhm_rpt[6]/hhmemb_info[1]/hl4","4","938"
"consented_grp[1]/hhm_rpt[6]/hhmemb_info[1]/hl5_age_sel","5","940"
"consented_grp[1]/hhm_rpt[6]/hhmemb_info[1]/hl5_dob_dmy","33","944"
"consented_grp[1]/hhm_rpt[6]/hhmemb_info[1]/hl7","4","995"
"consented_grp[1]/hhm_rpt[6]/hhm_add_grp[1]/hhm_add_note","3","999"
"consented_grp[1]/hhm_rpt[6]/hhm_add_grp[1]/hhm_add_yn","3","999"
"consented_grp[1]/hhm_ch_intro","1","1002"
"consented_grp[1]/hhm_ch_rpt[1]/h12_grp[1]/hl12","34","1004"
"consented_grp[1]/hhm_ch_rpt[1]/h12_grp[1]/hl13a","1","1038"
"consented_grp[1]/hhm_ch_rpt[1]/h12_grp[1]/hl13b","2","1039"
"consented_grp[1]/hhm_ch_rpt[1]/h16_grp[1]/hl16","6","1041"
"consented_grp[1]/hhm_ch_rpt[1]/h16_grp[1]/hl17a","2","1048"
"consented_grp[1]/hhm_ch_rpt[1]/h16_grp[1]/hl19","3","1050"
"consented_grp[1]/hhm_ch_rpt[1]/ch_15_17_consent_grp[1]/ch_15_17_consent","90","1052"
"consented_grp[1]/hhm_ch_rpt[1]/ch_15_17_consent_grp[1]/ch_15_17_consent_yn","90","1052"
"consented_grp[1]/hhm_ch_rpt[2]/h12_grp[1]/hl12","7","1058"
"consented_grp[1]/hhm_ch_rpt[2]/h12_grp[1]/hl13a","11","1062"
"consented_grp[1]/hhm_ch_rpt[2]/h12_grp[1]/hl13b","3","1160"
"consented_grp[1]/hhm_ch_rpt[2]/h16_grp[1]/hl16","2","1163"
"consented_grp[1]/hhm_ch_rpt[2]/h16_grp[1]/hl17a","1","1164"
"consented_grp[1]/hhm_ch_rpt[2]/h16_grp[1]/hl17b","1","1166"
"consented_grp[1]/hhm_ch_rpt[3]/h12_grp[1]/hl12","2","1167"
"consented_grp[1]/hhm_ch_rpt[3]/h12_grp[1]/hl13a","3","1169"
"consented_grp[1]/hhm_ch_rpt[3]/h12_grp[1]/hl13b","2","1171"
"consented_grp[1]/hhm_ch_rpt[3]/h16_grp[1]/hl16","1","1173"
"consented_grp[1]/hhm_ch_rpt[3]/h16_grp[1]/hl17a","1","1174"
"consented_grp[1]/hhm_ch_rpt[3]/h16_grp[1]/hl17b","1","1176"
"consented_grp[1]/hhm_ch_rpt[4]/h12_grp[1]/hl12","1","1177"
"consented_grp[1]/hhm_ch_rpt[4]/h12_grp[1]/hl13a","4","1178"
"consented_grp[1]/hhm_ch_rpt[4]/h12_grp[1]/hl13b","4","1181"
"consented_grp[1]/hhm_ch_rpt[4]/h16_grp[1]/hl16","2","1185"
"consented_grp[1]/hhm_ch_rpt[4]/h16_grp[1]/hl17a","1","1187"
"consented_grp[1]/hhm_ch_rpt[4]/h16_grp[1]/hl17b","1","1188"
"consented_grp[1]/u5_rpt[1]/u5_note","160","1190"
"consented_grp[1]/hc_grp[1]/hc1a","17","1350"
"consented_grp[1]/hc_grp[1]/hc1b","2","1367"
"consented_grp[1]/hc_grp[1]/hc2","2","1369"
"consented_grp[1]/hc_grp[1]/hc3","24","1371"
"consented_grp[1]/hc_grp[1]/hc4","11","1395"
"consented_grp[1]/hc_grp[1]/hc5","6","1406"
"consented_grp[1]/hc_grp[1]/hc6","25","1412"
"consented_grp[1]/hc_grp[1]/hc7_grp[1]/hcf_note","65","1437"
"consented_grp[1]/hc_grp[1]/hc7_grp[1]/hc7_label","65","1437"
"consented_grp[1]/hc_grp[1]/hc7_grp[1]/hc7a","65","1437"
"consented_grp[1]/hc_grp[1]/hc7_grp[1]/hc7b","65","1437"
"consented_grp[1]/hc_grp[1]/hc7_grp[1]/hc7c","65","1437"
"consented_grp[1]/hc_grp[1]/hc7_grp[1]/hc7d","65","1437"
"consented_grp[1]/hc_grp[1]/hc7_grp[1]/hc7e","65","1437"
"consented_grp[1]/hc_grp[1]/hc7_grp[1]/hc7f","65","1437"
"consented_grp[1]/hc_grp[1]/hc7_grp[1]/hc7g","65","1437"
"consented_grp[1]/hc_grp[1]/hc8","3","1502"
"consented_grp[1]/hc_grp[1]/hc10_grp[1]/hc10_note","15","1504"
"consented_grp[1]/hc_grp[1]/hc10_grp[1]/hc10_labels","15","1504"
"consented_grp[1]/hc_grp[1]/hc10_grp[1]/hc10a","15","1504"
"consented_grp[1]/hc_grp[1]/hc10_grp[1]/hc10b","15","1504"
"consented_grp[1]/hc_grp[1]/hc10_grp[1]/hc10c","15","1504"
"consented_grp[1]/hc_grp[1]/hc10_grp[1]/hc10d","15","1504"
"consented_grp[1]/hc_grp[1]/hc10_grp[1]/hc10e","15","1504"
"consented_grp[1]/hc_grp[1]/hc10_grp[1]/hc10f","15","1504"
"consented_grp[1]/hc_grp[1]/hc10_grp[1]/hc10g","15","1504"
"consented_grp[1]/hc_grp[1]/hc11","2","1519"
"consented_grp[1]/hc_grp[1]/hc12","3","1521"
"consented_grp[1]/hc_grp[1]/hc13","10","1523"
"consented_grp[1]/hc_grp[1]/hc14","5","1534"
"consented_grp[1]/hc_grp[1]/hc15","12","1539"
"consented_grp[1]/hc_grp[1]/hc16_grp[1]/hc16a","11","1551"
"consented_grp[1]/hc_grp[1]/hc16_grp[1]/hc16b","11","1551"
"consented_grp[1]/hc_grp[1]/hc17","10","1562"
"consented_grp[1]/hc_grp[1]/hc18","8","1573"
"consented_grp[1]/hc_grp[1]/hc18_grp[1]/note","22","1581"
"consented_grp[1]/hc_grp[1]/hc18_grp[1]/hc18e","22","1581"
"consented_grp[1]/hc_grp[1]/hc18_grp[1]/hc18f","22","1581"
"consented_grp[1]/hc_grp[1]/hc19","12","1603"
"consented_grp[1]/st_intonote","2","1615"
"consented_grp[1]/st_rpt[1]/st1a","32","1617"
"consented_grp[1]/st_rpt[2]/st1a","1","1649"
"consented_grp[1]/st_rpt[3]/st1a","1","1651"
"consented_grp[1]/st_rpt[4]/st1a","1","1652"
"consented_grp[1]/st_rpt[5]/st1a","1","1653"
"consented_grp[1]/st_rpt[5]/st1_add_yn","1","1654"
"consented_grp[1]/eu1","3","1656"
"consented_grp[1]/eu2","2","1659"
"consented_grp[1]/eu4_grp[1]/eu4","2","1661"
"consented_grp[1]/eu5_grp[1]/eu5","5","1663"
"consented_grp[1]/eu6","4","1668"
"consented_grp[1]/eu9","11","1672"
"consented_grp[1]/tn1","16","1679"
"consented_grp[1]/irs1","4","1688"
"consented_grp[1]/tn2","2","1701"
"consented_grp[1]/tn_rpt[1]/generated_note_name_438","2","1703"
"consented_grp[1]/tn_rpt[1]/tn3","6","1706"
"consented_grp[1]/tn_rpt[1]/tn4","3","1712"
"consented_grp[1]/tn_rpt[1]/tn5","2","1715"
"consented_grp[1]/tn_rpt[1]/tn10","3","1717"
"consented_grp[1]/tn_rpt[1]/tn12","15","1720"
"consented_grp[1]/tn_rpt[1]/tn13","4","1735"
"consented_grp[1]/tn_rpt[1]/tn15","6","1739"
"consented_grp[1]/ws1","11","1747"
"consented_grp[1]/ws3","12","1754"
"consented_grp[1]/ws4","4","1770"
"consented_grp[1]/ws5","9","1773"
"consented_grp[1]/ws6","357","1782"
"consented_grp[1]/ws7","2","2140"
"consented_grp[1]/ws8","1","2142"
"consented_grp[1]/ws9","18","2143"
"consented_grp[1]/ws10","6","2159"
"consented_grp[1]/ws11","13","2166"
"consented_grp[1]/ws12","2","2179"
"consented_grp[1]/ws14","11","2181"
"consented_grp[1]/ws15","5","2192"
"consented_grp[1]/ws16","19","2195"
"consented_grp[1]/ws17","38","2197"
"consented_grp[1]/hw1_grp[1]/hw1_note","3","2255"
"consented_grp[1]/hw1_grp[1]/hw1","3","2255"
"consented_grp[1]/hw5","2","2258"
"consented_grp[1]/death_note","1","2259"
"consented_grp[1]/dc0a","2","2261"
"consented_grp[1]/main_respondent","9","2262"
"consented_grp[1]/survey_language","2","2272"
"consented_grp[1]/survey_accomp","2","2274"
"gps_backup","40","2275"
"comments","356","2314"
