"Field name","Total duration (seconds)","First appeared (seconds into survey)"
"intro_note","1","2"
"enum_id","7","3"
"enum_confirm_grp[1]/enum_details","1","10"
"enum_confirm_grp[1]/enum_confirm","1","10"
"community_id","9","11"
"comm_confirm_grp[1]/comm_details","1","19"
"comm_confirm_grp[1]/comm_confirm","1","19"
"hhid_grp[1]/hhid_instruction","7","20"
"hhid_grp[1]/hhid_struct_num","7","20"
"hhid_grp[1]/hhid_hh_num","7","20"
"hhid_confirm_grp[1]/hhid_details","2","27"
"hhid_confirm_grp[1]/hhid_confirm","2","27"
"consent_grp[1]/consent_instr","4","28"
"consent_grp[1]/consent","4","28"
"consented_grp[1]/hh_note","2","32"
"consented_grp[1]/hhm_cnt","6","33"
"consented_grp[1]/rooster_note","2","36"
"consented_grp[1]/hhm_rpt[1]/hhmemb_info[1]/fmemb_name_grp[1]/fmemb_fn","25","38"
"consented_grp[1]/hhm_rpt[1]/hhmemb_info[1]/fmemb_name_grp[1]/fmemb_sn","25","38"
"consented_grp[1]/hhm_rpt[1]/hhmemb_info[1]/fmemb_name_grp[1]/fmemb_popn","25","38"
"consented_grp[1]/hhm_rpt[1]/hhmemb_info[1]/hl3","2","62"
"consented_grp[1]/hhm_rpt[1]/hhmemb_info[1]/hl4","2","64"
"consented_grp[1]/hhm_rpt[1]/hhmemb_info[1]/hl5_age_sel","8","65"
"consented_grp[1]/hhm_rpt[1]/hhmemb_info[1]/hl5_dob_dmy","15","67"
"consented_grp[1]/hhm_rpt[1]/hhmemb_info[1]/hl7","2","80"
"consented_grp[1]/hhm_rpt[1]/ed4","6","81"
"consented_grp[1]/hhm_rpt[1]/hhm_add_grp[1]/hhm_add_note","335","84"
"consented_grp[1]/hhm_rpt[1]/hhm_add_grp[1]/hhm_add_yn","335","84"
"consented_grp[1]/hhm_rpt[2]/hhmemb_info[1]/fmemb_name_grp[1]/fmemb_fn","20","438"
"consented_grp[1]/hhm_rpt[2]/hhmemb_info[1]/fmemb_name_grp[1]/fmemb_sn","20","438"
"consented_grp[1]/hhm_rpt[2]/hhmemb_info[1]/fmemb_name_grp[1]/fmemb_popn","20","438"
"consented_grp[1]/hhm_rpt[2]/hhmemb_info[1]/hl3","3","457"
"consented_grp[1]/hhm_rpt[2]/hhmemb_info[1]/hl4","2","460"
"consented_grp[1]/hhm_rpt[2]/hhmemb_info[1]/hl5_age_sel","1","462"
"consented_grp[1]/hhm_rpt[2]/hhmemb_info[1]/hl5_dob_dmy","10","463"
"consented_grp[1]/hhm_rpt[2]/hhmemb_info[1]/hl7","1","473"
"consented_grp[1]/hhm_rpt[2]/ed4","1","474"
"consented_grp[1]/hhm_rpt[2]/ed5_grp[1]/ed5a","1","475"
"consented_grp[1]/hhm_rpt[2]/ed5_grp[1]/ed5a_a","2","477"
"consented_grp[1]/hhm_rpt[2]/ed5_grp[1]/ed5b","1","479"
"consented_grp[1]/hhm_rpt[2]/ed5_grp[1]/ed6","5","480"
"consented_grp[1]/hhm_rpt[2]/hhm_add_grp[1]/hhm_add_note","2","485"
"consented_grp[1]/hhm_rpt[2]/hhm_add_grp[1]/hhm_add_yn","2","485"
"consented_grp[1]/hhm_rpt[3]/hhmemb_info[1]/fmemb_name_grp[1]/fmemb_fn","17","486"
"consented_grp[1]/hhm_rpt[3]/hhmemb_info[1]/fmemb_name_grp[1]/fmemb_sn","17","486"
"consented_grp[1]/hhm_rpt[3]/hhmemb_info[1]/fmemb_name_grp[1]/fmemb_popn","17","486"
"consented_grp[1]/hhm_rpt[3]/hhmemb_info[1]/hl3","2","503"
"consented_grp[1]/hhm_rpt[3]/hhmemb_info[1]/hl4","1","505"
"consented_grp[1]/hhm_rpt[3]/hhmemb_info[1]/hl5_age_sel","2","506"
"consented_grp[1]/hhm_rpt[3]/hhmemb_info[1]/hl5_dob_dmy","12","508"
"consented_grp[1]/hhm_rpt[3]/hhmemb_info[1]/hl7","2","520"
"consented_grp[1]/hhm_rpt[3]/ed4","3","522"
"consented_grp[1]/hhm_rpt[3]/ed5_grp[1]/ed5a","2","525"
"consented_grp[1]/hhm_rpt[3]/ed5_grp[1]/ed5a_a","2","526"
"consented_grp[1]/hhm_rpt[3]/ed5_grp[1]/ed5b","1","528"
"consented_grp[1]/hhm_rpt[3]/ed5_grp[1]/ed6","3","529"
"consented_grp[1]/hhm_rpt[3]/hhm_add_grp[1]/hhm_add_note","2","532"
"consented_grp[1]/hhm_rpt[3]/hhm_add_grp[1]/hhm_add_yn","2","532"
"consented_grp[1]/hhm_rpt[4]/hhmemb_info[1]/fmemb_name_grp[1]/fmemb_fn","12","534"
"consented_grp[1]/hhm_rpt[4]/hhmemb_info[1]/fmemb_name_grp[1]/fmemb_sn","12","534"
"consented_grp[1]/hhm_rpt[4]/hhmemb_info[1]/fmemb_name_grp[1]/fmemb_popn","12","534"
"consented_grp[1]/hhm_rpt[4]/hhmemb_info[1]/hl3","4","546"
"consented_grp[1]/hhm_rpt[4]/hhmemb_info[1]/hl4","4","547"
"consented_grp[1]/hhm_rpt[4]/hhmemb_info[1]/hl5_age_sel","7","549"
"consented_grp[1]/hhm_rpt[4]/hhmemb_info[1]/hl5_dob_dmy","12","560"
"consented_grp[1]/hhm_rpt[4]/hhmemb_info[1]/hl7","1","572"
"consented_grp[1]/hhm_rpt[4]/ed4","1","573"
"consented_grp[1]/hhm_rpt[4]/ed5_grp[1]/ed5a","2","574"
"consented_grp[1]/hhm_rpt[4]/ed5_grp[1]/ed5a_a","6","577"
"consented_grp[1]/hhm_rpt[4]/ed5_grp[1]/ed5b","1","583"
"consented_grp[1]/hhm_rpt[4]/ed5_grp[1]/ed6","1","585"
"consented_grp[1]/hhm_rpt[4]/ed9","1","586"
"consented_grp[1]/hhm_rpt[4]/ed9_grp[1]/ed10","2","587"
"consented_grp[1]/hhm_rpt[4]/ed9_grp[1]/ed11a","5","589"
"consented_grp[1]/hhm_rpt[4]/ed9_grp[1]/ed12","3","594"
"consented_grp[1]/hhm_rpt[4]/ed9_grp[1]/ed14","7","597"
"consented_grp[1]/hhm_rpt[4]/ed15","1","605"
"consented_grp[1]/hhm_rpt[4]/hhm_add_grp[1]/hhm_add_note","3","606"
"consented_grp[1]/hhm_rpt[4]/hhm_add_grp[1]/hhm_add_yn","3","606"
"consented_grp[1]/hhm_rpt[5]/hhmemb_info[1]/fmemb_name_grp[1]/fmemb_fn","15","609"
"consented_grp[1]/hhm_rpt[5]/hhmemb_info[1]/fmemb_name_grp[1]/fmemb_sn","15","609"
"consented_grp[1]/hhm_rpt[5]/hhmemb_info[1]/fmemb_name_grp[1]/fmemb_popn","15","609"
"consented_grp[1]/hhm_rpt[5]/hhmemb_info[1]/hl3","5","623"
"consented_grp[1]/hhm_rpt[5]/hhmemb_info[1]/hl4","2","629"
"consented_grp[1]/hhm_rpt[5]/hhmemb_info[1]/hl5_age_sel","5","630"
"consented_grp[1]/hhm_rpt[5]/hhmemb_info[1]/hl5_dob_dmy","22","635"
"consented_grp[1]/hhm_rpt[5]/hhmemb_info[1]/hl7","1","657"
"consented_grp[1]/hhm_rpt[5]/ed4","3","659"
"consented_grp[1]/hhm_rpt[5]/ed5_grp[1]/ed5a","2","662"
"consented_grp[1]/hhm_rpt[5]/ed5_grp[1]/ed5a_a","2","663"
"consented_grp[1]/hhm_rpt[5]/ed5_grp[1]/ed5b","1","665"
"consented_grp[1]/hhm_rpt[5]/ed5_grp[1]/ed6","1","667"
"consented_grp[1]/hhm_rpt[5]/ed9","1","668"
"consented_grp[1]/hhm_rpt[5]/ed9_grp[1]/ed10","1","669"
"consented_grp[1]/hhm_rpt[5]/ed9_grp[1]/ed11a","2","671"
"consented_grp[1]/hhm_rpt[5]/ed9_grp[1]/ed12","2","673"
"consented_grp[1]/hhm_rpt[5]/ed9_grp[1]/ed14","1","675"
"consented_grp[1]/hhm_rpt[5]/ed15","1","677"
"consented_grp[1]/hhm_rpt[5]/hhm_add_grp[1]/hhm_add_note","2","678"
"consented_grp[1]/hhm_rpt[5]/hhm_add_grp[1]/hhm_add_yn","2","678"
"consented_grp[1]/hhm_rpt[6]/hhmemb_info[1]/fmemb_name_grp[1]/fmemb_fn","11","680"
"consented_grp[1]/hhm_rpt[6]/hhmemb_info[1]/fmemb_name_grp[1]/fmemb_sn","11","680"
"consented_grp[1]/hhm_rpt[6]/hhmemb_info[1]/fmemb_name_grp[1]/fmemb_popn","11","680"
"consented_grp[1]/hhm_rpt[6]/hhmemb_info[1]/hl3","5","691"
"consented_grp[1]/hhm_rpt[6]/hhmemb_info[1]/hl4","1","697"
"consented_grp[1]/hhm_rpt[6]/hhmemb_info[1]/hl5_age_sel","5","698"
"consented_grp[1]/hhm_rpt[6]/hhmemb_info[1]/hl5_dob_dmy","12","703"
"consented_grp[1]/hhm_rpt[6]/hhmemb_info[1]/hl7","2","715"
"consented_grp[1]/hhm_rpt[6]/ed4","3","717"
"consented_grp[1]/hhm_rpt[6]/ed5_grp[1]/ed5a","2","720"
"consented_grp[1]/hhm_rpt[6]/ed5_grp[1]/ed5a_a","2","722"
"consented_grp[1]/hhm_rpt[6]/ed5_grp[1]/ed5b","1","725"
"consented_grp[1]/hhm_rpt[6]/ed5_grp[1]/ed6","2","726"
"consented_grp[1]/hhm_rpt[6]/ed9","2","728"
"consented_grp[1]/hhm_rpt[6]/ed9_grp[1]/ed10","1","729"
"consented_grp[1]/hhm_rpt[6]/ed9_grp[1]/ed11a","5","731"
"consented_grp[1]/hhm_rpt[6]/ed9_grp[1]/ed12","2","736"
"consented_grp[1]/hhm_rpt[6]/ed9_grp[1]/ed14","1","738"
"consented_grp[1]/hhm_rpt[6]/ed15","11","739"
"consented_grp[1]/hhm_rpt[6]/hhm_add_grp[1]/hhm_add_note","5","750"
"consented_grp[1]/hhm_rpt[6]/hhm_add_grp[1]/hhm_add_yn","5","750"
"consented_grp[1]/hhm_rpt[7]/hhmemb_info[1]/fmemb_name_grp[1]/fmemb_fn","17","752"
"consented_grp[1]/hhm_rpt[7]/hhmemb_info[1]/fmemb_name_grp[1]/fmemb_sn","17","752"
"consented_grp[1]/hhm_rpt[7]/hhmemb_info[1]/fmemb_name_grp[1]/fmemb_popn","17","752"
"consented_grp[1]/hhm_rpt[7]/hhmemb_info[1]/hl3","7","772"
"consented_grp[1]/hhm_rpt[7]/hhmemb_info[1]/hl4","1","779"
"consented_grp[1]/hhm_rpt[7]/hhmemb_info[1]/hl5_age_sel","4","781"
"consented_grp[1]/hhm_rpt[7]/hhmemb_info[1]/hl5_dob_y","3","784"
"consented_grp[1]/hhm_rpt[7]/hhmemb_info[1]/hl7","2","788"
"consented_grp[1]/hhm_rpt[7]/ed4","2","790"
"consented_grp[1]/hhm_rpt[7]/ed5_grp[1]/ed5a","20","792"
"consented_grp[1]/hhm_rpt[7]/ed5_grp[1]/ed5a_a","20","812"
"consented_grp[1]/hhm_rpt[7]/ed5_grp[1]/ed5b","2","832"
"consented_grp[1]/hhm_rpt[7]/ed5_grp[1]/ed6","2","834"
"consented_grp[1]/hhm_rpt[7]/hhm_add_grp[1]/hhm_add_note","3","836"
"consented_grp[1]/hhm_rpt[7]/hhm_add_grp[1]/hhm_add_yn","3","836"
"consented_grp[1]/hhm_ch_intro","47","839"
"consented_grp[1]/hhm_ch_rpt[1]/h12_grp[1]/hl12","5","886"
"consented_grp[1]/hhm_ch_rpt[1]/h12_grp[1]/hl13a","1","891"
"consented_grp[1]/hhm_ch_rpt[1]/h12_grp[1]/hl15","2","892"
"consented_grp[1]/hhm_ch_rpt[1]/h16_grp[1]/hl16","3","894"
"consented_grp[1]/hhm_ch_rpt[1]/h16_grp[1]/hl17a","3","897"
"consented_grp[1]/hhm_ch_rpt[1]/h16_grp[1]/hl19","3","900"
"consented_grp[1]/hhm_ch_rpt[1]/h20_grp[1]/hl20_ct","5","901"
"consented_grp[1]/hhm_ch_rpt[1]/h20_grp[1]/hl20_oth","19","907"
"consented_grp[1]/hhm_ch_rpt[2]/h12_grp[1]/hl12","3","927"
"consented_grp[1]/hhm_ch_rpt[2]/h12_grp[1]/hl13a","3","930"
"consented_grp[1]/hhm_ch_rpt[2]/h12_grp[1]/hl13b","2","933"
"consented_grp[1]/hhm_ch_rpt[2]/h16_grp[1]/hl16","5","936"
"consented_grp[1]/hhm_ch_rpt[2]/h16_grp[1]/hl17a","2","938"
"consented_grp[1]/hhm_ch_rpt[3]/h12_grp[1]/hl12","2","942"
"consented_grp[1]/hhm_ch_rpt[3]/h12_grp[1]/hl13a","1","945"
"consented_grp[1]/hhm_ch_rpt[3]/h12_grp[1]/hl13b","1","946"
"consented_grp[1]/hhm_ch_rpt[3]/h16_grp[1]/hl16","4","947"
"consented_grp[1]/hhm_ch_rpt[3]/h16_grp[1]/hl17a","2","951"
"consented_grp[1]/hhm_ch_rpt[3]/h16_grp[1]/hl19","5","953"
"consented_grp[1]/u5_rpt[1]/u5_note","17","958"
"consented_grp[1]/hc_grp[1]/hc1a","5","974"
"consented_grp[1]/hc_grp[1]/hc1b","6","979"
"consented_grp[1]/hc_grp[1]/hc2","3","985"
"consented_grp[1]/hc_grp[1]/hc3","10","988"
"consented_grp[1]/hc_grp[1]/hc4","8","998"
"consented_grp[1]/hc_grp[1]/hc5","2","1006"
"consented_grp[1]/hc_grp[1]/hc6","3","1008"
"consented_grp[1]/hc_grp[1]/hc7_grp[1]/hcf_note","15","1011"
"consented_grp[1]/hc_grp[1]/hc7_grp[1]/hc7_label","15","1011"
"consented_grp[1]/hc_grp[1]/hc7_grp[1]/hc7a","15","1011"
"consented_grp[1]/hc_grp[1]/hc7_grp[1]/hc7b","15","1011"
"consented_grp[1]/hc_grp[1]/hc7_grp[1]/hc7c","15","1011"
"consented_grp[1]/hc_grp[1]/hc7_grp[1]/hc7d","15","1011"
"consented_grp[1]/hc_grp[1]/hc7_grp[1]/hc7e","15","1011"
"consented_grp[1]/hc_grp[1]/hc7_grp[1]/hc7f","15","1011"
"consented_grp[1]/hc_grp[1]/hc7_grp[1]/hc7g","15","1011"
"consented_grp[1]/hc_grp[1]/hc8","2","1026"
"consented_grp[1]/hc_grp[1]/hc10_grp[1]/hc10_note","19","1028"
"consented_grp[1]/hc_grp[1]/hc10_grp[1]/hc10_labels","19","1028"
"consented_grp[1]/hc_grp[1]/hc10_grp[1]/hc10a","19","1028"
"consented_grp[1]/hc_grp[1]/hc10_grp[1]/hc10b","19","1028"
"consented_grp[1]/hc_grp[1]/hc10_grp[1]/hc10c","19","1028"
"consented_grp[1]/hc_grp[1]/hc10_grp[1]/hc10d","19","1028"
"consented_grp[1]/hc_grp[1]/hc10_grp[1]/hc10e","19","1028"
"consented_grp[1]/hc_grp[1]/hc10_grp[1]/hc10f","19","1028"
"consented_grp[1]/hc_grp[1]/hc10_grp[1]/hc10g","19","1028"
"consented_grp[1]/hc_grp[1]/hc11","16","1047"
"consented_grp[1]/hc_grp[1]/hc12","2","1063"
"consented_grp[1]/hc_grp[1]/hc13","10","1065"
"consented_grp[1]/hc_grp[1]/hc14","3","1075"
"consented_grp[1]/hc_grp[1]/hc15","5","1078"
"consented_grp[1]/hc_grp[1]/hc16_grp[1]/hc16a","5","1083"
"consented_grp[1]/hc_grp[1]/hc16_grp[1]/hc16b","5","1083"
"consented_grp[1]/hc_grp[1]/hc17","9","1088"
"consented_grp[1]/hc_grp[1]/hc19","8","1098"
"consented_grp[1]/st_intonote","9","1106"
"consented_grp[1]/st_rpt[1]/st1a","8","1115"
"consented_grp[1]/st_rpt[2]/st1a","3","1124"
"consented_grp[1]/st_rpt[3]/st1a","7","1127"
"consented_grp[1]/st_rpt[4]/st1a","3","1134"
"consented_grp[1]/st_rpt[5]/st1a","5","1137"
"consented_grp[1]/st_rpt[5]/st1_add_yn","6","1142"
"consented_grp[1]/eu1","3","1149"
"consented_grp[1]/eu2","1","1152"
"consented_grp[1]/eu4_grp[1]/eu4","1","1153"
"consented_grp[1]/eu5_grp[1]/eu5","3","1154"
"consented_grp[1]/eu6","13","1157"
"consented_grp[1]/eu9","10","1170"
"consented_grp[1]/tn1","3","1180"
"consented_grp[1]/tn2","7","1183"
"consented_grp[1]/tn_rpt[1]/generated_note_name_438","1","1191"
"consented_grp[1]/tn_rpt[1]/tn3","2","1192"
"consented_grp[1]/tn_rpt[1]/tn4","5","1194"
"consented_grp[1]/tn_rpt[1]/tn5","2","1198"
"consented_grp[1]/tn_rpt[1]/tn10","1","1200"
"consented_grp[1]/tn_rpt[1]/tn12","2","1202"
"consented_grp[1]/tn_rpt[1]/tn13","2","1203"
"consented_grp[1]/tn_rpt[1]/tn15","54","1205"
"consented_grp[1]/tn_rpt[2]/generated_note_name_438","1","1259"
"consented_grp[1]/tn_rpt[2]/tn3","2","1260"
"consented_grp[1]/tn_rpt[2]/tn4","5","1262"
"consented_grp[1]/tn_rpt[2]/tn5","2","1264"
"consented_grp[1]/tn_rpt[2]/tn10","1","1269"
"consented_grp[1]/tn_rpt[2]/tn12","2","1271"
"consented_grp[1]/tn_rpt[2]/tn13","2","1273"
"consented_grp[1]/tn_rpt[2]/tn15","6","1274"
"consented_grp[1]/tn_rpt[3]/generated_note_name_438","1","1280"
"consented_grp[1]/tn_rpt[3]/tn3","2","1281"
"consented_grp[1]/tn_rpt[3]/tn4","9","1283"
"consented_grp[1]/tn_rpt[3]/tn5","1","1292"
"consented_grp[1]/tn_rpt[3]/tn10","1","1294"
"consented_grp[1]/tn_rpt[3]/tn12","1","1295"
"consented_grp[1]/tn_rpt[3]/tn13","1","1297"
"consented_grp[1]/tn_rpt[3]/tn15","3","1298"
"consented_grp[1]/irs1","9","1301"
"consented_grp[1]/ws1","6","1310"
"consented_grp[1]/ws3","1","1316"
"consented_grp[1]/ws4","21","1318"
"consented_grp[1]/ws5","7","1338"
"consented_grp[1]/ws6","10","1346"
"consented_grp[1]/ws7","6","1356"
"consented_grp[1]/ws9","8","1362"
"consented_grp[1]/ws11","10","1370"
"consented_grp[1]/ws12","2","1379"
"consented_grp[1]/ws14","4","1381"
"consented_grp[1]/ws15","2","1385"
"consented_grp[1]/ws16","2","1387"
"consented_grp[1]/hw1_grp[1]/hw1_note","13","1389"
"consented_grp[1]/hw1_grp[1]/hw1","13","1389"
"consented_grp[1]/hw2","1","1402"
"consented_grp[1]/hw3","2","1403"
"consented_grp[1]/death_note","9","1405"
"consented_grp[1]/dc0a","1","1414"
"consented_grp[1]/main_respondent","2","1415"
"consented_grp[1]/survey_language","1","1417"
"consented_grp[1]/survey_accomp","2","1418"
"gps_backup","35","1420"
"comments","6","1454"
