"Field name","Total duration (seconds)","First appeared (seconds into survey)"
"intro_note","1","2"
"enum_id","12","3"
"enum_confirm_grp[1]/enum_details","6","15"
"enum_confirm_grp[1]/enum_confirm","6","15"
"community_id","39","21"
"comm_confirm_grp[1]/comm_details","1","60"
"comm_confirm_grp[1]/comm_confirm","1","60"
"u5_iden_grp[1]/u5_id","348","61"
"u5_iden_grp[1]/u5_fullname","348","61"
"u5_iden_grp[1]/u5_age","348","61"
"u5_iden_grp[1]/u5_ct_id","348","61"
"u5_iden_grp[1]/u5_ct_fullname","348","61"
"uf9","5","405"
"consent_grp[1]/uf10a","3","414"
"consent_grp[1]/consent","3","414"
"consented_grp[1]/ub0","1","417"
"consented_grp[1]/ub1_age_sel","2","418"
"consented_grp[1]/ub1_dob_dmy","18","420"
"consented_grp[1]/ub5","5","438"
"consented_grp[1]/ub8b","4","443"
"consented_grp[1]/ub9","2","448"
"consented_grp[1]/br1","25","450"
"consented_grp[1]/br2","6","476"
"consented_grp[1]/br3","3","482"
"consented_grp[1]/ec1","98","484"
"consented_grp[1]/ec2_grp[1]/generated_note_name_108","69","583"
"consented_grp[1]/ec2_grp[1]/ec2_label","69","583"
"consented_grp[1]/ec2_grp[1]/ec2a","69","583"
"consented_grp[1]/ec2_grp[1]/ec2b","69","583"
"consented_grp[1]/ec2_grp[1]/ec2c","69","583"
"consented_grp[1]/ec3_grp[1]/generated_note_name_115","24","651"
"consented_grp[1]/ec3_grp[1]/ec3a","24","651"
"consented_grp[1]/ec3_grp[1]/ec3b","24","651"
"consented_grp[1]/ec5_grp[1]/ec5","161","676"
"consented_grp[1]/ec5_grp[1]/ec5_label","161","676"
"consented_grp[1]/ec5_grp[1]/ec5a","161","676"
"consented_grp[1]/ec5_grp[1]/ec5b","161","676"
"consented_grp[1]/ec5_grp[1]/ec5c","161","676"
"consented_grp[1]/ec5_grp[1]/ec5d","161","676"
"consented_grp[1]/ec5_grp[1]/ec5e","161","676"
"consented_grp[1]/ec5_grp[1]/ec5f","161","676"
"consented_grp[1]/ec6_grp[1]/ec6_note","71","833"
"consented_grp[1]/ec6_grp[1]/ec6","71","833"
"consented_grp[1]/ec7","6","894"
"consented_grp[1]/ec8","6","914"
"consented_grp[1]/ec9","22","915"
"consented_grp[1]/ec10","19","938"
"consented_grp[1]/ec11","13","951"
"consented_grp[1]/ec12","1","974"
"consented_grp[1]/ec13","2","975"
"consented_grp[1]/ec14","7","978"
"consented_grp[1]/ec15","15","979"
"consented_grp[1]/ucd2_grp[1]/ucd2_note","51","991"
"consented_grp[1]/ucd2_grp[1]/ucb2_label","51","991"
"consented_grp[1]/ucd2_grp[1]/ucd2a","51","991"
"consented_grp[1]/ucd2_grp[1]/ucb2b","51","991"
"consented_grp[1]/ucd2_grp[1]/ucb2c","51","991"
"consented_grp[1]/ucd2_grp[1]/ucb2d","51","991"
"consented_grp[1]/ucd2_grp[1]/ucb2e","51","991"
"consented_grp[1]/ucd2_grp[1]/ucb2f","51","991"
"consented_grp[1]/ucd2_grp[1]/ucb2g","51","991"
"consented_grp[1]/ucd2_grp[1]/ucb2h","51","991"
"consented_grp[1]/ucd2_grp[1]/ucb2i","51","991"
"consented_grp[1]/ucd2_grp[1]/ucb2j","51","991"
"consented_grp[1]/ucd2_grp[1]/ucb2k","51","991"
"consented_grp[1]/ucd3","3","1050"
"consented_grp[1]/ucf_grp[1]/ucf2_grp[1]/ucf2_note","13","1054"
"consented_grp[1]/ucf_grp[1]/ucf2_grp[1]/ucf2_label","13","1054"
"consented_grp[1]/ucf_grp[1]/ucf2_grp[1]/ucf2","13","1054"
"consented_grp[1]/ucf_grp[1]/ucf2_grp[1]/ucf3","13","1054"
"consented_grp[1]/ucf_grp[1]/ucf2_grp[1]/ucf4","13","1054"
"consented_grp[1]/ucf_grp[1]/ucf5","2","1067"
"consented_grp[1]/ucf_grp[1]/ucf7b","2","1068"
"consented_grp[1]/ucf_grp[1]/ucf9b","2","1070"
"consented_grp[1]/ucf_grp[1]/ucf13","1","1073"
"consented_grp[1]/ucf_grp[1]/ucf14","1","1074"
"consented_grp[1]/ucf_grp[1]/ucf15","9","1075"
"consented_grp[1]/ucf_grp[1]/ucf16","7","1077"
"consented_grp[1]/ucf_grp[1]/ucf17","3","1091"
"consented_grp[1]/ucf_grp[1]/ucf18","4","1093"
"consented_grp[1]/ucf_grp[1]/ucf19","2","1098"
"consented_grp[1]/im2","2","1100"
"consented_grp[1]/im5","2","1102"
"consented_grp[1]/im6_note","4","1104"
"consented_grp[1]/im6_rpt[1]/im6","14","1105"
"consented_grp[1]/im6_rpt[1]/im6a","17","1122"
"consented_grp[1]/im6_rpt[2]/im6","3","1140"
"consented_grp[1]/im6_rpt[2]/im6a","16","1143"
"consented_grp[1]/im6_rpt[3]/im6","4","1157"
"consented_grp[1]/im6_rpt[3]/im6a","35","1160"
"consented_grp[1]/im6_rpt[4]/im6","6","1177"
"consented_grp[1]/im6_rpt[4]/im6a","30","1188"
"consented_grp[1]/im6_rpt[5]/im6","5","1212"
"consented_grp[1]/im6_rpt[5]/im6a","19","1229"
"consented_grp[1]/im6_rpt[6]/im6","4","1246"
"consented_grp[1]/im6_rpt[6]/im6a","33","1248"
"consented_grp[1]/im6_rpt[7]/im6","4","1294"
"consented_grp[1]/im6_rpt[7]/im6a","22","1295"
"consented_grp[1]/im6_rpt[8]/im6","5","1313"
"consented_grp[1]/im6_rpt[8]/im6a","18","1316"
"consented_grp[1]/im6_rpt[9]/im6","5","1332"
"consented_grp[1]/im6_rpt[9]/im6a","25","1334"
"consented_grp[1]/im6_rpt[10]/im6","4","1358"
"consented_grp[1]/im6_rpt[10]/im6a","26","1359"
"consented_grp[1]/im6_rpt[11]/im6","7","1378"
"consented_grp[1]/im6_rpt[11]/im6a","55","1382"
"consented_grp[1]/im6_rpt[12]/im6","26","1400"
"consented_grp[1]/im6_rpt[12]/im6a","15","1494"
"consented_grp[1]/im6_rpt[13]/im6","4","1509"
"consented_grp[1]/im6_rpt[13]/im6a","20","1512"
"consented_grp[1]/im6_rpt[14]/im6","16","1532"
"consented_grp[1]/im6_rpt[14]/im6a","57","1542"
"consented_grp[1]/im6_rpt[15]/im6","6","1578"
"consented_grp[1]/im6_rpt[15]/im6a","25","1611"
"consented_grp[1]/im8_im27_grp[1]/im8_grp[1]/im8_note","18","1636"
"consented_grp[1]/im8_im27_grp[1]/im8_grp[1]/im8_label","18","1636"
"consented_grp[1]/im8_im27_grp[1]/im8_grp[1]/im8a","18","1636"
"consented_grp[1]/im8_im27_grp[1]/im8_grp[1]/im8b","18","1636"
"consented_grp[1]/im8_im27_grp[1]/im8_grp[1]/im8c","18","1636"
"consented_grp[1]/im8_im27_grp[1]/im8_grp[1]/im8d","18","1636"
"consented_grp[1]/im8_im27_grp[1]/im9","12","1650"
"consented_grp[1]/ca1","12","1661"
"consented_grp[1]/ca14","40","1673"
"consented_grp[1]/ca15","23","1702"
"consented_grp[1]/ca16","4","1719"
"consented_grp[1]/ca17","3","1745"
"consented_grp[1]/ca20","5","1748"
"consented_grp[1]/ca21","15","1753"
"consented_grp[1]/ca22","22","1757"
"comments","12","1790"
