"Field name","Total duration (seconds)","First appeared (seconds into survey)"
"intro_note","3","9"
"enum_id","7","11"
"enum_confirm_grp[1]/enum_details","1","19"
"enum_confirm_grp[1]/enum_confirm","1","19"
"community_id","5","20"
"comm_confirm_grp[1]/comm_details","1","25"
"comm_confirm_grp[1]/comm_confirm","1","25"
"hhid_grp[1]/hhid_instruction","27","26"
"hhid_grp[1]/hhid_struct_num","27","26"
"hhid_grp[1]/hhid_hh_num","27","26"
"hhid_confirm_grp[1]/hhid_details","4","53"
"hhid_confirm_grp[1]/hhid_confirm","4","53"
"consent_grp[1]/consent_instr","4","57"
"consent_grp[1]/consent","4","57"
"consented_grp[1]/hh_note","1","60"
"consented_grp[1]/hhm_cnt","21","62"
"consented_grp[1]/rooster_note","2","83"
"consented_grp[1]/hhm_rpt[1]/hhmemb_info[1]/fmemb_name_grp[1]/fmemb_fn","34","85"
"consented_grp[1]/hhm_rpt[1]/hhmemb_info[1]/fmemb_name_grp[1]/fmemb_sn","34","85"
"consented_grp[1]/hhm_rpt[1]/hhmemb_info[1]/fmemb_name_grp[1]/fmemb_popn","34","85"
"consented_grp[1]/hhm_rpt[1]/hhmemb_info[1]/hl3","2","118"
"consented_grp[1]/hhm_rpt[1]/hhmemb_info[1]/hl4","2","120"
"consented_grp[1]/hhm_rpt[1]/hhmemb_info[1]/hl5_age_sel","1","122"
"consented_grp[1]/hhm_rpt[1]/hhmemb_info[1]/hl5_dob_dmy","42","123"
"consented_grp[1]/hhm_rpt[1]/hhmemb_info[1]/hl7","2","166"
"consented_grp[1]/hhm_rpt[1]/ed4","5","167"
"consented_grp[1]/hhm_rpt[1]/hhm_add_grp[1]/hhm_add_note","12","173"
"consented_grp[1]/hhm_rpt[1]/hhm_add_grp[1]/hhm_add_yn","12","173"
"consented_grp[1]/hhm_rpt[2]/hhmemb_info[1]/fmemb_name_grp[1]/fmemb_fn","23","182"
"consented_grp[1]/hhm_rpt[2]/hhmemb_info[1]/fmemb_name_grp[1]/fmemb_sn","23","182"
"consented_grp[1]/hhm_rpt[2]/hhmemb_info[1]/fmemb_name_grp[1]/fmemb_popn","23","182"
"consented_grp[1]/hhm_rpt[2]/hhmemb_info[1]/hl3","2","207"
"consented_grp[1]/hhm_rpt[2]/hhmemb_info[1]/hl4","2","209"
"consented_grp[1]/hhm_rpt[2]/hhmemb_info[1]/hl5_age_sel","2","211"
"consented_grp[1]/hhm_rpt[2]/hhmemb_info[1]/hl5_dob_dmy","25","213"
"consented_grp[1]/hhm_rpt[2]/hhmemb_info[1]/hl7","2","238"
"consented_grp[1]/hhm_rpt[2]/ed4","4","239"
"consented_grp[1]/hhm_rpt[2]/hhm_add_grp[1]/hhm_add_note","9","244"
"consented_grp[1]/hhm_rpt[2]/hhm_add_grp[1]/hhm_add_yn","9","244"
"consented_grp[1]/hhm_rpt[3]/hhmemb_info[1]/fmemb_name_grp[1]/fmemb_fn","19","253"
"consented_grp[1]/hhm_rpt[3]/hhmemb_info[1]/fmemb_name_grp[1]/fmemb_sn","19","253"
"consented_grp[1]/hhm_rpt[3]/hhmemb_info[1]/fmemb_name_grp[1]/fmemb_popn","19","253"
"consented_grp[1]/hhm_rpt[3]/hhmemb_info[1]/hl3","2","272"
"consented_grp[1]/hhm_rpt[3]/hhmemb_info[1]/hl4","2","274"
"consented_grp[1]/hhm_rpt[3]/hhmemb_info[1]/hl5_age_sel","2","276"
"consented_grp[1]/hhm_rpt[3]/hhmemb_info[1]/hl5_dob_dmy","18","277"
"consented_grp[1]/hhm_rpt[3]/hhmemb_info[1]/hl7","1","295"
"consented_grp[1]/hhm_rpt[3]/ed4","4","296"
"consented_grp[1]/hhm_rpt[3]/ed5_grp[1]/ed5a","3","300"
"consented_grp[1]/hhm_rpt[3]/ed5_grp[1]/ed5a_a","2","303"
"consented_grp[1]/hhm_rpt[3]/ed5_grp[1]/ed5b","1","305"
"consented_grp[1]/hhm_rpt[3]/ed5_grp[1]/ed6","3","307"
"consented_grp[1]/hhm_rpt[3]/ed9","7","310"
"consented_grp[1]/hhm_rpt[3]/ed9_grp[1]/ed10","2","317"
"consented_grp[1]/hhm_rpt[3]/ed9_grp[1]/ed11a","3","319"
"consented_grp[1]/hhm_rpt[3]/ed9_grp[1]/ed12","2","322"
"consented_grp[1]/hhm_rpt[3]/ed9_grp[1]/ed14","6","324"
"consented_grp[1]/hhm_rpt[3]/ed15","10","327"
"consented_grp[1]/hhm_rpt[3]/hhm_add_grp[1]/hhm_add_note","9","341"
"consented_grp[1]/hhm_rpt[3]/hhm_add_grp[1]/hhm_add_yn","9","341"
"consented_grp[1]/hhm_rpt[4]/hhmemb_info[1]/fmemb_name_grp[1]/fmemb_fn","14","350"
"consented_grp[1]/hhm_rpt[4]/hhmemb_info[1]/fmemb_name_grp[1]/fmemb_sn","14","350"
"consented_grp[1]/hhm_rpt[4]/hhmemb_info[1]/fmemb_name_grp[1]/fmemb_popn","14","350"
"consented_grp[1]/hhm_rpt[4]/hhmemb_info[1]/hl3","2","364"
"consented_grp[1]/hhm_rpt[4]/hhmemb_info[1]/hl4","2","366"
"consented_grp[1]/hhm_rpt[4]/hhmemb_info[1]/hl5_age_sel","2","368"
"consented_grp[1]/hhm_rpt[4]/hhmemb_info[1]/hl5_dob_dmy","21","369"
"consented_grp[1]/hhm_rpt[4]/hhmemb_info[1]/hl7","2","390"
"consented_grp[1]/hhm_rpt[4]/ed4","5","392"
"consented_grp[1]/hhm_rpt[4]/ed5_grp[1]/ed5a","1","397"
"consented_grp[1]/hhm_rpt[4]/ed5_grp[1]/ed5a_a","2","399"
"consented_grp[1]/hhm_rpt[4]/ed5_grp[1]/ed5b","2","400"
"consented_grp[1]/hhm_rpt[4]/ed5_grp[1]/ed6","6","402"
"consented_grp[1]/hhm_rpt[4]/ed9","2","408"
"consented_grp[1]/hhm_rpt[4]/ed15","6","410"
"consented_grp[1]/hhm_rpt[4]/ed16_grp[1]/ed16a","4","416"
"consented_grp[1]/hhm_rpt[4]/ed16_grp[1]/ed16b","2","421"
"consented_grp[1]/hhm_rpt[4]/hhm_add_grp[1]/hhm_add_note","12","423"
"consented_grp[1]/hhm_rpt[4]/hhm_add_grp[1]/hhm_add_yn","12","423"
"consented_grp[1]/hhm_rpt[5]/hhmemb_info[1]/fmemb_name_grp[1]/fmemb_fn","14","435"
"consented_grp[1]/hhm_rpt[5]/hhmemb_info[1]/fmemb_name_grp[1]/fmemb_sn","14","435"
"consented_grp[1]/hhm_rpt[5]/hhmemb_info[1]/fmemb_name_grp[1]/fmemb_popn","14","435"
"consented_grp[1]/hhm_rpt[5]/hhmemb_info[1]/hl3","7","449"
"consented_grp[1]/hhm_rpt[5]/hhmemb_info[1]/hl4","3","452"
"consented_grp[1]/hhm_rpt[5]/hhmemb_info[1]/hl5_age_sel","7","454"
"consented_grp[1]/hhm_rpt[5]/hhmemb_info[1]/hl5_dob_dmy","21","460"
"consented_grp[1]/hhm_rpt[5]/hhmemb_info[1]/hl7","6","478"
"consented_grp[1]/hhm_rpt[5]/hhm_add_grp[1]/hhm_add_note","16","481"
"consented_grp[1]/hhm_rpt[5]/hhm_add_grp[1]/hhm_add_yn","16","481"
"consented_grp[1]/hhm_ch_intro","4","494"
"consented_grp[1]/hhm_ch_rpt[1]/h12_grp[1]/hl12","7","496"
"consented_grp[1]/hhm_ch_rpt[1]/h12_grp[1]/hl13a","4","501"
"consented_grp[1]/hhm_ch_rpt[1]/h12_grp[1]/hl13b","4","503"
"consented_grp[1]/hhm_ch_rpt[1]/h16_grp[1]/hl16","4","505"
"consented_grp[1]/hhm_ch_rpt[1]/h16_grp[1]/hl17a","8","508"
"consented_grp[1]/hhm_ch_rpt[1]/h16_grp[1]/hl17b","4","514"
"consented_grp[1]/hhm_ch_rpt[2]/h12_grp[1]/hl12","5","517"
"consented_grp[1]/hhm_ch_rpt[2]/h12_grp[1]/hl13a","4","520"
"consented_grp[1]/hhm_ch_rpt[2]/h12_grp[1]/hl13b","3","522"
"consented_grp[1]/hhm_ch_rpt[2]/h16_grp[1]/hl16","3","524"
"consented_grp[1]/hhm_ch_rpt[2]/h16_grp[1]/hl17a","3","526"
"consented_grp[1]/hhm_ch_rpt[2]/h16_grp[1]/hl17b","3","527"
"consented_grp[1]/hhm_ch_rpt[3]/h12_grp[1]/hl12","3","530"
"consented_grp[1]/hhm_ch_rpt[3]/h12_grp[1]/hl13a","3","531"
"consented_grp[1]/hhm_ch_rpt[3]/h12_grp[1]/hl13b","4","533"
"consented_grp[1]/hhm_ch_rpt[3]/h16_grp[1]/hl16","23","536"
"consented_grp[1]/hhm_ch_rpt[3]/h16_grp[1]/hl17a","8","550"
"consented_grp[1]/hhm_ch_rpt[3]/h16_grp[1]/hl19","10","560"
"consented_grp[1]/u5_rpt[1]/u5_note","109","569"
"consented_grp[1]/hc_grp[1]/hc1a","5","725"
"consented_grp[1]/hc_grp[1]/hc1b","13","730"
"consented_grp[1]/hc_grp[1]/hc2","8","742"
"consented_grp[1]/hc_grp[1]/hc3","10","751"
"consented_grp[1]/hc_grp[1]/hc4","2","761"
"consented_grp[1]/hc_grp[1]/hc5","4","763"
"consented_grp[1]/hc_grp[1]/hc6","3","767"
"consented_grp[1]/hc_grp[1]/hc7_grp[1]/hcf_note","84","770"
"consented_grp[1]/hc_grp[1]/hc7_grp[1]/hc7_label","84","770"
"consented_grp[1]/hc_grp[1]/hc7_grp[1]/hc7a","84","770"
"consented_grp[1]/hc_grp[1]/hc7_grp[1]/hc7b","84","770"
"consented_grp[1]/hc_grp[1]/hc7_grp[1]/hc7c","84","770"
"consented_grp[1]/hc_grp[1]/hc7_grp[1]/hc7d","84","770"
"consented_grp[1]/hc_grp[1]/hc7_grp[1]/hc7e","84","770"
"consented_grp[1]/hc_grp[1]/hc7_grp[1]/hc7f","84","770"
"consented_grp[1]/hc_grp[1]/hc7_grp[1]/hc7g","84","770"
"consented_grp[1]/hc_grp[1]/hc8","5","812"
"consented_grp[1]/hc_grp[1]/hc10_grp[1]/hc10_note","26","814"
"consented_grp[1]/hc_grp[1]/hc10_grp[1]/hc10_labels","26","814"
"consented_grp[1]/hc_grp[1]/hc10_grp[1]/hc10a","26","814"
"consented_grp[1]/hc_grp[1]/hc10_grp[1]/hc10b","26","814"
"consented_grp[1]/hc_grp[1]/hc10_grp[1]/hc10c","26","814"
"consented_grp[1]/hc_grp[1]/hc10_grp[1]/hc10d","26","814"
"consented_grp[1]/hc_grp[1]/hc10_grp[1]/hc10e","26","814"
"consented_grp[1]/hc_grp[1]/hc10_grp[1]/hc10f","26","814"
"consented_grp[1]/hc_grp[1]/hc10_grp[1]/hc10g","26","814"
"consented_grp[1]/hc_grp[1]/hc11","4","836"
"consented_grp[1]/hc_grp[1]/hc12","6","839"
"consented_grp[1]/hc_grp[1]/hc13","3","842"
"consented_grp[1]/hc_grp[1]/hc14","15","845"
"consented_grp[1]/hc_grp[1]/hc15","15","857"
"consented_grp[1]/hc_grp[1]/hc16_grp[1]/hc16a","27","869"
"consented_grp[1]/hc_grp[1]/hc16_grp[1]/hc16b","27","869"
"consented_grp[1]/hc_grp[1]/hc17","22","893"
"consented_grp[1]/hc_grp[1]/hc19","17","899"
"consented_grp[1]/st_intonote","2","927"
"consented_grp[1]/st_rpt[1]/st1a","4","929"
"consented_grp[1]/st_rpt[2]/st1a","2","931"
"consented_grp[1]/st_rpt[3]/st1a","2","932"
"consented_grp[1]/st_rpt[4]/st1a","2","934"
"consented_grp[1]/st_rpt[5]/st1a","2","935"
"consented_grp[1]/st_rpt[5]/st1_add_yn","3","936"
"consented_grp[1]/eu1","8","937"
"consented_grp[1]/eu2","3","941"
"consented_grp[1]/eu4_grp[1]/eu4","5","943"
"consented_grp[1]/eu5_grp[1]/eu5","6","946"
"consented_grp[1]/eu6","5","949"
"consented_grp[1]/eu9","16","951"
"consented_grp[1]/tn1","12","964"
"consented_grp[1]/irs1","21","970"
"consented_grp[1]/ws1","26","986"
"consented_grp[1]/ws3","13","1009"
"consented_grp[1]/ws4","1","1013"
"consented_grp[1]/ws7","12","1019"
"consented_grp[1]/ws8","7","1028"
"consented_grp[1]/ws9","26","1031"
"consented_grp[1]/ws11","46","1047"
"consented_grp[1]/ws12","10","1091"
"consented_grp[1]/ws14","11","1102"
"consented_grp[1]/ws15","12","1112"
"consented_grp[1]/ws16","16","1118"
"consented_grp[1]/hw1_grp[1]/hw1_note","6","1132"
"consented_grp[1]/hw1_grp[1]/hw1","6","1132"
"consented_grp[1]/hw5","5","1135"
"consented_grp[1]/death_note","11","1138"
"consented_grp[1]/dc0a","35","1139"
"consented_grp[1]/main_respondent","36","1150"
"consented_grp[1]/survey_language","4","1170"
"consented_grp[1]/survey_accomp","3","1172"
"gps_backup","2","1174"
"consented_grp[1]/dc0b","1","1392"
"comments","15","1417"
