"Field name","Total duration (seconds)","First appeared (seconds into survey)"
"intro_note","1","2"
"enum_id","9","2"
"enum_confirm_grp[1]/enum_details","1","11"
"enum_confirm_grp[1]/enum_confirm","1","11"
"community_id","11","12"
"comm_confirm_grp[1]/comm_details","1","23"
"comm_confirm_grp[1]/comm_confirm","1","23"
"u5_iden_grp[1]/u5_id","56","24"
"u5_iden_grp[1]/u5_fullname","56","24"
"u5_iden_grp[1]/u5_age","56","24"
"u5_iden_grp[1]/u5_ct_id","56","24"
"u5_iden_grp[1]/u5_ct_fullname","56","24"
"uf9","2","80"
"consent_grp[1]/consent","2","82"
"consented_grp[1]/ub0","5","84"
"consented_grp[1]/ub1_age_sel","7","89"
"consented_grp[1]/ub1_dob_dmy","21","95"
"consented_grp[1]/ub5","2","117"
"consented_grp[1]/ub6","2","119"
"consented_grp[1]/ub9","4","121"
"consented_grp[1]/br1","4","124"
"consented_grp[1]/br2","11","128"
"consented_grp[1]/br3","9","139"
"consented_grp[1]/ec1","3","148"
"consented_grp[1]/ec2_grp[1]/generated_note_name_108","18","151"
"consented_grp[1]/ec2_grp[1]/ec2_label","18","151"
"consented_grp[1]/ec2_grp[1]/ec2a","18","151"
"consented_grp[1]/ec2_grp[1]/ec2b","18","151"
"consented_grp[1]/ec2_grp[1]/ec2c","18","151"
"consented_grp[1]/ec3_grp[1]/generated_note_name_115","19","169"
"consented_grp[1]/ec3_grp[1]/ec3a","19","169"
"consented_grp[1]/ec3_grp[1]/ec3b","19","169"
"consented_grp[1]/ec5_grp[1]/ec5","61","188"
"consented_grp[1]/ec5_grp[1]/ec5_label","61","188"
"consented_grp[1]/ec5_grp[1]/ec5a","61","188"
"consented_grp[1]/ec5_grp[1]/ec5b","61","188"
"consented_grp[1]/ec5_grp[1]/ec5c","61","188"
"consented_grp[1]/ec5_grp[1]/ec5d","61","188"
"consented_grp[1]/ec5_grp[1]/ec5e","61","188"
"consented_grp[1]/ec5_grp[1]/ec5f","61","188"
"consented_grp[1]/ec6_grp[1]/ec6_note","26","249"
"consented_grp[1]/ec6_grp[1]/ec6","26","249"
"consented_grp[1]/ec7","2","274"
"consented_grp[1]/ec8","2","277"
"consented_grp[1]/ec9","4","278"
"consented_grp[1]/ec10","4","282"
"consented_grp[1]/ec11","7","286"
"consented_grp[1]/ec12","8","293"
"consented_grp[1]/ec13","4","302"
"consented_grp[1]/ec14","3","305"
"consented_grp[1]/ec15","12","308"
"consented_grp[1]/ucd2_grp[1]/ucd2_note","90","320"
"consented_grp[1]/ucd2_grp[1]/ucb2_label","90","320"
"consented_grp[1]/ucd2_grp[1]/ucd2a","90","320"
"consented_grp[1]/ucd2_grp[1]/ucb2b","90","320"
"consented_grp[1]/ucd2_grp[1]/ucb2c","90","320"
"consented_grp[1]/ucd2_grp[1]/ucb2d","90","320"
"consented_grp[1]/ucd2_grp[1]/ucb2e","90","320"
"consented_grp[1]/ucd2_grp[1]/ucb2f","90","320"
"consented_grp[1]/ucd2_grp[1]/ucb2g","90","320"
"consented_grp[1]/ucd2_grp[1]/ucb2h","90","320"
"consented_grp[1]/ucd2_grp[1]/ucb2i","90","320"
"consented_grp[1]/ucd2_grp[1]/ucb2j","90","320"
"consented_grp[1]/ucd3","9","409"
"consented_grp[1]/ucf_grp[1]/ucf2_grp[1]/ucf2_note","21","418"
"consented_grp[1]/ucf_grp[1]/ucf2_grp[1]/ucf2_label","21","418"
"consented_grp[1]/ucf_grp[1]/ucf2_grp[1]/ucf2","21","418"
"consented_grp[1]/ucf_grp[1]/ucf2_grp[1]/ucf3","21","418"
"consented_grp[1]/ucf_grp[1]/ucf2_grp[1]/ucf4","21","418"
"consented_grp[1]/ucf_grp[1]/ucf5","22","440"
"consented_grp[1]/ucf_grp[1]/ucf7b","2","462"
"consented_grp[1]/ucf_grp[1]/ucf9b","1","464"
"consented_grp[1]/ucf_grp[1]/ucf13","2","466"
"consented_grp[1]/ucf_grp[1]/ucf14","10","468"
"consented_grp[1]/ucf_grp[1]/ucf15","2","478"
"consented_grp[1]/ucf_grp[1]/ucf16","1","480"
"consented_grp[1]/ucf_grp[1]/ucf17","10","482"
"consented_grp[1]/ucf_grp[1]/ucf18","3","492"
"consented_grp[1]/ucf_grp[1]/ucf19","32","495"
"consented_grp[1]/im2","3","527"
"consented_grp[1]/im5","2","530"
"consented_grp[1]/im6_note","1","532"
"consented_grp[1]/im6_rpt[1]/im6","2","533"
"consented_grp[1]/im6_rpt[1]/im6a","34","534"
"consented_grp[1]/im6_rpt[2]/im6","4","562"
"consented_grp[1]/im6_rpt[2]/im6a","23","564"
"consented_grp[1]/im6_rpt[3]/im6","8","583"
"consented_grp[1]/im6_rpt[3]/im6a","10","596"
"consented_grp[1]/im6_rpt[4]/im6","3","604"
"consented_grp[1]/im6_rpt[4]/im6a","13","605"
"consented_grp[1]/im6_rpt[5]/im6","2","618"
"consented_grp[1]/im6_rpt[5]/im6a","8","620"
"consented_grp[1]/im6_rpt[6]/im6","3","627"
"consented_grp[1]/im6_rpt[6]/im6a","41","628"
"consented_grp[1]/im6_rpt[7]/im6","2","668"
"consented_grp[1]/im6_rpt[7]/im6a","16","669"
"consented_grp[1]/im6_rpt[8]/im6","2","684"
"consented_grp[1]/im6_rpt[8]/im6a","14","685"
"consented_grp[1]/im6_rpt[9]/im6","2","699"
"consented_grp[1]/im6_rpt[9]/im6a","14","700"
"consented_grp[1]/im6_rpt[10]/im6","13","710"
"consented_grp[1]/im6_rpt[10]/im6a","52","720"
"consented_grp[1]/im6_rpt[11]/im6","5","763"
"consented_grp[1]/im6_rpt[11]/im6a","15","775"
"consented_grp[1]/im6_rpt[12]/im6","3","789"
"consented_grp[1]/im6_rpt[12]/im6a","14","791"
"consented_grp[1]/im6_rpt[13]/im6","3","799"
"consented_grp[1]/im6_rpt[13]/im6a","19","806"
"consented_grp[1]/im6_rpt[14]/im6","7","812"
"consented_grp[1]/im6_rpt[14]/im6a","26","830"
"consented_grp[1]/im6_rpt[15]/im6","5","849"
"consented_grp[1]/im6_rpt[15]/im6a","13","854"
"consented_grp[1]/im8_im27_grp[1]/im8_grp[1]/im8_note","12","868"
"consented_grp[1]/im8_im27_grp[1]/im8_grp[1]/im8_label","12","868"
"consented_grp[1]/im8_im27_grp[1]/im8_grp[1]/im8a","12","868"
"consented_grp[1]/im8_im27_grp[1]/im8_grp[1]/im8b","12","868"
"consented_grp[1]/im8_im27_grp[1]/im8_grp[1]/im8c","12","868"
"consented_grp[1]/im8_im27_grp[1]/im8_grp[1]/im8d","12","868"
"consented_grp[1]/im8_im27_grp[1]/im9","9","879"
"consented_grp[1]/ca1","21","885"
"consented_grp[1]/ca14","4","906"
"consented_grp[1]/ca15","5","908"
"consented_grp[1]/ca16","5","911"
"consented_grp[1]/ca17","6","915"
"consented_grp[1]/ca20","4","920"
"consented_grp[1]/ca21","21","924"
"consented_grp[1]/ca22","8","941"
"consented_grp[1]/gps_backup","24","947"
"comments","810","1127"
