"Field name","Total duration (seconds)","First appeared (seconds into survey)"
"intro_note","3","4"
"enum_id","5","7"
"enum_confirm_grp[1]/enum_details","1","12"
"enum_confirm_grp[1]/enum_confirm","1","12"
"community_id","6","13"
"comm_confirm_grp[1]/comm_details","1","19"
"comm_confirm_grp[1]/comm_confirm","1","19"
"u5_iden_grp[1]/u5_id","56","20"
"u5_iden_grp[1]/u5_fullname","56","20"
"u5_iden_grp[1]/u5_age","56","20"
"u5_iden_grp[1]/u5_ct_id","56","20"
"u5_iden_grp[1]/u5_ct_fullname","56","20"
"uf9","3","64"
"consent_grp[1]/consent","3","65"
"consented_grp[1]/ub0","15","68"
"consented_grp[1]/ub1_age_sel","7","81"
"consented_grp[1]/ub1_dob_dmy","32","86"
"consented_grp[1]/ub5","7","117"
"consented_grp[1]/ub9","42","124"
"consented_grp[1]/ub10","3","163"
"consented_grp[1]/br1","14","165"
"consented_grp[1]/br2","16","176"
"consented_grp[1]/br3","20","191"
"consented_grp[1]/ec1","15","204"
"consented_grp[1]/ec2_grp[1]/generated_note_name_108","79","214"
"consented_grp[1]/ec2_grp[1]/ec2_label","79","214"
"consented_grp[1]/ec2_grp[1]/ec2a","79","214"
"consented_grp[1]/ec2_grp[1]/ec2b","79","214"
"consented_grp[1]/ec2_grp[1]/ec2c","79","214"
"consented_grp[1]/ec3_grp[1]/generated_note_name_115","75","287"
"consented_grp[1]/ec3_grp[1]/ec3a","75","287"
"consented_grp[1]/ec3_grp[1]/ec3b","75","287"
"consented_grp[1]/ec7","25","349"
"consented_grp[1]/ec8","4","367"
"consented_grp[1]/ec9","40","369"
"consented_grp[1]/ec10","24","387"
"consented_grp[1]/ec11","25","402"
"consented_grp[1]/ec12","12","410"
"consented_grp[1]/ec13","12","420"
"consented_grp[1]/ec14","11","426"
"consented_grp[1]/ec15","31","435"
"consented_grp[1]/bd_grp[1]/bd2","7","464"
"consented_grp[1]/bd_grp[1]/bd3","5","468"
"consented_grp[1]/bd_grp[1]/bd4","29","472"
"consented_grp[1]/bd_grp[1]/bd5","9","498"
"consented_grp[1]/bd_grp[1]/bd6","34","505"
"consented_grp[1]/bd_grp[1]/bd7_grp[1]/bd7","116","539"
"consented_grp[1]/bd_grp[1]/bd7_grp[1]/bd7_label","116","539"
"consented_grp[1]/bd_grp[1]/bd7_grp[1]/bd7a","116","539"
"consented_grp[1]/bd_grp[1]/bd7_grp[1]/bd7b","116","539"
"consented_grp[1]/bd_grp[1]/bd7_grp[1]/bd7c","116","539"
"consented_grp[1]/bd_grp[1]/bd7_grp[1]/bd7d","116","539"
"consented_grp[1]/bd_grp[1]/bd7e_grp[1]/bd7e_label","18","651"
"consented_grp[1]/bd_grp[1]/bd7e_grp[1]/bd7e","18","651"
"consented_grp[1]/bd_grp[1]/bd7x_grp[1]/bd7x_label","15","669"
"consented_grp[1]/bd_grp[1]/bd7x_grp[1]/bd7x","15","669"
"consented_grp[1]/bd_grp[1]/bd8","52","683"
"consented_grp[1]/bd_grp[1]/bd8_grp[1]/bd8_note","4","732"
"consented_grp[1]/bd_grp[1]/bd8_grp[1]/bd8a1","8","736"
"consented_grp[1]/bd_grp[1]/bd8b_grp[1]/bd8b_note","2","743"
"consented_grp[1]/bd_grp[1]/bd8b_grp[1]/bd8b1","30","744"
"consented_grp[1]/bd_grp[1]/bd8b_grp[1]/bd8c1","22","773"
"consented_grp[1]/bd_grp[1]/bd8b_grp[1]/bd8d1","14","788"
"consented_grp[1]/bd_grp[1]/bd8b_grp[1]/bd8e1","11","800"
"consented_grp[1]/bd_grp[1]/bd8b_grp[1]/bd8f1","11","810"
"consented_grp[1]/bd_grp[1]/bd8b_grp[1]/bd8g1","6","818"
"consented_grp[1]/bd_grp[1]/bd8b_grp[1]/bd8h1","11","823"
"consented_grp[1]/bd_grp[1]/bd8b_grp[1]/bd8i1","13","833"
"consented_grp[1]/bd_grp[1]/bd8b_grp[1]/bd8j1","24","845"
"consented_grp[1]/bd_grp[1]/bd8b_grp[1]/bd8k1","9","868"
"consented_grp[1]/bd_grp[1]/bd8b_grp[1]/bd8l1","11","876"
"consented_grp[1]/bd_grp[1]/bd8b_grp[1]/bd8m1","8","886"
"consented_grp[1]/bd_grp[1]/bd8b_grp[1]/bd8n1","19","894"
"consented_grp[1]/bd_grp[1]/bd8b_grp[1]/bd8x1","13","911"
"consented_grp[1]/im2","50","924"
"consented_grp[1]/im5","3","972"
"consented_grp[1]/im6_note","2","973"
"consented_grp[1]/im6_rpt[1]/im6","5","974"
"consented_grp[1]/im6_rpt[1]/im6a","11","979"
"consented_grp[1]/im6_rpt[2]/im6","3","989"
"consented_grp[1]/im6_rpt[2]/im6a","19","991"
"consented_grp[1]/im6_rpt[3]/im6","2","1009"
"consented_grp[1]/im6_rpt[3]/im6a","5","1010"
"consented_grp[1]/im6_rpt[4]/im6","2","1014"
"consented_grp[1]/im6_rpt[4]/im6a","4","1015"
"consented_grp[1]/im6_rpt[5]/im6","3","1018"
"consented_grp[1]/im6_rpt[5]/im6a","4","1020"
"consented_grp[1]/im6_rpt[6]/im6","3","1023"
"consented_grp[1]/im6_rpt[6]/im6a","4","1024"
"consented_grp[1]/im6_rpt[7]/im6","11","1027"
"consented_grp[1]/im6_rpt[7]/im6a","10","1036"
"consented_grp[1]/im6_rpt[8]/im6","3","1046"
"consented_grp[1]/im6_rpt[8]/im6a","4","1047"
"consented_grp[1]/im6_rpt[9]/im6","1","1050"
"consented_grp[1]/im6_rpt[9]/im6a","4","1052"
"consented_grp[1]/im6_rpt[10]/im6","1","1055"
"consented_grp[1]/im6_rpt[10]/im6a","4","1056"
"consented_grp[1]/im6_rpt[11]/im6","2","1059"
"consented_grp[1]/im6_rpt[11]/im6a","4","1061"
"consented_grp[1]/im6_rpt[12]/im6","3","1064"
"consented_grp[1]/im6_rpt[12]/im6a","13","1066"
"consented_grp[1]/im6_rpt[13]/im6","3","1078"
"consented_grp[1]/im6_rpt[13]/im6a","6","1080"
"consented_grp[1]/im6_rpt[14]/im6","9","1084"
"consented_grp[1]/im6_rpt[14]/im6a","11","1085"
"consented_grp[1]/im6_rpt[15]/im6","12","1089"
"consented_grp[1]/ca1","23","1094"
"consented_grp[1]/ca14","17","1096"
"consented_grp[1]/ca16","16","1152"
"consented_grp[1]/ca17","18","1167"
"consented_grp[1]/ca31","89","1183"
"comments","5","1242"
