"Field name","Total duration (seconds)","First appeared (seconds into survey)"
"intro_note","1","2"
"enum_id","7","4"
"enum_confirm_grp[1]/enum_details","1","11"
"enum_confirm_grp[1]/enum_confirm","1","11"
"community_id","6","12"
"comm_confirm_grp[1]/comm_details","1","18"
"comm_confirm_grp[1]/comm_confirm","1","18"
"iw_iden_grp[1]/iw_id","58","19"
"iw_iden_grp[1]/iw_fullname","58","19"
"iw_iden_grp[1]/iw_age","58","19"
"wm8","2","78"
"wm9_grp[1]/wm9b","2","79"
"wm9_grp[1]/consent","2","79"
"consented_grp[1]/wb3_age_sel","2","81"
"consented_grp[1]/wb3_dob_dmy","11","83"
"consented_grp[1]/wb5","8","94"
"consented_grp[1]/wb5_grp[1]/wb6","4","102"
"consented_grp[1]/wb5_grp[1]/wb6a","17","106"
"consented_grp[1]/wb5_grp[1]/wb6b","5","123"
"consented_grp[1]/wb5_grp[1]/wb7","9","125"
"consented_grp[1]/wb5_grp[1]/wb10a","2","137"
"consented_grp[1]/wb5_grp[1]/wb10b","1","139"
"consented_grp[1]/wb5_grp[1]/wb12a","2","140"
"consented_grp[1]/wb5_grp[1]/wb12b","1","142"
"consented_grp[1]/wb15","20","143"
"consented_grp[1]/wb16_grp[1]/wb16a","36","163"
"consented_grp[1]/wb16_grp[1]/wb16_note","36","163"
"consented_grp[1]/wb16_grp[1]/wb16b","36","163"
"consented_grp[1]/wb17a","109","192"
"consented_grp[1]/wb17b","2","196"
"consented_grp[1]/wb18","15","198"
"consented_grp[1]/mt1","14","214"
"consented_grp[1]/mt2","12","227"
"consented_grp[1]/mt3","8","239"
"consented_grp[1]/mt4","9","247"
"consented_grp[1]/mt9","3","256"
"consented_grp[1]/mt11","3","260"
"consented_grp[1]/mt12","13","262"
"consented_grp[1]/cm1","22","275"
"consented_grp[1]/cm2","2","297"
"consented_grp[1]/cm2_grp[1]/cm3","16","300"
"consented_grp[1]/cm2_grp[1]/cm4","16","300"
"consented_grp[1]/cm5","11","316"
"consented_grp[1]/cm8","16","327"
"consented_grp[1]/cm12","2","343"
"consented_grp[1]/bh0","1","345"
"consented_grp[1]/bh_rpt[1]/bh1","26","346"
"consented_grp[1]/bh_rpt[1]/bh2","4","372"
"consented_grp[1]/bh_rpt[1]/bh3","4","376"
"consented_grp[1]/bh_rpt[1]/bh4_age_sel","2","380"
"consented_grp[1]/bh_rpt[1]/bh4_dob_dmy","13","381"
"consented_grp[1]/bh_rpt[1]/bh5","2","394"
"consented_grp[1]/bh_rpt[1]/bh6","5","396"
"consented_grp[1]/bh_rpt[1]/bh7","2","401"
"consented_grp[1]/bh_rpt[1]/bh8","11","403"
"consented_grp[1]/bh_rpt[1]/bh10","2","414"
"consented_grp[1]/bh_rpt[2]/bh1","8","415"
"consented_grp[1]/bh_rpt[2]/bh2","4","423"
"consented_grp[1]/bh_rpt[2]/bh3","3","427"
"consented_grp[1]/bh_rpt[2]/bh4_age_sel","4","430"
"consented_grp[1]/bh_rpt[2]/bh4_dob_dmy","11","435"
"consented_grp[1]/bh_rpt[2]/bh5","2","446"
"consented_grp[1]/bh_rpt[2]/bh6","4","447"
"consented_grp[1]/bh_rpt[2]/bh7","2","451"
"consented_grp[1]/bh_rpt[2]/bh8","8","453"
"consented_grp[1]/bh_rpt[2]/bh10","1","462"
"consented_grp[1]/bh_rpt[3]/bh1","13","463"
"consented_grp[1]/bh_rpt[3]/bh2","5","475"
"consented_grp[1]/bh_rpt[3]/bh3","2","480"
"consented_grp[1]/bh_rpt[3]/bh4_age_sel","1","482"
"consented_grp[1]/bh_rpt[3]/bh4_dob_dmy","17","483"
"consented_grp[1]/bh_rpt[3]/bh5","1","500"
"consented_grp[1]/bh_rpt[3]/bh6","5","502"
"consented_grp[1]/bh_rpt[3]/bh7","2","507"
"consented_grp[1]/bh_rpt[3]/bh8","7","509"
"consented_grp[1]/bh_rpt[3]/bh10","1","516"
"consented_grp[1]/bh_rpt[4]/bh1","16","517"
"consented_grp[1]/bh_rpt[4]/bh2","6","533"
"consented_grp[1]/bh_rpt[4]/bh3","2","538"
"consented_grp[1]/bh_rpt[4]/bh4_age_sel","2","540"
"consented_grp[1]/bh_rpt[4]/bh4_dob_dmy","11","541"
"consented_grp[1]/bh_rpt[4]/bh5","2","553"
"consented_grp[1]/bh_rpt[4]/bh6","4","555"
"consented_grp[1]/bh_rpt[4]/bh7","2","559"
"consented_grp[1]/bh_rpt[4]/bh8","10","561"
"consented_grp[1]/bh_rpt[4]/bh10","6","571"
"consented_grp[1]/db2","12","578"
"consented_grp[1]/mn_rpt[1]/mn_grp[1]/mn2","6","589"
"consented_grp[1]/mn_rpt[1]/mn_grp[1]/mn3","18","595"
"consented_grp[1]/mn_rpt[1]/mn_grp[1]/mn4_grp[1]/mn4_a","11","613"
"consented_grp[1]/mn_rpt[1]/mn_grp[1]/mn4_grp[1]/mn4_b","11","613"
"consented_grp[1]/mn_rpt[1]/mn_grp[1]/mn5","46","624"
"consented_grp[1]/mn_rpt[1]/mn_grp[1]/mn6_grp[1]/mn6_note","29","669"
"consented_grp[1]/mn_rpt[1]/mn_grp[1]/mn6_grp[1]/mn6_label","29","669"
"consented_grp[1]/mn_rpt[1]/mn_grp[1]/mn6_grp[1]/mn6_a","29","669"
"consented_grp[1]/mn_rpt[1]/mn_grp[1]/mn6_grp[1]/mn6_b","29","669"
"consented_grp[1]/mn_rpt[1]/mn_grp[1]/mn6_grp[1]/mn6_c","29","669"
"consented_grp[1]/mn_rpt[1]/mn_grp[1]/mn7","14","698"
"consented_grp[1]/mn_rpt[1]/mn_grp[1]/mn8","26","712"
"consented_grp[1]/mn_rpt[1]/mn_grp[1]/mn9","10","738"
"consented_grp[1]/mn_rpt[1]/mn_grp[1]/mn16","7","748"
"consented_grp[1]/mn_rpt[1]/mn_grp[1]/mn17","5","755"
"consented_grp[1]/mn_rpt[1]/mn_grp[1]/mn18","4","760"
"consented_grp[1]/mn_rpt[1]/mn_grp[1]/mn19","51","764"
"consented_grp[1]/mn_rpt[1]/mn_grp[1]/mn20","17","811"
"consented_grp[1]/mn_rpt[1]/mn_grp[1]/mn21","4","832"
"consented_grp[1]/mn_rpt[1]/mn_grp[1]/mn23","12","837"
"consented_grp[1]/mn_rpt[1]/mn_grp[1]/mn24","5","849"
"consented_grp[1]/mn_rpt[1]/mn_grp[1]/mn25","15","854"
"consented_grp[1]/mn_rpt[1]/mn_grp[1]/mn26","31","869"
"consented_grp[1]/mn_rpt[1]/mn_grp[1]/mn30","12","888"
"consented_grp[1]/mn_rpt[1]/mn_grp[1]/mn31","12","912"
"consented_grp[1]/mn_rpt[1]/mn_grp[1]/mn32","15","924"
"consented_grp[1]/mn_rpt[1]/mn_grp[1]/mn33","4","939"
"consented_grp[1]/mn_rpt[1]/mn_grp[1]/mn34_grp[1]/mn34_a","11","944"
"consented_grp[1]/mn_rpt[1]/mn_grp[1]/mn34_grp[1]/mn34_b","11","944"
"consented_grp[1]/mn_rpt[1]/mn_grp[1]/mn35","9","954"
"consented_grp[1]/mn_rpt[1]/mn_grp[1]/mn36","4","963"
"consented_grp[1]/mn_rpt[1]/mn_grp[1]/mn36_grp[1]/mn37","19","968"
"consented_grp[1]/mn_rpt[1]/mn_grp[1]/mn36_grp[1]/mn37_units","19","968"
"consented_grp[1]/mn_rpt[1]/mn_grp[1]/mn38","11","987"
"consented_grp[1]/pn_rpt[1]/pn_grp[1]/pn_note","6","998"
"consented_grp[1]/pn_rpt[1]/pn_grp[1]/pn3_grp[1]/pn3","18","1001"
"consented_grp[1]/pn_rpt[1]/pn_grp[1]/pn3_grp[1]/pn3_units","18","1001"
"consented_grp[1]/pn_rpt[1]/pn_grp[1]/pn4_grp[1]/pn4_note","10","1021"
"consented_grp[1]/pn_rpt[1]/pn_grp[1]/pn4_grp[1]/pn4","10","1021"
"consented_grp[1]/pn_rpt[1]/pn_grp[1]/pn5_grp[1]/pm5_note","4","1031"
"consented_grp[1]/pn_rpt[1]/pn_grp[1]/pn5_grp[1]/pn5","4","1031"
"consented_grp[1]/pn_rpt[1]/pn_grp[1]/pn6_grp[1]/pn6_note","17","1035"
"consented_grp[1]/pn_rpt[1]/pn_grp[1]/pn6_grp[1]/pn6","17","1035"
"consented_grp[1]/pn_rpt[1]/pn_grp[1]/pn12","6","1052"
"consented_grp[1]/pn_rpt[1]/pn_grp[1]/pn13_grp[1]/pn13a","37","1057"
"consented_grp[1]/pn_rpt[1]/pn_grp[1]/pn13_grp[1]/pn13_units","37","1057"
"consented_grp[1]/pn_rpt[1]/pn_grp[1]/pn17","17","1094"
"consented_grp[1]/pn_rpt[1]/pn_grp[1]/pn25_grp[1]/pn25_note","37","1111"
"consented_grp[1]/pn_rpt[1]/pn_grp[1]/pn25_grp[1]/pn25_lab","37","1111"
"consented_grp[1]/pn_rpt[1]/pn_grp[1]/pn25_grp[1]/pn25a","37","1111"
"consented_grp[1]/pn_rpt[1]/pn_grp[1]/pn25_grp[1]/pn25b","37","1111"
"consented_grp[1]/pn_rpt[1]/pn_grp[1]/pn25_grp[1]/pn25c","37","1111"
"consented_grp[1]/pn_rpt[1]/pn_grp[1]/pn27","3","1147"
"consented_grp[1]/pn_rpt[1]/pn_grp[1]/pn29a","17","1150"
"consented_grp[1]/pn_rpt[1]/pn_grp[1]/pn30","14","1167"
"consented_grp[1]/cp1_grp[1]/cp1_note","5","1181"
"consented_grp[1]/cp1_grp[1]/cp1","5","1181"
"consented_grp[1]/cp2_grp[1]/cp2_note","8","1186"
"consented_grp[1]/cp2_grp[1]/cp2","8","1186"
"consented_grp[1]/cp4","12","1194"
"consented_grp[1]/un7","16","1206"
"consented_grp[1]/un8_grp[1]/un8","11","1222"
"consented_grp[1]/un8_grp[1]/un8_units","11","1222"
"consented_grp[1]/ma1","13","1234"
"consented_grp[1]/ma2","6","1247"
"consented_grp[1]/ma3","7","1253"
"consented_grp[1]/ma7","11","1260"
"consented_grp[1]/ma8a","21","1271"
"consented_grp[1]/ma11a","27","1292"
"consented_grp[1]/af_grp[1]/af2","9","1319"
"consented_grp[1]/af_grp[1]/af3","8","1329"
"consented_grp[1]/af_grp[1]/af4","2","1337"
"consented_grp[1]/af_grp[1]/af6b","3","1339"
"consented_grp[1]/af_grp[1]/af8b","1","1341"
"consented_grp[1]/af_grp[1]/af9","3","1343"
"consented_grp[1]/af_grp[1]/af10","11","1345"
"consented_grp[1]/af_grp[1]/af11","11","1357"
"consented_grp[1]/af_grp[1]/af12","11","1368"
"consented_grp[1]/ls1_grp[1]/ls_note","54","1379"
"consented_grp[1]/ls1_grp[1]/ls1","54","1379"
"consented_grp[1]/ls2_grp[1]/ls2_note","40","1433"
"consented_grp[1]/ls2_grp[1]/ls2","40","1433"
"consented_grp[1]/ls3","26","1466"
"consented_grp[1]/ls4","17","1498"
"consented_grp[1]/survey_language","2","1515"
"consented_grp[1]/survey_accomp","0","1517"
"consented_grp[1]/comment","400","1704"
