"Field name","Total duration (seconds)","First appeared (seconds into survey)"
"intro_note","1","2"
"enum_id","3","3"
"enum_confirm_grp[1]/enum_details","1","6"
"enum_confirm_grp[1]/enum_confirm","1","6"
"community_id","21","7"
"comm_confirm_grp[1]/comm_details","1","28"
"comm_confirm_grp[1]/comm_confirm","1","28"
"chw_iden_grp[1]/chw_id","21","29"
"chw_iden_grp[1]/chw_fullname","21","29"
"consent_grp[1]/consent_note","19","50"
"consent_grp[1]/consent","19","50"
"consented_grp[1]/consent_followup","3","53"
"consented_grp[1]/gi101","19","55"
"consented_grp[1]/gps_backup","5","62"
"comments","2","65"
"consented_grp[1]/gi102","4","311"
"consented_grp[1]/gi103_dob","21","315"
"consented_grp[1]/gi03_age","15","336"
"consented_grp[1]/age_mismatch","1","351"
"consented_grp[1]/gi104","21","352"
"consented_grp[1]/gi106","8","364"
"consented_grp[1]/gi105","3","374"
"consented_grp[1]/gi107","11","384"
"consented_grp[1]/gi110","12","394"
"consented_grp[1]/gi111a","4","406"
"consented_grp[1]/gi113","5","410"
"consented_grp[1]/gi114_grp[1]/gi114_note","20","415"
"consented_grp[1]/gi114_grp[1]/gi114_a","20","415"
"consented_grp[1]/gi114_grp[1]/gi114_b","20","415"
"consented_grp[1]/gi115_grp[1]/gi115_note","29","427"
"consented_grp[1]/gi115_grp[1]/gi115_a","29","427"
"consented_grp[1]/gi115_grp[1]/gi115_b","29","427"
"consented_grp[1]/gi116_grp[1]/gi116_a","16","463"
"consented_grp[1]/gi116_grp[1]/gi116_b","16","463"
"consented_grp[1]/gi117","13","479"
"consented_grp[1]/gi118","16","492"
"consented_grp[1]/gi119","28","505"
"consented_grp[1]/gi120_grp[1]/gi120_a","13","524"
"consented_grp[1]/gi120_grp[1]/gi120_b","13","524"
"consented_grp[1]/gi121_grp[1]/gi121_a","15","550"
"consented_grp[1]/gi122_grp[1]/gi122_a","5","565"
"consented_grp[1]/gi122_grp[1]/gi122_b","5","565"
"consented_grp[1]/gi123","2","569"
"consented_grp[1]/gi124","5","571"
"consented_grp[1]/gi126","4","576"
"consented_grp[1]/gi127","3","580"
"consented_grp[1]/gi128_grp[1]/gi128","9","583"
"consented_grp[1]/gi131","20","592"
"consented_grp[1]/ts201_intronote","5","609"
"consented_grp[1]/ts201_grp[1]/ts201_note","135","617"
"consented_grp[1]/ts201_grp[1]/ts201_label","135","617"
"consented_grp[1]/ts201_grp[1]/ts201_a","135","617"
"consented_grp[1]/ts201_grp[1]/ts201_b","135","617"
"consented_grp[1]/ts201_grp[1]/ts201_c","135","617"
"consented_grp[1]/ts201_grp[1]/ts201_d","135","617"
"consented_grp[1]/ts201_grp[1]/ts201_e","135","617"
"consented_grp[1]/ts201_grp[1]/ts201_f","135","617"
"consented_grp[1]/ts201_grp[1]/ts201_g","135","617"
"consented_grp[1]/ts201_grp[1]/ts201_h","135","617"
"consented_grp[1]/ts201_grp[1]/ts201_i","135","617"
"consented_grp[1]/ts201_grp[1]/ts201_j","135","617"
"consented_grp[1]/ts201_grp[1]/ts201_k","135","617"
"consented_grp[1]/ts201_grp[1]/ts201_l","135","617"
"consented_grp[1]/ts201_grp[1]/ts201_m","135","617"
"consented_grp[1]/ts201_grp[1]/ts201_n","135","617"
"consented_grp[1]/ts201_grp[1]/ts201_o","135","617"
"consented_grp[1]/ts201_grp[1]/ts201_p","135","617"
"consented_grp[1]/ts201_grp[1]/ts201_q","135","617"
"consented_grp[1]/ts201_grp[1]/ts201_r","135","617"
"consented_grp[1]/ts201_osp","11","751"
"consented_grp[1]/ts202_grp[1]/ts202_note","26","762"
"consented_grp[1]/ts202_grp[1]/ts202_label","26","762"
"consented_grp[1]/ts202_grp[1]/ts202_a","26","762"
"consented_grp[1]/ts202_grp[1]/ts202_b","26","762"
"consented_grp[1]/ts202_grp[1]/ts202_c","26","762"
"consented_grp[1]/ts202_grp[1]/ts202_d","26","762"
"consented_grp[1]/ts202_grp[1]/ts202_e","26","762"
"consented_grp[1]/ts203","9","788"
"consented_grp[1]/ts204_grp[1]/ts204_note","19","791"
"consented_grp[1]/ts204_grp[1]/ts204_label","19","791"
"consented_grp[1]/ts204_grp[1]/ts204_a","19","791"
"consented_grp[1]/ts204_grp[1]/ts204_b","19","791"
"consented_grp[1]/ts204_grp[1]/ts204_c","19","791"
"consented_grp[1]/ts204_grp[1]/ts204_d","19","791"
"consented_grp[1]/ts204_grp[1]/ts204_e","19","791"
"consented_grp[1]/ts204_grp[1]/ts204_f","19","791"
"consented_grp[1]/ts204_grp[1]/ts204_g","19","791"
"consented_grp[1]/ts204_grp[1]/ts204_h","19","791"
"consented_grp[1]/ts204_grp[1]/ts204_i","19","791"
"consented_grp[1]/ts204_grp[1]/ts204_j","19","791"
"consented_grp[1]/ts204_grp[1]/ts204_k","19","791"
"consented_grp[1]/ts204_grp[1]/ts204_l","19","791"
"consented_grp[1]/ts204_grp[1]/ts204_m","19","791"
"consented_grp[1]/ts204_grp[1]/ts204_n","19","791"
"consented_grp[1]/ts204_grp[1]/ts204_o","19","791"
"consented_grp[1]/ts204_grp[1]/ts204_p","19","791"
"consented_grp[1]/ts204_grp[1]/ts204_q","19","791"
"consented_grp[1]/ts204_grp[1]/ts204_r","19","791"
"consented_grp[1]/ts206_grp[1]/ts206_note","298","807"
"consented_grp[1]/ts206_grp[1]/ts206_label","298","807"
"consented_grp[1]/ts206_grp[1]/ts206_a","298","807"
"consented_grp[1]/ts206_grp[1]/ts206_b","298","807"
"consented_grp[1]/ts206_grp[1]/ts206_c","298","807"
"consented_grp[1]/ts206_grp[1]/ts206_d","298","807"
"consented_grp[1]/ts206_grp[1]/ts206_e","298","807"
"consented_grp[1]/ts206_grp[1]/ts206_f","298","807"
"consented_grp[1]/ts206_grp[1]/ts206_g","298","807"
"consented_grp[1]/ts206_grp[1]/ts206_h","298","807"
"consented_grp[1]/ts206_grp[1]/ts206_i","298","807"
"consented_grp[1]/ts206_grp[1]/ts206_j","298","807"
"consented_grp[1]/ts206_grp[1]/ts206_k","298","807"
"consented_grp[1]/ts206_grp[1]/ts206_l","298","807"
"consented_grp[1]/ts206_grp[1]/ts206_m","298","807"
"consented_grp[1]/ts206_grp[1]/ts206_n","298","807"
"consented_grp[1]/ts206_grp[1]/ts206_o","298","807"
"consented_grp[1]/ts206_grp[1]/ts206_p","298","807"
"consented_grp[1]/ts206_grp[1]/ts206_q","298","807"
"consented_grp[1]/ts206_grp[1]/ts206_r","298","807"
"consented_grp[1]/ts206_grp[1]/ts206_s","298","807"
"consented_grp[1]/ts206_grp[1]/ts206_t","298","807"
"consented_grp[1]/ts206_grp[1]/ts206_u","298","807"
"consented_grp[1]/ts206_grp[1]/ts206_v","298","807"
"consented_grp[1]/ts206_grp[1]/ts206_w","298","807"
"consented_grp[1]/ts206_grp[1]/ts206_x","298","807"
"consented_grp[1]/ts204_osp","8","837"
"consented_grp[1]/ts205_grp[1]/ts205_note","25","845"
"consented_grp[1]/ts205_grp[1]/ts205_label","25","845"
"consented_grp[1]/ts205_grp[1]/ts205_a","25","845"
"consented_grp[1]/ts205_grp[1]/ts205_b","25","845"
"consented_grp[1]/ts205_grp[1]/ts205_c","25","845"
"consented_grp[1]/ts205_grp[1]/ts205_d","25","845"
"consented_grp[1]/ts205_grp[1]/ts205_e","25","845"
"consented_grp[1]/p301","12","1147"
"consented_grp[1]/p304","7","1159"
"consented_grp[1]/p307","4","1167"
"consented_grp[1]/p310","2","1171"
"consented_grp[1]/s401","5","1172"
"consented_grp[1]/s401_grp[1]/s402_grp[1]/s402","4","1175"
"consented_grp[1]/s401_grp[1]/s402_grp[1]/s402_label","4","1175"
"consented_grp[1]/s401_grp[1]/s402_grp[1]/s402_a","4","1175"
"consented_grp[1]/s401_grp[1]/s402_grp[1]/s402_b","4","1175"
"consented_grp[1]/s401_grp[1]/s402_grp[1]/s402_c","4","1175"
"consented_grp[1]/s401_grp[1]/s402_grp[1]/s402_d","4","1175"
"consented_grp[1]/s401_grp[1]/s402_grp[1]/s402_e","4","1175"
"consented_grp[1]/s401_grp[1]/s402_grp[1]/s402_f","4","1175"
"consented_grp[1]/fmc501","28","1181"
"consented_grp[1]/chwr601_grp[1]/chwr_note","85","1209"
"consented_grp[1]/chwr601_grp[1]/chwr601_label","85","1209"
"consented_grp[1]/chwr601_grp[1]/chwr601_a","85","1209"
"consented_grp[1]/chwr601_grp[1]/chwr601_b","85","1209"
"consented_grp[1]/chwr601_grp[1]/chwr601_c","85","1209"
"consented_grp[1]/chwr601_grp[1]/chwr601_d","85","1209"
"consented_grp[1]/chwr601_grp[1]/chwr601_e","85","1209"
"consented_grp[1]/chwr601_grp[1]/chwr601_f","85","1209"
"consented_grp[1]/chwr601_grp[1]/chwr601_g","85","1209"
"consented_grp[1]/chwr601_grp[1]/chwr601_h","85","1209"
"consented_grp[1]/chwr601_grp[1]/chwr601_i","85","1209"
"consented_grp[1]/chwr601_grp[1]/chwr601_j","85","1209"
"consented_grp[1]/chwr601_grp[1]/chwr601_k","85","1209"
"consented_grp[1]/chwr601_grp[1]/chwr601_l","85","1209"
"consented_grp[1]/chwr601_grp[1]/chwr601_m","85","1209"
"consented_grp[1]/chwr601_grp[1]/chwr601_n","85","1209"
"consented_grp[1]/chwr601_grp[1]/chwr601_o","85","1209"
"consented_grp[1]/chwr602_grp[1]/chwr602_note","67","1294"
"consented_grp[1]/chwr602_grp[1]/chwr602_label","67","1294"
"consented_grp[1]/chwr602_grp[1]/chwr602_a","67","1294"
"consented_grp[1]/chwr602_grp[1]/chwr602_b","67","1294"
"consented_grp[1]/chwr602_grp[1]/chwr602_c","67","1294"
"consented_grp[1]/chwr602_grp[1]/chwr602_d","67","1294"
"consented_grp[1]/chwr602_grp[1]/chwr602_e","67","1294"
"consented_grp[1]/chwr602_grp[1]/chwr602_f","67","1294"
"consented_grp[1]/chwr602_grp[1]/chwr602_g","67","1294"
"consented_grp[1]/chwr602_grp[1]/chwr602_h","67","1294"
"consented_grp[1]/chwr602_grp[1]/chwr602_i","67","1294"
"consented_grp[1]/chwr602_grp[1]/chwr602_j","67","1294"
"consented_grp[1]/chwr602_grp[1]/chwr602_k","67","1294"
"consented_grp[1]/chwr602_grp[1]/chwr602_l","67","1294"
"consented_grp[1]/chwr602_grp[1]/chwr602_m","67","1294"
"consented_grp[1]/chwr602_grp[1]/chwr602_n","67","1294"
"consented_grp[1]/chwr602_grp[1]/chwr602_o","67","1294"
"consented_grp[1]/chwr603_grp[1]/chwr603_note","19","1360"
"consented_grp[1]/chwr603_grp[1]/chwr603_label","19","1360"
"consented_grp[1]/chwr603_grp[1]/chwr603_a","19","1360"
"consented_grp[1]/chwr603_grp[1]/chwr603_b","19","1360"
"consented_grp[1]/chwr603_grp[1]/chwr603_c","19","1360"
"consented_grp[1]/chwr603_grp[1]/chwr603_d","19","1360"
"consented_grp[1]/chwr603_grp[1]/chwr603_e","19","1360"
"consented_grp[1]/chwr603_grp[1]/chwr603_f","19","1360"
"consented_grp[1]/chwr603_grp[1]/chwr603_g","19","1360"
"consented_grp[1]/chwr603_grp[1]/chwr603_h","19","1360"
"consented_grp[1]/chwr603_grp[1]/chwr603_i","19","1360"
"consented_grp[1]/chwr603_grp[1]/chwr603_j","19","1360"
"consented_grp[1]/chwr603_grp[1]/chwr603_k","19","1360"
"consented_grp[1]/chwr603_grp[1]/chwr603_l","19","1360"
"consented_grp[1]/chwr603_grp[1]/chwr603_m","19","1360"
"consented_grp[1]/chwr603_grp[1]/chwr603_n","19","1360"
"consented_grp[1]/chwr603_grp[1]/chwr603_o","19","1360"
"consented_grp[1]/chwr604_grp[1]/chwr604_note","36","1379"
"consented_grp[1]/chwr604_grp[1]/chwr604_label","36","1379"
"consented_grp[1]/chwr604_grp[1]/chwr604_a","36","1379"
"consented_grp[1]/chwr604_grp[1]/chwr604_b","36","1379"
"consented_grp[1]/chwr604_grp[1]/chwr604_c","36","1379"
"consented_grp[1]/chwr604_grp[1]/chwr604_d","36","1379"
"consented_grp[1]/chwr604_grp[1]/chwr604_e","36","1379"
"consented_grp[1]/chwr604_grp[1]/chwr604_f","36","1379"
"consented_grp[1]/chwr604_grp[1]/chwr604_g","36","1379"
"consented_grp[1]/chwr604_grp[1]/chwr604_h","36","1379"
"consented_grp[1]/chwr604_grp[1]/chwr604_i","36","1379"
"consented_grp[1]/chwr604_grp[1]/chwr604_j","36","1379"
"consented_grp[1]/chwr604_grp[1]/chwr604_k","36","1379"
"consented_grp[1]/chwr604_grp[1]/chwr604_l","36","1379"
"consented_grp[1]/chwr604_grp[1]/chwr604_m","36","1379"
"consented_grp[1]/chwr604_grp[1]/chwr604_n","36","1379"
"consented_grp[1]/chwr604_grp[1]/chwr604_o","36","1379"
"consented_grp[1]/chwr605_grp[1]/chwr605_note","60","1415"
"consented_grp[1]/chwr605_grp[1]/chwr605_label","60","1415"
"consented_grp[1]/chwr605_grp[1]/chwr605_a","60","1415"
"consented_grp[1]/chwr605_grp[1]/chwr605_b","60","1415"
"consented_grp[1]/chwr605_grp[1]/chwr605_c","60","1415"
"consented_grp[1]/chwr605_grp[1]/chwr605_d","60","1415"
"consented_grp[1]/chwr605_grp[1]/chwr605_e","60","1415"
"consented_grp[1]/chwr605_grp[1]/chwr605_f","60","1415"
"consented_grp[1]/chwr605_grp[1]/chwr605_g","60","1415"
"consented_grp[1]/chwr605_grp[1]/chwr605_h","60","1415"
"consented_grp[1]/chwr605_grp[1]/chwr605_i","60","1415"
"consented_grp[1]/chwr606","26","1475"
"consented_grp[1]/chwr607","3","1500"
"consented_grp[1]/chwr609_note","1","1504"
"consented_grp[1]/chwr609_a","7","1505"
"consented_grp[1]/chwr609_b","7","1512"
"consented_grp[1]/chwr609_c","2","1519"
"consented_grp[1]/chwr609_d","4","1521"
"consented_grp[1]/chwr609_e","2","1525"
"consented_grp[1]/chwr609_f","2","1527"
"consented_grp[1]/chwr609_g","7","1530"
"consented_grp[1]/chwr609_h","5","1537"
"consented_grp[1]/chwr609_i","2","1542"
"consented_grp[1]/chwr609_j","6","1543"
"consented_grp[1]/chwr609_k","5","1549"
"consented_grp[1]/chwr609_l","3","1554"
"consented_grp[1]/chwr609_m","7","1557"
"consented_grp[1]/chwr609_n","9","1564"
"consented_grp[1]/chwr609_o","5","1573"
"consented_grp[1]/chwr609_p","6","1578"
"consented_grp[1]/chwr609_q","7","1585"
"consented_grp[1]/chwr609_r","13","1592"
"consented_grp[1]/chwr609_r_spec","15","1605"
"consented_grp[1]/chwr610_grp[1]/chwr610_note","99","1620"
"consented_grp[1]/chwr610_grp[1]/chwr610_labels","99","1620"
"consented_grp[1]/chwr610_grp[1]/chwr610_a","99","1620"
"consented_grp[1]/chwr610_grp[1]/chwr610_b","99","1620"
"consented_grp[1]/chwr610_grp[1]/chwr610_c","99","1620"
"consented_grp[1]/chwr610_grp[1]/chwr610_d","99","1620"
"consented_grp[1]/chwr610_grp[1]/chwr610_e","99","1620"
"consented_grp[1]/chwr610_grp[1]/chwr610_f","99","1620"
"consented_grp[1]/chwr610_grp[1]/chwr610_g","99","1620"
"consented_grp[1]/chwr610_grp[1]/chwr610_h","99","1620"
"consented_grp[1]/chwr610_grp[1]/chwr610_i","99","1620"
"consented_grp[1]/chwr610_grp[1]/chwr610_j","99","1620"
"consented_grp[1]/chwr610_grp[1]/chwr610_k","99","1620"
"consented_grp[1]/chwr610_grp[1]/chwr610_l","99","1620"
"consented_grp[1]/chwr610_grp[1]/chwr610_m","99","1620"
"consented_grp[1]/chwr610_grp[1]/chwr610_n","99","1620"
"consented_grp[1]/chwr610_grp[1]/chwr610_o","99","1620"
"consented_grp[1]/chwr610_grp[1]/chwr610_p","99","1620"
"consented_grp[1]/chwr610_grp[1]/chwr610_q","99","1620"
"consented_grp[1]/chwr610_grp[1]/chwr610_r","99","1620"
"consented_grp[1]/chws7_note1","630","1719"
"consented_grp[1]/chws7_note2","4","2349"
"consented_grp[1]/chws701","18","2352"
"consented_grp[1]/chws702","7","2370"
"consented_grp[1]/chws703","6","2377"
"consented_grp[1]/chws704","13","2383"
"consented_grp[1]/chws705","5","2393"
"consented_grp[1]/chws706","9","2394"
"consented_grp[1]/chws707","14","2409"
"consented_grp[1]/chws708","28","2419"
"consented_grp[1]/chws709","7","2452"
"consented_grp[1]/chws710","8","2460"
"consented_grp[1]/chws711","6","2468"
"consented_grp[1]/chws712","14","2473"
"consented_grp[1]/chws713","10","2488"
"consented_grp[1]/chws714","7","2498"
"consented_grp[1]/chws715","9","2505"
"consented_grp[1]/chws716","21","2514"
"consented_grp[1]/chws717","7","2535"
"consented_grp[1]/chws718","12","2541"
"consented_grp[1]/chws719","6","2553"
"consented_grp[1]/chws720","9","2559"
"consented_grp[1]/chws721","9","2567"
"consented_grp[1]/chws722","8","2576"
"consented_grp[1]/chws723","9","2584"
"consented_grp[1]/chws724","20","2593"
"consented_grp[1]/chwm8_note1","1","2613"
"consented_grp[1]/chwm8_note2","0","2614"
"consented_grp[1]/chwm801","16","2614"
"consented_grp[1]/chwm802","5","2631"
"consented_grp[1]/chwm803","6","2636"
"consented_grp[1]/chwm804","8","2642"
"consented_grp[1]/chwm805","6","2650"
"consented_grp[1]/chwm806","6","2656"
"consented_grp[1]/chwm807","14","2662"
"consented_grp[1]/chwm808","12","2675"
"consented_grp[1]/chwm809","7","2687"
"consented_grp[1]/chwm810","19","2694"
