"Field name","Total duration (seconds)","First appeared (seconds into survey)"
"intro_note","1","4"
"enum_id","7","4"
"enum_confirm_grp[1]/enum_details","1","11"
"enum_confirm_grp[1]/enum_confirm","1","11"
"community_id","7","12"
"comm_confirm_grp[1]/comm_details","1","19"
"comm_confirm_grp[1]/comm_confirm","1","19"
"iw_iden_grp[1]/iw_id","63","21"
"iw_iden_grp[1]/iw_fullname","63","21"
"iw_iden_grp[1]/iw_age","63","21"
"wm8","2","84"
"wm9_grp[1]/wm9a","5","86"
"wm9_grp[1]/consent","5","86"
"consented_grp[1]/wb3_age_sel","2","91"
"consented_grp[1]/wb3_dob_dmy","50","93"
"consented_grp[1]/age_correct_info","27","113"
"consented_grp[1]/wb5","7","133"
"consented_grp[1]/wb14_grp[1]/wb14_note","4","176"
"consented_grp[1]/wb14_grp[1]/wb14","4","176"
"consented_grp[1]/wb15","8","180"
"consented_grp[1]/wb16_grp[1]/wb16a","34","188"
"consented_grp[1]/wb16_grp[1]/wb16_note","34","188"
"consented_grp[1]/wb16_grp[1]/wb16b","34","188"
"consented_grp[1]/wb17a","4","222"
"consented_grp[1]/wb17b","2","226"
"consented_grp[1]/wb18","4","228"
"consented_grp[1]/mt1","3","232"
"consented_grp[1]/mt2","7","235"
"consented_grp[1]/mt3","10","242"
"consented_grp[1]/mt4","2","252"
"consented_grp[1]/mt9","1","254"
"consented_grp[1]/mt11","3","255"
"consented_grp[1]/mt12","6","258"
"consented_grp[1]/cm1","3","265"
"consented_grp[1]/cm2","4","267"
"consented_grp[1]/cm2_grp[1]/cm3","15","271"
"consented_grp[1]/cm2_grp[1]/cm4","15","271"
"consented_grp[1]/cm5","3","286"
"consented_grp[1]/cm5_grp[1]/cm6","10","288"
"consented_grp[1]/cm5_grp[1]/cm7","10","288"
"consented_grp[1]/cm8","5","296"
"consented_grp[1]/cm12","2","304"
"consented_grp[1]/bh0","1","306"
"consented_grp[1]/bh_rpt[1]/bh1","22","307"
"consented_grp[1]/bh_rpt[1]/bh2","3","328"
"consented_grp[1]/bh_rpt[1]/bh3","3","331"
"consented_grp[1]/bh_rpt[1]/bh4_age_sel","2","334"
"consented_grp[1]/bh_rpt[1]/bh4_dob_dmy","49","336"
"consented_grp[1]/bh_rpt[1]/bh5","2","385"
"consented_grp[1]/bh_rpt[1]/bh6","5","387"
"consented_grp[1]/bh_rpt[1]/bh7","2","392"
"consented_grp[1]/bh_rpt[1]/bh10","2","394"
"consented_grp[1]/bh_rpt[2]/bh1","9","396"
"consented_grp[1]/bh_rpt[2]/bh2","3","405"
"consented_grp[1]/bh_rpt[2]/bh3","2","408"
"consented_grp[1]/bh_rpt[2]/bh4_age_sel","1","410"
"consented_grp[1]/bh_rpt[2]/bh4_dob_dmy","23","411"
"consented_grp[1]/bh_rpt[2]/bh5","3","434"
"consented_grp[1]/bh_rpt[2]/bh6","4","438"
"consented_grp[1]/bh_rpt[2]/bh7","2","441"
"consented_grp[1]/bh_rpt[2]/bh8","11","443"
"consented_grp[1]/bh_rpt[2]/bh10","2","454"
"consented_grp[1]/bh_rpt[3]/bh1","11","456"
"consented_grp[1]/bh_rpt[3]/bh2","2","467"
"consented_grp[1]/bh_rpt[3]/bh3","2","469"
"consented_grp[1]/bh_rpt[3]/bh4_age_sel","1","470"
"consented_grp[1]/bh_rpt[3]/bh4_dob_dmy","21","472"
"consented_grp[1]/bh_rpt[3]/bh5","2","492"
"consented_grp[1]/bh_rpt[3]/bh6","3","494"
"consented_grp[1]/bh_rpt[3]/bh7","2","497"
"consented_grp[1]/bh_rpt[3]/bh8","7","499"
"consented_grp[1]/bh_rpt[3]/bh10","1","506"
"consented_grp[1]/bh_rpt[4]/bh1","16","508"
"consented_grp[1]/bh_rpt[4]/bh2","3","524"
"consented_grp[1]/bh_rpt[4]/bh3","2","527"
"consented_grp[1]/bh_rpt[4]/bh4_age_sel","2","528"
"consented_grp[1]/bh_rpt[4]/bh4_dob_dmy","24","530"
"consented_grp[1]/bh_rpt[4]/bh5","2","553"
"consented_grp[1]/bh_rpt[4]/bh6","3","556"
"consented_grp[1]/bh_rpt[4]/bh7","5","558"
"consented_grp[1]/bh_rpt[4]/bh8","8","563"
"consented_grp[1]/bh_rpt[4]/bh10","2","571"
"consented_grp[1]/db2","5","573"
"consented_grp[1]/mn_rpt[1]/mn_grp[1]/mn2","3","578"
"consented_grp[1]/mn_rpt[1]/mn_grp[1]/mn3","3","581"
"consented_grp[1]/mn_rpt[1]/mn_grp[1]/mn4_grp[1]/mn4_a","14","584"
"consented_grp[1]/mn_rpt[1]/mn_grp[1]/mn4_grp[1]/mn4_b","14","584"
"consented_grp[1]/mn_rpt[1]/mn_grp[1]/mn5","8","598"
"consented_grp[1]/mn_rpt[1]/mn_grp[1]/mn6_grp[1]/mn6_note","4","607"
"consented_grp[1]/mn_rpt[1]/mn_grp[1]/mn6_grp[1]/mn6_label","4","607"
"consented_grp[1]/mn_rpt[1]/mn_grp[1]/mn6_grp[1]/mn6_a","4","607"
"consented_grp[1]/mn_rpt[1]/mn_grp[1]/mn6_grp[1]/mn6_b","4","607"
"consented_grp[1]/mn_rpt[1]/mn_grp[1]/mn6_grp[1]/mn6_c","4","607"
"consented_grp[1]/mn_rpt[1]/mn_grp[1]/mn7","4","611"
"consented_grp[1]/mn_rpt[1]/mn_grp[1]/mn8","5","614"
"consented_grp[1]/mn_rpt[1]/mn_grp[1]/mn16","4","615"
"consented_grp[1]/mn_rpt[1]/mn_grp[1]/mn19","3","616"
"consented_grp[1]/mn_rpt[1]/mn_grp[1]/mn9","2","624"
"consented_grp[1]/mn_rpt[1]/mn_grp[1]/mn17","2","628"
"consented_grp[1]/mn_rpt[1]/mn_grp[1]/mn18","2","629"
"consented_grp[1]/mn_rpt[1]/mn_grp[1]/mn20","13","633"
"consented_grp[1]/mn_rpt[1]/mn_grp[1]/mn21","2","645"
"consented_grp[1]/mn_rpt[1]/mn_grp[1]/mn23","9","648"
"consented_grp[1]/mn_rpt[1]/mn_grp[1]/mn25","3","657"
"consented_grp[1]/mn_rpt[1]/mn_grp[1]/mn26","3","659"
"consented_grp[1]/mn_rpt[1]/mn_grp[1]/mn30","2","663"
"consented_grp[1]/mn_rpt[1]/mn_grp[1]/mn31","3","665"
"consented_grp[1]/mn_rpt[1]/mn_grp[1]/mn32","46","666"
"consented_grp[1]/mn_rpt[1]/mn_grp[1]/mn33","6","714"
"consented_grp[1]/mn_rpt[1]/mn_grp[1]/mn35","3","720"
"consented_grp[1]/mn_rpt[1]/mn_grp[1]/mn36","2","723"
"consented_grp[1]/mn_rpt[1]/mn_grp[1]/mn36_grp[1]/mn37","5","726"
"consented_grp[1]/mn_rpt[1]/mn_grp[1]/mn36_grp[1]/mn37_units","5","726"
"consented_grp[1]/mn_rpt[1]/mn_grp[1]/mn38","4","731"
"consented_grp[1]/pn_rpt[1]/pn_grp[1]/pn_note","1","735"
"consented_grp[1]/pn_rpt[1]/pn_grp[1]/pn3_grp[1]/pn3","14","736"
"consented_grp[1]/pn_rpt[1]/pn_grp[1]/pn3_grp[1]/pn3_units","14","736"
"consented_grp[1]/pn_rpt[1]/pn_grp[1]/pn4_grp[1]/pn4_note","3","750"
"consented_grp[1]/pn_rpt[1]/pn_grp[1]/pn4_grp[1]/pn4","3","750"
"consented_grp[1]/pn_rpt[1]/pn_grp[1]/pn5_grp[1]/pm5_note","18","753"
"consented_grp[1]/pn_rpt[1]/pn_grp[1]/pn5_grp[1]/pn5","18","753"
"consented_grp[1]/pn_rpt[1]/pn_grp[1]/pn6_grp[1]/pn6_note","7","755"
"consented_grp[1]/pn_rpt[1]/pn_grp[1]/pn6_grp[1]/pn6","7","755"
"consented_grp[1]/pn_rpt[1]/pn_grp[1]/pn17","4","778"
"consented_grp[1]/pn_rpt[1]/pn_grp[1]/pn25_grp[1]/pn25_note","9","782"
"consented_grp[1]/pn_rpt[1]/pn_grp[1]/pn25_grp[1]/pn25_lab","9","782"
"consented_grp[1]/pn_rpt[1]/pn_grp[1]/pn25_grp[1]/pn25a","9","782"
"consented_grp[1]/pn_rpt[1]/pn_grp[1]/pn25_grp[1]/pn25b","9","782"
"consented_grp[1]/pn_rpt[1]/pn_grp[1]/pn25_grp[1]/pn25c","9","782"
"consented_grp[1]/pn_rpt[1]/pn_grp[1]/pn27","3","791"
"consented_grp[1]/pn_rpt[1]/pn_grp[1]/pn30","10","795"
"consented_grp[1]/cp1_grp[1]/cp1_note","2","805"
"consented_grp[1]/cp1_grp[1]/cp1","2","805"
"consented_grp[1]/cp3","12","807"
"consented_grp[1]/un2","10","815"
"consented_grp[1]/un4b","6","829"
"consented_grp[1]/un5","13","835"
"consented_grp[1]/un7","10","847"
"consented_grp[1]/ma1","18","859"
"consented_grp[1]/ma2","4","877"
"consented_grp[1]/ma3","7","881"
"consented_grp[1]/ma7","15","888"
"consented_grp[1]/ma8a","1","890"
"consented_grp[1]/ma8b","22","894"
"consented_grp[1]/ma11b","6","925"
"consented_grp[1]/af_grp[1]/af2","2","930"
"consented_grp[1]/af_grp[1]/af3","1","932"
"consented_grp[1]/af_grp[1]/af4","2","934"
"consented_grp[1]/af_grp[1]/af6b","2","935"
"consented_grp[1]/af_grp[1]/af8b","1","937"
"consented_grp[1]/af_grp[1]/af9","1","938"
"consented_grp[1]/af_grp[1]/af10","1","939"
"consented_grp[1]/af_grp[1]/af11","1","940"
"consented_grp[1]/af_grp[1]/af12","2","942"
"consented_grp[1]/ls1_grp[1]/ls_note","2","943"
"consented_grp[1]/ls1_grp[1]/ls1","2","943"
"consented_grp[1]/ls2_grp[1]/ls2_note","3","946"
"consented_grp[1]/ls2_grp[1]/ls2","3","946"
"consented_grp[1]/ls3","2","949"
"consented_grp[1]/ls4","1","951"
"consented_grp[1]/survey_language","3","953"
"consented_grp[1]/survey_accomp","3","955"
"consented_grp[1]/comment","2","958"
