"Field name","Total duration (seconds)","First appeared (seconds into survey)"
"intro_note","1","4"
"enum_id","9","6"
"enum_confirm_grp[1]/enum_details","2","14"
"enum_confirm_grp[1]/enum_confirm","2","14"
"community_id","79","17"
"comm_confirm_grp[1]/comm_details","5","95"
"comm_confirm_grp[1]/comm_confirm","5","95"
"iw_iden_grp[1]/iw_id","54","100"
"iw_iden_grp[1]/iw_fullname","54","100"
"iw_iden_grp[1]/iw_age","54","100"
"wm8","2","154"
"wm9_grp[1]/wm9b","3","156"
"wm9_grp[1]/consent","3","156"
"consented_grp[1]/wb3_age_sel","4","159"
"consented_grp[1]/wb3_dob_dmy","46","163"
"consented_grp[1]/wb5","8","209"
"consented_grp[1]/wb14_grp[1]/wb14_note","7","217"
"consented_grp[1]/wb14_grp[1]/wb14","7","217"
"consented_grp[1]/wb15","56","224"
"consented_grp[1]/wb16_grp[1]/wb16a","102","280"
"consented_grp[1]/wb16_grp[1]/wb16_note","102","280"
"consented_grp[1]/wb16_grp[1]/wb16b","102","280"
"consented_grp[1]/wb17a","14","369"
"consented_grp[1]/wb17b","12","378"
"consented_grp[1]/wb17c","66","384"
"consented_grp[1]/wb18","6","474"
"consented_grp[1]/mt1","8","480"
"consented_grp[1]/mt2","22","488"
"consented_grp[1]/mt3","6","510"
"consented_grp[1]/mt4","5","516"
"consented_grp[1]/mt9","3","521"
"consented_grp[1]/mt11","4","525"
"consented_grp[1]/mt12","34","529"
"consented_grp[1]/cm1","90","558"
"consented_grp[1]/cm2","581","653"
"consented_grp[1]/cm2_grp[1]/cm3","12","1234"
"consented_grp[1]/cm2_grp[1]/cm4","12","1234"
"consented_grp[1]/cm5","5","1246"
"consented_grp[1]/cm5_grp[1]/cm6","19","1251"
"consented_grp[1]/cm5_grp[1]/cm7","19","1251"
"consented_grp[1]/cm8","14","1269"
"consented_grp[1]/cm8_grp[1]/cm9","10","1284"
"consented_grp[1]/cm8_grp[1]/cm10","10","1284"
"consented_grp[1]/cm12","19","1294"
"consented_grp[1]/bh0","1","1313"
"consented_grp[1]/bh_rpt[1]/bh1","11","1314"
"consented_grp[1]/bh_rpt[1]/bh2","5","1325"
"consented_grp[1]/bh_rpt[1]/bh3","4","1330"
"consented_grp[1]/bh_rpt[1]/bh4_age_sel","5","1334"
"consented_grp[1]/bh_rpt[1]/bh4_dob_my","38","1339"
"consented_grp[1]/bh_rpt[1]/bh5","4","1377"
"consented_grp[1]/bh_rpt[1]/bh9_grp[1]/bh9_note","31","1381"
"consented_grp[1]/bh_rpt[1]/bh9_grp[1]/bh9_a","31","1381"
"consented_grp[1]/bh_rpt[1]/bh9_grp[1]/bh9_b","31","1381"
"consented_grp[1]/bh_rpt[1]/bh10","12","1413"
"consented_grp[1]/bh_rpt[2]/bh1","13","1425"
"consented_grp[1]/bh_rpt[2]/bh2","4","1438"
"consented_grp[1]/bh_rpt[2]/bh3","5","1441"
"consented_grp[1]/bh_rpt[2]/bh4_age_sel","7","1446"
"consented_grp[1]/bh_rpt[2]/bh4_dob_my","32","1453"
"consented_grp[1]/bh_rpt[2]/bh5","5","1485"
"consented_grp[1]/bh_rpt[2]/bh6","19","1489"
"consented_grp[1]/bh_rpt[2]/bh7","5","1509"
"consented_grp[1]/bh_rpt[2]/bh10","11","1514"
"consented_grp[1]/bh_rpt[3]/bh1","14","1524"
"consented_grp[1]/bh_rpt[3]/bh2","3","1539"
"consented_grp[1]/bh_rpt[3]/bh3","4","1541"
"consented_grp[1]/bh_rpt[3]/bh4_age_sel","7","1544"
"consented_grp[1]/bh_rpt[3]/bh4_dob_my","44","1552"
"consented_grp[1]/bh_rpt[3]/bh5","3","1595"
"consented_grp[1]/bh_rpt[3]/bh6","13","1599"
"consented_grp[1]/bh_rpt[3]/bh7","6","1612"
"consented_grp[1]/bh_rpt[3]/bh10","9","1617"
"consented_grp[1]/bh_rpt[4]/bh1","12","1626"
"consented_grp[1]/bh_rpt[4]/bh2","3","1639"
"consented_grp[1]/bh_rpt[4]/bh3","3","1641"
"consented_grp[1]/bh_rpt[4]/bh4_age_sel","3","1644"
"consented_grp[1]/bh_rpt[4]/bh4_dob_dmy","31","1648"
"consented_grp[1]/bh_rpt[4]/bh5","3","1679"
"consented_grp[1]/bh_rpt[4]/bh6","10","1682"
"consented_grp[1]/bh_rpt[4]/bh7","5","1692"
"consented_grp[1]/bh_rpt[4]/bh8","23","1697"
"consented_grp[1]/bh_rpt[4]/bh10","11","1721"
"consented_grp[1]/db2","411","1728"
"consented_grp[1]/db4_b","24","2143"
"consented_grp[1]/mn_rpt[1]/mn_grp[1]/mn2","6","2167"
"consented_grp[1]/mn_rpt[1]/mn_grp[1]/mn3","11","2172"
"consented_grp[1]/mn_rpt[1]/mn_grp[1]/mn4_grp[1]/mn4_a","10","2183"
"consented_grp[1]/mn_rpt[1]/mn_grp[1]/mn4_grp[1]/mn4_b","10","2183"
"consented_grp[1]/mn_rpt[1]/mn_grp[1]/mn5","47","2193"
"consented_grp[1]/mn_rpt[1]/mn_grp[1]/mn6_grp[1]/mn6_note","39","2213"
"consented_grp[1]/mn_rpt[1]/mn_grp[1]/mn6_grp[1]/mn6_label","39","2213"
"consented_grp[1]/mn_rpt[1]/mn_grp[1]/mn6_grp[1]/mn6_a","39","2213"
"consented_grp[1]/mn_rpt[1]/mn_grp[1]/mn6_grp[1]/mn6_b","39","2213"
"consented_grp[1]/mn_rpt[1]/mn_grp[1]/mn6_grp[1]/mn6_c","39","2213"
"consented_grp[1]/mn_rpt[1]/mn_grp[1]/mn7","45","2279"
"consented_grp[1]/mn_rpt[1]/mn_grp[1]/mn8","15","2324"
"consented_grp[1]/mn_rpt[1]/mn_grp[1]/mn9","2","2340"
"consented_grp[1]/mn_rpt[1]/mn_grp[1]/mn16","9","2342"
"consented_grp[1]/mn_rpt[1]/mn_grp[1]/mn17","2","2351"
"consented_grp[1]/mn_rpt[1]/mn_grp[1]/mn18","13","2353"
"consented_grp[1]/mn_rpt[1]/mn_grp[1]/mn19","11","2363"
"consented_grp[1]/mn_rpt[1]/mn_grp[1]/mn20","22","2365"
"consented_grp[1]/mn_rpt[1]/mn_grp[1]/mn21","21","2384"
"consented_grp[1]/mn_rpt[1]/mn_grp[1]/mn23","14","2421"
"consented_grp[1]/mn_rpt[1]/mn_grp[1]/mn24","33","2435"
"consented_grp[1]/mn_rpt[1]/mn_grp[1]/mn25","30","2468"
"consented_grp[1]/mn_rpt[1]/mn_grp[1]/mn26","39","2499"
"consented_grp[1]/mn_rpt[1]/mn_grp[1]/mn30","34","2518"
"consented_grp[1]/mn_rpt[1]/mn_grp[1]/mn32","26","2571"
"consented_grp[1]/mn_rpt[1]/mn_grp[1]/mn33","12","2594"
"consented_grp[1]/mn_rpt[1]/mn_grp[1]/mn34_grp[1]/mn34_a","15","2601"
"consented_grp[1]/mn_rpt[1]/mn_grp[1]/mn34_grp[1]/mn34_b","15","2601"
"consented_grp[1]/mn_rpt[1]/mn_grp[1]/mn35","12","2624"
"consented_grp[1]/mn_rpt[1]/mn_grp[1]/mn36","6","2636"
"consented_grp[1]/mn_rpt[1]/mn_grp[1]/mn36_grp[1]/mn37","23","2642"
"consented_grp[1]/mn_rpt[1]/mn_grp[1]/mn36_grp[1]/mn37_units","23","2642"
"consented_grp[1]/mn_rpt[1]/mn_grp[1]/mn38","17","2665"
"consented_grp[1]/pn_rpt[1]/pn_grp[1]/pn_note","10","2682"
"consented_grp[1]/pn_rpt[1]/pn_grp[1]/pn3_grp[1]/pn3","104","2692"
"consented_grp[1]/pn_rpt[1]/pn_grp[1]/pn3_grp[1]/pn3_units","104","2692"
"consented_grp[1]/pn_rpt[1]/pn_grp[1]/pn4_grp[1]/pn4_note","18","2796"
"consented_grp[1]/pn_rpt[1]/pn_grp[1]/pn4_grp[1]/pn4","18","2796"
"consented_grp[1]/pn_rpt[1]/pn_grp[1]/pn5_grp[1]/pm5_note","7","2814"
"consented_grp[1]/pn_rpt[1]/pn_grp[1]/pn5_grp[1]/pn5","7","2814"
"consented_grp[1]/pn_rpt[1]/pn_grp[1]/pn6_grp[1]/pn6_note","10","2821"
"consented_grp[1]/pn_rpt[1]/pn_grp[1]/pn6_grp[1]/pn6","10","2821"
"consented_grp[1]/pn_rpt[1]/pn_grp[1]/pn17","7","2831"
"consented_grp[1]/pn_rpt[1]/pn_grp[1]/pn25_grp[1]/pn25_note","61","2838"
"consented_grp[1]/pn_rpt[1]/pn_grp[1]/pn25_grp[1]/pn25_lab","61","2838"
"consented_grp[1]/pn_rpt[1]/pn_grp[1]/pn25_grp[1]/pn25a","61","2838"
"consented_grp[1]/pn_rpt[1]/pn_grp[1]/pn25_grp[1]/pn25b","61","2838"
"consented_grp[1]/pn_rpt[1]/pn_grp[1]/pn25_grp[1]/pn25c","61","2838"
"consented_grp[1]/pn_rpt[1]/pn_grp[1]/pn27","6","2899"
"consented_grp[1]/pn_rpt[1]/pn_grp[1]/pn29a","48","2905"
"consented_grp[1]/pn_rpt[1]/pn_grp[1]/pn30","23","2953"
"consented_grp[1]/cp1_grp[1]/cp1_note","6","2976"
"consented_grp[1]/cp1_grp[1]/cp1","6","2976"
"consented_grp[1]/cp2_grp[1]/cp2_note","9","2982"
"consented_grp[1]/cp2_grp[1]/cp2","9","2982"
"consented_grp[1]/cp4","43","2991"
"consented_grp[1]/un7","17","3030"
"consented_grp[1]/ma1","44","3052"
"consented_grp[1]/ma2","44","3094"
"consented_grp[1]/ma3","15","3099"
"consented_grp[1]/ma4","4","3154"
"consented_grp[1]/ma7","15","3158"
"consented_grp[1]/ma8b","102","3174"
"consented_grp[1]/ma11b","8","3275"
"consented_grp[1]/af_grp[1]/af2","10","3283"
"consented_grp[1]/af_grp[1]/af3","6","3293"
"consented_grp[1]/af_grp[1]/af4","7","3299"
"consented_grp[1]/af_grp[1]/af6b","11","3306"
"consented_grp[1]/af_grp[1]/af8b","5","3317"
"consented_grp[1]/af_grp[1]/af9","6","3322"
"consented_grp[1]/af_grp[1]/af10","53","3328"
"consented_grp[1]/af_grp[1]/af11","7","3381"
"consented_grp[1]/af_grp[1]/af12","14","3388"
"consented_grp[1]/ls1_grp[1]/ls_note","41","3402"
"consented_grp[1]/ls1_grp[1]/ls1","41","3402"
"consented_grp[1]/ls2_grp[1]/ls2_note","13","3438"
"consented_grp[1]/ls2_grp[1]/ls2","13","3438"
"consented_grp[1]/ls3","22","3456"
"consented_grp[1]/ls4","20","3475"
"consented_grp[1]/survey_language","4","3498"
"consented_grp[1]/survey_accomp","4","3502"
"consented_grp[1]/comment","15","3506"
