"Field name","Total duration (seconds)","First appeared (seconds into survey)"
"intro_note","1","2"
"enum_id","31","2"
"enum_confirm_grp[1]/enum_details","1","34"
"enum_confirm_grp[1]/enum_confirm","1","34"
"community_id","5","35"
"comm_confirm_grp[1]/comm_details","1","40"
"comm_confirm_grp[1]/comm_confirm","1","40"
"iw_iden_grp[1]/iw_id","68","41"
"iw_iden_grp[1]/iw_fullname","68","41"
"iw_iden_grp[1]/iw_age","68","41"
"wm8","5","104"
"wm9_grp[1]/wm9b","23","106"
"wm9_grp[1]/consent","23","106"
"consented_grp[1]/wb3_age_sel","16","122"
"consented_grp[1]/wb3_dob_dmy","24","134"
"consented_grp[1]/age_correct_info","6","154"
"consented_grp[1]/wb5","77","172"
"consented_grp[1]/wb14_grp[1]/wb14_note","336","246"
"consented_grp[1]/wb14_grp[1]/wb14","336","246"
"consented_grp[1]/wb15","96","573"
"consented_grp[1]/wb16_grp[1]/wb16a","92","674"
"consented_grp[1]/wb16_grp[1]/wb16_note","92","674"
"consented_grp[1]/wb16_grp[1]/wb16b","92","674"
"consented_grp[1]/wb17a","133","708"
"consented_grp[1]/wb17b","10","888"
"consented_grp[1]/wb17c","22","894"
"consented_grp[1]/wb18","81","904"
"consented_grp[1]/wb19","18","989"
"consented_grp[1]/mt1","23","1008"
"consented_grp[1]/mt2","16","1020"
"consented_grp[1]/mt3","9","1035"
"consented_grp[1]/mt4","8","1044"
"consented_grp[1]/mt9","9","1051"
"consented_grp[1]/mt11","88","1058"
"consented_grp[1]/mt12","16","1145"
"consented_grp[1]/cm1","41","1158"
"consented_grp[1]/cm2","13","1195"
"consented_grp[1]/cm2_grp[1]/cm3","151","1204"
"consented_grp[1]/cm2_grp[1]/cm4","151","1204"
"consented_grp[1]/cm5","24","1341"
"consented_grp[1]/cm5_grp[1]/cm6","269","1362"
"consented_grp[1]/cm5_grp[1]/cm7","269","1362"
"consented_grp[1]/cm8","66","1621"
"consented_grp[1]/cm8_grp[1]/cm9","29","1672"
"consented_grp[1]/cm8_grp[1]/cm10","29","1672"
"consented_grp[1]/cm12","38","1685"
"consented_grp[1]/bh0","1024","1798"
"consented_grp[1]/bh_rpt[1]/bh1","1065","1884"
"consented_grp[1]/bh_rpt[1]/bh2","11","3908"
"consented_grp[1]/bh_rpt[1]/bh3","4","3918"
"consented_grp[1]/bh_rpt[1]/bh4_age_sel","8","3922"
"consented_grp[1]/bh_rpt[1]/bh4_dob_dmy","23","3927"
"consented_grp[1]/bh_rpt[1]/bh5","2","3951"
"consented_grp[1]/bh_rpt[1]/bh6","41","3953"
"consented_grp[1]/bh_rpt[1]/bh7","13","3994"
"consented_grp[1]/bh_rpt[1]/bh10","42","4007"
"consented_grp[1]/bh_rpt[2]/bh1","15","4050"
"consented_grp[1]/bh_rpt[2]/bh2","9","4065"
"consented_grp[1]/bh_rpt[2]/bh3","4","4074"
"consented_grp[1]/bh_rpt[2]/bh4_age_sel","23","4078"
"consented_grp[1]/bh_rpt[2]/bh4_dob_dmy","20","4081"
"consented_grp[1]/bh_rpt[2]/bh5","4","4100"
"consented_grp[1]/bh_rpt[2]/bh6","13","4104"
"consented_grp[1]/bh_rpt[2]/bh7","13","4117"
"consented_grp[1]/bh_rpt[2]/bh8","28","4130"
"consented_grp[1]/bh_rpt[2]/bh10","25","4157"
"consented_grp[1]/bh_rpt[3]/bh1","15","4174"
"consented_grp[1]/bh_rpt[3]/bh2","8","4183"
"consented_grp[1]/bh_rpt[3]/bh3","5","4186"
"consented_grp[1]/bh_rpt[3]/bh4_age_sel","9","4189"
"consented_grp[1]/bh_rpt[3]/bh4_dob_dmy","4","4193"
"consented_grp[1]/bh_rpt[3]/bh4_dob_my","16","4224"
"consented_grp[1]/bh_rpt[3]/bh5","8","4240"
"consented_grp[1]/bh_rpt[3]/bh9_grp[1]/bh9_note","16","4248"
"consented_grp[1]/bh_rpt[3]/bh9_grp[1]/bh9_a","16","4248"
"consented_grp[1]/bh_rpt[3]/bh9_grp[1]/bh9_b","16","4248"
"consented_grp[1]/bh_rpt[3]/bh10","5","4264"
"consented_grp[1]/bh_rpt[4]/bh1","12","4268"
"consented_grp[1]/bh_rpt[4]/bh2","6","4280"
"consented_grp[1]/bh_rpt[4]/bh3","4","4286"
"consented_grp[1]/bh_rpt[4]/bh4_age_sel","9","4291"
"consented_grp[1]/bh_rpt[4]/bh4_dob_dmy","20","4300"
"consented_grp[1]/bh_rpt[4]/bh5","5","4320"
"consented_grp[1]/bh_rpt[4]/bh9_grp[1]/bh9_note","30","4325"
"consented_grp[1]/bh_rpt[4]/bh9_grp[1]/bh9_a","30","4325"
"consented_grp[1]/bh_rpt[4]/bh9_grp[1]/bh9_b","30","4325"
"consented_grp[1]/bh_rpt[4]/bh10","9","4338"
"consented_grp[1]/bh_rpt[5]/bh1","9","4348"
"consented_grp[1]/bh_rpt[5]/bh2","2","4356"
"consented_grp[1]/bh_rpt[5]/bh3","4","4358"
"consented_grp[1]/bh_rpt[5]/bh4_age_sel","9","4362"
"consented_grp[1]/bh_rpt[5]/bh4_dob_dmy","28","4371"
"consented_grp[1]/bh_rpt[5]/bh5","4","4399"
"consented_grp[1]/bh_rpt[5]/bh6","25","4403"
"consented_grp[1]/bh_rpt[5]/bh7","13","4428"
"consented_grp[1]/bh_rpt[5]/bh10","332","4441"
"consented_grp[1]/bh_rpt[6]/bh1","48","4771"
"consented_grp[1]/bh_rpt[6]/bh2","4","4821"
"consented_grp[1]/bh_rpt[6]/bh3","66","4825"
"consented_grp[1]/bh_rpt[6]/bh4_age_sel","4","4891"
"consented_grp[1]/bh_rpt[6]/bh4_dob_my","12","4896"
"consented_grp[1]/bh_rpt[6]/bh5","15","4908"
"consented_grp[1]/bh_rpt[6]/bh6","20","4923"
"consented_grp[1]/bh_rpt[6]/bh7","7","4943"
"consented_grp[1]/bh_rpt[6]/bh10","7","4950"
"consented_grp[1]/bh_rpt[7]/bh1","11","4957"
"consented_grp[1]/bh_rpt[7]/bh2","2","4968"
"consented_grp[1]/bh_rpt[7]/bh3","2","4970"
"consented_grp[1]/bh_rpt[7]/bh4_age_sel","7","4972"
"consented_grp[1]/bh_rpt[7]/bh4_dob_dmy","16","4979"
"consented_grp[1]/bh_rpt[7]/bh5","4","4995"
"consented_grp[1]/bh_rpt[7]/bh9_grp[1]/bh9_note","14","4999"
"consented_grp[1]/bh_rpt[7]/bh9_grp[1]/bh9_a","14","4999"
"consented_grp[1]/bh_rpt[7]/bh9_grp[1]/bh9_b","14","4999"
"consented_grp[1]/bh_rpt[7]/bh10","11","5013"
"consented_grp[1]/bh_rpt[8]/bh1","15","5024"
"consented_grp[1]/bh_rpt[8]/bh2","3","5038"
"consented_grp[1]/bh_rpt[8]/bh3","4","5042"
"consented_grp[1]/bh_rpt[8]/bh4_age_sel","3","5045"
"consented_grp[1]/bh_rpt[8]/bh4_dob_dmy","21","5048"
"consented_grp[1]/bh_rpt[8]/bh5","6","5070"
"consented_grp[1]/bh_rpt[8]/bh6","6","5076"
"consented_grp[1]/bh_rpt[8]/bh7","18","5082"
"consented_grp[1]/bh_rpt[8]/bh8","21","5100"
"consented_grp[1]/bh_rpt[8]/bh10","11","5121"
"consented_grp[1]/bh_rpt[9]/bh1","8","5132"
"consented_grp[1]/bh_rpt[9]/bh2","3","5140"
"consented_grp[1]/bh_rpt[9]/bh3","2","5143"
"consented_grp[1]/bh_rpt[9]/bh4_age_sel","2","5145"
"consented_grp[1]/bh_rpt[9]/bh4_dob_dmy","10","5147"
"consented_grp[1]/bh_rpt[9]/bh5","7","5157"
"consented_grp[1]/bh_rpt[9]/bh6","14","5164"
"consented_grp[1]/bh_rpt[9]/bh7","4","5178"
"consented_grp[1]/bh_rpt[9]/bh8","14","5181"
"consented_grp[1]/bh_rpt[9]/bh10","5","5195"
"consented_grp[1]/db2","33","5200"
"consented_grp[1]/mn_rpt[1]/mn_grp[1]/mn2","17","5234"
"consented_grp[1]/mn_rpt[1]/mn_grp[1]/mn3","7","5251"
"consented_grp[1]/mn_rpt[1]/mn_grp[1]/mn4_grp[1]/mn4_a","17","5257"
"consented_grp[1]/mn_rpt[1]/mn_grp[1]/mn4_grp[1]/mn4_b","17","5257"
"consented_grp[1]/mn_rpt[1]/mn_grp[1]/mn5","37","5274"
"consented_grp[1]/mn_rpt[1]/mn_grp[1]/mn6_grp[1]/mn6_note","30","5312"
"consented_grp[1]/mn_rpt[1]/mn_grp[1]/mn6_grp[1]/mn6_label","30","5312"
"consented_grp[1]/mn_rpt[1]/mn_grp[1]/mn6_grp[1]/mn6_a","30","5312"
"consented_grp[1]/mn_rpt[1]/mn_grp[1]/mn6_grp[1]/mn6_b","30","5312"
"consented_grp[1]/mn_rpt[1]/mn_grp[1]/mn6_grp[1]/mn6_c","30","5312"
"consented_grp[1]/mn_rpt[1]/mn_grp[1]/mn7","269","5342"
"consented_grp[1]/mn_rpt[1]/mn_grp[1]/mn8","16","5611"
"consented_grp[1]/mn_rpt[1]/mn_grp[1]/mn9","4","5627"
"consented_grp[1]/mn_rpt[1]/mn_grp[1]/mn16","17","5631"
"consented_grp[1]/mn_rpt[1]/mn_grp[1]/mn17","10","5648"
"consented_grp[1]/mn_rpt[1]/mn_grp[1]/mn18","13","5658"
"consented_grp[1]/mn_rpt[1]/mn_grp[1]/mn19","19","5672"
"consented_grp[1]/mn_rpt[1]/mn_grp[1]/mn20","62","5689"
"consented_grp[1]/mn_rpt[1]/mn_grp[1]/mn21","6","5752"
"consented_grp[1]/mn_rpt[1]/mn_grp[1]/mn23","11","5758"
"consented_grp[1]/mn_rpt[1]/mn_grp[1]/mn24","15","5769"
"consented_grp[1]/mn_rpt[1]/mn_grp[1]/mn25","61","5784"
"consented_grp[1]/mn_rpt[1]/mn_grp[1]/mn26","57","5819"
"consented_grp[1]/mn_rpt[1]/mn_grp[1]/mn30","29","5860"
"consented_grp[1]/mn_rpt[1]/mn_grp[1]/mn31","39","5906"
"consented_grp[1]/mn_rpt[1]/mn_grp[1]/mn32","30","5944"
"consented_grp[1]/mn_rpt[1]/mn_grp[1]/mn33","10","5973"
"consented_grp[1]/mn_rpt[1]/mn_grp[1]/mn34_grp[1]/mn34_a","12","5983"
"consented_grp[1]/mn_rpt[1]/mn_grp[1]/mn34_grp[1]/mn34_b","12","5983"
"consented_grp[1]/mn_rpt[1]/mn_grp[1]/mn35","11","5995"
"consented_grp[1]/mn_rpt[1]/mn_grp[1]/mn36","11","6007"
"consented_grp[1]/mn_rpt[1]/mn_grp[1]/mn36_grp[1]/mn37","53","6016"
"consented_grp[1]/mn_rpt[1]/mn_grp[1]/mn36_grp[1]/mn37_units","53","6016"
"consented_grp[1]/mn_rpt[1]/mn_grp[1]/mn38","34","6069"
"consented_grp[1]/pn_rpt[1]/pn_grp[1]/pn_note","18","6103"
"consented_grp[1]/pn_rpt[1]/pn_grp[1]/pn3_grp[1]/pn3","30","6121"
"consented_grp[1]/pn_rpt[1]/pn_grp[1]/pn3_grp[1]/pn3_units","30","6121"
"consented_grp[1]/pn_rpt[1]/pn_grp[1]/pn4_grp[1]/pn4_note","47","6145"
"consented_grp[1]/pn_rpt[1]/pn_grp[1]/pn4_grp[1]/pn4","47","6145"
"consented_grp[1]/pn_rpt[1]/pn_grp[1]/pn5_grp[1]/pm5_note","12","6189"
"consented_grp[1]/pn_rpt[1]/pn_grp[1]/pn5_grp[1]/pn5","12","6189"
"consented_grp[1]/pn_rpt[1]/pn_grp[1]/pn6_grp[1]/pn6_note","22","6200"
"consented_grp[1]/pn_rpt[1]/pn_grp[1]/pn6_grp[1]/pn6","22","6200"
"consented_grp[1]/pn_rpt[1]/pn_grp[1]/pn17","13","6222"
"consented_grp[1]/pn_rpt[1]/pn_grp[1]/pn25_grp[1]/pn25_note","61","6234"
"consented_grp[1]/pn_rpt[1]/pn_grp[1]/pn25_grp[1]/pn25_lab","61","6234"
"consented_grp[1]/pn_rpt[1]/pn_grp[1]/pn25_grp[1]/pn25a","61","6234"
"consented_grp[1]/pn_rpt[1]/pn_grp[1]/pn25_grp[1]/pn25b","61","6234"
"consented_grp[1]/pn_rpt[1]/pn_grp[1]/pn25_grp[1]/pn25c","61","6234"
"consented_grp[1]/pn_rpt[1]/pn_grp[1]/pn27","7","6294"
"consented_grp[1]/pn_rpt[1]/pn_grp[1]/pn29a","82","6300"
"consented_grp[1]/pn_rpt[1]/pn_grp[1]/pn30","54","6382"
"consented_grp[1]/cp1_grp[1]/cp1_note","11","6435"
"consented_grp[1]/cp1_grp[1]/cp1","11","6435"
"consented_grp[1]/cp2_grp[1]/cp2_note","43","6445"
"consented_grp[1]/cp2_grp[1]/cp2","43","6445"
"consented_grp[1]/cp4","14","6488"
"consented_grp[1]/un7","44","6500"
"consented_grp[1]/un8_grp[1]/un8","11","6538"
"consented_grp[1]/un8_grp[1]/un8_units","11","6538"
"consented_grp[1]/ma1","15","6547"
"consented_grp[1]/ma2","43","6560"
"consented_grp[1]/ma3","12","6601"
"consented_grp[1]/ma7","24","6612"
"consented_grp[1]/ma8b","254","6634"
"consented_grp[1]/ma11b","19","7018"
"consented_grp[1]/af_grp[1]/af2","6","7036"
"consented_grp[1]/af_grp[1]/af3","7","7042"
"consented_grp[1]/af_grp[1]/af4","43","7049"
"consented_grp[1]/af_grp[1]/af6b","24","7093"
"consented_grp[1]/af_grp[1]/af8b","6","7117"
"consented_grp[1]/af_grp[1]/af9","25","7123"
"consented_grp[1]/af_grp[1]/af10","24","7148"
"consented_grp[1]/af_grp[1]/af11","11","7172"
"consented_grp[1]/af_grp[1]/af12","27","7183"
"consented_grp[1]/ls1_grp[1]/ls_note","191","7210"
"consented_grp[1]/ls1_grp[1]/ls1","191","7210"
"consented_grp[1]/ls2_grp[1]/ls2_note","230","7401"
"consented_grp[1]/ls2_grp[1]/ls2","230","7401"
"consented_grp[1]/ls3","100","7631"
"consented_grp[1]/ls4","103","7718"
"consented_grp[1]/survey_language","8","7831"
"consented_grp[1]/survey_accomp","22","7835"
