"Field name","Total duration (seconds)","First appeared (seconds into survey)"
"intro_note","1","4"
"enum_id","5","5"
"enum_confirm_grp[1]/enum_details","1","10"
"enum_confirm_grp[1]/enum_confirm","1","10"
"community_id","5","11"
"comm_confirm_grp[1]/comm_details","2","17"
"comm_confirm_grp[1]/comm_confirm","2","17"
"hhid_grp[1]/hhid_instruction","10","18"
"hhid_grp[1]/hhid_struct_num","10","18"
"hhid_grp[1]/hhid_hh_num","10","18"
"hhid_confirm_grp[1]/hhid_details","1","28"
"hhid_confirm_grp[1]/hhid_confirm","1","28"
"consent_grp[1]/consent_instr","4","29"
"consent_grp[1]/consent","4","29"
"consented_grp[1]/hh_note","1","33"
"consented_grp[1]/hhm_cnt","20","34"
"consented_grp[1]/rooster_note","1","54"
"consented_grp[1]/hhm_rpt[1]/hhmemb_info[1]/fmemb_name_grp[1]/fmemb_fn","16","55"
"consented_grp[1]/hhm_rpt[1]/hhmemb_info[1]/fmemb_name_grp[1]/fmemb_sn","16","55"
"consented_grp[1]/hhm_rpt[1]/hhmemb_info[1]/fmemb_name_grp[1]/fmemb_popn","16","55"
"consented_grp[1]/hhm_rpt[1]/hhmemb_info[1]/hl3","1","72"
"consented_grp[1]/hhm_rpt[1]/hhmemb_info[1]/hl4","2","73"
"consented_grp[1]/hhm_rpt[1]/hhmemb_info[1]/hl5_age_sel","4","76"
"consented_grp[1]/hhm_rpt[1]/hhmemb_info[1]/hl5_dob_dmy","10","80"
"consented_grp[1]/hhm_rpt[1]/hhmemb_info[1]/hl7","2","90"
"consented_grp[1]/hhm_rpt[1]/ed4","69","92"
"consented_grp[1]/hhm_rpt[1]/ed5_grp[1]/ed5a","2","161"
"consented_grp[1]/hhm_rpt[1]/ed5_grp[1]/ed5a_a","3","163"
"consented_grp[1]/hhm_rpt[1]/ed5_grp[1]/ed5b","2","166"
"consented_grp[1]/hhm_rpt[1]/ed5_grp[1]/ed6","2","168"
"consented_grp[1]/hhm_rpt[1]/hhm_add_grp[1]/hhm_add_note","3","170"
"consented_grp[1]/hhm_rpt[1]/hhm_add_grp[1]/hhm_add_yn","3","170"
"consented_grp[1]/hhm_rpt[2]/hhmemb_info[1]/fmemb_name_grp[1]/fmemb_fn","13","173"
"consented_grp[1]/hhm_rpt[2]/hhmemb_info[1]/fmemb_name_grp[1]/fmemb_sn","13","173"
"consented_grp[1]/hhm_rpt[2]/hhmemb_info[1]/fmemb_name_grp[1]/fmemb_popn","13","173"
"consented_grp[1]/hhm_rpt[2]/hhmemb_info[1]/hl3","2","186"
"consented_grp[1]/hhm_rpt[2]/hhmemb_info[1]/hl4","3","187"
"consented_grp[1]/hhm_rpt[2]/hhmemb_info[1]/hl5_age_sel","2","190"
"consented_grp[1]/hhm_rpt[2]/hhmemb_info[1]/hl5_dob_dmy","12","192"
"consented_grp[1]/hhm_rpt[2]/hhmemb_info[1]/hl7","2","204"
"consented_grp[1]/hhm_rpt[2]/ed4","2","206"
"consented_grp[1]/hhm_rpt[2]/hhm_add_grp[1]/hhm_add_note","2","208"
"consented_grp[1]/hhm_rpt[2]/hhm_add_grp[1]/hhm_add_yn","2","208"
"consented_grp[1]/hhm_rpt[3]/hhmemb_info[1]/fmemb_name_grp[1]/fmemb_fn","24","210"
"consented_grp[1]/hhm_rpt[3]/hhmemb_info[1]/fmemb_name_grp[1]/fmemb_sn","24","210"
"consented_grp[1]/hhm_rpt[3]/hhmemb_info[1]/fmemb_name_grp[1]/fmemb_popn","24","210"
"consented_grp[1]/hhm_rpt[3]/hhmemb_info[1]/hl3","2","233"
"consented_grp[1]/hhm_rpt[3]/hhmemb_info[1]/hl4","2","235"
"consented_grp[1]/hhm_rpt[3]/hhmemb_info[1]/hl5_age_sel","2","237"
"consented_grp[1]/hhm_rpt[3]/hhmemb_info[1]/hl5_dob_dmy","10","239"
"consented_grp[1]/hhm_rpt[3]/hhmemb_info[1]/hl7","2","249"
"consented_grp[1]/hhm_rpt[3]/ed4","2","251"
"consented_grp[1]/hhm_rpt[3]/ed5_grp[1]/ed5a","1","254"
"consented_grp[1]/hhm_rpt[3]/ed5_grp[1]/ed5a_a","2","255"
"consented_grp[1]/hhm_rpt[3]/ed5_grp[1]/ed5b","2","257"
"consented_grp[1]/hhm_rpt[3]/ed5_grp[1]/ed6","12","259"
"consented_grp[1]/hhm_rpt[3]/ed9","3","271"
"consented_grp[1]/hhm_rpt[3]/ed9_grp[1]/ed10","3","274"
"consented_grp[1]/hhm_rpt[3]/ed9_grp[1]/ed11a","7","277"
"consented_grp[1]/hhm_rpt[3]/ed9_grp[1]/ed12","8","285"
"consented_grp[1]/hhm_rpt[3]/ed9_grp[1]/ed14","7","293"
"consented_grp[1]/hhm_rpt[3]/ed15","28","300"
"consented_grp[1]/hhm_rpt[3]/ed16_grp[1]/ed16a","1","327"
"consented_grp[1]/hhm_rpt[3]/ed16_grp[1]/ed16b","2","328"
"consented_grp[1]/hhm_rpt[3]/hhm_add_grp[1]/hhm_add_note","2","330"
"consented_grp[1]/hhm_rpt[3]/hhm_add_grp[1]/hhm_add_yn","2","330"
"consented_grp[1]/hhm_rpt[4]/hhmemb_info[1]/fmemb_name_grp[1]/fmemb_fn","13","332"
"consented_grp[1]/hhm_rpt[4]/hhmemb_info[1]/fmemb_name_grp[1]/fmemb_sn","13","332"
"consented_grp[1]/hhm_rpt[4]/hhmemb_info[1]/fmemb_name_grp[1]/fmemb_popn","13","332"
"consented_grp[1]/hhm_rpt[4]/hhmemb_info[1]/hl3","2","345"
"consented_grp[1]/hhm_rpt[4]/hhmemb_info[1]/hl4","1","346"
"consented_grp[1]/hhm_rpt[4]/hhmemb_info[1]/hl5_age_sel","1","347"
"consented_grp[1]/hhm_rpt[4]/hhmemb_info[1]/hl5_dob_dmy","10","349"
"consented_grp[1]/hhm_rpt[4]/hhmemb_info[1]/hl7","2","359"
"consented_grp[1]/hhm_rpt[4]/ed4","2","360"
"consented_grp[1]/hhm_rpt[4]/ed5_grp[1]/ed5a","1","362"
"consented_grp[1]/hhm_rpt[4]/ed5_grp[1]/ed5a_a","2","364"
"consented_grp[1]/hhm_rpt[4]/ed5_grp[1]/ed5b","1","365"
"consented_grp[1]/hhm_rpt[4]/ed5_grp[1]/ed6","2","367"
"consented_grp[1]/hhm_rpt[4]/ed9","2","368"
"consented_grp[1]/hhm_rpt[4]/ed9_grp[1]/ed10","2","370"
"consented_grp[1]/hhm_rpt[4]/ed9_grp[1]/ed11a","2","372"
"consented_grp[1]/hhm_rpt[4]/ed9_grp[1]/ed12","-3089","374"
"consented_grp[1]/hhm_rpt[4]/ed9_grp[1]/ed14","2","-2715"
"consented_grp[1]/hhm_rpt[4]/ed15","6","-2713"
"consented_grp[1]/hhm_rpt[4]/ed16_grp[1]/ed16a","7","-2707"
"consented_grp[1]/hhm_rpt[4]/ed16_grp[1]/ed16b","2","-2700"
"consented_grp[1]/hhm_rpt[4]/hhm_add_grp[1]/hhm_add_note","5","-2698"
"consented_grp[1]/hhm_rpt[4]/hhm_add_grp[1]/hhm_add_yn","5","-2698"
"consented_grp[1]/hhm_rpt[5]/hhmemb_info[1]/fmemb_name_grp[1]/fmemb_fn","17","-2693"
"consented_grp[1]/hhm_rpt[5]/hhmemb_info[1]/fmemb_name_grp[1]/fmemb_sn","17","-2693"
"consented_grp[1]/hhm_rpt[5]/hhmemb_info[1]/fmemb_name_grp[1]/fmemb_popn","17","-2693"
"consented_grp[1]/hhm_rpt[5]/hhmemb_info[1]/hl3","1127","-2680"
"consented_grp[1]/hhm_rpt[5]/hhmemb_info[1]/hl4","2","-1549"
"consented_grp[1]/hhm_rpt[5]/hhmemb_info[1]/hl5_age_sel","2","-1548"
"consented_grp[1]/hhm_rpt[5]/hhmemb_info[1]/hl5_dob_dmy","8","-1546"
"consented_grp[1]/hhm_rpt[5]/hhmemb_info[1]/hl7","3","-1537"
"consented_grp[1]/hhm_rpt[5]/hhm_add_grp[1]/hhm_add_note","4","-1535"
"consented_grp[1]/hhm_rpt[5]/hhm_add_grp[1]/hhm_add_yn","4","-1535"
"consented_grp[1]/hhm_ch_intro","8","-1531"
"consented_grp[1]/hhm_ch_rpt[1]/h12_grp[1]/hl12","10","-1523"
"consented_grp[1]/hhm_ch_rpt[1]/h12_grp[1]/hl13a","3","-1513"
"consented_grp[1]/hhm_ch_rpt[1]/h12_grp[1]/hl13b","2","-1510"
"consented_grp[1]/hhm_ch_rpt[1]/h16_grp[1]/hl16","1","-1508"
"consented_grp[1]/hhm_ch_rpt[1]/h16_grp[1]/hl17a","2","-1506"
"consented_grp[1]/hhm_ch_rpt[1]/h16_grp[1]/hl17b","1","-1504"
"consented_grp[1]/hhm_ch_rpt[2]/h12_grp[1]/hl12","1","-1503"
"consented_grp[1]/hhm_ch_rpt[2]/h12_grp[1]/hl13a","1","-1501"
"consented_grp[1]/hhm_ch_rpt[2]/h12_grp[1]/hl13b","1","-1500"
"consented_grp[1]/hhm_ch_rpt[2]/h16_grp[1]/hl16","1","-1499"
"consented_grp[1]/hhm_ch_rpt[2]/h16_grp[1]/hl17a","1","-1497"
"consented_grp[1]/hhm_ch_rpt[2]/h16_grp[1]/hl17b","1","-1496"
"consented_grp[1]/hhm_ch_rpt[3]/h12_grp[1]/hl12","1","-1494"
"consented_grp[1]/hhm_ch_rpt[3]/h12_grp[1]/hl13a","2","-1493"
"consented_grp[1]/hhm_ch_rpt[3]/h12_grp[1]/hl13b","1","-1492"
"consented_grp[1]/hhm_ch_rpt[3]/h16_grp[1]/hl16","1","-1490"
"consented_grp[1]/hhm_ch_rpt[3]/h16_grp[1]/hl17a","1","-1489"
"consented_grp[1]/hhm_ch_rpt[3]/h16_grp[1]/hl17b","1","-1487"
"consented_grp[1]/u5_rpt[1]/u5_note","18","-1486"
"consented_grp[1]/hc_grp[1]/hc1a","17","-1468"
"consented_grp[1]/hc_grp[1]/hc1b","13","-1452"
"consented_grp[1]/hc_grp[1]/hc2","7","-1439"
"consented_grp[1]/hc_grp[1]/hc3","25","-1432"
"consented_grp[1]/hc_grp[1]/hc4","25","-1410"
"consented_grp[1]/hc_grp[1]/hc5","4","-1392"
"consented_grp[1]/hc_grp[1]/hc6","5","-1389"
"consented_grp[1]/hc_grp[1]/hc7_grp[1]/hcf_note","46","-1385"
"consented_grp[1]/hc_grp[1]/hc7_grp[1]/hc7_label","46","-1385"
"consented_grp[1]/hc_grp[1]/hc7_grp[1]/hc7a","46","-1385"
"consented_grp[1]/hc_grp[1]/hc7_grp[1]/hc7b","46","-1385"
"consented_grp[1]/hc_grp[1]/hc7_grp[1]/hc7c","46","-1385"
"consented_grp[1]/hc_grp[1]/hc7_grp[1]/hc7d","46","-1385"
"consented_grp[1]/hc_grp[1]/hc7_grp[1]/hc7e","46","-1385"
"consented_grp[1]/hc_grp[1]/hc7_grp[1]/hc7f","46","-1385"
"consented_grp[1]/hc_grp[1]/hc7_grp[1]/hc7g","46","-1385"
"consented_grp[1]/hc_grp[1]/hc8","10","-1339"
"consented_grp[1]/hc_grp[1]/hc10_grp[1]/hc10_note","15","-1331"
"consented_grp[1]/hc_grp[1]/hc10_grp[1]/hc10_labels","15","-1331"
"consented_grp[1]/hc_grp[1]/hc10_grp[1]/hc10a","15","-1331"
"consented_grp[1]/hc_grp[1]/hc10_grp[1]/hc10b","15","-1331"
"consented_grp[1]/hc_grp[1]/hc10_grp[1]/hc10c","15","-1331"
"consented_grp[1]/hc_grp[1]/hc10_grp[1]/hc10d","15","-1331"
"consented_grp[1]/hc_grp[1]/hc10_grp[1]/hc10e","15","-1331"
"consented_grp[1]/hc_grp[1]/hc10_grp[1]/hc10f","15","-1331"
"consented_grp[1]/hc_grp[1]/hc10_grp[1]/hc10g","15","-1331"
"consented_grp[1]/hc_grp[1]/hc11","7","-1316"
"consented_grp[1]/hc_grp[1]/hc12","8","-1309"
"consented_grp[1]/hc_grp[1]/hc13","5","-1301"
"consented_grp[1]/hc_grp[1]/hc14","8","-1296"
"consented_grp[1]/hc_grp[1]/hc15","17","-1288"
"consented_grp[1]/hc_grp[1]/hc16_grp[1]/hc16a","4","-1271"
"consented_grp[1]/hc_grp[1]/hc16_grp[1]/hc16b","4","-1271"
"consented_grp[1]/hc_grp[1]/hc17","18","-1268"
"consented_grp[1]/hc_grp[1]/hc19","7","-1250"
"consented_grp[1]/st_intonote","4","-1243"
"consented_grp[1]/st_rpt[1]/st1a","15","-1239"
"consented_grp[1]/st_rpt[2]/st1a","16","-1224"
"consented_grp[1]/st_rpt[3]/st1a","15","-1208"
"consented_grp[1]/st_rpt[3]/st1b","4","-1193"
"consented_grp[1]/st_rpt[4]/st1a","5","-1189"
"consented_grp[1]/st_rpt[5]/st1a","27","-1184"
"consented_grp[1]/st_rpt[5]/st1_add_yn","15","-1159"
"consented_grp[1]/eu1","3","-1147"
"consented_grp[1]/eu2","2","-1144"
"consented_grp[1]/eu4_grp[1]/eu4","2","-1142"
"consented_grp[1]/eu5_grp[1]/eu5","3","-1140"
"consented_grp[1]/eu6","20","-1138"
"consented_grp[1]/eu9","19","-1120"
"consented_grp[1]/tn1","5","-1108"
"consented_grp[1]/tn2","3","-1104"
"consented_grp[1]/tn_rpt[1]/generated_note_name_438","2","-1101"
"consented_grp[1]/tn_rpt[1]/tn3","2","-1100"
"consented_grp[1]/tn_rpt[1]/tn4","37","-1098"
"consented_grp[1]/tn_rpt[1]/tn5","2","-1061"
"consented_grp[1]/tn_rpt[1]/tn10","2","-1059"
"consented_grp[1]/tn_rpt[1]/tn12","29","-1057"
"consented_grp[1]/tn_rpt[1]/tn12_osp","20","-1032"
"consented_grp[1]/tn_rpt[1]/tn13","4","-1013"
"consented_grp[1]/tn_rpt[1]/tn15","231","-1011"
"consented_grp[1]/tn_rpt[2]/generated_note_name_438","1","-742"
"consented_grp[1]/tn_rpt[2]/tn3","1","-741"
"consented_grp[1]/tn_rpt[2]/tn4","4","-740"
"consented_grp[1]/tn_rpt[2]/tn5","1","-735"
"consented_grp[1]/tn_rpt[2]/tn10","3","-734"
"consented_grp[1]/tn_rpt[2]/tn12","5","-731"
"consented_grp[1]/tn_rpt[2]/tn12_osp","4","-726"
"consented_grp[1]/tn_rpt[2]/tn13","2","-722"
"consented_grp[1]/tn_rpt[2]/tn15","3","-720"
"consented_grp[1]/irs1","16","-718"
"consented_grp[1]/ws1","4","-702"
"consented_grp[1]/ws3","2","-698"
"consented_grp[1]/ws4","14","-696"
"consented_grp[1]/ws5","8","-682"
"consented_grp[1]/ws6","16","-675"
"consented_grp[1]/ws7","11","-658"
"consented_grp[1]/ws9","9","-647"
"consented_grp[1]/ws11","11","-638"
"consented_grp[1]/ws14","2","-627"
"consented_grp[1]/ws15","6","-625"
"consented_grp[1]/ws16","2","-618"
"consented_grp[1]/hw1_grp[1]/hw1_note","15","-616"
"consented_grp[1]/hw1_grp[1]/hw1","15","-616"
"consented_grp[1]/hw5","5","-601"
"consented_grp[1]/death_note","16","-595"
"consented_grp[1]/dc0a","1","-579"
"consented_grp[1]/main_respondent","2","-578"
"consented_grp[1]/survey_language","2","-576"
"consented_grp[1]/survey_accomp","10","-574"
"gps_backup","12","-564"
"comments","44","-552"
