"Field name","Total duration (seconds)","First appeared (seconds into survey)"
"intro_note","1","1"
"enum_id","5","2"
"enum_confirm_grp[1]/enum_details","1","7"
"enum_confirm_grp[1]/enum_confirm","1","7"
"community_id","12","8"
"comm_confirm_grp[1]/comm_details","1","20"
"comm_confirm_grp[1]/comm_confirm","1","20"
"iw_iden_grp[1]/iw_id","29","22"
"iw_iden_grp[1]/iw_fullname","29","22"
"iw_iden_grp[1]/iw_age","29","22"
"wm8","1","51"
"wm9_grp[1]/wm9a","3","52"
"wm9_grp[1]/consent","3","52"
"consented_grp[1]/wb3_age_sel","1","55"
"consented_grp[1]/wb3_dob_dmy","38","57"
"consented_grp[1]/wb5","3","92"
"consented_grp[1]/wb5_grp[1]/wb6","3","97"
"consented_grp[1]/wb5_grp[1]/wb6a","2","100"
"consented_grp[1]/wb5_grp[1]/wb6b","1","102"
"consented_grp[1]/wb5_grp[1]/wb7","4","103"
"consented_grp[1]/wb5_grp[1]/wb10a","5","105"
"consented_grp[1]/wb5_grp[1]/wb10b","1","112"
"consented_grp[1]/wb5_grp[1]/wb12a","2","113"
"consented_grp[1]/wb5_grp[1]/wb12b","2","115"
"consented_grp[1]/wb15","8","117"
"consented_grp[1]/wb16_grp[1]/wb16a","8","125"
"consented_grp[1]/wb16_grp[1]/wb16_note","8","125"
"consented_grp[1]/wb16_grp[1]/wb16b","8","125"
"consented_grp[1]/wb17a","3","133"
"consented_grp[1]/wb17b","1","136"
"consented_grp[1]/wb18","2","137"
"consented_grp[1]/mt1","3","138"
"consented_grp[1]/mt2","9","142"
"consented_grp[1]/mt3","2","151"
"consented_grp[1]/mt4","9","153"
"consented_grp[1]/mt5","24","158"
"consented_grp[1]/mt9","3","186"
"consented_grp[1]/mt11","2","189"
"consented_grp[1]/mt12","7","191"
"consented_grp[1]/cm1","2","197"
"consented_grp[1]/cm2","2","199"
"consented_grp[1]/cm2_grp[1]/cm3","6","201"
"consented_grp[1]/cm2_grp[1]/cm4","6","201"
"consented_grp[1]/cm5","2","207"
"consented_grp[1]/cm5_grp[1]/cm6","18","209"
"consented_grp[1]/cm5_grp[1]/cm7","18","209"
"consented_grp[1]/cm8","3","227"
"consented_grp[1]/cm12","1","230"
"consented_grp[1]/bh0","1","232"
"consented_grp[1]/bh_rpt[1]/bh1","7","233"
"consented_grp[1]/bh_rpt[1]/bh2","2","240"
"consented_grp[1]/bh_rpt[1]/bh3","1","242"
"consented_grp[1]/bh_rpt[1]/bh4_age_sel","1","243"
"consented_grp[1]/bh_rpt[1]/bh4_dob_dmy","12","244"
"consented_grp[1]/bh_rpt[1]/bh5","2","256"
"consented_grp[1]/bh_rpt[1]/bh6","10","258"
"consented_grp[1]/bh_rpt[1]/bh7","2","268"
"consented_grp[1]/bh_rpt[1]/bh10","2","271"
"consented_grp[1]/bh_rpt[2]/bh1","23","272"
"consented_grp[1]/bh_rpt[2]/bh2","2","295"
"consented_grp[1]/bh_rpt[2]/bh3","2","296"
"consented_grp[1]/bh_rpt[2]/bh4_age_sel","2","298"
"consented_grp[1]/bh_rpt[2]/bh4_dob_dmy","14","302"
"consented_grp[1]/bh_rpt[2]/bh5","2","316"
"consented_grp[1]/bh_rpt[2]/bh6","5","318"
"consented_grp[1]/bh_rpt[2]/bh7","1","323"
"consented_grp[1]/bh_rpt[2]/bh10","1","324"
"consented_grp[1]/bh_rpt[3]/bh1","12","325"
"consented_grp[1]/bh_rpt[3]/bh2","1","338"
"consented_grp[1]/bh_rpt[3]/bh3","1","339"
"consented_grp[1]/bh_rpt[3]/bh4_age_sel","1","340"
"consented_grp[1]/bh_rpt[3]/bh4_dob_dmy","9","342"
"consented_grp[1]/bh_rpt[3]/bh5","2","351"
"consented_grp[1]/bh_rpt[3]/bh6","4","352"
"consented_grp[1]/bh_rpt[3]/bh7","2","356"
"consented_grp[1]/bh_rpt[3]/bh8","10","358"
"consented_grp[1]/bh_rpt[3]/bh10","1","367"
"consented_grp[1]/db2","7","369"
"consented_grp[1]/mn_rpt[1]/mn_grp[1]/mn2","9","370"
"consented_grp[1]/mn_rpt[1]/mn_grp[1]/mn3","20","384"
"consented_grp[1]/mn_rpt[1]/mn_grp[1]/mn4_grp[1]/mn4_a","10","386"
"consented_grp[1]/mn_rpt[1]/mn_grp[1]/mn4_grp[1]/mn4_b","10","386"
"consented_grp[1]/mn_rpt[1]/mn_grp[1]/mn5","22","411"
"consented_grp[1]/mn_rpt[1]/mn_grp[1]/mn6_grp[1]/mn6_note","17","436"
"consented_grp[1]/mn_rpt[1]/mn_grp[1]/mn6_grp[1]/mn6_label","17","436"
"consented_grp[1]/mn_rpt[1]/mn_grp[1]/mn6_grp[1]/mn6_a","17","436"
"consented_grp[1]/mn_rpt[1]/mn_grp[1]/mn6_grp[1]/mn6_b","17","436"
"consented_grp[1]/mn_rpt[1]/mn_grp[1]/mn6_grp[1]/mn6_c","17","436"
"consented_grp[1]/mn_rpt[1]/mn_grp[1]/mn7","16","445"
"consented_grp[1]/mn_rpt[1]/mn_grp[1]/mn8","2","469"
"consented_grp[1]/mn_rpt[1]/mn_grp[1]/mn9","4","472"
"consented_grp[1]/mn_rpt[1]/mn_grp[1]/mn16","9","475"
"consented_grp[1]/mn_rpt[1]/mn_grp[1]/mn17","14","478"
"consented_grp[1]/mn_rpt[1]/mn_grp[1]/mn18","2","499"
"consented_grp[1]/mn_rpt[1]/mn_grp[1]/mn19","7","501"
"consented_grp[1]/mn_rpt[1]/mn_grp[1]/mn20","4","508"
"consented_grp[1]/mn_rpt[1]/mn_grp[1]/mn21","4","512"
"consented_grp[1]/mn_rpt[1]/mn_grp[1]/mn23","10","515"
"consented_grp[1]/mn_rpt[1]/mn_grp[1]/mn24","2","525"
"consented_grp[1]/mn_rpt[1]/mn_grp[1]/mn25","1","527"
"consented_grp[1]/mn_rpt[1]/mn_grp[1]/mn26","24","528"
"consented_grp[1]/mn_rpt[1]/mn_grp[1]/mn30","1","552"
"consented_grp[1]/mn_rpt[1]/mn_grp[1]/mn31","10","554"
"consented_grp[1]/mn_rpt[1]/mn_grp[1]/mn32","6","563"
"consented_grp[1]/mn_rpt[1]/mn_grp[1]/mn33","2","569"
"consented_grp[1]/mn_rpt[1]/mn_grp[1]/mn34_grp[1]/mn34_a","5","571"
"consented_grp[1]/mn_rpt[1]/mn_grp[1]/mn34_grp[1]/mn34_b","5","571"
"consented_grp[1]/mn_rpt[1]/mn_grp[1]/mn35","4","576"
"consented_grp[1]/mn_rpt[1]/mn_grp[1]/mn36","2","580"
"consented_grp[1]/mn_rpt[1]/mn_grp[1]/mn36_grp[1]/mn37","11","582"
"consented_grp[1]/mn_rpt[1]/mn_grp[1]/mn36_grp[1]/mn37_units","11","582"
"consented_grp[1]/mn_rpt[1]/mn_grp[1]/mn38","13","593"
"consented_grp[1]/pn_rpt[1]/pn_grp[1]/pn_note","6","596"
"consented_grp[1]/pn_rpt[1]/pn_grp[1]/pn3_grp[1]/pn3","88","612"
"consented_grp[1]/pn_rpt[1]/pn_grp[1]/pn3_grp[1]/pn3_units","88","612"
"consented_grp[1]/pn_rpt[1]/pn_grp[1]/pn4_grp[1]/pn4_note","3","700"
"consented_grp[1]/pn_rpt[1]/pn_grp[1]/pn4_grp[1]/pn4","3","700"
"consented_grp[1]/pn_rpt[1]/pn_grp[1]/pn5_grp[1]/pm5_note","2","703"
"consented_grp[1]/pn_rpt[1]/pn_grp[1]/pn5_grp[1]/pn5","2","703"
"consented_grp[1]/pn_rpt[1]/pn_grp[1]/pn6_grp[1]/pn6_note","8","705"
"consented_grp[1]/pn_rpt[1]/pn_grp[1]/pn6_grp[1]/pn6","8","705"
"consented_grp[1]/pn_rpt[1]/pn_grp[1]/pn17","1","713"
"consented_grp[1]/pn_rpt[1]/pn_grp[1]/pn25_grp[1]/pn25_note","9","714"
"consented_grp[1]/pn_rpt[1]/pn_grp[1]/pn25_grp[1]/pn25_lab","9","714"
"consented_grp[1]/pn_rpt[1]/pn_grp[1]/pn25_grp[1]/pn25a","9","714"
"consented_grp[1]/pn_rpt[1]/pn_grp[1]/pn25_grp[1]/pn25b","9","714"
"consented_grp[1]/pn_rpt[1]/pn_grp[1]/pn25_grp[1]/pn25c","9","714"
"consented_grp[1]/pn_rpt[1]/pn_grp[1]/pn27","2","723"
"consented_grp[1]/pn_rpt[1]/pn_grp[1]/pn29a","1","725"
"consented_grp[1]/pn_rpt[1]/pn_grp[1]/pn30","4","726"
"consented_grp[1]/cp1_grp[1]/cp1_note","17","731"
"consented_grp[1]/cp1_grp[1]/cp1","17","731"
"consented_grp[1]/cp2_grp[1]/cp2_note","20","748"
"consented_grp[1]/cp2_grp[1]/cp2","20","748"
"consented_grp[1]/cp4","2","758"
"consented_grp[1]/cp3","20","764"
"consented_grp[1]/un7","10","790"
"consented_grp[1]/un8_grp[1]/un8","12","793"
"consented_grp[1]/un8_grp[1]/un8_units","12","793"
"consented_grp[1]/ma1","5","812"
"consented_grp[1]/ma2","6","817"
"consented_grp[1]/ma3","23","823"
"consented_grp[1]/ma7","12","846"
"consented_grp[1]/ma8a","28","858"
"consented_grp[1]/ma11a","32","886"
"consented_grp[1]/af_grp[1]/af2","10","916"
"consented_grp[1]/af_grp[1]/af3","4","920"
"consented_grp[1]/af_grp[1]/af4","3","931"
"consented_grp[1]/af_grp[1]/af6b","1","935"
"consented_grp[1]/af_grp[1]/af8b","1","936"
"consented_grp[1]/af_grp[1]/af9","3","937"
"consented_grp[1]/af_grp[1]/af10","2","940"
"consented_grp[1]/af_grp[1]/af11","3","941"
"consented_grp[1]/af_grp[1]/af12","10","944"
"consented_grp[1]/ls1_grp[1]/ls_note","16","954"
"consented_grp[1]/ls1_grp[1]/ls1","16","954"
"consented_grp[1]/ls2_grp[1]/ls2_note","14","970"
"consented_grp[1]/ls2_grp[1]/ls2","14","970"
"consented_grp[1]/ls3","2","984"
"consented_grp[1]/ls4","10","986"
"consented_grp[1]/survey_language","7","988"
"consented_grp[1]/survey_accomp","1","1002"
"consented_grp[1]/survey_accomp_enum","8","1004"
"consented_grp[1]/comment","1","1012"
