"Field name","Total duration (seconds)","First appeared (seconds into survey)"
"intro_note","1","2"
"enum_id","9","3"
"enum_confirm_grp[1]/enum_details","10","11"
"enum_confirm_grp[1]/enum_confirm","10","11"
"community_id","12","22"
"comm_confirm_grp[1]/comm_details","1","34"
"comm_confirm_grp[1]/comm_confirm","1","34"
"u5_iden_grp[1]/u5_id","79","35"
"u5_iden_grp[1]/u5_fullname","79","35"
"u5_iden_grp[1]/u5_age","79","35"
"u5_iden_grp[1]/u5_ct_id","79","35"
"u5_iden_grp[1]/u5_ct_fullname","79","35"
"uf9","6","114"
"consent_grp[1]/consent","4","120"
"consented_grp[1]/ub0","53","124"
"consented_grp[1]/ub1_age_sel","4","177"
"consented_grp[1]/ub1_dob_dmy","17","181"
"consented_grp[1]/ub5","10","198"
"consented_grp[1]/ub6","1","201"
"consented_grp[1]/ub8b","6","209"
"consented_grp[1]/ub9","4","215"
"consented_grp[1]/br1","13","219"
"consented_grp[1]/br2","9","228"
"consented_grp[1]/ec1","8","233"
"consented_grp[1]/ec2_grp[1]/generated_note_name_108","82","237"
"consented_grp[1]/ec2_grp[1]/ec2_label","82","237"
"consented_grp[1]/ec2_grp[1]/ec2a","82","237"
"consented_grp[1]/ec2_grp[1]/ec2b","82","237"
"consented_grp[1]/ec2_grp[1]/ec2c","82","237"
"consented_grp[1]/ec3_grp[1]/generated_note_name_115","22","331"
"consented_grp[1]/ec3_grp[1]/ec3a","22","331"
"consented_grp[1]/ec3_grp[1]/ec3b","22","331"
"consented_grp[1]/ec5_grp[1]/ec5","18","353"
"consented_grp[1]/ec5_grp[1]/ec5_label","18","353"
"consented_grp[1]/ec5_grp[1]/ec5a","18","353"
"consented_grp[1]/ec5_grp[1]/ec5b","18","353"
"consented_grp[1]/ec5_grp[1]/ec5c","18","353"
"consented_grp[1]/ec5_grp[1]/ec5d","18","353"
"consented_grp[1]/ec5_grp[1]/ec5e","18","353"
"consented_grp[1]/ec5_grp[1]/ec5f","18","353"
"consented_grp[1]/ec6_grp[1]/ec6_note","9","370"
"consented_grp[1]/ec6_grp[1]/ec6","9","370"
"consented_grp[1]/ec7","11","379"
"consented_grp[1]/ec8","9","390"
"consented_grp[1]/ec9","5","399"
"consented_grp[1]/ec10","5","405"
"consented_grp[1]/ec11","7","409"
"consented_grp[1]/ec12","7","416"
"consented_grp[1]/ec13","5","422"
"consented_grp[1]/ec14","3","427"
"consented_grp[1]/ec15","4","430"
"consented_grp[1]/ucd2_grp[1]/ucd2_note","74","434"
"consented_grp[1]/ucd2_grp[1]/ucb2_label","74","434"
"consented_grp[1]/ucd2_grp[1]/ucd2a","74","434"
"consented_grp[1]/ucd2_grp[1]/ucb2b","74","434"
"consented_grp[1]/ucd2_grp[1]/ucb2c","74","434"
"consented_grp[1]/ucd2_grp[1]/ucb2d","74","434"
"consented_grp[1]/ucd2_grp[1]/ucb2e","74","434"
"consented_grp[1]/ucd2_grp[1]/ucb2f","74","434"
"consented_grp[1]/ucd2_grp[1]/ucb2g","74","434"
"consented_grp[1]/ucd2_grp[1]/ucb2h","74","434"
"consented_grp[1]/ucd2_grp[1]/ucb2i","74","434"
"consented_grp[1]/ucd2_grp[1]/ucb2j","74","434"
"consented_grp[1]/ucd3","15","508"
"consented_grp[1]/ucf_grp[1]/ucf2_grp[1]/ucf2_note","15","522"
"consented_grp[1]/ucf_grp[1]/ucf2_grp[1]/ucf2_label","15","522"
"consented_grp[1]/ucf_grp[1]/ucf2_grp[1]/ucf2","15","522"
"consented_grp[1]/ucf_grp[1]/ucf2_grp[1]/ucf3","15","522"
"consented_grp[1]/ucf_grp[1]/ucf2_grp[1]/ucf4","15","522"
"consented_grp[1]/ucf_grp[1]/ucf5","2","538"
"consented_grp[1]/ucf_grp[1]/ucf7b","4","540"
"consented_grp[1]/ucf_grp[1]/ucf9b","3","543"
"consented_grp[1]/ucf_grp[1]/ucf13","7","546"
"consented_grp[1]/ucf_grp[1]/ucf14","2","554"
"consented_grp[1]/ucf_grp[1]/ucf15","2","556"
"consented_grp[1]/ucf_grp[1]/ucf16","2","558"
"consented_grp[1]/ucf_grp[1]/ucf17","2","559"
"consented_grp[1]/ucf_grp[1]/ucf18","2","561"
"consented_grp[1]/ucf_grp[1]/ucf19","5","563"
"consented_grp[1]/im2","5","568"
"consented_grp[1]/im5","15","573"
"consented_grp[1]/im6_note","1","587"
"consented_grp[1]/im6_rpt[1]/im6","3","589"
"consented_grp[1]/im6_rpt[1]/im6a","20","591"
"consented_grp[1]/im6_rpt[2]/im6","2","612"
"consented_grp[1]/im6_rpt[2]/im6a","17","614"
"consented_grp[1]/im6_rpt[3]/im6","2","631"
"consented_grp[1]/im6_rpt[3]/im6a","13","633"
"consented_grp[1]/im6_rpt[4]/im6","2","646"
"consented_grp[1]/im6_rpt[4]/im6a","13","648"
"consented_grp[1]/im6_rpt[5]/im6","2","662"
"consented_grp[1]/im6_rpt[5]/im6a","11","664"
"consented_grp[1]/im6_rpt[6]/im6","2","674"
"consented_grp[1]/im6_rpt[6]/im6a","13","676"
"consented_grp[1]/im6_rpt[7]/im6","8","688"
"consented_grp[1]/im6_rpt[7]/im6a","27","691"
"consented_grp[1]/im6_rpt[8]/im6","2","725"
"consented_grp[1]/im6_rpt[8]/im6a","9","726"
"consented_grp[1]/im6_rpt[9]/im6","2","735"
"consented_grp[1]/im6_rpt[9]/im6a","10","737"
"consented_grp[1]/im6_rpt[10]/im6","2","747"
"consented_grp[1]/im6_rpt[10]/im6a","11","749"
"consented_grp[1]/im6_rpt[11]/im6","4","760"
"consented_grp[1]/im6_rpt[11]/im6a","30","762"
"consented_grp[1]/im6_rpt[12]/im6","10","772"
"consented_grp[1]/im6_rpt[12]/im6a","9","804"
"consented_grp[1]/im6_rpt[13]/im6","2","813"
"consented_grp[1]/im6_rpt[13]/im6a","9","815"
"consented_grp[1]/im6_rpt[14]/im6","3","823"
"consented_grp[1]/im6_rpt[14]/im6a","27","827"
"consented_grp[1]/im6_rpt[15]/im6","6","846"
"consented_grp[1]/im6_rpt[15]/im6a","18","849"
"consented_grp[1]/im8_im27_grp[1]/im8_grp[1]/im8_note","12","878"
"consented_grp[1]/im8_im27_grp[1]/im8_grp[1]/im8_label","12","878"
"consented_grp[1]/im8_im27_grp[1]/im8_grp[1]/im8a","12","878"
"consented_grp[1]/im8_im27_grp[1]/im8_grp[1]/im8b","12","878"
"consented_grp[1]/im8_im27_grp[1]/im8_grp[1]/im8c","12","878"
"consented_grp[1]/im8_im27_grp[1]/im8_grp[1]/im8d","12","878"
"consented_grp[1]/im8_im27_grp[1]/im9","2","890"
"consented_grp[1]/ca1","9","892"
"consented_grp[1]/ca14","2","901"
"consented_grp[1]/ca16","2","903"
"consented_grp[1]/ca17","2","904"
"consented_grp[1]/gps_backup","47","906"
"comments","7","933"
