"Field name","Total duration (seconds)","First appeared (seconds into survey)"
"intro_note","1","1"
"enum_id","5","3"
"enum_confirm_grp[1]/enum_details","1","8"
"enum_confirm_grp[1]/enum_confirm","1","8"
"community_id","7","9"
"comm_confirm_grp[1]/comm_details","1","16"
"comm_confirm_grp[1]/comm_confirm","1","16"
"u5_iden_grp[1]/u5_id","45","17"
"u5_iden_grp[1]/u5_fullname","45","17"
"u5_iden_grp[1]/u5_age","45","17"
"u5_iden_grp[1]/u5_ct_id","45","17"
"u5_iden_grp[1]/u5_ct_fullname","45","17"
"uf9","2","62"
"consent_grp[1]/consent","3","64"
"consented_grp[1]/ub0","1","66"
"consented_grp[1]/ub1_age_sel","1","67"
"consented_grp[1]/ub1_dob_dmy","14","69"
"consented_grp[1]/ub5","10","83"
"consented_grp[1]/ub8b","5","88"
"consented_grp[1]/ub9","4","92"
"consented_grp[1]/ub6","9","98"
"consented_grp[1]/ub7","13","102"
"consented_grp[1]/br1","9","124"
"consented_grp[1]/ec1","7","133"
"consented_grp[1]/ec2_grp[1]/generated_note_name_108","12","140"
"consented_grp[1]/ec2_grp[1]/ec2_label","12","140"
"consented_grp[1]/ec2_grp[1]/ec2a","12","140"
"consented_grp[1]/ec2_grp[1]/ec2b","12","140"
"consented_grp[1]/ec2_grp[1]/ec2c","12","140"
"consented_grp[1]/ec3_grp[1]/generated_note_name_115","21","151"
"consented_grp[1]/ec3_grp[1]/ec3a","21","151"
"consented_grp[1]/ec3_grp[1]/ec3b","21","151"
"consented_grp[1]/ec5_grp[1]/ec5","46","172"
"consented_grp[1]/ec5_grp[1]/ec5_label","46","172"
"consented_grp[1]/ec5_grp[1]/ec5a","46","172"
"consented_grp[1]/ec5_grp[1]/ec5b","46","172"
"consented_grp[1]/ec5_grp[1]/ec5c","46","172"
"consented_grp[1]/ec5_grp[1]/ec5d","46","172"
"consented_grp[1]/ec5_grp[1]/ec5e","46","172"
"consented_grp[1]/ec5_grp[1]/ec5f","46","172"
"consented_grp[1]/ec6_grp[1]/ec6_note","23","218"
"consented_grp[1]/ec6_grp[1]/ec6","23","218"
"consented_grp[1]/ec7","12","241"
"consented_grp[1]/ec8","9","253"
"consented_grp[1]/ec9","7","262"
"consented_grp[1]/ec10","14","269"
"consented_grp[1]/ec11","9","283"
"consented_grp[1]/ec12","5","292"
"consented_grp[1]/ec13","4","296"
"consented_grp[1]/ec14","12","301"
"consented_grp[1]/ec15","14","312"
"consented_grp[1]/ucd2_grp[1]/ucd2_note","80","326"
"consented_grp[1]/ucd2_grp[1]/ucb2_label","80","326"
"consented_grp[1]/ucd2_grp[1]/ucd2a","80","326"
"consented_grp[1]/ucd2_grp[1]/ucb2b","80","326"
"consented_grp[1]/ucd2_grp[1]/ucb2c","80","326"
"consented_grp[1]/ucd2_grp[1]/ucb2d","80","326"
"consented_grp[1]/ucd2_grp[1]/ucb2e","80","326"
"consented_grp[1]/ucd2_grp[1]/ucb2f","80","326"
"consented_grp[1]/ucd2_grp[1]/ucb2g","80","326"
"consented_grp[1]/ucd2_grp[1]/ucb2h","80","326"
"consented_grp[1]/ucd2_grp[1]/ucb2i","80","326"
"consented_grp[1]/ucd2_grp[1]/ucb2j","80","326"
"consented_grp[1]/ucd3","25","406"
"consented_grp[1]/ucf_grp[1]/ucf2_grp[1]/ucf2_note","17","431"
"consented_grp[1]/ucf_grp[1]/ucf2_grp[1]/ucf2_label","17","431"
"consented_grp[1]/ucf_grp[1]/ucf2_grp[1]/ucf2","17","431"
"consented_grp[1]/ucf_grp[1]/ucf2_grp[1]/ucf3","17","431"
"consented_grp[1]/ucf_grp[1]/ucf2_grp[1]/ucf4","17","431"
"consented_grp[1]/ucf_grp[1]/ucf5","5","448"
"consented_grp[1]/ucf_grp[1]/ucf7b","4","453"
"consented_grp[1]/ucf_grp[1]/ucf9b","2","457"
"consented_grp[1]/ucf_grp[1]/ucf13","11","458"
"consented_grp[1]/ucf_grp[1]/ucf14","6","469"
"consented_grp[1]/ucf_grp[1]/ucf15","5","475"
"consented_grp[1]/ucf_grp[1]/ucf16","5","480"
"consented_grp[1]/ucf_grp[1]/ucf17","7","485"
"consented_grp[1]/ucf_grp[1]/ucf18","5","492"
"consented_grp[1]/ucf_grp[1]/ucf19","28","497"
"consented_grp[1]/im2","2","525"
"consented_grp[1]/im5","2","527"
"consented_grp[1]/im6_note","1","529"
"consented_grp[1]/im6_rpt[1]/im6","2","530"
"consented_grp[1]/im6_rpt[1]/im6a","11","532"
"consented_grp[1]/im6_rpt[2]/im6","2","544"
"consented_grp[1]/im6_rpt[2]/im6a","8","545"
"consented_grp[1]/im6_rpt[3]/im6","1","553"
"consented_grp[1]/im6_rpt[3]/im6a","11","554"
"consented_grp[1]/im6_rpt[4]/im6","2","565"
"consented_grp[1]/im6_rpt[4]/im6a","7","567"
"consented_grp[1]/im6_rpt[5]/im6","1","574"
"consented_grp[1]/im6_rpt[5]/im6a","7","575"
"consented_grp[1]/im6_rpt[6]/im6","2","582"
"consented_grp[1]/im6_rpt[6]/im6a","7","584"
"consented_grp[1]/im6_rpt[7]/im6","2","591"
"consented_grp[1]/im6_rpt[7]/im6a","8","593"
"consented_grp[1]/im6_rpt[8]/im6","1","601"
"consented_grp[1]/im6_rpt[8]/im6a","9","602"
"consented_grp[1]/im6_rpt[9]/im6","3","610"
"consented_grp[1]/im6_rpt[9]/im6a","10","612"
"consented_grp[1]/im6_rpt[10]/im6","2","625"
"consented_grp[1]/im6_rpt[10]/im6a","9","627"
"consented_grp[1]/im6_rpt[11]/im6","2","635"
"consented_grp[1]/im6_rpt[11]/im6a","7","638"
"consented_grp[1]/im6_rpt[12]/im6","2","645"
"consented_grp[1]/im6_rpt[12]/im6a","8","647"
"consented_grp[1]/im6_rpt[13]/im6","2","654"
"consented_grp[1]/im6_rpt[13]/im6a","7","656"
"consented_grp[1]/im6_rpt[14]/im6","2","663"
"consented_grp[1]/im6_rpt[14]/im6a","10","665"
"consented_grp[1]/im6_rpt[15]/im6","2","676"
"consented_grp[1]/im6_rpt[15]/im6a","8","677"
"consented_grp[1]/im8_im27_grp[1]/im8_grp[1]/im8_note","18","686"
"consented_grp[1]/im8_im27_grp[1]/im8_grp[1]/im8_label","18","686"
"consented_grp[1]/im8_im27_grp[1]/im8_grp[1]/im8a","18","686"
"consented_grp[1]/im8_im27_grp[1]/im8_grp[1]/im8b","18","686"
"consented_grp[1]/im8_im27_grp[1]/im8_grp[1]/im8c","18","686"
"consented_grp[1]/im8_im27_grp[1]/im8_grp[1]/im8d","18","686"
"consented_grp[1]/im8_im27_grp[1]/im9","2","704"
"consented_grp[1]/ca1","6","706"
"consented_grp[1]/ca14","6","712"
"consented_grp[1]/ca16","9","717"
"consented_grp[1]/ca15","5","722"
"consented_grp[1]/ca17","5","732"
"consented_grp[1]/ca20","5","737"
"consented_grp[1]/ca21","20","742"
"consented_grp[1]/ca22","3","762"
"consented_grp[1]/gps_backup","3","765"
"comments","5","768"
