"Field name","Total duration (seconds)","First appeared (seconds into survey)"
"intro_note","1","15"
"enum_id","5","17"
"enum_confirm_grp[1]/enum_details","1","22"
"enum_confirm_grp[1]/enum_confirm","1","22"
"community_id","6","23"
"comm_confirm_grp[1]/comm_details","1","29"
"comm_confirm_grp[1]/comm_confirm","1","29"
"iw_iden_grp[1]/iw_id","20","30"
"iw_iden_grp[1]/iw_fullname","20","30"
"iw_iden_grp[1]/iw_age","20","30"
"wm8","1","50"
"wm9_grp[1]/wm9b","5","51"
"wm9_grp[1]/consent","5","51"
"consented_grp[1]/wb3_age_sel","2","56"
"consented_grp[1]/wb3_dob_dmy","53","58"
"consented_grp[1]/age_correct_info","5","85"
"consented_grp[1]/wb5","2","116"
"consented_grp[1]/wb5_grp[1]/wb6","4","118"
"consented_grp[1]/wb5_grp[1]/wb6a","2","123"
"consented_grp[1]/wb5_grp[1]/wb6b","2","124"
"consented_grp[1]/wb5_grp[1]/wb7","1","126"
"consented_grp[1]/wb5_grp[1]/wb10a","2","127"
"consented_grp[1]/wb5_grp[1]/wb10b","1","129"
"consented_grp[1]/wb5_grp[1]/wb12a","1","130"
"consented_grp[1]/wb5_grp[1]/wb12b","1","132"
"consented_grp[1]/wb15","15","132"
"consented_grp[1]/wb18","2","148"
"consented_grp[1]/mt1","1","150"
"consented_grp[1]/mt2","1","151"
"consented_grp[1]/mt3","1","152"
"consented_grp[1]/mt4","4","154"
"consented_grp[1]/mt9","1","155"
"consented_grp[1]/mt11","3","157"
"consented_grp[1]/mt12","3","159"
"consented_grp[1]/cm1","2","164"
"consented_grp[1]/cm2","2","166"
"consented_grp[1]/cm2_grp[1]/cm3","3","168"
"consented_grp[1]/cm2_grp[1]/cm4","3","168"
"consented_grp[1]/cm5","4","171"
"consented_grp[1]/cm8","3","175"
"consented_grp[1]/cm12","2","178"
"consented_grp[1]/bh0","1","180"
"consented_grp[1]/bh_rpt[1]/bh1","10","181"
"consented_grp[1]/bh_rpt[1]/bh2","1","191"
"consented_grp[1]/bh_rpt[1]/bh3","1","192"
"consented_grp[1]/bh_rpt[1]/bh4_age_sel","9","193"
"consented_grp[1]/bh_rpt[1]/bh4_dob_dmy","25","202"
"consented_grp[1]/bh_rpt[1]/bh5","4","212"
"consented_grp[1]/bh_rpt[1]/bh6","4","213"
"consented_grp[1]/bh_rpt[1]/bh7","4","215"
"consented_grp[1]/bh_rpt[1]/bh8","10","217"
"consented_grp[1]/bh_rpt[1]/bh10","4","224"
"consented_grp[1]/bh_rpt[2]/bh1","12","226"
"consented_grp[1]/bh_rpt[2]/bh2","3","235"
"consented_grp[1]/bh_rpt[2]/bh3","3","236"
"consented_grp[1]/bh_rpt[2]/bh4_age_sel","26","238"
"consented_grp[1]/bh_rpt[2]/bh4_dob_dmy","9","239"
"consented_grp[1]/bh_rpt[2]/bh5","1","305"
"consented_grp[1]/bh_rpt[2]/bh6","2","306"
"consented_grp[1]/bh_rpt[2]/bh7","1","309"
"consented_grp[1]/bh_rpt[2]/bh8","4","310"
"consented_grp[1]/bh_rpt[2]/bh10","1","314"
"consented_grp[1]/db2","3","315"
"consented_grp[1]/mn_rpt[1]/mn_grp[1]/mn2","5","318"
"consented_grp[1]/mn_rpt[1]/mn_grp[1]/mn3","2","323"
"consented_grp[1]/mn_rpt[1]/mn_grp[1]/mn4_grp[1]/mn4_a","6","324"
"consented_grp[1]/mn_rpt[1]/mn_grp[1]/mn4_grp[1]/mn4_b","6","324"
"consented_grp[1]/mn_rpt[1]/mn_grp[1]/mn5","12","330"
"consented_grp[1]/mn_rpt[1]/mn_grp[1]/mn6_grp[1]/mn6_note","3","343"
"consented_grp[1]/mn_rpt[1]/mn_grp[1]/mn6_grp[1]/mn6_label","3","343"
"consented_grp[1]/mn_rpt[1]/mn_grp[1]/mn6_grp[1]/mn6_a","3","343"
"consented_grp[1]/mn_rpt[1]/mn_grp[1]/mn6_grp[1]/mn6_b","3","343"
"consented_grp[1]/mn_rpt[1]/mn_grp[1]/mn6_grp[1]/mn6_c","3","343"
"consented_grp[1]/mn_rpt[1]/mn_grp[1]/mn7","2","346"
"consented_grp[1]/mn_rpt[1]/mn_grp[1]/mn8","5","348"
"consented_grp[1]/mn_rpt[1]/mn_grp[1]/mn9","2","352"
"consented_grp[1]/mn_rpt[1]/mn_grp[1]/mn16","1","354"
"consented_grp[1]/mn_rpt[1]/mn_grp[1]/mn17","1","355"
"consented_grp[1]/mn_rpt[1]/mn_grp[1]/mn18","2","357"
"consented_grp[1]/mn_rpt[1]/mn_grp[1]/mn19","1","358"
"consented_grp[1]/mn_rpt[1]/mn_grp[1]/mn20","4","359"
"consented_grp[1]/mn_rpt[1]/mn_grp[1]/mn21","3","362"
"consented_grp[1]/mn_rpt[1]/mn_grp[1]/mn23","6","367"
"consented_grp[1]/mn_rpt[1]/mn_grp[1]/mn24","8","372"
"consented_grp[1]/mn_rpt[1]/mn_grp[1]/mn25","6","374"
"consented_grp[1]/mn_rpt[1]/mn_grp[1]/mn26","36","387"
"consented_grp[1]/mn_rpt[1]/mn_grp[1]/mn30","8","422"
"consented_grp[1]/mn_rpt[1]/mn_grp[1]/mn31","1","431"
"consented_grp[1]/mn_rpt[1]/mn_grp[1]/mn32","8","432"
"consented_grp[1]/mn_rpt[1]/mn_grp[1]/mn33","1","439"
"consented_grp[1]/mn_rpt[1]/mn_grp[1]/mn34_grp[1]/mn34_a","4","441"
"consented_grp[1]/mn_rpt[1]/mn_grp[1]/mn34_grp[1]/mn34_b","4","441"
"consented_grp[1]/mn_rpt[1]/mn_grp[1]/mn35","4","444"
"consented_grp[1]/mn_rpt[1]/mn_grp[1]/mn36","3","449"
"consented_grp[1]/mn_rpt[1]/mn_grp[1]/mn36_grp[1]/mn37","21","451"
"consented_grp[1]/mn_rpt[1]/mn_grp[1]/mn36_grp[1]/mn37_units","21","451"
"consented_grp[1]/mn_rpt[1]/mn_grp[1]/mn38","3","473"
"consented_grp[1]/pn_rpt[1]/pn_grp[1]/pn_note","1","476"
"consented_grp[1]/pn_rpt[1]/pn_grp[1]/pn3_grp[1]/pn3","5","477"
"consented_grp[1]/pn_rpt[1]/pn_grp[1]/pn3_grp[1]/pn3_units","5","477"
"consented_grp[1]/pn_rpt[1]/pn_grp[1]/pn4_grp[1]/pn4_note","2","482"
"consented_grp[1]/pn_rpt[1]/pn_grp[1]/pn4_grp[1]/pn4","2","482"
"consented_grp[1]/pn_rpt[1]/pn_grp[1]/pn5_grp[1]/pm5_note","2","484"
"consented_grp[1]/pn_rpt[1]/pn_grp[1]/pn5_grp[1]/pn5","2","484"
"consented_grp[1]/pn_rpt[1]/pn_grp[1]/pn6_grp[1]/pn6_note","2","485"
"consented_grp[1]/pn_rpt[1]/pn_grp[1]/pn6_grp[1]/pn6","2","485"
"consented_grp[1]/pn_rpt[1]/pn_grp[1]/pn17","1","487"
"consented_grp[1]/pn_rpt[1]/pn_grp[1]/pn25_grp[1]/pn25_note","3","488"
"consented_grp[1]/pn_rpt[1]/pn_grp[1]/pn25_grp[1]/pn25_lab","3","488"
"consented_grp[1]/pn_rpt[1]/pn_grp[1]/pn25_grp[1]/pn25a","3","488"
"consented_grp[1]/pn_rpt[1]/pn_grp[1]/pn25_grp[1]/pn25b","3","488"
"consented_grp[1]/pn_rpt[1]/pn_grp[1]/pn25_grp[1]/pn25c","3","488"
"consented_grp[1]/pn_rpt[1]/pn_grp[1]/pn27","2","492"
"consented_grp[1]/pn_rpt[1]/pn_grp[1]/pn29a","3","494"
"consented_grp[1]/pn_rpt[1]/pn_grp[1]/pn30","3","496"
"consented_grp[1]/cp1_grp[1]/cp1_note","2","499"
"consented_grp[1]/cp1_grp[1]/cp1","2","499"
"consented_grp[1]/cp2_grp[1]/cp2_note","7","501"
"consented_grp[1]/cp2_grp[1]/cp2","7","501"
"consented_grp[1]/cp3","3","508"
"consented_grp[1]/un7","2","510"
"consented_grp[1]/un8_grp[1]/un8","9","513"
"consented_grp[1]/un8_grp[1]/un8_units","9","513"
"consented_grp[1]/ma1","7","522"
"consented_grp[1]/ma2","5","528"
"consented_grp[1]/ma3","5","533"
"consented_grp[1]/ma7","2","538"
"consented_grp[1]/ma8a","102","540"
"consented_grp[1]/ma11a","11","642"
"consented_grp[1]/af_grp[1]/af2","1","653"
"consented_grp[1]/af_grp[1]/af3","2","654"
"consented_grp[1]/af_grp[1]/af4","1","656"
"consented_grp[1]/af_grp[1]/af6b","1","658"
"consented_grp[1]/af_grp[1]/af8b","1","659"
"consented_grp[1]/af_grp[1]/af9","1","660"
"consented_grp[1]/af_grp[1]/af10","1","661"
"consented_grp[1]/af_grp[1]/af11","1","662"
"consented_grp[1]/af_grp[1]/af12","1","663"
"consented_grp[1]/ls1_grp[1]/ls_note","3","664"
"consented_grp[1]/ls1_grp[1]/ls1","3","664"
"consented_grp[1]/ls2_grp[1]/ls2_note","3","667"
"consented_grp[1]/ls2_grp[1]/ls2","3","667"
"consented_grp[1]/ls3","2","671"
"consented_grp[1]/ls4","1","673"
"consented_grp[1]/survey_language","1","674"
"consented_grp[1]/survey_accomp","5","676"
"consented_grp[1]/survey_accomp_enum","1","677"
"consented_grp[1]/comment","3","682"
