"Field name","Total duration (seconds)","First appeared (seconds into survey)"
"intro_note","1","2"
"enum_id","7","3"
"enum_confirm_grp[1]/enum_details","1","10"
"enum_confirm_grp[1]/enum_confirm","1","10"
"community_id","19","11"
"comm_confirm_grp[1]/comm_details","1","30"
"comm_confirm_grp[1]/comm_confirm","1","30"
"hhid_grp[1]/hhid_instruction","34","31"
"hhid_grp[1]/hhid_struct_num","34","31"
"hhid_grp[1]/hhid_hh_num","34","31"
"hhid_confirm_grp[1]/hhid_details","1","65"
"hhid_confirm_grp[1]/hhid_confirm","1","65"
"consent_grp[1]/consent_instr","246","66"
"consent_grp[1]/consent","246","66"
"consented_grp[1]/hh_note","2","312"
"consented_grp[1]/hhm_cnt","35","314"
"consented_grp[1]/rooster_note","2","349"
"consented_grp[1]/hhm_rpt[1]/hhmemb_info[1]/fmemb_name_grp[1]/fmemb_fn","34","351"
"consented_grp[1]/hhm_rpt[1]/hhmemb_info[1]/fmemb_name_grp[1]/fmemb_sn","34","351"
"consented_grp[1]/hhm_rpt[1]/hhmemb_info[1]/fmemb_name_grp[1]/fmemb_popn","34","351"
"consented_grp[1]/hhm_rpt[1]/hhmemb_info[1]/hl3","3","384"
"consented_grp[1]/hhm_rpt[1]/hhmemb_info[1]/hl4","2","387"
"consented_grp[1]/hhm_rpt[1]/hhmemb_info[1]/hl5_age_sel","3","390"
"consented_grp[1]/hhm_rpt[1]/hhmemb_info[1]/hl6_age_est","4","392"
"consented_grp[1]/hhm_rpt[1]/hhmemb_info[1]/hl7","4","396"
"consented_grp[1]/hhm_rpt[1]/ed4","3","400"
"consented_grp[1]/hhm_rpt[1]/hhm_add_grp[1]/hhm_add_note","2","403"
"consented_grp[1]/hhm_rpt[1]/hhm_add_grp[1]/hhm_add_yn","2","403"
"consented_grp[1]/hhm_rpt[2]/hhmemb_info[1]/fmemb_name_grp[1]/fmemb_fn","16","404"
"consented_grp[1]/hhm_rpt[2]/hhmemb_info[1]/fmemb_name_grp[1]/fmemb_sn","16","404"
"consented_grp[1]/hhm_rpt[2]/hhmemb_info[1]/fmemb_name_grp[1]/fmemb_popn","16","404"
"consented_grp[1]/hhm_rpt[2]/hhmemb_info[1]/hl3","2","421"
"consented_grp[1]/hhm_rpt[2]/hhmemb_info[1]/hl4","6","423"
"consented_grp[1]/hhm_rpt[2]/hhmemb_info[1]/hl5_age_sel","12","428"
"consented_grp[1]/hhm_rpt[2]/hhmemb_info[1]/hl6_age_est","2","440"
"consented_grp[1]/hhm_rpt[2]/hhmemb_info[1]/hl7","3","442"
"consented_grp[1]/hhm_rpt[2]/ed4","2","444"
"consented_grp[1]/hhm_rpt[2]/hhm_add_grp[1]/hhm_add_note","10","446"
"consented_grp[1]/hhm_rpt[2]/hhm_add_grp[1]/hhm_add_yn","10","446"
"consented_grp[1]/hhm_rpt[3]/hhmemb_info[1]/fmemb_name_grp[1]/fmemb_fn","44","454"
"consented_grp[1]/hhm_rpt[3]/hhmemb_info[1]/fmemb_name_grp[1]/fmemb_sn","44","454"
"consented_grp[1]/hhm_rpt[3]/hhmemb_info[1]/fmemb_name_grp[1]/fmemb_popn","44","454"
"consented_grp[1]/hhm_rpt[3]/hhmemb_info[1]/hl3","7","501"
"consented_grp[1]/hhm_rpt[3]/hhmemb_info[1]/hl4","2","508"
"consented_grp[1]/hhm_rpt[3]/hhmemb_info[1]/hl5_age_sel","9","510"
"consented_grp[1]/hhm_rpt[3]/hhmemb_info[1]/hl6_age_est","2","519"
"consented_grp[1]/hhm_rpt[3]/hhmemb_info[1]/hl7","3","521"
"consented_grp[1]/hhm_rpt[3]/ed4","2","524"
"consented_grp[1]/hhm_rpt[3]/ed9","2","526"
"consented_grp[1]/hhm_rpt[3]/ed15","1","529"
"consented_grp[1]/hhm_rpt[3]/hhm_add_grp[1]/hhm_add_note","3","530"
"consented_grp[1]/hhm_rpt[3]/hhm_add_grp[1]/hhm_add_yn","3","530"
"consented_grp[1]/hhm_rpt[4]/hhmemb_info[1]/fmemb_name_grp[1]/fmemb_fn","27","534"
"consented_grp[1]/hhm_rpt[4]/hhmemb_info[1]/fmemb_name_grp[1]/fmemb_sn","27","534"
"consented_grp[1]/hhm_rpt[4]/hhmemb_info[1]/fmemb_name_grp[1]/fmemb_popn","27","534"
"consented_grp[1]/hhm_rpt[4]/hhmemb_info[1]/hl3","5","560"
"consented_grp[1]/hhm_rpt[4]/hhmemb_info[1]/hl4","2","566"
"consented_grp[1]/hhm_rpt[4]/hhmemb_info[1]/hl5_age_sel","3","568"
"consented_grp[1]/hhm_rpt[4]/hhmemb_info[1]/hl6_age_est","2","571"
"consented_grp[1]/hhm_rpt[4]/hhmemb_info[1]/hl7","2","573"
"consented_grp[1]/hhm_rpt[4]/ed4","2","575"
"consented_grp[1]/hhm_rpt[4]/ed5_grp[1]/ed5a","5","577"
"consented_grp[1]/hhm_rpt[4]/ed5_grp[1]/ed5a_a","3","582"
"consented_grp[1]/hhm_rpt[4]/ed5_grp[1]/ed5b","2","585"
"consented_grp[1]/hhm_rpt[4]/ed5_grp[1]/ed6","3","587"
"consented_grp[1]/hhm_rpt[4]/ed9","9","590"
"consented_grp[1]/hhm_rpt[4]/ed9_grp[1]/ed10","1","599"
"consented_grp[1]/hhm_rpt[4]/ed9_grp[1]/ed11a","7","600"
"consented_grp[1]/hhm_rpt[4]/ed9_grp[1]/ed12","2","607"
"consented_grp[1]/hhm_rpt[4]/ed9_grp[1]/ed14","3","609"
"consented_grp[1]/hhm_rpt[4]/ed15","4","612"
"consented_grp[1]/hhm_rpt[4]/ed16_grp[1]/ed16a","3","616"
"consented_grp[1]/hhm_rpt[4]/ed16_grp[1]/ed16b","3","619"
"consented_grp[1]/hhm_rpt[4]/hhm_add_grp[1]/hhm_add_note","3","622"
"consented_grp[1]/hhm_rpt[4]/hhm_add_grp[1]/hhm_add_yn","3","622"
"consented_grp[1]/hhm_rpt[5]/hhmemb_info[1]/fmemb_name_grp[1]/fmemb_fn","19","624"
"consented_grp[1]/hhm_rpt[5]/hhmemb_info[1]/fmemb_name_grp[1]/fmemb_sn","19","624"
"consented_grp[1]/hhm_rpt[5]/hhmemb_info[1]/fmemb_name_grp[1]/fmemb_popn","19","624"
"consented_grp[1]/hhm_rpt[5]/hhmemb_info[1]/hl3","9","644"
"consented_grp[1]/hhm_rpt[5]/hhmemb_info[1]/hl4","2","653"
"consented_grp[1]/hhm_rpt[5]/hhmemb_info[1]/hl5_age_sel","5","655"
"consented_grp[1]/hhm_rpt[5]/hhmemb_info[1]/hl6_age_est","5","659"
"consented_grp[1]/hhm_rpt[5]/hhmemb_info[1]/hl7","4","661"
"consented_grp[1]/hhm_rpt[5]/ed4","2","668"
"consented_grp[1]/hhm_rpt[5]/ed5_grp[1]/ed5a","5","670"
"consented_grp[1]/hhm_rpt[5]/ed5_grp[1]/ed5a_a","5","675"
"consented_grp[1]/hhm_rpt[5]/ed5_grp[1]/ed5b","9","680"
"consented_grp[1]/hhm_rpt[5]/ed5_grp[1]/ed6","3","688"
"consented_grp[1]/hhm_rpt[5]/ed9","3","691"
"consented_grp[1]/hhm_rpt[5]/ed9_grp[1]/ed10","1","694"
"consented_grp[1]/hhm_rpt[5]/ed9_grp[1]/ed11a","5","695"
"consented_grp[1]/hhm_rpt[5]/ed9_grp[1]/ed12","17","697"
"consented_grp[1]/hhm_rpt[5]/ed9_grp[1]/ed11b","2","713"
"consented_grp[1]/hhm_rpt[5]/ed9_grp[1]/ed14","48","718"
"consented_grp[1]/hhm_rpt[5]/ed15","4","766"
"consented_grp[1]/hhm_rpt[5]/ed16_grp[1]/ed16a","7","770"
"consented_grp[1]/hhm_rpt[5]/ed16_grp[1]/ed16b","3","777"
"consented_grp[1]/hhm_rpt[5]/hhm_add_grp[1]/hhm_add_note","4","780"
"consented_grp[1]/hhm_rpt[5]/hhm_add_grp[1]/hhm_add_yn","4","780"
"consented_grp[1]/hhm_rpt[6]/hhmemb_info[1]/fmemb_name_grp[1]/fmemb_fn","25","784"
"consented_grp[1]/hhm_rpt[6]/hhmemb_info[1]/fmemb_name_grp[1]/fmemb_sn","25","784"
"consented_grp[1]/hhm_rpt[6]/hhmemb_info[1]/fmemb_name_grp[1]/fmemb_popn","25","784"
"consented_grp[1]/hhm_rpt[6]/hhmemb_info[1]/hl3","8","809"
"consented_grp[1]/hhm_rpt[6]/hhmemb_info[1]/hl4","3","817"
"consented_grp[1]/hhm_rpt[6]/hhmemb_info[1]/hl5_age_sel","9","820"
"consented_grp[1]/hhm_rpt[6]/hhmemb_info[1]/hl5_dob_dmy","10","829"
"consented_grp[1]/hhm_rpt[6]/hhmemb_info[1]/hl7","2","839"
"consented_grp[1]/hhm_rpt[6]/ed4","6","841"
"consented_grp[1]/hhm_rpt[6]/ed5_grp[1]/ed5a","2","847"
"consented_grp[1]/hhm_rpt[6]/ed5_grp[1]/ed5a_a","10","849"
"consented_grp[1]/hhm_rpt[6]/ed5_grp[1]/ed5b","15","854"
"consented_grp[1]/hhm_rpt[6]/ed5_grp[1]/ed6","3","874"
"consented_grp[1]/hhm_rpt[6]/ed9","6","878"
"consented_grp[1]/hhm_rpt[6]/ed9_grp[1]/ed10","2","884"
"consented_grp[1]/hhm_rpt[6]/ed9_grp[1]/ed11a","6","886"
"consented_grp[1]/hhm_rpt[6]/ed9_grp[1]/ed11b","1","892"
"consented_grp[1]/hhm_rpt[6]/ed9_grp[1]/ed12","3","893"
"consented_grp[1]/hhm_rpt[6]/ed9_grp[1]/ed14","6","896"
"consented_grp[1]/hhm_rpt[6]/ed15","2","902"
"consented_grp[1]/hhm_rpt[6]/ed16_grp[1]/ed16a","7","904"
"consented_grp[1]/hhm_rpt[6]/ed16_grp[1]/ed16b","2","911"
"consented_grp[1]/hhm_rpt[6]/hhm_add_grp[1]/hhm_add_note","3","914"
"consented_grp[1]/hhm_rpt[6]/hhm_add_grp[1]/hhm_add_yn","3","914"
"consented_grp[1]/hhm_rpt[7]/hhmemb_info[1]/fmemb_name_grp[1]/fmemb_fn","34","917"
"consented_grp[1]/hhm_rpt[7]/hhmemb_info[1]/fmemb_name_grp[1]/fmemb_sn","34","917"
"consented_grp[1]/hhm_rpt[7]/hhmemb_info[1]/fmemb_name_grp[1]/fmemb_popn","34","917"
"consented_grp[1]/hhm_rpt[7]/hhmemb_info[1]/hl3","45","941"
"consented_grp[1]/hhm_rpt[7]/hhmemb_info[1]/hl4","3","946"
"consented_grp[1]/hhm_rpt[7]/hhmemb_info[1]/hl5_age_sel","5","949"
"consented_grp[1]/hhm_rpt[7]/hhmemb_info[1]/hl6_age_est","2","953"
"consented_grp[1]/hhm_rpt[7]/hhmemb_info[1]/hl7","2","956"
"consented_grp[1]/hhm_rpt[7]/ed4","2","958"
"consented_grp[1]/hhm_rpt[7]/ed5_grp[1]/ed5a","2","960"
"consented_grp[1]/hhm_rpt[7]/ed5_grp[1]/ed5a_a","3","962"
"consented_grp[1]/hhm_rpt[7]/ed5_grp[1]/ed5b","3","965"
"consented_grp[1]/hhm_rpt[7]/ed5_grp[1]/ed6","3","968"
"consented_grp[1]/hhm_rpt[7]/ed9","9","971"
"consented_grp[1]/hhm_rpt[7]/ed9_grp[1]/ed10","2","980"
"consented_grp[1]/hhm_rpt[7]/ed9_grp[1]/ed11a","3","982"
"consented_grp[1]/hhm_rpt[7]/ed9_grp[1]/ed12","2","985"
"consented_grp[1]/hhm_rpt[7]/ed9_grp[1]/ed14","5","988"
"consented_grp[1]/hhm_rpt[7]/ed15","3","993"
"consented_grp[1]/hhm_rpt[7]/ed16_grp[1]/ed16a","2","996"
"consented_grp[1]/hhm_rpt[7]/ed16_grp[1]/ed16b","2","998"
"consented_grp[1]/hhm_rpt[7]/hhm_add_grp[1]/hhm_add_note","3","1000"
"consented_grp[1]/hhm_rpt[7]/hhm_add_grp[1]/hhm_add_yn","3","1000"
"consented_grp[1]/hhm_rpt[8]/hhmemb_info[1]/fmemb_name_grp[1]/fmemb_fn","29","1003"
"consented_grp[1]/hhm_rpt[8]/hhmemb_info[1]/fmemb_name_grp[1]/fmemb_sn","29","1003"
"consented_grp[1]/hhm_rpt[8]/hhmemb_info[1]/fmemb_name_grp[1]/fmemb_popn","29","1003"
"consented_grp[1]/hhm_rpt[8]/hhmemb_info[1]/hl3","5","1032"
"consented_grp[1]/hhm_rpt[8]/hhmemb_info[1]/hl4","2","1037"
"consented_grp[1]/hhm_rpt[8]/hhmemb_info[1]/hl5_age_sel","6","1039"
"consented_grp[1]/hhm_rpt[8]/hhmemb_info[1]/hl5_dob_dmy","15","1045"
"consented_grp[1]/hhm_rpt[8]/hhmemb_info[1]/hl7","3","1060"
"consented_grp[1]/hhm_rpt[8]/hhm_add_grp[1]/hhm_add_note","9","1063"
"consented_grp[1]/hhm_rpt[8]/hhm_add_grp[1]/hhm_add_yn","9","1063"
"consented_grp[1]/hhm_rpt[9]/hhmemb_info[1]/fmemb_name_grp[1]/fmemb_fn","19","1072"
"consented_grp[1]/hhm_rpt[9]/hhmemb_info[1]/fmemb_name_grp[1]/fmemb_sn","19","1072"
"consented_grp[1]/hhm_rpt[9]/hhmemb_info[1]/fmemb_name_grp[1]/fmemb_popn","19","1072"
"consented_grp[1]/hhm_rpt[9]/hhmemb_info[1]/hl3","10","1092"
"consented_grp[1]/hhm_rpt[9]/hhmemb_info[1]/hl4","2","1102"
"consented_grp[1]/hhm_rpt[9]/hhmemb_info[1]/hl5_age_sel","2","1104"
"consented_grp[1]/hhm_rpt[9]/hhmemb_info[1]/hl5_dob_dmy","15","1106"
"consented_grp[1]/hhm_rpt[9]/hhmemb_info[1]/hl7","2","1121"
"consented_grp[1]/hhm_rpt[9]/hhm_add_grp[1]/hhm_add_note","8","1123"
"consented_grp[1]/hhm_rpt[9]/hhm_add_grp[1]/hhm_add_yn","8","1123"
"consented_grp[1]/hhm_ch_intro","6","1131"
"consented_grp[1]/hhm_ch_rpt[1]/h12_grp[1]/hl12","4","1137"
"consented_grp[1]/hhm_ch_rpt[1]/h12_grp[1]/hl13a","5","1141"
"consented_grp[1]/hhm_ch_rpt[1]/h12_grp[1]/hl13b","4","1146"
"consented_grp[1]/hhm_ch_rpt[1]/h16_grp[1]/hl16","8","1150"
"consented_grp[1]/hhm_ch_rpt[2]/h12_grp[1]/hl12","5","1158"
"consented_grp[1]/hhm_ch_rpt[2]/h12_grp[1]/hl13a","11","1163"
"consented_grp[1]/hhm_ch_rpt[2]/h12_grp[1]/hl13b","2","1174"
"consented_grp[1]/hhm_ch_rpt[2]/h16_grp[1]/hl16","5","1176"
"consented_grp[1]/hhm_ch_rpt[3]/h12_grp[1]/hl12","4","1181"
"consented_grp[1]/hhm_ch_rpt[3]/h12_grp[1]/hl13a","7","1185"
"consented_grp[1]/hhm_ch_rpt[3]/h12_grp[1]/hl13b","2","1192"
"consented_grp[1]/hhm_ch_rpt[3]/h16_grp[1]/hl16","7","1194"
"consented_grp[1]/hhm_ch_rpt[4]/h12_grp[1]/hl12","4","1201"
"consented_grp[1]/hhm_ch_rpt[4]/h12_grp[1]/hl13a","2","1205"
"consented_grp[1]/hhm_ch_rpt[4]/h12_grp[1]/hl13b","2","1207"
"consented_grp[1]/hhm_ch_rpt[4]/h16_grp[1]/hl16","2","1209"
"consented_grp[1]/hhm_ch_rpt[4]/h16_grp[1]/hl17a","9","1211"
"consented_grp[1]/hhm_ch_rpt[4]/h16_grp[1]/hl17b","7","1219"
"consented_grp[1]/hhm_ch_rpt[5]/h12_grp[1]/hl12","4","1226"
"consented_grp[1]/hhm_ch_rpt[5]/h12_grp[1]/hl13a","2","1230"
"consented_grp[1]/hhm_ch_rpt[5]/h12_grp[1]/hl13b","1","1232"
"consented_grp[1]/hhm_ch_rpt[5]/h16_grp[1]/hl16","2","1233"
"consented_grp[1]/hhm_ch_rpt[5]/h16_grp[1]/hl17a","1","1235"
"consented_grp[1]/hhm_ch_rpt[5]/h16_grp[1]/hl17b","1","1236"
"consented_grp[1]/u5_rpt[1]/u5_note","24","1238"
"consented_grp[1]/u5_rpt[2]/u5_note","36","1262"
"consented_grp[1]/hc_grp[1]/hc1a","5","1298"
"consented_grp[1]/hc_grp[1]/hc1b","7","1303"
"consented_grp[1]/hc_grp[1]/hc2","2","1310"
"consented_grp[1]/hc_grp[1]/hc3","5","1312"
"consented_grp[1]/hc_grp[1]/hc4","3","1317"
"consented_grp[1]/hc_grp[1]/hc5","10","1320"
"consented_grp[1]/hc_grp[1]/hc6","6","1331"
"consented_grp[1]/hc_grp[1]/hc7_grp[1]/hcf_note","24","1337"
"consented_grp[1]/hc_grp[1]/hc7_grp[1]/hc7_label","24","1337"
"consented_grp[1]/hc_grp[1]/hc7_grp[1]/hc7a","24","1337"
"consented_grp[1]/hc_grp[1]/hc7_grp[1]/hc7b","24","1337"
"consented_grp[1]/hc_grp[1]/hc7_grp[1]/hc7c","24","1337"
"consented_grp[1]/hc_grp[1]/hc7_grp[1]/hc7d","24","1337"
"consented_grp[1]/hc_grp[1]/hc7_grp[1]/hc7e","24","1337"
"consented_grp[1]/hc_grp[1]/hc7_grp[1]/hc7f","24","1337"
"consented_grp[1]/hc_grp[1]/hc7_grp[1]/hc7g","24","1337"
"consented_grp[1]/hc_grp[1]/hc8","3","1361"
"consented_grp[1]/hc_grp[1]/hc10_grp[1]/hc10_note","9","1364"
"consented_grp[1]/hc_grp[1]/hc10_grp[1]/hc10_labels","9","1364"
"consented_grp[1]/hc_grp[1]/hc10_grp[1]/hc10a","9","1364"
"consented_grp[1]/hc_grp[1]/hc10_grp[1]/hc10b","9","1364"
"consented_grp[1]/hc_grp[1]/hc10_grp[1]/hc10c","9","1364"
"consented_grp[1]/hc_grp[1]/hc10_grp[1]/hc10d","9","1364"
"consented_grp[1]/hc_grp[1]/hc10_grp[1]/hc10e","9","1364"
"consented_grp[1]/hc_grp[1]/hc10_grp[1]/hc10f","9","1364"
"consented_grp[1]/hc_grp[1]/hc10_grp[1]/hc10g","9","1364"
"consented_grp[1]/hc_grp[1]/hc11","2","1373"
"consented_grp[1]/hc_grp[1]/hc12","11","1375"
"consented_grp[1]/hc_grp[1]/hc13","2","1386"
"consented_grp[1]/hc_grp[1]/hc14","3","1388"
"consented_grp[1]/hc_grp[1]/hc15","5","1391"
"consented_grp[1]/hc_grp[1]/hc16_grp[1]/hc16a","8","1396"
"consented_grp[1]/hc_grp[1]/hc16_grp[1]/hc16b","8","1396"
"consented_grp[1]/hc_grp[1]/hc17","9","1403"
"consented_grp[1]/hc_grp[1]/hc18","8","1412"
"consented_grp[1]/hc_grp[1]/hc18_grp[1]/note","3","1420"
"consented_grp[1]/hc_grp[1]/hc18_grp[1]/hc18f","3","1420"
"consented_grp[1]/hc_grp[1]/hc19","2","1423"
"consented_grp[1]/st_intonote","2","1425"
"consented_grp[1]/st_rpt[1]/st1a","10","1427"
"consented_grp[1]/st_rpt[2]/st1a","1","1437"
"consented_grp[1]/st_rpt[3]/st1a","16","1438"
"consented_grp[1]/st_rpt[4]/st1a","1","1454"
"consented_grp[1]/st_rpt[5]/st1a","9","1455"
"consented_grp[1]/st_rpt[5]/st1_add_yn","2","1464"
"consented_grp[1]/eu1","5","1465"
"consented_grp[1]/eu2","2","1470"
"consented_grp[1]/eu4_grp[1]/eu4","2","1472"
"consented_grp[1]/eu5_grp[1]/eu5","4","1474"
"consented_grp[1]/eu6","22","1478"
"consented_grp[1]/eu7","2","1500"
"consented_grp[1]/eu8","28","1502"
"consented_grp[1]/eu9","10","1529"
"consented_grp[1]/tn1","5","1540"
"consented_grp[1]/tn2","4","1544"
"consented_grp[1]/tn_rpt[1]/generated_note_name_438","1","1548"
"consented_grp[1]/tn_rpt[1]/tn3","6","1549"
"consented_grp[1]/tn_rpt[1]/tn4","14","1556"
"consented_grp[1]/tn_rpt[1]/tn5","2","1570"
"consented_grp[1]/tn_rpt[1]/tn10","3","1572"
"consented_grp[1]/tn_rpt[1]/tn12","1","1575"
"consented_grp[1]/tn_rpt[1]/tn13","8","1577"
"consented_grp[1]/tn_rpt[1]/tn15","20","1585"
"consented_grp[1]/tn_rpt[2]/generated_note_name_438","2","1605"
"consented_grp[1]/tn_rpt[2]/tn3","6","1606"
"consented_grp[1]/tn_rpt[2]/tn4","2","1612"
"consented_grp[1]/tn_rpt[2]/tn5","2","1614"
"consented_grp[1]/tn_rpt[2]/tn10","2","1617"
"consented_grp[1]/tn_rpt[2]/tn12","2","1619"
"consented_grp[1]/tn_rpt[2]/tn13","3","1620"
"consented_grp[1]/tn_rpt[2]/tn15","4","1623"
"consented_grp[1]/irs1","12","1627"
"consented_grp[1]/ws1","9","1639"
"consented_grp[1]/ws3","2","1649"
"consented_grp[1]/ws4","7","1651"
"consented_grp[1]/ws5","7","1658"
"consented_grp[1]/ws6","7","1665"
"consented_grp[1]/ws7","9","1672"
"consented_grp[1]/ws9","13","1681"
"consented_grp[1]/ws10","7","1694"
"consented_grp[1]/ws11","9","1702"
"consented_grp[1]/ws14","7","1711"
"consented_grp[1]/ws15","13","1716"
"consented_grp[1]/ws16","2","1731"
"consented_grp[1]/hw1_grp[1]/hw1_note","7","1733"
"consented_grp[1]/hw1_grp[1]/hw1","7","1733"
"consented_grp[1]/hw5","1","1739"
"consented_grp[1]/death_note","27","1741"
"consented_grp[1]/dc0a","1","1768"
"consented_grp[1]/main_respondent","5","1769"
"consented_grp[1]/survey_language","2","1774"
"consented_grp[1]/survey_accomp","3","1775"
"gps_backup","5","1778"
"comments","51","1781"
