"Field name","Total duration (seconds)","First appeared (seconds into survey)"
"enum_id","6","3"
"enum_confirm_grp[1]/enum_details","1","9"
"enum_confirm_grp[1]/enum_confirm","1","9"
"community_id","7","10"
"comm_confirm_grp[1]/comm_details","1","16"
"comm_confirm_grp[1]/comm_confirm","1","16"
"iw_iden_grp[1]/iw_id","38","18"
"iw_iden_grp[1]/iw_fullname","38","18"
"iw_iden_grp[1]/iw_age","38","18"
"wm8","2","56"
"wm9_grp[1]/wm9b","2","58"
"wm9_grp[1]/consent","2","58"
"consented_grp[1]/wb3_age_sel","2","59"
"consented_grp[1]/wb4_age_est","3","61"
"consented_grp[1]/wb5","11","64"
"consented_grp[1]/wb14_grp[1]/wb14_note","4","75"
"consented_grp[1]/wb14_grp[1]/wb14","4","75"
"consented_grp[1]/wb15","5","79"
"consented_grp[1]/wb18","3","83"
"consented_grp[1]/mt1","4","86"
"consented_grp[1]/mt2","10","90"
"consented_grp[1]/mt3","7","100"
"consented_grp[1]/mt4","4","107"
"consented_grp[1]/mt9","3","111"
"consented_grp[1]/mt11","2","113"
"consented_grp[1]/mt12","5","116"
"consented_grp[1]/cm1","2","121"
"consented_grp[1]/cm2","3","123"
"consented_grp[1]/cm2_grp[1]/cm3","27","126"
"consented_grp[1]/cm2_grp[1]/cm4","27","126"
"consented_grp[1]/cm5","3","153"
"consented_grp[1]/cm5_grp[1]/cm6","8","155"
"consented_grp[1]/cm5_grp[1]/cm7","8","155"
"consented_grp[1]/cm8","3","163"
"consented_grp[1]/cm8_grp[1]/cm9","5","167"
"consented_grp[1]/cm8_grp[1]/cm10","5","167"
"consented_grp[1]/cm12","5","172"
"consented_grp[1]/bh0","1","178"
"consented_grp[1]/bh_rpt[1]/bh1","23","179"
"consented_grp[1]/bh_rpt[1]/bh2","2","202"
"consented_grp[1]/bh_rpt[1]/bh3","2","204"
"consented_grp[1]/bh_rpt[1]/bh4_age_sel","4","205"
"consented_grp[1]/bh_rpt[1]/bh4_dob_dmy","25","209"
"consented_grp[1]/bh_rpt[1]/bh5","2","234"
"consented_grp[1]/bh_rpt[1]/bh6","3","236"
"consented_grp[1]/bh_rpt[1]/bh7","2","239"
"consented_grp[1]/bh_rpt[1]/bh8","23","241"
"consented_grp[1]/bh_rpt[1]/bh10","2","264"
"consented_grp[1]/bh_rpt[2]/bh1","25","266"
"consented_grp[1]/bh_rpt[2]/bh2","2","291"
"consented_grp[1]/bh_rpt[2]/bh3","2","293"
"consented_grp[1]/bh_rpt[2]/bh4_age_sel","20","295"
"consented_grp[1]/bh_rpt[2]/bh4_dob_my","16","315"
"consented_grp[1]/bh_rpt[2]/bh5","4","330"
"consented_grp[1]/bh_rpt[2]/bh9_grp[1]/bh9_note","19","335"
"consented_grp[1]/bh_rpt[2]/bh9_grp[1]/bh9_a","19","335"
"consented_grp[1]/bh_rpt[2]/bh9_grp[1]/bh9_b","19","335"
"consented_grp[1]/bh_rpt[2]/bh10","3","353"
"consented_grp[1]/bh_rpt[3]/bh1","23","357"
"consented_grp[1]/bh_rpt[3]/bh2","2","380"
"consented_grp[1]/bh_rpt[3]/bh3","5","382"
"consented_grp[1]/bh_rpt[3]/bh4_age_sel","2","386"
"consented_grp[1]/bh_rpt[3]/bh4_dob_my","17","388"
"consented_grp[1]/bh_rpt[3]/bh5","5","405"
"consented_grp[1]/bh_rpt[3]/bh9_grp[1]/bh9_note","4","409"
"consented_grp[1]/bh_rpt[3]/bh9_grp[1]/bh9_a","4","409"
"consented_grp[1]/bh_rpt[3]/bh9_grp[1]/bh9_b","4","409"
"consented_grp[1]/bh_rpt[3]/bh10","6","414"
"consented_grp[1]/bh_rpt[4]/bh1","8","420"
"consented_grp[1]/bh_rpt[4]/bh2","2","429"
"consented_grp[1]/bh_rpt[4]/bh3","6","430"
"consented_grp[1]/bh_rpt[4]/bh4_age_sel","11","436"
"consented_grp[1]/bh_rpt[4]/bh4_dob_my","12","447"
"consented_grp[1]/bh_rpt[4]/bh5","5","459"
"consented_grp[1]/bh_rpt[4]/bh6","33","462"
"consented_grp[1]/bh_rpt[4]/bh7","15","481"
"consented_grp[1]/bh_rpt[4]/bh10","14","487"
"consented_grp[1]/bh_rpt[5]/bh1","10","526"
"consented_grp[1]/bh_rpt[5]/bh2","2","536"
"consented_grp[1]/bh_rpt[5]/bh3","2","538"
"consented_grp[1]/bh_rpt[5]/bh4_age_sel","4","540"
"consented_grp[1]/bh_rpt[5]/bh4_dob_dmy","27","544"
"consented_grp[1]/bh_rpt[5]/bh5","5","571"
"consented_grp[1]/bh_rpt[5]/bh6","4","576"
"consented_grp[1]/bh_rpt[5]/bh7","2","581"
"consented_grp[1]/bh_rpt[5]/bh8","8","583"
"consented_grp[1]/bh_rpt[5]/bh10","2","590"
"consented_grp[1]/bh_rpt[6]/bh1","9","592"
"consented_grp[1]/bh_rpt[6]/bh2","6","601"
"consented_grp[1]/bh_rpt[6]/bh3","2","607"
"consented_grp[1]/bh_rpt[6]/bh4_age_sel","2","608"
"consented_grp[1]/bh_rpt[6]/bh4_dob_dmy","17","610"
"consented_grp[1]/bh_rpt[6]/bh5","5","627"
"consented_grp[1]/bh_rpt[6]/bh9_grp[1]/bh9_note","1","629"
"consented_grp[1]/bh_rpt[6]/bh9_grp[1]/bh9_a","1","629"
"consented_grp[1]/bh_rpt[6]/bh9_grp[1]/bh9_b","1","629"
"consented_grp[1]/bh_rpt[6]/bh6","2","633"
"consented_grp[1]/bh_rpt[6]/bh7","2","635"
"consented_grp[1]/bh_rpt[6]/bh8","8","636"
"consented_grp[1]/bh_rpt[6]/bh10","9","644"
"consented_grp[1]/db2","12","653"
"consented_grp[1]/mn_rpt[1]/mn_grp[1]/mn2","8","666"
"consented_grp[1]/mn_rpt[1]/mn_grp[1]/mn3","3","674"
"consented_grp[1]/mn_rpt[1]/mn_grp[1]/mn4_grp[1]/mn4_a","15","677"
"consented_grp[1]/mn_rpt[1]/mn_grp[1]/mn4_grp[1]/mn4_b","15","677"
"consented_grp[1]/mn_rpt[1]/mn_grp[1]/mn5","12","692"
"consented_grp[1]/mn_rpt[1]/mn_grp[1]/mn6_grp[1]/mn6_note","10","705"
"consented_grp[1]/mn_rpt[1]/mn_grp[1]/mn6_grp[1]/mn6_label","10","705"
"consented_grp[1]/mn_rpt[1]/mn_grp[1]/mn6_grp[1]/mn6_a","10","705"
"consented_grp[1]/mn_rpt[1]/mn_grp[1]/mn6_grp[1]/mn6_b","10","705"
"consented_grp[1]/mn_rpt[1]/mn_grp[1]/mn6_grp[1]/mn6_c","10","705"
"consented_grp[1]/mn_rpt[1]/mn_grp[1]/mn7","18","714"
"consented_grp[1]/mn_rpt[1]/mn_grp[1]/mn8","12","732"
"consented_grp[1]/mn_rpt[1]/mn_grp[1]/mn9","34","741"
"consented_grp[1]/mn_rpt[1]/mn_grp[1]/mn16","6","778"
"consented_grp[1]/mn_rpt[1]/mn_grp[1]/mn17","20","784"
"consented_grp[1]/mn_rpt[1]/mn_grp[1]/mn18","3","791"
"consented_grp[1]/mn_rpt[1]/mn_grp[1]/mn19","15","807"
"consented_grp[1]/mn_rpt[1]/mn_grp[1]/mn20","12","816"
"consented_grp[1]/mn_rpt[1]/mn_grp[1]/mn21","3","834"
"consented_grp[1]/mn_rpt[1]/mn_grp[1]/mn23","6","837"
"consented_grp[1]/mn_rpt[1]/mn_grp[1]/mn24","5","843"
"consented_grp[1]/mn_rpt[1]/mn_grp[1]/mn25","6","847"
"consented_grp[1]/mn_rpt[1]/mn_grp[1]/mn26","9","853"
"consented_grp[1]/mn_rpt[1]/mn_grp[1]/mn30","15","862"
"consented_grp[1]/mn_rpt[1]/mn_grp[1]/mn31","1","877"
"consented_grp[1]/mn_rpt[1]/mn_grp[1]/mn32","7","878"
"consented_grp[1]/mn_rpt[1]/mn_grp[1]/mn33","2","885"
"consented_grp[1]/mn_rpt[1]/mn_grp[1]/mn34_grp[1]/mn34_a","6","887"
"consented_grp[1]/mn_rpt[1]/mn_grp[1]/mn34_grp[1]/mn34_b","6","887"
"consented_grp[1]/mn_rpt[1]/mn_grp[1]/mn35","7","893"
"consented_grp[1]/mn_rpt[1]/mn_grp[1]/mn36","2","900"
"consented_grp[1]/mn_rpt[1]/mn_grp[1]/mn36_grp[1]/mn37","8","902"
"consented_grp[1]/mn_rpt[1]/mn_grp[1]/mn36_grp[1]/mn37_units","8","902"
"consented_grp[1]/mn_rpt[1]/mn_grp[1]/mn38","12","910"
"consented_grp[1]/pn_rpt[1]/pn_grp[1]/pn_note","1","921"
"consented_grp[1]/pn_rpt[1]/pn_grp[1]/pn3_grp[1]/pn3","14","923"
"consented_grp[1]/pn_rpt[1]/pn_grp[1]/pn3_grp[1]/pn3_units","14","923"
"consented_grp[1]/pn_rpt[1]/pn_grp[1]/pn4_grp[1]/pn4_note","7","937"
"consented_grp[1]/pn_rpt[1]/pn_grp[1]/pn4_grp[1]/pn4","7","937"
"consented_grp[1]/pn_rpt[1]/pn_grp[1]/pn5_grp[1]/pm5_note","3","943"
"consented_grp[1]/pn_rpt[1]/pn_grp[1]/pn5_grp[1]/pn5","3","943"
"consented_grp[1]/pn_rpt[1]/pn_grp[1]/pn6_grp[1]/pn6_note","8","946"
"consented_grp[1]/pn_rpt[1]/pn_grp[1]/pn6_grp[1]/pn6","8","946"
"consented_grp[1]/pn_rpt[1]/pn_grp[1]/pn17","3","955"
"consented_grp[1]/pn_rpt[1]/pn_grp[1]/pn25_grp[1]/pn25_note","16","956"
"consented_grp[1]/pn_rpt[1]/pn_grp[1]/pn25_grp[1]/pn25_lab","16","956"
"consented_grp[1]/pn_rpt[1]/pn_grp[1]/pn25_grp[1]/pn25a","16","956"
"consented_grp[1]/pn_rpt[1]/pn_grp[1]/pn25_grp[1]/pn25b","16","956"
"consented_grp[1]/pn_rpt[1]/pn_grp[1]/pn25_grp[1]/pn25c","16","956"
"consented_grp[1]/pn_rpt[1]/pn_grp[1]/pn27","2","973"
"consented_grp[1]/pn_rpt[1]/pn_grp[1]/pn29a","20","975"
"consented_grp[1]/pn_rpt[1]/pn_grp[1]/pn30","6","995"
"consented_grp[1]/cp1_grp[1]/cp1_note","5","1001"
"consented_grp[1]/cp1_grp[1]/cp1","5","1001"
"consented_grp[1]/cp2_grp[1]/cp2_note","13","1006"
"consented_grp[1]/cp2_grp[1]/cp2","13","1006"
"consented_grp[1]/cp4","4","1019"
"consented_grp[1]/un7","6","1023"
"consented_grp[1]/un8_grp[1]/un8","11","1029"
"consented_grp[1]/un8_grp[1]/un8_units","11","1029"
"consented_grp[1]/ma1","84","1040"
"consented_grp[1]/ma2","20","1124"
"consented_grp[1]/ma3","4","1144"
"consented_grp[1]/ma7","2","1148"
"consented_grp[1]/ma8a","10","1150"
"consented_grp[1]/ma11a","3","1160"
"consented_grp[1]/af_grp[1]/af2","2","1163"
"consented_grp[1]/af_grp[1]/af3","1","1166"
"consented_grp[1]/af_grp[1]/af4","1","1167"
"consented_grp[1]/af_grp[1]/af6b","1","1168"
"consented_grp[1]/af_grp[1]/af8b","1","1170"
"consented_grp[1]/af_grp[1]/af9","1","1171"
"consented_grp[1]/af_grp[1]/af10","1","1173"
"consented_grp[1]/af_grp[1]/af11","2","1174"
"consented_grp[1]/af_grp[1]/af12","1","1176"
"consented_grp[1]/ls1_grp[1]/ls_note","39","1177"
"consented_grp[1]/ls1_grp[1]/ls1","39","1177"
"consented_grp[1]/ls2_grp[1]/ls2_note","29","1216"
"consented_grp[1]/ls2_grp[1]/ls2","29","1216"
"consented_grp[1]/ls3","13","1245"
"consented_grp[1]/ls4","15","1258"
"consented_grp[1]/survey_language","3","1273"
"consented_grp[1]/survey_accomp","2","1276"
"consented_grp[1]/comment","3","1278"
