"Field name","Total duration (seconds)","First appeared (seconds into survey)"
"intro_note","1","1"
"enum_id","31","3"
"enum_confirm_grp[1]/enum_details","1","33"
"enum_confirm_grp[1]/enum_confirm","1","33"
"community_id","12","34"
"comm_confirm_grp[1]/comm_details","1","46"
"comm_confirm_grp[1]/comm_confirm","1","46"
"iw_iden_grp[1]/iw_id","41","47"
"iw_iden_grp[1]/iw_fullname","41","47"
"iw_iden_grp[1]/iw_age","41","47"
"wm8","2","88"
"wm9_grp[1]/wm9b","2","89"
"wm9_grp[1]/consent","2","89"
"consented_grp[1]/wb3_age_sel","2","91"
"consented_grp[1]/wb4_age_est","2","93"
"consented_grp[1]/wb5","2","96"
"consented_grp[1]/wb5_grp[1]/wb6","2","98"
"consented_grp[1]/wb5_grp[1]/wb6a","3","100"
"consented_grp[1]/wb5_grp[1]/wb6b","3","103"
"consented_grp[1]/wb5_grp[1]/wb7","2","106"
"consented_grp[1]/wb5_grp[1]/wb9","3","108"
"consented_grp[1]/wb5_grp[1]/wb10","2","111"
"consented_grp[1]/wb5_grp[1]/wb10a","2","113"
"consented_grp[1]/wb5_grp[1]/wb10b","10","115"
"consented_grp[1]/wb5_grp[1]/wb11","6","125"
"consented_grp[1]/wb5_grp[1]/wb12","3","131"
"consented_grp[1]/wb5_grp[1]/wb12a","2","134"
"consented_grp[1]/wb5_grp[1]/wb12b","5","136"
"consented_grp[1]/wb15","27","141"
"consented_grp[1]/wb16_grp[1]/wb16a","13","168"
"consented_grp[1]/wb16_grp[1]/wb16_note","13","168"
"consented_grp[1]/wb16_grp[1]/wb16b","13","168"
"consented_grp[1]/wb17a","4","181"
"consented_grp[1]/wb17b","2","185"
"consented_grp[1]/wb18","2","187"
"consented_grp[1]/mt1","4","189"
"consented_grp[1]/mt2","2","192"
"consented_grp[1]/mt3","2","195"
"consented_grp[1]/mt4","3","197"
"consented_grp[1]/mt9","2","200"
"consented_grp[1]/mt11","3","202"
"consented_grp[1]/mt12","4","205"
"consented_grp[1]/cm1","11","209"
"consented_grp[1]/cm2","3","214"
"consented_grp[1]/cm5","4","216"
"consented_grp[1]/cm8","7","218"
"consented_grp[1]/cm8_grp[1]/cm9","4","224"
"consented_grp[1]/cm8_grp[1]/cm10","4","224"
"consented_grp[1]/cm12","4","230"
"consented_grp[1]/cm2_grp[1]/cm3","4","240"
"consented_grp[1]/cm2_grp[1]/cm4","4","240"
"consented_grp[1]/bh0","1","248"
"consented_grp[1]/bh_rpt[1]/bh1","9","249"
"consented_grp[1]/bh_rpt[1]/bh2","3","258"
"consented_grp[1]/bh_rpt[1]/bh3","3","261"
"consented_grp[1]/bh_rpt[1]/bh4_age_sel","1","263"
"consented_grp[1]/bh_rpt[1]/bh4_dob_dmy","15","265"
"consented_grp[1]/bh_rpt[1]/bh5","3","280"
"consented_grp[1]/bh_rpt[1]/bh6","2","283"
"consented_grp[1]/bh_rpt[1]/bh7","2","285"
"consented_grp[1]/bh_rpt[1]/bh8","9","287"
"consented_grp[1]/bh_rpt[1]/bh10","3","296"
"consented_grp[1]/db2","12","299"
"consented_grp[1]/mn_rpt[1]/mn_grp[1]/mn2","2","311"
"consented_grp[1]/mn_rpt[1]/mn_grp[1]/mn3","12","313"
"consented_grp[1]/mn_rpt[1]/mn_grp[1]/mn4_grp[1]/mn4_a","9","325"
"consented_grp[1]/mn_rpt[1]/mn_grp[1]/mn4_grp[1]/mn4_b","9","325"
"consented_grp[1]/mn_rpt[1]/mn_grp[1]/mn5","8","334"
"consented_grp[1]/mn_rpt[1]/mn_grp[1]/mn6_grp[1]/mn6_note","29","342"
"consented_grp[1]/mn_rpt[1]/mn_grp[1]/mn6_grp[1]/mn6_label","29","342"
"consented_grp[1]/mn_rpt[1]/mn_grp[1]/mn6_grp[1]/mn6_a","29","342"
"consented_grp[1]/mn_rpt[1]/mn_grp[1]/mn6_grp[1]/mn6_b","29","342"
"consented_grp[1]/mn_rpt[1]/mn_grp[1]/mn6_grp[1]/mn6_c","29","342"
"consented_grp[1]/mn_rpt[1]/mn_grp[1]/mn7","11","371"
"consented_grp[1]/mn_rpt[1]/mn_grp[1]/mn8","6","382"
"consented_grp[1]/mn_rpt[1]/mn_grp[1]/mn9","8","387"
"consented_grp[1]/mn_rpt[1]/mn_grp[1]/mn16","18","396"
"consented_grp[1]/mn_rpt[1]/mn_grp[1]/mn17","2","413"
"consented_grp[1]/mn_rpt[1]/mn_grp[1]/mn18","2","415"
"consented_grp[1]/mn_rpt[1]/mn_grp[1]/mn19","16","417"
"consented_grp[1]/mn_rpt[1]/mn_grp[1]/mn20","4","433"
"consented_grp[1]/mn_rpt[1]/mn_grp[1]/mn21","4","437"
"consented_grp[1]/mn_rpt[1]/mn_grp[1]/mn23","9","441"
"consented_grp[1]/mn_rpt[1]/mn_grp[1]/mn24","7","450"
"consented_grp[1]/mn_rpt[1]/mn_grp[1]/mn25","7","457"
"consented_grp[1]/mn_rpt[1]/mn_grp[1]/mn26","7","463"
"consented_grp[1]/mn_rpt[1]/mn_grp[1]/mn30","10","470"
"consented_grp[1]/mn_rpt[1]/mn_grp[1]/mn31","5","481"
"consented_grp[1]/mn_rpt[1]/mn_grp[1]/mn32","12","482"
"consented_grp[1]/mn_rpt[1]/mn_grp[1]/mn33","2","498"
"consented_grp[1]/mn_rpt[1]/mn_grp[1]/mn34_grp[1]/mn34_a","23","500"
"consented_grp[1]/mn_rpt[1]/mn_grp[1]/mn34_grp[1]/mn34_b","23","500"
"consented_grp[1]/mn_rpt[1]/mn_grp[1]/mn35","6","523"
"consented_grp[1]/mn_rpt[1]/mn_grp[1]/mn36","4","530"
"consented_grp[1]/mn_rpt[1]/mn_grp[1]/mn36_grp[1]/mn37","16","534"
"consented_grp[1]/mn_rpt[1]/mn_grp[1]/mn36_grp[1]/mn37_units","16","534"
"consented_grp[1]/mn_rpt[1]/mn_grp[1]/mn38","15","550"
"consented_grp[1]/mn_rpt[1]/mn_grp[1]/mn39a","16","563"
"consented_grp[1]/pn_rpt[1]/pn_grp[1]/pn_note","1","581"
"consented_grp[1]/pn_rpt[1]/pn_grp[1]/pn3_grp[1]/pn3","14","582"
"consented_grp[1]/pn_rpt[1]/pn_grp[1]/pn3_grp[1]/pn3_units","14","582"
"consented_grp[1]/pn_rpt[1]/pn_grp[1]/pn4_grp[1]/pn4_note","7","596"
"consented_grp[1]/pn_rpt[1]/pn_grp[1]/pn4_grp[1]/pn4","7","596"
"consented_grp[1]/pn_rpt[1]/pn_grp[1]/pn5_grp[1]/pm5_note","1","603"
"consented_grp[1]/pn_rpt[1]/pn_grp[1]/pn5_grp[1]/pn5","1","603"
"consented_grp[1]/pn_rpt[1]/pn_grp[1]/pn6_grp[1]/pn6_note","8","604"
"consented_grp[1]/pn_rpt[1]/pn_grp[1]/pn6_grp[1]/pn6","8","604"
"consented_grp[1]/pn_rpt[1]/pn_grp[1]/pn17","2","612"
"consented_grp[1]/pn_rpt[1]/pn_grp[1]/pn25_grp[1]/pn25_note","11","614"
"consented_grp[1]/pn_rpt[1]/pn_grp[1]/pn25_grp[1]/pn25_lab","11","614"
"consented_grp[1]/pn_rpt[1]/pn_grp[1]/pn25_grp[1]/pn25a","11","614"
"consented_grp[1]/pn_rpt[1]/pn_grp[1]/pn25_grp[1]/pn25b","11","614"
"consented_grp[1]/pn_rpt[1]/pn_grp[1]/pn25_grp[1]/pn25c","11","614"
"consented_grp[1]/pn_rpt[1]/pn_grp[1]/pn27","3","625"
"consented_grp[1]/pn_rpt[1]/pn_grp[1]/pn29a","9","628"
"consented_grp[1]/pn_rpt[1]/pn_grp[1]/pn30","18","636"
"consented_grp[1]/cp1_grp[1]/cp1_note","5","655"
"consented_grp[1]/cp1_grp[1]/cp1","5","655"
"consented_grp[1]/cp2_grp[1]/cp2_note","10","661"
"consented_grp[1]/cp2_grp[1]/cp2","10","661"
"consented_grp[1]/cp3","16","670"
"consented_grp[1]/un7","10","686"
"consented_grp[1]/un8_grp[1]/un8","10","696"
"consented_grp[1]/un8_grp[1]/un8_units","10","696"
"consented_grp[1]/ma1","2","706"
"consented_grp[1]/ma2","16","709"
"consented_grp[1]/ma3","9","725"
"consented_grp[1]/ma4","10","734"
"consented_grp[1]/ma7","7","744"
"consented_grp[1]/ma8a","82","751"
"consented_grp[1]/ma11a","8","833"
"consented_grp[1]/af_grp[1]/af2","2","841"
"consented_grp[1]/af_grp[1]/af3","1","842"
"consented_grp[1]/af_grp[1]/af4","1","844"
"consented_grp[1]/af_grp[1]/af6b","2","845"
"consented_grp[1]/af_grp[1]/af8b","1","847"
"consented_grp[1]/af_grp[1]/af9","2","848"
"consented_grp[1]/af_grp[1]/af10","1","850"
"consented_grp[1]/af_grp[1]/af11","1","852"
"consented_grp[1]/af_grp[1]/af12","1","853"
"consented_grp[1]/ls1_grp[1]/ls_note","89","854"
"consented_grp[1]/ls1_grp[1]/ls1","89","854"
"consented_grp[1]/ls2_grp[1]/ls2_note","5","944"
"consented_grp[1]/ls2_grp[1]/ls2","5","944"
"consented_grp[1]/ls3","19","948"
"consented_grp[1]/ls4","12","968"
"consented_grp[1]/survey_language","2","980"
"consented_grp[1]/survey_accomp","2","982"
"consented_grp[1]/comment","4","984"
