"Field name","Total duration (seconds)","First appeared (seconds into survey)"
"intro_note","1","3"
"enum_id","5","4"
"enum_confirm_grp[1]/enum_details","1","9"
"enum_confirm_grp[1]/enum_confirm","1","9"
"community_id","13","10"
"comm_confirm_grp[1]/comm_details","1","23"
"comm_confirm_grp[1]/comm_confirm","1","23"
"u5_iden_grp[1]/u5_id","48","24"
"u5_iden_grp[1]/u5_fullname","48","24"
"u5_iden_grp[1]/u5_age","48","24"
"u5_iden_grp[1]/u5_ct_id","48","24"
"u5_iden_grp[1]/u5_ct_fullname","48","24"
"uf9","2","72"
"consent_grp[1]/consent","4","74"
"comments","6","75"
"consented_grp[1]/ub0","1","81"
"consented_grp[1]/ub1_age_sel","3","82"
"consented_grp[1]/ub1_dob_dmy","6","85"
"consented_grp[1]/ub5","2","91"
"consented_grp[1]/ub6","1","93"
"consented_grp[1]/ub9","4","94"
"consented_grp[1]/br1","3","98"
"consented_grp[1]/br2","14","101"
"consented_grp[1]/br3","1","115"
"consented_grp[1]/ec1","2","117"
"consented_grp[1]/ec2_grp[1]/generated_note_name_108","18","118"
"consented_grp[1]/ec2_grp[1]/ec2_label","18","118"
"consented_grp[1]/ec2_grp[1]/ec2a","18","118"
"consented_grp[1]/ec2_grp[1]/ec2b","18","118"
"consented_grp[1]/ec2_grp[1]/ec2c","18","118"
"consented_grp[1]/ec3_grp[1]/generated_note_name_115","19","136"
"consented_grp[1]/ec3_grp[1]/ec3a","19","136"
"consented_grp[1]/ec3_grp[1]/ec3b","19","136"
"consented_grp[1]/ec5_grp[1]/ec5","30","155"
"consented_grp[1]/ec5_grp[1]/ec5_label","30","155"
"consented_grp[1]/ec5_grp[1]/ec5a","30","155"
"consented_grp[1]/ec5_grp[1]/ec5b","30","155"
"consented_grp[1]/ec5_grp[1]/ec5c","30","155"
"consented_grp[1]/ec5_grp[1]/ec5d","30","155"
"consented_grp[1]/ec5_grp[1]/ec5e","30","155"
"consented_grp[1]/ec5_grp[1]/ec5f","30","155"
"consented_grp[1]/ec6_grp[1]/ec6_note","5","185"
"consented_grp[1]/ec6_grp[1]/ec6","5","185"
"consented_grp[1]/ec7","5","188"
"consented_grp[1]/ec8","4","196"
"consented_grp[1]/ec9","5","200"
"consented_grp[1]/ec10","3","206"
"consented_grp[1]/ec11","7","209"
"consented_grp[1]/ec12","3","216"
"consented_grp[1]/ec13","5","220"
"consented_grp[1]/ec14","9","225"
"consented_grp[1]/ec15","3","234"
"consented_grp[1]/ucd2_grp[1]/ucd2_note","57","236"
"consented_grp[1]/ucd2_grp[1]/ucb2_label","57","236"
"consented_grp[1]/ucd2_grp[1]/ucd2a","57","236"
"consented_grp[1]/ucd2_grp[1]/ucb2b","57","236"
"consented_grp[1]/ucd2_grp[1]/ucb2c","57","236"
"consented_grp[1]/ucd2_grp[1]/ucb2d","57","236"
"consented_grp[1]/ucd2_grp[1]/ucb2e","57","236"
"consented_grp[1]/ucd2_grp[1]/ucb2f","57","236"
"consented_grp[1]/ucd2_grp[1]/ucb2g","57","236"
"consented_grp[1]/ucd2_grp[1]/ucb2h","57","236"
"consented_grp[1]/ucd2_grp[1]/ucb2i","57","236"
"consented_grp[1]/ucd2_grp[1]/ucb2j","57","236"
"consented_grp[1]/ucd3","8","293"
"consented_grp[1]/ucf_grp[1]/ucf2_grp[1]/ucf2_note","15","300"
"consented_grp[1]/ucf_grp[1]/ucf2_grp[1]/ucf2_label","15","300"
"consented_grp[1]/ucf_grp[1]/ucf2_grp[1]/ucf2","15","300"
"consented_grp[1]/ucf_grp[1]/ucf2_grp[1]/ucf3","15","300"
"consented_grp[1]/ucf_grp[1]/ucf2_grp[1]/ucf4","15","300"
"consented_grp[1]/ucf_grp[1]/ucf5","1","315"
"consented_grp[1]/ucf_grp[1]/ucf7b","2","317"
"consented_grp[1]/ucf_grp[1]/ucf9b","1","319"
"consented_grp[1]/ucf_grp[1]/ucf13","1","320"
"consented_grp[1]/ucf_grp[1]/ucf14","2","322"
"consented_grp[1]/ucf_grp[1]/ucf15","4","324"
"consented_grp[1]/ucf_grp[1]/ucf16","2","328"
"consented_grp[1]/ucf_grp[1]/ucf17","1","329"
"consented_grp[1]/ucf_grp[1]/ucf18","1","331"
"consented_grp[1]/ucf_grp[1]/ucf19","20","332"
"consented_grp[1]/im2","1","352"
"consented_grp[1]/im5","2","353"
"consented_grp[1]/im6_note","2","355"
"consented_grp[1]/im6_rpt[1]/im6","2","357"
"consented_grp[1]/im6_rpt[1]/im6a","11","359"
"consented_grp[1]/im6_rpt[2]/im6","2","367"
"consented_grp[1]/im6_rpt[2]/im6a","10","369"
"consented_grp[1]/im6_rpt[3]/im6","2","378"
"consented_grp[1]/im6_rpt[3]/im6a","10","379"
"consented_grp[1]/im6_rpt[4]/im6","2","389"
"consented_grp[1]/im6_rpt[4]/im6a","11","390"
"consented_grp[1]/im6_rpt[5]/im6","2","400"
"consented_grp[1]/im6_rpt[5]/im6a","13","402"
"consented_grp[1]/im6_rpt[6]/im6","2","414"
"consented_grp[1]/im6_rpt[6]/im6a","9","415"
"consented_grp[1]/im6_rpt[7]/im6","2","432"
"consented_grp[1]/im6_rpt[7]/im6a","12","433"
"consented_grp[1]/im6_rpt[8]/im6","1","445"
"consented_grp[1]/im6_rpt[8]/im6a","9","446"
"consented_grp[1]/im6_rpt[9]/im6","1","456"
"consented_grp[1]/im6_rpt[9]/im6a","8","457"
"consented_grp[1]/im6_rpt[10]/im6","2","464"
"consented_grp[1]/im6_rpt[10]/im6a","10","465"
"consented_grp[1]/im6_rpt[11]/im6","3","476"
"consented_grp[1]/im6_rpt[11]/im6a","12","477"
"consented_grp[1]/im6_rpt[12]/im6","2","488"
"consented_grp[1]/im6_rpt[12]/im6a","14","490"
"consented_grp[1]/im6_rpt[13]/im6","4","503"
"consented_grp[1]/im6_rpt[13]/im6a","13","506"
"consented_grp[1]/im6_rpt[14]/im6","3","524"
"consented_grp[1]/im6_rpt[14]/im6a","15","527"
"consented_grp[1]/im6_rpt[15]/im6","3","537"
"consented_grp[1]/im6_rpt[15]/im6a","14","539"
"consented_grp[1]/im8_im27_grp[1]/im8_grp[1]/im8_note","6","559"
"consented_grp[1]/im8_im27_grp[1]/im8_grp[1]/im8_label","6","559"
"consented_grp[1]/im8_im27_grp[1]/im8_grp[1]/im8a","6","559"
"consented_grp[1]/im8_im27_grp[1]/im8_grp[1]/im8b","6","559"
"consented_grp[1]/im8_im27_grp[1]/im8_grp[1]/im8c","6","559"
"consented_grp[1]/im8_im27_grp[1]/im8_grp[1]/im8d","6","559"
"consented_grp[1]/im8_im27_grp[1]/im9","1","566"
"consented_grp[1]/ca1","9","567"
"consented_grp[1]/ca14","4","576"
"consented_grp[1]/ca16","4","580"
"consented_grp[1]/ca17","3","584"
"consented_grp[1]/gps_backup","194","586"
