"Field name","Total duration (seconds)","First appeared (seconds into survey)"
"intro_note","5","2"
"enum_id","9","4"
"enum_confirm_grp[1]/enum_details","3","10"
"enum_confirm_grp[1]/enum_confirm","3","10"
"community_id","9","11"
"comm_confirm_grp[1]/comm_details","3","18"
"comm_confirm_grp[1]/comm_confirm","3","18"
"hhid_grp[1]/hhid_instruction","9","19"
"hhid_grp[1]/hhid_struct_num","9","19"
"hhid_grp[1]/hhid_hh_num","9","19"
"hhid_confirm_grp[1]/hhid_details","39","24"
"hhid_confirm_grp[1]/hhid_confirm","39","24"
"consent_grp[1]/consent_instr","131","26"
"consent_grp[1]/consent","131","26"
"consented_grp[1]/hh_note","13","152"
"consented_grp[1]/hhm_cnt","13","159"
"consented_grp[1]/rooster_note","8","162"
"consented_grp[1]/hhm_rpt[1]/hhmemb_info[1]/fmemb_name_grp[1]/fmemb_fn","52","164"
"consented_grp[1]/hhm_rpt[1]/hhmemb_info[1]/fmemb_name_grp[1]/fmemb_sn","52","164"
"consented_grp[1]/hhm_rpt[1]/hhmemb_info[1]/fmemb_name_grp[1]/fmemb_popn","52","164"
"consented_grp[1]/hhm_rpt[1]/hhmemb_info[1]/hl3","15","183"
"consented_grp[1]/hhm_rpt[1]/hhmemb_info[1]/hl4","7","185"
"consented_grp[1]/hhm_rpt[1]/hhmemb_info[1]/hl5_age_sel","8","186"
"consented_grp[1]/hhm_rpt[1]/hhmemb_info[1]/hl5_dob_dmy","58","188"
"consented_grp[1]/hhm_rpt[1]/hhmemb_info[1]/hl7","33","198"
"consented_grp[1]/hhm_rpt[1]/ed4","18","201"
"consented_grp[1]/hhm_rpt[1]/hhm_add_grp[1]/hhm_add_note","112","205"
"consented_grp[1]/hhm_rpt[1]/hhm_add_grp[1]/hhm_add_yn","112","205"
"consented_grp[1]/hhm_rpt[2]/hhmemb_info[1]/fmemb_name_grp[1]/fmemb_fn","37","207"
"consented_grp[1]/hhm_rpt[2]/hhmemb_info[1]/fmemb_name_grp[1]/fmemb_sn","37","207"
"consented_grp[1]/hhm_rpt[2]/hhmemb_info[1]/fmemb_name_grp[1]/fmemb_popn","37","207"
"consented_grp[1]/hhm_rpt[2]/hhmemb_info[1]/hl3","11","229"
"consented_grp[1]/hhm_rpt[2]/hhmemb_info[1]/hl4","4","236"
"consented_grp[1]/hhm_rpt[2]/hhmemb_info[1]/hl5_age_sel","2","239"
"consented_grp[1]/hhm_rpt[2]/hhmemb_info[1]/hl5_dob_dmy","22","241"
"consented_grp[1]/hhm_rpt[2]/hhmemb_info[1]/hl7","3","252"
"consented_grp[1]/hhm_rpt[2]/ed4","5","255"
"consented_grp[1]/hhm_rpt[2]/hhm_add_grp[1]/hhm_add_note","7","259"
"consented_grp[1]/hhm_rpt[2]/hhm_add_grp[1]/hhm_add_yn","7","259"
"consented_grp[1]/hhm_rpt[3]/hhmemb_info[1]/fmemb_name_grp[1]/fmemb_fn","26","261"
"consented_grp[1]/hhm_rpt[3]/hhmemb_info[1]/fmemb_name_grp[1]/fmemb_sn","26","261"
"consented_grp[1]/hhm_rpt[3]/hhmemb_info[1]/fmemb_name_grp[1]/fmemb_popn","26","261"
"consented_grp[1]/hhm_rpt[3]/hhmemb_info[1]/hl3","8","277"
"consented_grp[1]/hhm_rpt[3]/hhmemb_info[1]/hl4","5","282"
"consented_grp[1]/hhm_rpt[3]/hhmemb_info[1]/hl5_age_sel","4","285"
"consented_grp[1]/hhm_rpt[3]/hhmemb_info[1]/hl5_dob_dmy","24","286"
"consented_grp[1]/hhm_rpt[3]/hhmemb_info[1]/hl7","6","308"
"consented_grp[1]/hhm_rpt[3]/ed4","6","310"
"consented_grp[1]/hhm_rpt[3]/hhm_add_grp[1]/hhm_add_note","11","314"
"consented_grp[1]/hhm_rpt[3]/hhm_add_grp[1]/hhm_add_yn","11","314"
"consented_grp[1]/hhm_rpt[4]/hhmemb_info[1]/fmemb_name_grp[1]/fmemb_fn","17","336"
"consented_grp[1]/hhm_rpt[4]/hhmemb_info[1]/fmemb_name_grp[1]/fmemb_sn","17","336"
"consented_grp[1]/hhm_rpt[4]/hhmemb_info[1]/fmemb_name_grp[1]/fmemb_popn","17","336"
"consented_grp[1]/hhm_rpt[4]/hhmemb_info[1]/hl3","7","351"
"consented_grp[1]/hhm_rpt[4]/hhmemb_info[1]/hl4","19","354"
"consented_grp[1]/hhm_rpt[4]/hhmemb_info[1]/hl5_age_sel","2","372"
"consented_grp[1]/hhm_rpt[4]/hhmemb_info[1]/hl5_dob_dmy","18","373"
"consented_grp[1]/hhm_rpt[4]/hhmemb_info[1]/hl7","5","387"
"consented_grp[1]/hhm_rpt[4]/ed4","4","389"
"consented_grp[1]/hhm_rpt[4]/ed5_grp[1]/ed5a","2","392"
"consented_grp[1]/hhm_rpt[4]/ed5_grp[1]/ed5a_a","5","394"
"consented_grp[1]/hhm_rpt[4]/ed5_grp[1]/ed5b","6","395"
"consented_grp[1]/hhm_rpt[4]/ed5_grp[1]/ed6","3","397"
"consented_grp[1]/hhm_rpt[4]/ed9","3","399"
"consented_grp[1]/hhm_rpt[4]/ed9_grp[1]/ed10","4","401"
"consented_grp[1]/hhm_rpt[4]/ed9_grp[1]/ed11a","8","404"
"consented_grp[1]/hhm_rpt[4]/ed9_grp[1]/ed12","9","410"
"consented_grp[1]/hhm_rpt[4]/ed9_grp[1]/ed13","4","411"
"consented_grp[1]/hhm_rpt[4]/ed9_grp[1]/ed14","22","413"
"consented_grp[1]/hhm_rpt[4]/ed15","5","433"
"consented_grp[1]/hhm_rpt[4]/ed16_grp[1]/ed16a","3","437"
"consented_grp[1]/hhm_rpt[4]/ed16_grp[1]/ed16b","7","438"
"consented_grp[1]/hhm_rpt[4]/hhm_add_grp[1]/hhm_add_note","10","442"
"consented_grp[1]/hhm_rpt[4]/hhm_add_grp[1]/hhm_add_yn","10","442"
"consented_grp[1]/hhm_rpt[5]/hhmemb_info[1]/fmemb_name_grp[1]/fmemb_fn","59","445"
"consented_grp[1]/hhm_rpt[5]/hhmemb_info[1]/fmemb_name_grp[1]/fmemb_sn","59","445"
"consented_grp[1]/hhm_rpt[5]/hhmemb_info[1]/fmemb_name_grp[1]/fmemb_popn","59","445"
"consented_grp[1]/hhm_rpt[5]/hhmemb_info[1]/hl3","7","494"
"consented_grp[1]/hhm_rpt[5]/hhmemb_info[1]/hl4","5","498"
"consented_grp[1]/hhm_rpt[5]/hhmemb_info[1]/hl5_age_sel","4","500"
"consented_grp[1]/hhm_rpt[5]/hhmemb_info[1]/hl5_dob_dmy","13","501"
"consented_grp[1]/hhm_rpt[5]/hhmemb_info[1]/hl7","3","513"
"consented_grp[1]/hhm_rpt[5]/ed4","1","515"
"consented_grp[1]/hhm_rpt[5]/ed5_grp[1]/ed5a","3","516"
"consented_grp[1]/hhm_rpt[5]/ed5_grp[1]/ed5a_a","2","518"
"consented_grp[1]/hhm_rpt[5]/ed5_grp[1]/ed5b","38","519"
"consented_grp[1]/hhm_rpt[5]/ed5_grp[1]/ed6","2","521"
"consented_grp[1]/hhm_rpt[5]/ed9","2","523"
"consented_grp[1]/hhm_rpt[5]/ed9_grp[1]/ed10","1","525"
"consented_grp[1]/hhm_rpt[5]/ed9_grp[1]/ed11a","491","526"
"consented_grp[1]/hhm_rpt[5]/ed9_grp[1]/ed12","1","529"
"consented_grp[1]/hhm_rpt[5]/ed9_grp[1]/ed13","1","530"
"consented_grp[1]/hhm_rpt[5]/ed9_grp[1]/ed14","6","532"
"consented_grp[1]/hhm_rpt[5]/ed15","8","536"
"consented_grp[1]/hhm_rpt[5]/hhm_add_grp[1]/hhm_add_note","7","539"
"consented_grp[1]/hhm_rpt[5]/hhm_add_grp[1]/hhm_add_yn","7","539"
"consented_grp[1]/hhm_rpt[6]/hhmemb_info[1]/fmemb_name_grp[1]/fmemb_fn","33","541"
"consented_grp[1]/hhm_rpt[6]/hhmemb_info[1]/fmemb_name_grp[1]/fmemb_sn","33","541"
"consented_grp[1]/hhm_rpt[6]/hhmemb_info[1]/fmemb_name_grp[1]/fmemb_popn","33","541"
"consented_grp[1]/hhm_rpt[5]/ed16_grp[1]/ed16a","2","565"
"consented_grp[1]/hhm_rpt[5]/ed16_grp[1]/ed16b","2","567"
"consented_grp[1]/hhm_rpt[6]/hhmemb_info[1]/hl3","22","585"
"consented_grp[1]/hhm_rpt[6]/hhmemb_info[1]/hl4","2","589"
"consented_grp[1]/hhm_rpt[6]/hhmemb_info[1]/hl5_age_sel","2","591"
"consented_grp[1]/hhm_rpt[6]/hhmemb_info[1]/hl5_dob_dmy","30","593"
"consented_grp[1]/hhm_rpt[6]/hhmemb_info[1]/hl7","2","623"
"consented_grp[1]/hhm_rpt[6]/hhm_add_grp[1]/hhm_add_note","2","625"
"consented_grp[1]/hhm_rpt[6]/hhm_add_grp[1]/hhm_add_yn","2","625"
"consented_grp[1]/hhm_ch_intro","2","627"
"consented_grp[1]/hhm_ch_rpt[1]/h12_grp[1]/hl12","5","628"
"consented_grp[1]/hhm_ch_rpt[1]/h12_grp[1]/hl13a","2","632"
"consented_grp[1]/hhm_ch_rpt[1]/h12_grp[1]/hl13b","2","635"
"consented_grp[1]/hhm_ch_rpt[1]/h16_grp[1]/hl16","15","637"
"consented_grp[1]/hhm_ch_rpt[1]/h16_grp[1]/hl17a","2","642"
"consented_grp[1]/hhm_ch_rpt[1]/h16_grp[1]/hl19","2","644"
"consented_grp[1]/hhm_ch_rpt[2]/h12_grp[1]/hl12","3","646"
"consented_grp[1]/hhm_ch_rpt[2]/h12_grp[1]/hl13a","1","649"
"consented_grp[1]/hhm_ch_rpt[2]/h12_grp[1]/hl13b","2","651"
"consented_grp[1]/hhm_ch_rpt[2]/h16_grp[1]/hl16","7","652"
"consented_grp[1]/hhm_ch_rpt[2]/h16_grp[1]/hl17a","1","659"
"consented_grp[1]/hhm_ch_rpt[2]/h16_grp[1]/hl19","2","660"
"consented_grp[1]/hhm_ch_rpt[3]/h12_grp[1]/hl12","3","662"
"consented_grp[1]/hhm_ch_rpt[3]/h12_grp[1]/hl13a","2","665"
"consented_grp[1]/hhm_ch_rpt[3]/h12_grp[1]/hl13b","2","667"
"consented_grp[1]/hhm_ch_rpt[3]/h16_grp[1]/hl16","5","669"
"consented_grp[1]/hhm_ch_rpt[3]/h16_grp[1]/hl17a","4","672"
"consented_grp[1]/hhm_ch_rpt[3]/h16_grp[1]/hl19","16","678"
"consented_grp[1]/u5_rpt[1]/u5_note","60","695"
"consented_grp[1]/hc_grp[1]/hc1a","5","755"
"consented_grp[1]/hc_grp[1]/hc1b","22","761"
"consented_grp[1]/hc_grp[1]/hc2","27","777"
"consented_grp[1]/hc_grp[1]/hc3","15","809"
"consented_grp[1]/hc_grp[1]/hc4","14","824"
"consented_grp[1]/hc_grp[1]/hc5","3","839"
"consented_grp[1]/hc_grp[1]/hc6","8","841"
"consented_grp[1]/hc_grp[1]/hc7_grp[1]/hcf_note","42","849"
"consented_grp[1]/hc_grp[1]/hc7_grp[1]/hc7_label","42","849"
"consented_grp[1]/hc_grp[1]/hc7_grp[1]/hc7a","42","849"
"consented_grp[1]/hc_grp[1]/hc7_grp[1]/hc7b","42","849"
"consented_grp[1]/hc_grp[1]/hc7_grp[1]/hc7c","42","849"
"consented_grp[1]/hc_grp[1]/hc7_grp[1]/hc7d","42","849"
"consented_grp[1]/hc_grp[1]/hc7_grp[1]/hc7e","42","849"
"consented_grp[1]/hc_grp[1]/hc7_grp[1]/hc7f","42","849"
"consented_grp[1]/hc_grp[1]/hc7_grp[1]/hc7g","42","849"
"consented_grp[1]/hc_grp[1]/hc8","5","891"
"consented_grp[1]/hc_grp[1]/hc10_grp[1]/hc10_note","23","896"
"consented_grp[1]/hc_grp[1]/hc10_grp[1]/hc10_labels","23","896"
"consented_grp[1]/hc_grp[1]/hc10_grp[1]/hc10a","23","896"
"consented_grp[1]/hc_grp[1]/hc10_grp[1]/hc10b","23","896"
"consented_grp[1]/hc_grp[1]/hc10_grp[1]/hc10c","23","896"
"consented_grp[1]/hc_grp[1]/hc10_grp[1]/hc10d","23","896"
"consented_grp[1]/hc_grp[1]/hc10_grp[1]/hc10e","23","896"
"consented_grp[1]/hc_grp[1]/hc10_grp[1]/hc10f","23","896"
"consented_grp[1]/hc_grp[1]/hc10_grp[1]/hc10g","23","896"
"consented_grp[1]/hc_grp[1]/hc11","5","919"
"consented_grp[1]/hc_grp[1]/hc12","8","925"
"consented_grp[1]/hc_grp[1]/hc13","14","933"
"consented_grp[1]/hc_grp[1]/hc14","6","946"
"consented_grp[1]/hc_grp[1]/hc15","8","952"
"consented_grp[1]/hc_grp[1]/hc16_grp[1]/hc16a","23","960"
"consented_grp[1]/hc_grp[1]/hc16_grp[1]/hc16b","23","960"
"consented_grp[1]/hc_grp[1]/hc17","15","983"
"consented_grp[1]/hc_grp[1]/hc18","3","999"
"consented_grp[1]/hc_grp[1]/hc18_grp[1]/note","6","1001"
"consented_grp[1]/hc_grp[1]/hc18_grp[1]/hc18h","6","1001"
"consented_grp[1]/hc_grp[1]/hc19","47","1007"
"consented_grp[1]/st_intonote","1","1054"
"consented_grp[1]/st_rpt[1]/st1a","24","1055"
"consented_grp[1]/st_rpt[1]/st1b","2","1080"
"consented_grp[1]/st_rpt[2]/st1a","12","1082"
"consented_grp[1]/st_rpt[2]/st1b","2","1094"
"consented_grp[1]/st_rpt[3]/st1a","8","1096"
"consented_grp[1]/st_rpt[3]/st1b","3","1105"
"consented_grp[1]/st_rpt[4]/st1a","3","1108"
"consented_grp[1]/st_rpt[4]/st1b","1","1110"
"consented_grp[1]/st_rpt[5]/st1a","36","1111"
"consented_grp[1]/st_rpt[5]/st1_add_yn","20","1148"
"consented_grp[1]/eu1","8","1168"
"consented_grp[1]/eu2","2","1175"
"consented_grp[1]/eu4_grp[1]/eu4","6","1178"
"consented_grp[1]/eu5_grp[1]/eu5","3","1183"
"consented_grp[1]/eu6","13","1186"
"consented_grp[1]/eu9","5","1200"
"consented_grp[1]/tn1","22","1205"
"consented_grp[1]/tn2","2","1227"
"consented_grp[1]/tn_rpt[1]/generated_note_name_438","1","1228"
"consented_grp[1]/tn_rpt[1]/tn3","2","1229"
"consented_grp[1]/tn_rpt[1]/tn4","189","1231"
"consented_grp[1]/tn_rpt[1]/tn5","3","1420"
"consented_grp[1]/tn_rpt[1]/tn10","2","1423"
"consented_grp[1]/tn_rpt[1]/tn12","2","1425"
"consented_grp[1]/tn_rpt[1]/tn13","5","1427"
"consented_grp[1]/tn_rpt[1]/tn15","16","1433"
"consented_grp[1]/irs1","7","1449"
"consented_grp[1]/ws1","15","1456"
"consented_grp[1]/ws3","2","1466"
"consented_grp[1]/ws4","4","1468"
"consented_grp[1]/ws5","9","1471"
"consented_grp[1]/ws6","31","1481"
"consented_grp[1]/ws7","18","1512"
"consented_grp[1]/ws8","26","1530"
"consented_grp[1]/ws9","11","1556"
"consented_grp[1]/ws11","15","1566"
"consented_grp[1]/ws12","8","1582"
"consented_grp[1]/ws14","38","1588"
"consented_grp[1]/ws15","29","1593"
"consented_grp[1]/ws16","3","1657"
"consented_grp[1]/ws17","2","1660"
"consented_grp[1]/hw1_grp[1]/hw1_note","19","1662"
"consented_grp[1]/hw1_grp[1]/hw1","19","1662"
"consented_grp[1]/hw5","4","1681"
"consented_grp[1]/death_note","1","1685"
"consented_grp[1]/dc0a","36","1686"
"consented_grp[1]/main_respondent","3","1722"
"consented_grp[1]/survey_language","2","1726"
"consented_grp[1]/survey_accomp","2","1728"
"gps_backup","8","1730"
"comments","4","1738"
