"Field name","Total duration (seconds)","First appeared (seconds into survey)"
"intro_note","1","11"
"enum_id","6","12"
"enum_confirm_grp[1]/enum_details","1","18"
"enum_confirm_grp[1]/enum_confirm","1","18"
"community_id","13","19"
"comm_confirm_grp[1]/comm_details","1","32"
"comm_confirm_grp[1]/comm_confirm","1","32"
"u5_iden_grp[1]/u5_id","57","33"
"u5_iden_grp[1]/u5_fullname","57","33"
"u5_iden_grp[1]/u5_age","57","33"
"u5_iden_grp[1]/u5_ct_id","57","33"
"u5_iden_grp[1]/u5_ct_fullname","57","33"
"uf9","1","90"
"consent_grp[1]/consent","2","92"
"consented_grp[1]/ub0","1","94"
"consented_grp[1]/ub1_age_sel","19","95"
"consented_grp[1]/ub1_dob_dmy","13","115"
"consented_grp[1]/ub5","6","128"
"consented_grp[1]/ub9","2","134"
"consented_grp[1]/br1","2","136"
"consented_grp[1]/br2","36","138"
"consented_grp[1]/br3","13","175"
"consented_grp[1]/ec1","2","188"
"consented_grp[1]/ec2_grp[1]/generated_note_name_108","27","190"
"consented_grp[1]/ec2_grp[1]/ec2_label","27","190"
"consented_grp[1]/ec2_grp[1]/ec2a","27","190"
"consented_grp[1]/ec2_grp[1]/ec2b","27","190"
"consented_grp[1]/ec2_grp[1]/ec2c","27","190"
"consented_grp[1]/ec3_grp[1]/generated_note_name_115","24","216"
"consented_grp[1]/ec3_grp[1]/ec3a","24","216"
"consented_grp[1]/ec3_grp[1]/ec3b","24","216"
"consented_grp[1]/ec7","3","240"
"consented_grp[1]/ec8","1","243"
"consented_grp[1]/ec9","6","245"
"consented_grp[1]/ec10","4","251"
"consented_grp[1]/ec11","3","255"
"consented_grp[1]/ec12","12","258"
"consented_grp[1]/ec13","4","270"
"consented_grp[1]/ec14","5","274"
"consented_grp[1]/ec15","7","279"
"consented_grp[1]/ucd2_grp[1]/ucd2_note","83","286"
"consented_grp[1]/ucd2_grp[1]/ucb2_label","83","286"
"consented_grp[1]/ucd2_grp[1]/ucd2a","83","286"
"consented_grp[1]/ucd2_grp[1]/ucb2b","83","286"
"consented_grp[1]/ucd2_grp[1]/ucb2c","83","286"
"consented_grp[1]/ucd2_grp[1]/ucb2d","83","286"
"consented_grp[1]/ucd2_grp[1]/ucb2e","83","286"
"consented_grp[1]/ucd2_grp[1]/ucb2f","83","286"
"consented_grp[1]/ucd2_grp[1]/ucb2g","83","286"
"consented_grp[1]/ucd2_grp[1]/ucb2h","83","286"
"consented_grp[1]/ucd2_grp[1]/ucb2i","83","286"
"consented_grp[1]/ucd2_grp[1]/ucb2j","83","286"
"consented_grp[1]/ucd3","11","369"
"consented_grp[1]/ucf_grp[1]/ucf2_grp[1]/ucf2_note","28","380"
"consented_grp[1]/ucf_grp[1]/ucf2_grp[1]/ucf2_label","28","380"
"consented_grp[1]/ucf_grp[1]/ucf2_grp[1]/ucf2","28","380"
"consented_grp[1]/ucf_grp[1]/ucf2_grp[1]/ucf3","28","380"
"consented_grp[1]/ucf_grp[1]/ucf2_grp[1]/ucf4","28","380"
"consented_grp[1]/ucf_grp[1]/ucf5","14","408"
"consented_grp[1]/ucf_grp[1]/ucf7b","5","422"
"consented_grp[1]/ucf_grp[1]/ucf9b","6","427"
"consented_grp[1]/ucf_grp[1]/ucf13","6","433"
"consented_grp[1]/ucf_grp[1]/ucf14","7","440"
"consented_grp[1]/ucf_grp[1]/ucf15","6","447"
"consented_grp[1]/ucf_grp[1]/ucf16","5","453"
"consented_grp[1]/ucf_grp[1]/ucf17","8","458"
"consented_grp[1]/ucf_grp[1]/ucf18","7","466"
"consented_grp[1]/ucf_grp[1]/ucf19","24","473"
"consented_grp[1]/bd_grp[1]/bd2","7","497"
"consented_grp[1]/bd_grp[1]/bd3","4","504"
"consented_grp[1]/bd_grp[1]/bd4","10","506"
"consented_grp[1]/bd_grp[1]/bd5","6","517"
"consented_grp[1]/bd_grp[1]/bd6","8","524"
"consented_grp[1]/bd_grp[1]/bd7_grp[1]/bd7","20","532"
"consented_grp[1]/bd_grp[1]/bd7_grp[1]/bd7_label","20","532"
"consented_grp[1]/bd_grp[1]/bd7_grp[1]/bd7a","20","532"
"consented_grp[1]/bd_grp[1]/bd7_grp[1]/bd7b","20","532"
"consented_grp[1]/bd_grp[1]/bd7_grp[1]/bd7c","20","532"
"consented_grp[1]/bd_grp[1]/bd7_grp[1]/bd7d","20","532"
"consented_grp[1]/bd_grp[1]/bd7e_grp[1]/bd7e_label","2","551"
"consented_grp[1]/bd_grp[1]/bd7e_grp[1]/bd7e","2","551"
"consented_grp[1]/bd_grp[1]/bd7x_grp[1]/bd7x_label","9","553"
"consented_grp[1]/bd_grp[1]/bd7x_grp[1]/bd7x","9","553"
"consented_grp[1]/bd_grp[1]/bd8","5","563"
"consented_grp[1]/bd_grp[1]/bd8_grp[1]/bd8_note","1","567"
"consented_grp[1]/bd_grp[1]/bd8_grp[1]/bd8a1","102","569"
"consented_grp[1]/bd_grp[1]/bd8b_grp[1]/bd8b_note","1","671"
"consented_grp[1]/bd_grp[1]/bd8b_grp[1]/bd8b1","8","672"
"consented_grp[1]/bd_grp[1]/bd8b_grp[1]/bd8c1","8","679"
"consented_grp[1]/bd_grp[1]/bd8b_grp[1]/bd8d1","5","687"
"consented_grp[1]/bd_grp[1]/bd8b_grp[1]/bd8e1","10","693"
"consented_grp[1]/bd_grp[1]/bd8b_grp[1]/bd8e2","5","702"
"consented_grp[1]/bd_grp[1]/bd8b_grp[1]/bd8f1","35","708"
"consented_grp[1]/bd_grp[1]/bd8b_grp[1]/bd8f2","1","742"
"consented_grp[1]/bd_grp[1]/bd8b_grp[1]/bd8g1","54","744"
"consented_grp[1]/bd_grp[1]/bd8b_grp[1]/bd8h1","10","798"
"consented_grp[1]/bd_grp[1]/bd8b_grp[1]/bd8h2","1","808"
"consented_grp[1]/bd_grp[1]/bd8b_grp[1]/bd8i1","11","809"
"consented_grp[1]/bd_grp[1]/bd8b_grp[1]/bd8j1","62","821"
"consented_grp[1]/bd_grp[1]/bd8b_grp[1]/bd8k1","7","883"
"consented_grp[1]/bd_grp[1]/bd8b_grp[1]/bd8l1","4","890"
"consented_grp[1]/bd_grp[1]/bd8b_grp[1]/bd8l2","1","894"
"consented_grp[1]/bd_grp[1]/bd8b_grp[1]/bd8m1","8","895"
"consented_grp[1]/bd_grp[1]/bd8b_grp[1]/bd8n1","7","903"
"consented_grp[1]/bd_grp[1]/bd8b_grp[1]/bd8x1","7","910"
"consented_grp[1]/im2","3","917"
"consented_grp[1]/im5","14","920"
"consented_grp[1]/im6_note","3","934"
"consented_grp[1]/im6_rpt[1]/im6","4","935"
"consented_grp[1]/im6_rpt[1]/im6a","21","936"
"consented_grp[1]/im6_rpt[2]/im6","4","945"
"consented_grp[1]/im6_rpt[2]/im6a","11","947"
"consented_grp[1]/im6_rpt[3]/im6","7","955"
"consented_grp[1]/im6_rpt[3]/im6a","9","984"
"consented_grp[1]/im6_rpt[4]/im6","2","993"
"consented_grp[1]/im6_rpt[4]/im6a","9","995"
"consented_grp[1]/im6_rpt[5]/im6","1","1005"
"consented_grp[1]/im6_rpt[5]/im6a","8","1006"
"consented_grp[1]/im6_rpt[6]/im6","2","1014"
"consented_grp[1]/im6_rpt[6]/im6a","14","1015"
"consented_grp[1]/im6_rpt[7]/im6","2","1029"
"consented_grp[1]/im6_rpt[7]/im6a","18","1031"
"consented_grp[1]/im6_rpt[8]/im6","2","1049"
"consented_grp[1]/im6_rpt[8]/im6a","15","1051"
"consented_grp[1]/im6_rpt[9]/im6","1","1066"
"consented_grp[1]/im6_rpt[9]/im6a","24","1067"
"consented_grp[1]/im6_rpt[10]/im6","2","1091"
"consented_grp[1]/im6_rpt[10]/im6a","13","1093"
"consented_grp[1]/im6_rpt[11]/im6","3","1106"
"consented_grp[1]/im6_rpt[11]/im6a","14","1109"
"consented_grp[1]/im6_rpt[12]/im6","2","1120"
"consented_grp[1]/im6_rpt[12]/im6a","12","1122"
"consented_grp[1]/im6_rpt[13]/im6","1","1134"
"consented_grp[1]/im6_rpt[13]/im6a","8","1135"
"consented_grp[1]/im6_rpt[14]/im6","4","1143"
"consented_grp[1]/im6_rpt[14]/im6a","14","1150"
"consented_grp[1]/im6_rpt[15]/im6","2","1164"
"consented_grp[1]/im6_rpt[15]/im6a","9","1165"
"consented_grp[1]/im8_im27_grp[1]/im8_grp[1]/im8_note","35","1174"
"consented_grp[1]/im8_im27_grp[1]/im8_grp[1]/im8_label","35","1174"
"consented_grp[1]/im8_im27_grp[1]/im8_grp[1]/im8a","35","1174"
"consented_grp[1]/im8_im27_grp[1]/im8_grp[1]/im8b","35","1174"
"consented_grp[1]/im8_im27_grp[1]/im8_grp[1]/im8c","35","1174"
"consented_grp[1]/im8_im27_grp[1]/im8_grp[1]/im8d","35","1174"
"consented_grp[1]/im8_im27_grp[1]/im9","4","1210"
"consented_grp[1]/ca1","9","1214"
"consented_grp[1]/ca14","8","1223"
"consented_grp[1]/ca16","5","1231"
"consented_grp[1]/ca17","6","1236"
"consented_grp[1]/ca31","10","1242"
"consented_grp[1]/gps_backup","28","1252"
"comments","4","1280"
