"Field name","Total duration (seconds)","First appeared (seconds into survey)"
"intro_note","1","14"
"enum_id","13","15"
"enum_confirm_grp[1]/enum_details","1","29"
"enum_confirm_grp[1]/enum_confirm","1","29"
"community_id","9","30"
"comm_confirm_grp[1]/comm_details","14","39"
"comm_confirm_grp[1]/comm_confirm","14","39"
"iw_iden_grp[1]/iw_id","34","53"
"iw_iden_grp[1]/iw_fullname","34","53"
"iw_iden_grp[1]/iw_age","34","53"
"wm8","2","86"
"wm9_grp[1]/wm9b","2","88"
"wm9_grp[1]/consent","2","88"
"consented_grp[1]/wb3_age_sel","4","91"
"consented_grp[1]/wb4_age_est","3","95"
"consented_grp[1]/wb5","14","98"
"consented_grp[1]/wb5_grp[1]/wb6","5","111"
"consented_grp[1]/wb5_grp[1]/wb6a","4","116"
"consented_grp[1]/wb5_grp[1]/wb6b","2","120"
"consented_grp[1]/wb5_grp[1]/wb7","3","122"
"consented_grp[1]/wb5_grp[1]/wb10a","3","125"
"consented_grp[1]/wb5_grp[1]/wb10b","1","128"
"consented_grp[1]/wb5_grp[1]/wb12a","2","129"
"consented_grp[1]/wb5_grp[1]/wb12b","1","131"
"consented_grp[1]/wb14_grp[1]/wb14_note","36","133"
"consented_grp[1]/wb14_grp[1]/wb14","36","133"
"consented_grp[1]/wb15","22","169"
"consented_grp[1]/wb16_grp[1]/wb16a","24","191"
"consented_grp[1]/wb16_grp[1]/wb16_note","24","191"
"consented_grp[1]/wb16_grp[1]/wb16b","24","191"
"consented_grp[1]/wb17a","4","215"
"consented_grp[1]/wb17b","3","220"
"consented_grp[1]/wb18","3","223"
"consented_grp[1]/mt1","4","225"
"consented_grp[1]/mt2","22","230"
"consented_grp[1]/mt3","8","252"
"consented_grp[1]/mt4","5","260"
"consented_grp[1]/mt9","19","265"
"consented_grp[1]/mt11","9","284"
"consented_grp[1]/mt12","17","293"
"consented_grp[1]/cm1","247","310"
"consented_grp[1]/cm2","9","557"
"consented_grp[1]/cm2_grp[1]/cm3","6","566"
"consented_grp[1]/cm2_grp[1]/cm4","6","566"
"consented_grp[1]/cm5","3","572"
"consented_grp[1]/cm5_grp[1]/cm6","8","575"
"consented_grp[1]/cm5_grp[1]/cm7","8","575"
"consented_grp[1]/cm8","2","583"
"consented_grp[1]/cm8_grp[1]/cm9","6","585"
"consented_grp[1]/cm8_grp[1]/cm10","6","585"
"consented_grp[1]/cm12","12","591"
"consented_grp[1]/bh0","5","603"
"consented_grp[1]/bh_rpt[1]/bh1","12","608"
"consented_grp[1]/bh_rpt[1]/bh2","4","620"
"consented_grp[1]/bh_rpt[1]/bh3","6","624"
"consented_grp[1]/bh_rpt[1]/bh4_age_sel","3","630"
"consented_grp[1]/bh_rpt[1]/bh4_dob_my","7","633"
"consented_grp[1]/bh_rpt[1]/bh5","4","640"
"consented_grp[1]/bh_rpt[1]/bh6","4","645"
"consented_grp[1]/bh_rpt[1]/bh7","3","648"
"consented_grp[1]/bh_rpt[1]/bh10","2","651"
"consented_grp[1]/bh_rpt[2]/bh1","19","653"
"consented_grp[1]/bh_rpt[2]/bh2","180","672"
"consented_grp[1]/bh_rpt[2]/bh3","7","852"
"consented_grp[1]/bh_rpt[2]/bh4_age_sel","11","859"
"consented_grp[1]/bh_rpt[2]/bh4_dob_my","31","870"
"consented_grp[1]/bh_rpt[2]/bh5","194","901"
"consented_grp[1]/bh_rpt[2]/bh9_grp[1]/bh9_note","33","1095"
"consented_grp[1]/bh_rpt[2]/bh9_grp[1]/bh9_a","33","1095"
"consented_grp[1]/bh_rpt[2]/bh9_grp[1]/bh9_b","33","1095"
"consented_grp[1]/bh_rpt[2]/bh10","108","1128"
"consented_grp[1]/bh_rpt[3]/bh1","162","1236"
"consented_grp[1]/bh_rpt[3]/bh2","6","1398"
"consented_grp[1]/bh_rpt[3]/bh3","3","1404"
"consented_grp[1]/bh_rpt[3]/bh4_age_sel","4","1407"
"consented_grp[1]/bh_rpt[3]/bh4_dob_dmy","15","1411"
"consented_grp[1]/bh_rpt[3]/bh5","2","1426"
"consented_grp[1]/bh_rpt[3]/bh6","4","1429"
"consented_grp[1]/bh_rpt[3]/bh7","6","1433"
"consented_grp[1]/bh_rpt[3]/bh8","5","1439"
"consented_grp[1]/bh_rpt[3]/bh10","2","1443"
"consented_grp[1]/db2","12","1445"
"consented_grp[1]/mn_rpt[1]/mn_grp[1]/mn2","13","1457"
"consented_grp[1]/mn_rpt[1]/mn_grp[1]/mn3","26","1470"
"consented_grp[1]/mn_rpt[1]/mn_grp[1]/mn4_grp[1]/mn4_a","27","1496"
"consented_grp[1]/mn_rpt[1]/mn_grp[1]/mn4_grp[1]/mn4_b","27","1496"
"consented_grp[1]/mn_rpt[1]/mn_grp[1]/mn5","17","1523"
"consented_grp[1]/mn_rpt[1]/mn_grp[1]/mn6_grp[1]/mn6_note","14","1540"
"consented_grp[1]/mn_rpt[1]/mn_grp[1]/mn6_grp[1]/mn6_label","14","1540"
"consented_grp[1]/mn_rpt[1]/mn_grp[1]/mn6_grp[1]/mn6_a","14","1540"
"consented_grp[1]/mn_rpt[1]/mn_grp[1]/mn6_grp[1]/mn6_b","14","1540"
"consented_grp[1]/mn_rpt[1]/mn_grp[1]/mn6_grp[1]/mn6_c","14","1540"
"consented_grp[1]/mn_rpt[1]/mn_grp[1]/mn7","13","1554"
"consented_grp[1]/mn_rpt[1]/mn_grp[1]/mn8","9","1566"
"consented_grp[1]/mn_rpt[1]/mn_grp[1]/mn9","2","1575"
"consented_grp[1]/mn_rpt[1]/mn_grp[1]/mn16","7","1577"
"consented_grp[1]/mn_rpt[1]/mn_grp[1]/mn17","6","1584"
"consented_grp[1]/mn_rpt[1]/mn_grp[1]/mn18","5","1589"
"consented_grp[1]/mn_rpt[1]/mn_grp[1]/mn19","22","1595"
"consented_grp[1]/mn_rpt[1]/mn_grp[1]/mn20","7","1617"
"consented_grp[1]/mn_rpt[1]/mn_grp[1]/mn21","15","1625"
"consented_grp[1]/mn_rpt[1]/mn_grp[1]/mn23","18","1639"
"consented_grp[1]/mn_rpt[1]/mn_grp[1]/mn24","3","1657"
"consented_grp[1]/mn_rpt[1]/mn_grp[1]/mn25","5","1660"
"consented_grp[1]/mn_rpt[1]/mn_grp[1]/mn26","19","1665"
"consented_grp[1]/mn_rpt[1]/mn_grp[1]/mn30","11","1684"
"consented_grp[1]/mn_rpt[1]/mn_grp[1]/mn31","27","1695"
"consented_grp[1]/mn_rpt[1]/mn_grp[1]/mn31_osp","43","1722"
"consented_grp[1]/mn_rpt[1]/mn_grp[1]/mn32","34","1765"
"consented_grp[1]/mn_rpt[1]/mn_grp[1]/mn33","4","1799"
"consented_grp[1]/mn_rpt[1]/mn_grp[1]/mn34_grp[1]/mn34_a","7","1803"
"consented_grp[1]/mn_rpt[1]/mn_grp[1]/mn34_grp[1]/mn34_b","7","1803"
"consented_grp[1]/mn_rpt[1]/mn_grp[1]/mn35","8","1809"
"consented_grp[1]/mn_rpt[1]/mn_grp[1]/mn36","14","1817"
"consented_grp[1]/mn_rpt[1]/mn_grp[1]/mn36_grp[1]/mn37","13","1830"
"consented_grp[1]/mn_rpt[1]/mn_grp[1]/mn36_grp[1]/mn37_units","13","1830"
"consented_grp[1]/mn_rpt[1]/mn_grp[1]/mn38","12","1844"
"consented_grp[1]/pn_rpt[1]/pn_grp[1]/pn_note","2","1855"
"consented_grp[1]/pn_rpt[1]/pn_grp[1]/pn3_grp[1]/pn3","14","1857"
"consented_grp[1]/pn_rpt[1]/pn_grp[1]/pn3_grp[1]/pn3_units","14","1857"
"consented_grp[1]/pn_rpt[1]/pn_grp[1]/pn4_grp[1]/pn4_note","22","1871"
"consented_grp[1]/pn_rpt[1]/pn_grp[1]/pn4_grp[1]/pn4","22","1871"
"consented_grp[1]/pn_rpt[1]/pn_grp[1]/pn5_grp[1]/pm5_note","4","1894"
"consented_grp[1]/pn_rpt[1]/pn_grp[1]/pn5_grp[1]/pn5","4","1894"
"consented_grp[1]/pn_rpt[1]/pn_grp[1]/pn6_grp[1]/pn6_note","14","1897"
"consented_grp[1]/pn_rpt[1]/pn_grp[1]/pn6_grp[1]/pn6","14","1897"
"consented_grp[1]/pn_rpt[1]/pn_grp[1]/pn12","3","1911"
"consented_grp[1]/pn_rpt[1]/pn_grp[1]/pn13_grp[1]/pn13b","8","1914"
"consented_grp[1]/pn_rpt[1]/pn_grp[1]/pn13_grp[1]/pn13_units","8","1914"
"consented_grp[1]/pn_rpt[1]/pn_grp[1]/pn17","6","1922"
"consented_grp[1]/pn_rpt[1]/pn_grp[1]/pn21","5","1927"
"consented_grp[1]/pn_rpt[1]/pn_grp[1]/pn21_grp[1]/pn21b","2","1929"
"consented_grp[1]/pn_rpt[1]/pn_grp[1]/pn21_grp[1]/pn22_units","9","1929"
"consented_grp[1]/pn_rpt[1]/pn_grp[1]/pn21_grp[1]/pn21a","7","1934"
"consented_grp[1]/pn_rpt[1]/pn_grp[1]/pn23","11","1941"
"consented_grp[1]/pn_rpt[1]/pn_grp[1]/pn24","7","1946"
"consented_grp[1]/pn_rpt[1]/pn_grp[1]/pn25_grp[1]/pn25_note","30","1959"
"consented_grp[1]/pn_rpt[1]/pn_grp[1]/pn25_grp[1]/pn25_lab","30","1959"
"consented_grp[1]/pn_rpt[1]/pn_grp[1]/pn25_grp[1]/pn25a","30","1959"
"consented_grp[1]/pn_rpt[1]/pn_grp[1]/pn25_grp[1]/pn25b","30","1959"
"consented_grp[1]/pn_rpt[1]/pn_grp[1]/pn25_grp[1]/pn25c","30","1959"
"consented_grp[1]/pn_rpt[1]/pn_grp[1]/pn27","7","1989"
"consented_grp[1]/pn_rpt[1]/pn_grp[1]/pn29a","6","1996"
"consented_grp[1]/pn_rpt[1]/pn_grp[1]/pn30","18","2001"
"consented_grp[1]/cp1_grp[1]/cp1_note","8","2019"
"consented_grp[1]/cp1_grp[1]/cp1","8","2019"
"consented_grp[1]/cp2_grp[1]/cp2_note","10","2028"
"consented_grp[1]/cp2_grp[1]/cp2","10","2028"
"consented_grp[1]/cp4","6","2038"
"consented_grp[1]/un7","13","2044"
"consented_grp[1]/un8_grp[1]/un8","7","2057"
"consented_grp[1]/un8_grp[1]/un8_units","7","2057"
"consented_grp[1]/ma1","8","2064"
"consented_grp[1]/ma2","11","2072"
"consented_grp[1]/ma3","5","2083"
"consented_grp[1]/ma7","11","2088"
"consented_grp[1]/ma8a","15","2099"
"consented_grp[1]/ma11a","49","2114"
"consented_grp[1]/af_grp[1]/af2","12","2163"
"consented_grp[1]/af_grp[1]/af3","5","2175"
"consented_grp[1]/af_grp[1]/af4","6","2180"
"consented_grp[1]/af_grp[1]/af6b","2","2185"
"consented_grp[1]/af_grp[1]/af8b","2","2187"
"consented_grp[1]/af_grp[1]/af9","8","2189"
"consented_grp[1]/af_grp[1]/af10","4","2197"
"consented_grp[1]/af_grp[1]/af11","9","2201"
"consented_grp[1]/af_grp[1]/af12","7","2210"
"consented_grp[1]/ls1_grp[1]/ls_note","62","2217"
"consented_grp[1]/ls1_grp[1]/ls1","62","2217"
"consented_grp[1]/ls2_grp[1]/ls2_note","116","2279"
"consented_grp[1]/ls2_grp[1]/ls2","116","2279"
"consented_grp[1]/ls3","27","2395"
"consented_grp[1]/ls4","2","2423"
"consented_grp[1]/survey_language","2","2424"
"consented_grp[1]/survey_accomp","2","2427"
"consented_grp[1]/comment","4","2429"
