"Field name","Total duration (seconds)","First appeared (seconds into survey)"
"intro_note","1","2"
"enum_id","12","3"
"enum_confirm_grp[1]/enum_details","1","15"
"enum_confirm_grp[1]/enum_confirm","1","15"
"community_id","6","16"
"comm_confirm_grp[1]/comm_details","1","22"
"comm_confirm_grp[1]/comm_confirm","1","22"
"iw_iden_grp[1]/iw_id","37","23"
"iw_iden_grp[1]/iw_fullname","37","23"
"iw_iden_grp[1]/iw_age","37","23"
"wm8","2","59"
"wm9_grp[1]/wm9b","2","61"
"wm9_grp[1]/consent","2","61"
"consented_grp[1]/wb3_age_sel","4","63"
"consented_grp[1]/wb3_dob_dmy","3","65"
"consented_grp[1]/wb3_dob_my","14","70"
"consented_grp[1]/wb5","5","84"
"consented_grp[1]/wb5_grp[1]/wb6","1","89"
"consented_grp[1]/wb5_grp[1]/wb6a","2","91"
"consented_grp[1]/wb5_grp[1]/wb6b","2","92"
"consented_grp[1]/wb5_grp[1]/wb7","5","94"
"consented_grp[1]/wb5_grp[1]/wb9","2","99"
"consented_grp[1]/wb5_grp[1]/wb10a","2","101"
"consented_grp[1]/wb5_grp[1]/wb10b","1","103"
"consented_grp[1]/wb5_grp[1]/wb11","1","104"
"consented_grp[1]/wb5_grp[1]/wb12a","2","105"
"consented_grp[1]/wb5_grp[1]/wb12b","1","107"
"consented_grp[1]/wb14_grp[1]/wb14_note","21","108"
"consented_grp[1]/wb14_grp[1]/wb14","21","108"
"consented_grp[1]/wb15","82","129"
"consented_grp[1]/wb16_grp[1]/wb16a","25","211"
"consented_grp[1]/wb16_grp[1]/wb16_note","25","211"
"consented_grp[1]/wb16_grp[1]/wb16b","25","211"
"consented_grp[1]/wb17a","3","237"
"consented_grp[1]/wb17b","2","240"
"consented_grp[1]/wb17c","8","242"
"consented_grp[1]/wb18","10","250"
"consented_grp[1]/mt1","7","260"
"consented_grp[1]/mt2","5","267"
"consented_grp[1]/mt3","4","271"
"consented_grp[1]/mt4","7","275"
"consented_grp[1]/mt9","12","281"
"consented_grp[1]/mt11","8","293"
"consented_grp[1]/mt12","18","301"
"consented_grp[1]/cm1","18","319"
"consented_grp[1]/cm2","6","338"
"consented_grp[1]/cm2_grp[1]/cm3","6","344"
"consented_grp[1]/cm2_grp[1]/cm4","6","344"
"consented_grp[1]/cm5","12","350"
"consented_grp[1]/cm8","2","361"
"consented_grp[1]/cm8_grp[1]/cm9","5","363"
"consented_grp[1]/cm8_grp[1]/cm10","5","363"
"consented_grp[1]/cm12","2","368"
"consented_grp[1]/bh0","2","371"
"consented_grp[1]/bh_rpt[1]/bh1","10","373"
"consented_grp[1]/bh_rpt[1]/bh2","5","379"
"consented_grp[1]/bh_rpt[1]/bh3","3","380"
"consented_grp[1]/bh_rpt[1]/bh4_age_sel","3","382"
"consented_grp[1]/bh_rpt[1]/bh4_dob_my","6","385"
"consented_grp[1]/bh_rpt[1]/bh5","3","390"
"consented_grp[1]/bh_rpt[1]/bh9_grp[1]/bh9_note","19","392"
"consented_grp[1]/bh_rpt[1]/bh9_grp[1]/bh9_a","19","392"
"consented_grp[1]/bh_rpt[1]/bh9_grp[1]/bh9_b","19","392"
"consented_grp[1]/bh_rpt[1]/bh10","3","409"
"consented_grp[1]/bh_rpt[2]/bh1","9","411"
"consented_grp[1]/bh_rpt[2]/bh2","6","429"
"consented_grp[1]/bh_rpt[2]/bh3","2","439"
"consented_grp[1]/bh_rpt[2]/bh4_age_sel","2","440"
"consented_grp[1]/bh_rpt[2]/bh4_dob_dmy","10","443"
"consented_grp[1]/bh_rpt[2]/bh5","2","453"
"consented_grp[1]/bh_rpt[2]/bh6","9","455"
"consented_grp[1]/bh_rpt[2]/bh7","2","464"
"consented_grp[1]/bh_rpt[2]/bh8","6","466"
"consented_grp[1]/bh_rpt[2]/bh10","2","472"
"consented_grp[1]/bh_rpt[3]/bh1","5","474"
"consented_grp[1]/bh_rpt[3]/bh2","1","478"
"consented_grp[1]/bh_rpt[3]/bh3","2","480"
"consented_grp[1]/bh_rpt[3]/bh4_age_sel","2","482"
"consented_grp[1]/bh_rpt[3]/bh4_dob_dmy","10","484"
"consented_grp[1]/bh_rpt[3]/bh5","2","494"
"consented_grp[1]/bh_rpt[3]/bh6","3","496"
"consented_grp[1]/bh_rpt[3]/bh7","5","499"
"consented_grp[1]/bh_rpt[3]/bh8","17","504"
"consented_grp[1]/bh_rpt[3]/bh10","36","521"
"consented_grp[1]/db2","35","557"
"consented_grp[1]/mn_rpt[1]/mn_grp[1]/mn2","25","593"
"consented_grp[1]/mn_rpt[1]/mn_grp[1]/mn3","15","615"
"consented_grp[1]/mn_rpt[1]/mn_grp[1]/mn4_grp[1]/mn4_a","45","632"
"consented_grp[1]/mn_rpt[1]/mn_grp[1]/mn4_grp[1]/mn4_b","45","632"
"consented_grp[1]/mn_rpt[1]/mn_grp[1]/mn5","28","677"
"consented_grp[1]/mn_rpt[1]/mn_grp[1]/mn6_grp[1]/mn6_note","12","705"
"consented_grp[1]/mn_rpt[1]/mn_grp[1]/mn6_grp[1]/mn6_label","12","705"
"consented_grp[1]/mn_rpt[1]/mn_grp[1]/mn6_grp[1]/mn6_a","12","705"
"consented_grp[1]/mn_rpt[1]/mn_grp[1]/mn6_grp[1]/mn6_b","12","705"
"consented_grp[1]/mn_rpt[1]/mn_grp[1]/mn6_grp[1]/mn6_c","12","705"
"consented_grp[1]/mn_rpt[1]/mn_grp[1]/mn8","10","717"
"consented_grp[1]/mn_rpt[1]/mn_grp[1]/mn16","7","727"
"consented_grp[1]/mn_rpt[1]/mn_grp[1]/mn17","15","735"
"consented_grp[1]/mn_rpt[1]/mn_grp[1]/mn18","51","750"
"consented_grp[1]/mn_rpt[1]/mn_grp[1]/mn19","6","802"
"consented_grp[1]/mn_rpt[1]/mn_grp[1]/mn20","5","808"
"consented_grp[1]/mn_rpt[1]/mn_grp[1]/mn21","2","813"
"consented_grp[1]/mn_rpt[1]/mn_grp[1]/mn23","8","815"
"consented_grp[1]/mn_rpt[1]/mn_grp[1]/mn24","7","823"
"consented_grp[1]/mn_rpt[1]/mn_grp[1]/mn25","7","831"
"consented_grp[1]/mn_rpt[1]/mn_grp[1]/mn26","37","837"
"consented_grp[1]/mn_rpt[1]/mn_grp[1]/mn30","10","875"
"consented_grp[1]/mn_rpt[1]/mn_grp[1]/mn31","6","885"
"consented_grp[1]/mn_rpt[1]/mn_grp[1]/mn32","14","891"
"consented_grp[1]/mn_rpt[1]/mn_grp[1]/mn33","5","905"
"consented_grp[1]/mn_rpt[1]/mn_grp[1]/mn34_grp[1]/mn34_a","20","909"
"consented_grp[1]/mn_rpt[1]/mn_grp[1]/mn34_grp[1]/mn34_b","20","909"
"consented_grp[1]/mn_rpt[1]/mn_grp[1]/mn35","21","929"
"consented_grp[1]/mn_rpt[1]/mn_grp[1]/mn36","6","950"
"consented_grp[1]/mn_rpt[1]/mn_grp[1]/mn36_grp[1]/mn37","25","956"
"consented_grp[1]/mn_rpt[1]/mn_grp[1]/mn36_grp[1]/mn37_units","25","956"
"consented_grp[1]/mn_rpt[1]/mn_grp[1]/mn38","7","981"
"consented_grp[1]/pn_rpt[1]/pn_grp[1]/pn_note","9","988"
"consented_grp[1]/pn_rpt[1]/pn_grp[1]/pn3_grp[1]/pn3","142","996"
"consented_grp[1]/pn_rpt[1]/pn_grp[1]/pn3_grp[1]/pn3_units","142","996"
"consented_grp[1]/pn_rpt[1]/pn_grp[1]/pn4_grp[1]/pn4_note","34","1138"
"consented_grp[1]/pn_rpt[1]/pn_grp[1]/pn4_grp[1]/pn4","34","1138"
"consented_grp[1]/pn_rpt[1]/pn_grp[1]/pn5_grp[1]/pm5_note","7","1172"
"consented_grp[1]/pn_rpt[1]/pn_grp[1]/pn5_grp[1]/pn5","7","1172"
"consented_grp[1]/pn_rpt[1]/pn_grp[1]/pn6_grp[1]/pn6_note","15","1180"
"consented_grp[1]/pn_rpt[1]/pn_grp[1]/pn6_grp[1]/pn6","15","1180"
"consented_grp[1]/pn_rpt[1]/pn_grp[1]/pn12","10","1188"
"consented_grp[1]/pn_rpt[1]/pn_grp[1]/pn13_grp[1]/pn13b","23","1197"
"consented_grp[1]/pn_rpt[1]/pn_grp[1]/pn13_grp[1]/pn13_units","23","1197"
"consented_grp[1]/pn_rpt[1]/pn_grp[1]/pn17","9","1229"
"consented_grp[1]/pn_rpt[1]/pn_grp[1]/pn25_grp[1]/pn25_note","19","1238"
"consented_grp[1]/pn_rpt[1]/pn_grp[1]/pn25_grp[1]/pn25_lab","19","1238"
"consented_grp[1]/pn_rpt[1]/pn_grp[1]/pn25_grp[1]/pn25a","19","1238"
"consented_grp[1]/pn_rpt[1]/pn_grp[1]/pn25_grp[1]/pn25b","19","1238"
"consented_grp[1]/pn_rpt[1]/pn_grp[1]/pn25_grp[1]/pn25c","19","1238"
"consented_grp[1]/pn_rpt[1]/pn_grp[1]/pn27","2","1257"
"consented_grp[1]/pn_rpt[1]/pn_grp[1]/pn29a","11","1259"
"consented_grp[1]/pn_rpt[1]/pn_grp[1]/pn30","16","1269"
"consented_grp[1]/cp1_grp[1]/cp1_note","4","1286"
"consented_grp[1]/cp1_grp[1]/cp1","4","1286"
"consented_grp[1]/cp2_grp[1]/cp2_note","7","1290"
"consented_grp[1]/cp2_grp[1]/cp2","7","1290"
"consented_grp[1]/cp3","13","1297"
"consented_grp[1]/un7","17","1310"
"consented_grp[1]/un8_grp[1]/un8","12","1328"
"consented_grp[1]/un8_grp[1]/un8_units","12","1328"
"consented_grp[1]/ma1","2","1340"
"consented_grp[1]/ma2","6","1342"
"consented_grp[1]/ma3","4","1349"
"consented_grp[1]/ma4","2","1353"
"consented_grp[1]/ma7","9","1355"
"consented_grp[1]/ma8a","64","1364"
"consented_grp[1]/ma11a","98","1382"
"consented_grp[1]/af_grp[1]/af2","9","1525"
"consented_grp[1]/af_grp[1]/af3","5","1535"
"consented_grp[1]/af_grp[1]/af4","15","1540"
"consented_grp[1]/af_grp[1]/af6b","4","1555"
"consented_grp[1]/af_grp[1]/af8b","3","1559"
"consented_grp[1]/af_grp[1]/af9","3","1562"
"consented_grp[1]/af_grp[1]/af10","7","1565"
"consented_grp[1]/af_grp[1]/af11","21","1572"
"consented_grp[1]/af_grp[1]/af12","14","1578"
"consented_grp[1]/ls1_grp[1]/ls_note","36","1606"
"consented_grp[1]/ls1_grp[1]/ls1","36","1606"
"consented_grp[1]/ls2_grp[1]/ls2_note","41","1643"
"consented_grp[1]/ls2_grp[1]/ls2","41","1643"
"consented_grp[1]/ls3","10","1683"
"consented_grp[1]/ls4","12","1693"
"consented_grp[1]/survey_language","2","1705"
"consented_grp[1]/survey_accomp","2","1707"
"consented_grp[1]/comment","4","1709"
