"Field name","Total duration (seconds)","First appeared (seconds into survey)"
"intro_note","7","5"
"enum_id","11","10"
"enum_confirm_grp[1]/enum_details","4","19"
"enum_confirm_grp[1]/enum_confirm","4","19"
"community_id","17","20"
"comm_confirm_grp[1]/comm_details","5","28"
"comm_confirm_grp[1]/comm_confirm","5","28"
"iw_iden_grp[1]/iw_id","57","29"
"iw_iden_grp[1]/iw_fullname","57","29"
"iw_iden_grp[1]/iw_age","57","29"
"wm8","3","60"
"wm9_grp[1]/wm9b","7","62"
"wm9_grp[1]/consent","7","62"
"consented_grp[1]/wb3_age_sel","6","66"
"consented_grp[1]/wb3_dob_dmy","20","69"
"consented_grp[1]/wb5","8","87"
"consented_grp[1]/wb14_grp[1]/wb14_note","11","94"
"consented_grp[1]/wb14_grp[1]/wb14","11","94"
"consented_grp[1]/wb15","14","102"
"consented_grp[1]/wb16_grp[1]/wb16a","17","112"
"consented_grp[1]/wb16_grp[1]/wb16_note","17","112"
"consented_grp[1]/wb16_grp[1]/wb16b","17","112"
"consented_grp[1]/wb17a","6","125"
"consented_grp[1]/wb17b","4","129"
"consented_grp[1]/wb18","25","131"
"consented_grp[1]/mt1","9","152"
"consented_grp[1]/mt2","5","161"
"consented_grp[1]/mt3","9","163"
"consented_grp[1]/mt4","11","166"
"consented_grp[1]/mt9","6","170"
"consented_grp[1]/mt11","49","173"
"consented_grp[1]/mt12","11","220"
"consented_grp[1]/cm1","10","224"
"consented_grp[1]/cm2","9","238"
"consented_grp[1]/cm2_grp[1]/cm3","11","242"
"consented_grp[1]/cm2_grp[1]/cm4","11","242"
"consented_grp[1]/cm5","6","249"
"consented_grp[1]/cm8","6","253"
"consented_grp[1]/cm12","6","256"
"consented_grp[1]/bh0","4","259"
"consented_grp[1]/bh_rpt[1]/bh1","13","261"
"consented_grp[1]/bh_rpt[1]/bh2","10","270"
"consented_grp[1]/bh_rpt[1]/bh3","5","278"
"consented_grp[1]/bh_rpt[1]/bh4_age_sel","4","282"
"consented_grp[1]/bh_rpt[1]/bh4_dob_dmy","27","285"
"consented_grp[1]/bh_rpt[1]/bh5","5","311"
"consented_grp[1]/bh_rpt[1]/bh6","9","314"
"consented_grp[1]/bh_rpt[1]/bh7","22","320"
"consented_grp[1]/bh_rpt[1]/bh8","8","341"
"consented_grp[1]/bh_rpt[1]/bh10","5","347"
"consented_grp[1]/db2","15","351"
"consented_grp[1]/mn_rpt[1]/mn_grp[1]/mn2","11","361"
"consented_grp[1]/mn_rpt[1]/mn_grp[1]/mn3","16","372"
"consented_grp[1]/mn_rpt[1]/mn_grp[1]/mn4_grp[1]/mn4_a","15","385"
"consented_grp[1]/mn_rpt[1]/mn_grp[1]/mn4_grp[1]/mn4_b","15","385"
"consented_grp[1]/mn_rpt[1]/mn_grp[1]/mn5","20","398"
"consented_grp[1]/mn_rpt[1]/mn_grp[1]/mn6_grp[1]/mn6_note","27","416"
"consented_grp[1]/mn_rpt[1]/mn_grp[1]/mn6_grp[1]/mn6_label","27","416"
"consented_grp[1]/mn_rpt[1]/mn_grp[1]/mn6_grp[1]/mn6_a","27","416"
"consented_grp[1]/mn_rpt[1]/mn_grp[1]/mn6_grp[1]/mn6_b","27","416"
"consented_grp[1]/mn_rpt[1]/mn_grp[1]/mn6_grp[1]/mn6_c","27","416"
"consented_grp[1]/mn_rpt[1]/mn_grp[1]/mn7","15","439"
"consented_grp[1]/mn_rpt[1]/mn_grp[1]/mn8","14","452"
"consented_grp[1]/mn_rpt[1]/mn_grp[1]/mn9","4","461"
"consented_grp[1]/mn_rpt[1]/mn_grp[1]/mn16","16","463"
"consented_grp[1]/mn_rpt[1]/mn_grp[1]/mn17","24","477"
"consented_grp[1]/mn_rpt[1]/mn_grp[1]/mn18","6","498"
"consented_grp[1]/mn_rpt[1]/mn_grp[1]/mn19","9","503"
"consented_grp[1]/mn_rpt[1]/mn_grp[1]/mn20","20","509"
"consented_grp[1]/mn_rpt[1]/mn_grp[1]/mn21","14","526"
"consented_grp[1]/mn_rpt[1]/mn_grp[1]/mn23","29","534"
"consented_grp[1]/mn_rpt[1]/mn_grp[1]/mn24","6","551"
"consented_grp[1]/mn_rpt[1]/mn_grp[1]/mn25","3","554"
"consented_grp[1]/mn_rpt[1]/mn_grp[1]/mn26","44","556"
"consented_grp[1]/mn_rpt[1]/mn_grp[1]/mn30","11","593"
"consented_grp[1]/mn_rpt[1]/mn_grp[1]/mn31","45","601"
"consented_grp[1]/mn_rpt[1]/mn_grp[1]/mn32","26","640"
"consented_grp[1]/mn_rpt[1]/mn_grp[1]/mn33","9","665"
"consented_grp[1]/mn_rpt[1]/mn_grp[1]/mn34_grp[1]/mn34_a","8","669"
"consented_grp[1]/mn_rpt[1]/mn_grp[1]/mn34_grp[1]/mn34_b","8","669"
"consented_grp[1]/mn_rpt[1]/mn_grp[1]/mn35","8","675"
"consented_grp[1]/mn_rpt[1]/mn_grp[1]/mn36","14","682"
"consented_grp[1]/mn_rpt[1]/mn_grp[1]/mn36_grp[1]/mn37","46","694"
"consented_grp[1]/mn_rpt[1]/mn_grp[1]/mn36_grp[1]/mn37_units","46","694"
"consented_grp[1]/mn_rpt[1]/mn_grp[1]/mn38","12","739"
"consented_grp[1]/pn_rpt[1]/pn_grp[1]/pn_note","4","750"
"consented_grp[1]/pn_rpt[1]/pn_grp[1]/pn3_grp[1]/pn3","27","752"
"consented_grp[1]/pn_rpt[1]/pn_grp[1]/pn3_grp[1]/pn3_units","27","752"
"consented_grp[1]/pn_rpt[1]/pn_grp[1]/pn4_grp[1]/pn4_note","17","776"
"consented_grp[1]/pn_rpt[1]/pn_grp[1]/pn4_grp[1]/pn4","17","776"
"consented_grp[1]/pn_rpt[1]/pn_grp[1]/pn5_grp[1]/pm5_note","5","792"
"consented_grp[1]/pn_rpt[1]/pn_grp[1]/pn5_grp[1]/pn5","5","792"
"consented_grp[1]/pn_rpt[1]/pn_grp[1]/pn6_grp[1]/pn6_note","4","795"
"consented_grp[1]/pn_rpt[1]/pn_grp[1]/pn6_grp[1]/pn6","4","795"
"consented_grp[1]/pn_rpt[1]/pn_grp[1]/pn12","6","798"
"consented_grp[1]/pn_rpt[1]/pn_grp[1]/pn13_grp[1]/pn13b","19","802"
"consented_grp[1]/pn_rpt[1]/pn_grp[1]/pn13_grp[1]/pn13_units","19","802"
"consented_grp[1]/pn_rpt[1]/pn_grp[1]/pn17","7","819"
"consented_grp[1]/pn_rpt[1]/pn_grp[1]/pn21","12","825"
"consented_grp[1]/pn_rpt[1]/pn_grp[1]/pn21_grp[1]/pn21b","34","831"
"consented_grp[1]/pn_rpt[1]/pn_grp[1]/pn21_grp[1]/pn22_units","34","831"
"consented_grp[1]/pn_rpt[1]/pn_grp[1]/pn23","5","862"
"consented_grp[1]/pn_rpt[1]/pn_grp[1]/pn24","10","865"
"consented_grp[1]/pn_rpt[1]/pn_grp[1]/pn25_grp[1]/pn25_note","12","873"
"consented_grp[1]/pn_rpt[1]/pn_grp[1]/pn25_grp[1]/pn25_lab","12","873"
"consented_grp[1]/pn_rpt[1]/pn_grp[1]/pn25_grp[1]/pn25a","12","873"
"consented_grp[1]/pn_rpt[1]/pn_grp[1]/pn25_grp[1]/pn25b","12","873"
"consented_grp[1]/pn_rpt[1]/pn_grp[1]/pn25_grp[1]/pn25c","12","873"
"consented_grp[1]/pn_rpt[1]/pn_grp[1]/pn27","6","883"
"consented_grp[1]/pn_rpt[1]/pn_grp[1]/pn29a","9","885"
"consented_grp[1]/pn_rpt[1]/pn_grp[1]/pn30","6","892"
"consented_grp[1]/cp1_grp[1]/cp1_note","10","896"
"consented_grp[1]/cp1_grp[1]/cp1","10","896"
"consented_grp[1]/cp2_grp[1]/cp2_note","19","903"
"consented_grp[1]/cp2_grp[1]/cp2","19","903"
"consented_grp[1]/cp3","6","920"
"consented_grp[1]/un7","13","925"
"consented_grp[1]/un8_grp[1]/un8","25","933"
"consented_grp[1]/un8_grp[1]/un8_units","25","933"
"consented_grp[1]/ma1","4","954"
"consented_grp[1]/ma2","32","958"
"consented_grp[1]/ma3","22","978"
"consented_grp[1]/ma7","6","986"
"consented_grp[1]/ma8a","16","990"
"consented_grp[1]/ma11a","19","1004"
"consented_grp[1]/af_grp[1]/af2","5","1021"
"consented_grp[1]/af_grp[1]/af3","4","1024"
"consented_grp[1]/af_grp[1]/af4","4","1026"
"consented_grp[1]/af_grp[1]/af6b","8","1028"
"consented_grp[1]/af_grp[1]/af8b","8","1035"
"consented_grp[1]/af_grp[1]/af9","5","1037"
"consented_grp[1]/af_grp[1]/af10","6","1038"
"consented_grp[1]/af_grp[1]/af11","6","1040"
"consented_grp[1]/af_grp[1]/af12","3","1042"
"consented_grp[1]/ls1_grp[1]/ls_note","12","1043"
"consented_grp[1]/ls1_grp[1]/ls1","12","1043"
"consented_grp[1]/ls2_grp[1]/ls2_note","12","1052"
"consented_grp[1]/ls2_grp[1]/ls2","12","1052"
"consented_grp[1]/ls3","4","1059"
"consented_grp[1]/ls4","3","1061"
"consented_grp[1]/survey_language","3","1063"
"consented_grp[1]/survey_accomp","4","1065"
"consented_grp[1]/survey_accomp_enum","29","1067"
"consented_grp[1]/comment","28","1087"
