"Field name","Total duration (seconds)","First appeared (seconds into survey)"
"intro_note","1","5"
"enum_id","34","6"
"enum_confirm_grp[1]/enum_details","3","40"
"enum_confirm_grp[1]/enum_confirm","3","40"
"community_id","10","43"
"comm_confirm_grp[1]/comm_details","11","53"
"comm_confirm_grp[1]/comm_confirm","11","53"
"u5_iden_grp[1]/u5_id","128","64"
"u5_iden_grp[1]/u5_fullname","128","64"
"u5_iden_grp[1]/u5_age","128","64"
"u5_iden_grp[1]/u5_ct_id","128","64"
"u5_iden_grp[1]/u5_ct_fullname","128","64"
"uf9","2","192"
"consent_grp[1]/consent","5","194"
"consented_grp[1]/ub0","2","199"
"consented_grp[1]/ub1_age_sel","5","201"
"consented_grp[1]/ub1_dob_dmy","23","206"
"consented_grp[1]/ub5","7","229"
"consented_grp[1]/ub8b","1","235"
"consented_grp[1]/ub9","5","237"
"consented_grp[1]/br1","32","242"
"consented_grp[1]/ec1","11","274"
"consented_grp[1]/ec2_grp[1]/generated_note_name_108","51","285"
"consented_grp[1]/ec2_grp[1]/ec2_label","51","285"
"consented_grp[1]/ec2_grp[1]/ec2a","51","285"
"consented_grp[1]/ec2_grp[1]/ec2b","51","285"
"consented_grp[1]/ec2_grp[1]/ec2c","51","285"
"consented_grp[1]/ec3_grp[1]/generated_note_name_115","25","336"
"consented_grp[1]/ec3_grp[1]/ec3a","25","336"
"consented_grp[1]/ec3_grp[1]/ec3b","25","336"
"consented_grp[1]/ec7","4","361"
"consented_grp[1]/ec8","4","365"
"consented_grp[1]/ec9","7","369"
"consented_grp[1]/ec10","9","376"
"consented_grp[1]/ec11","19","383"
"consented_grp[1]/ec12","7","394"
"consented_grp[1]/ec13","4","412"
"consented_grp[1]/ec14","4","416"
"consented_grp[1]/ec15","20","420"
"consented_grp[1]/ucd2_grp[1]/ucd2_note","127","440"
"consented_grp[1]/ucd2_grp[1]/ucb2_label","127","440"
"consented_grp[1]/ucd2_grp[1]/ucd2a","127","440"
"consented_grp[1]/ucd2_grp[1]/ucb2b","127","440"
"consented_grp[1]/ucd2_grp[1]/ucb2c","127","440"
"consented_grp[1]/ucd2_grp[1]/ucb2d","127","440"
"consented_grp[1]/ucd2_grp[1]/ucb2e","127","440"
"consented_grp[1]/ucd2_grp[1]/ucb2f","127","440"
"consented_grp[1]/ucd2_grp[1]/ucb2g","127","440"
"consented_grp[1]/ucd2_grp[1]/ucb2h","127","440"
"consented_grp[1]/ucd2_grp[1]/ucb2i","127","440"
"consented_grp[1]/ucd2_grp[1]/ucb2j","127","440"
"consented_grp[1]/ucd3","28","567"
"consented_grp[1]/ucf_grp[1]/ucf2_grp[1]/ucf2_note","13","595"
"consented_grp[1]/ucf_grp[1]/ucf2_grp[1]/ucf2_label","13","595"
"consented_grp[1]/ucf_grp[1]/ucf2_grp[1]/ucf2","13","595"
"consented_grp[1]/ucf_grp[1]/ucf2_grp[1]/ucf3","13","595"
"consented_grp[1]/ucf_grp[1]/ucf2_grp[1]/ucf4","13","595"
"consented_grp[1]/ucf_grp[1]/ucf5","2","609"
"consented_grp[1]/ucf_grp[1]/ucf7b","2","611"
"consented_grp[1]/ucf_grp[1]/ucf9b","1","613"
"consented_grp[1]/ucf_grp[1]/ucf13","4","614"
"consented_grp[1]/ucf_grp[1]/ucf14","5","618"
"consented_grp[1]/ucf_grp[1]/ucf15","7","623"
"consented_grp[1]/ucf_grp[1]/ucf16","7","630"
"consented_grp[1]/ucf_grp[1]/ucf17","8","637"
"consented_grp[1]/ucf_grp[1]/ucf18","7","644"
"consented_grp[1]/ucf_grp[1]/ucf19","20","651"
"consented_grp[1]/bd_grp[1]/bd2","6","671"
"consented_grp[1]/bd_grp[1]/bd3","2","677"
"consented_grp[1]/bd_grp[1]/bd4","21","679"
"consented_grp[1]/bd_grp[1]/bd5","5","700"
"consented_grp[1]/bd_grp[1]/bd6","5","705"
"consented_grp[1]/bd_grp[1]/bd7_grp[1]/bd7","21","710"
"consented_grp[1]/bd_grp[1]/bd7_grp[1]/bd7_label","21","710"
"consented_grp[1]/bd_grp[1]/bd7_grp[1]/bd7a","21","710"
"consented_grp[1]/bd_grp[1]/bd7_grp[1]/bd7b","21","710"
"consented_grp[1]/bd_grp[1]/bd7_grp[1]/bd7c","21","710"
"consented_grp[1]/bd_grp[1]/bd7_grp[1]/bd7d","21","710"
"consented_grp[1]/bd_grp[1]/bd7e_grp[1]/bd7e_label","5","731"
"consented_grp[1]/bd_grp[1]/bd7e_grp[1]/bd7e","5","731"
"consented_grp[1]/bd_grp[1]/bd7x_grp[1]/bd7x_label","7","736"
"consented_grp[1]/bd_grp[1]/bd7x_grp[1]/bd7x","7","736"
"consented_grp[1]/bd_grp[1]/bd8","2","743"
"consented_grp[1]/bd_grp[1]/bd8_grp[1]/bd8_note","2","745"
"consented_grp[1]/bd_grp[1]/bd8_grp[1]/bd8a1","8","747"
"consented_grp[1]/bd_grp[1]/bd8b_grp[1]/bd8b_note","1","755"
"consented_grp[1]/bd_grp[1]/bd8b_grp[1]/bd8b1","5","756"
"consented_grp[1]/bd_grp[1]/bd8b_grp[1]/bd8c1","3","761"
"consented_grp[1]/bd_grp[1]/bd8b_grp[1]/bd8c2","4","765"
"consented_grp[1]/bd_grp[1]/bd8b_grp[1]/bd8d1","11","768"
"consented_grp[1]/bd_grp[1]/bd8b_grp[1]/bd8e1","6","779"
"consented_grp[1]/bd_grp[1]/bd8b_grp[1]/bd8e2","1","786"
"consented_grp[1]/bd_grp[1]/bd8b_grp[1]/bd8f1","10","787"
"consented_grp[1]/bd_grp[1]/bd8b_grp[1]/bd8g1","5","797"
"consented_grp[1]/bd_grp[1]/bd8b_grp[1]/bd8h1","9","803"
"consented_grp[1]/bd_grp[1]/bd8b_grp[1]/bd8h2","1","812"
"consented_grp[1]/bd_grp[1]/bd8b_grp[1]/bd8i1","10","813"
"consented_grp[1]/bd_grp[1]/bd8b_grp[1]/bd8j1","4","823"
"consented_grp[1]/bd_grp[1]/bd8b_grp[1]/bd8k1","5","827"
"consented_grp[1]/bd_grp[1]/bd8b_grp[1]/bd8k2","2","832"
"consented_grp[1]/bd_grp[1]/bd8b_grp[1]/bd8l1","5","834"
"consented_grp[1]/bd_grp[1]/bd8b_grp[1]/bd8l2","2","839"
"consented_grp[1]/bd_grp[1]/bd8b_grp[1]/bd8m1","6","841"
"consented_grp[1]/bd_grp[1]/bd8b_grp[1]/bd8m2","1","846"
"consented_grp[1]/bd_grp[1]/bd8b_grp[1]/bd8n1","10","848"
"consented_grp[1]/bd_grp[1]/bd8b_grp[1]/bd8x1","16","857"
"consented_grp[1]/im2","12","874"
"consented_grp[1]/im5","2","886"
"consented_grp[1]/im6_note","3","889"
"consented_grp[1]/im6_rpt[1]/im6","12","890"
"consented_grp[1]/im6_rpt[1]/im6a","15","901"
"consented_grp[1]/im6_rpt[2]/im6","4","913"
"consented_grp[1]/im6_rpt[2]/im6a","17","915"
"consented_grp[1]/im6_rpt[3]/im6","4","928"
"consented_grp[1]/im6_rpt[3]/im6a","23","930"
"consented_grp[1]/im6_rpt[4]/im6","1","965"
"consented_grp[1]/im6_rpt[4]/im6a","9","967"
"consented_grp[1]/im6_rpt[5]/im6","1","975"
"consented_grp[1]/im6_rpt[5]/im6a","9","977"
"consented_grp[1]/im6_rpt[6]/im6","1","985"
"consented_grp[1]/im6_rpt[6]/im6a","13","987"
"consented_grp[1]/im6_rpt[7]/im6","1","1000"
"consented_grp[1]/im6_rpt[7]/im6a","15","1001"
"consented_grp[1]/im6_rpt[8]/im6","1","1016"
"consented_grp[1]/im6_rpt[8]/im6a","12","1017"
"consented_grp[1]/im6_rpt[9]/im6","2","1029"
"consented_grp[1]/im6_rpt[9]/im6a","12","1030"
"consented_grp[1]/im6_rpt[10]/im6","2","1042"
"consented_grp[1]/im6_rpt[10]/im6a","7","1044"
"consented_grp[1]/im6_rpt[11]/im6","2","1051"
"consented_grp[1]/im6_rpt[11]/im6a","9","1052"
"consented_grp[1]/im6_rpt[12]/im6","2","1062"
"consented_grp[1]/im6_rpt[12]/im6a","13","1064"
"consented_grp[1]/im6_rpt[13]/im6","2","1077"
"consented_grp[1]/im6_rpt[13]/im6a","7","1079"
"consented_grp[1]/im6_rpt[14]/im6","2","1086"
"consented_grp[1]/im6_rpt[14]/im6a","27","1087"
"consented_grp[1]/im6_rpt[15]/im6","7","1094"
"consented_grp[1]/im6_rpt[15]/im6a","21","1095"
"consented_grp[1]/im8_im27_grp[1]/im8_grp[1]/im8_note","24","1105"
"consented_grp[1]/im8_im27_grp[1]/im8_grp[1]/im8_label","24","1105"
"consented_grp[1]/im8_im27_grp[1]/im8_grp[1]/im8a","24","1105"
"consented_grp[1]/im8_im27_grp[1]/im8_grp[1]/im8b","24","1105"
"consented_grp[1]/im8_im27_grp[1]/im8_grp[1]/im8c","24","1105"
"consented_grp[1]/im8_im27_grp[1]/im8_grp[1]/im8d","24","1105"
"consented_grp[1]/im8_im27_grp[1]/im9","22","1125"
"consented_grp[1]/ca1","7","1189"
"consented_grp[1]/ca14","5","1196"
"consented_grp[1]/ca16","4","1201"
"consented_grp[1]/ca17","7","1206"
"consented_grp[1]/ca31","7","1212"
"consented_grp[1]/gps_backup","62","1220"
"comments","6","1282"
