"Field name","Total duration (seconds)","First appeared (seconds into survey)"
"intro_note","1","1"
"enum_id","4","2"
"enum_confirm_grp[1]/enum_details","1","6"
"enum_confirm_grp[1]/enum_confirm","1","6"
"community_id","10","7"
"comm_confirm_grp[1]/comm_details","2","17"
"comm_confirm_grp[1]/comm_confirm","2","17"
"u5_iden_grp[1]/u5_id","48","18"
"u5_iden_grp[1]/u5_fullname","48","18"
"u5_iden_grp[1]/u5_age","48","18"
"u5_iden_grp[1]/u5_ct_id","48","18"
"u5_iden_grp[1]/u5_ct_fullname","48","18"
"uf9","1","66"
"consent_grp[1]/consent","1","67"
"consented_grp[1]/ub0","1","68"
"consented_grp[1]/ub1_age_sel","1","69"
"consented_grp[1]/ub1_dob_dmy","10","70"
"consented_grp[1]/ub5","2","80"
"consented_grp[1]/ub9","2","82"
"consented_grp[1]/br1","5","83"
"consented_grp[1]/br2","3","88"
"consented_grp[1]/br3","6","91"
"consented_grp[1]/ec1","2","97"
"consented_grp[1]/ec2_grp[1]/generated_note_name_108","13","99"
"consented_grp[1]/ec2_grp[1]/ec2_label","13","99"
"consented_grp[1]/ec2_grp[1]/ec2a","13","99"
"consented_grp[1]/ec2_grp[1]/ec2b","13","99"
"consented_grp[1]/ec2_grp[1]/ec2c","13","99"
"consented_grp[1]/ec3_grp[1]/generated_note_name_115","8","112"
"consented_grp[1]/ec3_grp[1]/ec3a","8","112"
"consented_grp[1]/ec3_grp[1]/ec3b","8","112"
"consented_grp[1]/ec7","2","119"
"consented_grp[1]/ec8","1","121"
"consented_grp[1]/ec9","2","122"
"consented_grp[1]/ec10","9","124"
"consented_grp[1]/ec11","2","132"
"consented_grp[1]/ec12","1","135"
"consented_grp[1]/ec13","6","136"
"consented_grp[1]/ec14","2","142"
"consented_grp[1]/ec15","2","143"
"consented_grp[1]/bd_grp[1]/bd2","2","145"
"consented_grp[1]/bd_grp[1]/bd3","1","147"
"consented_grp[1]/bd_grp[1]/bd4","7","148"
"consented_grp[1]/bd_grp[1]/bd5","2","155"
"consented_grp[1]/bd_grp[1]/bd6","3","157"
"consented_grp[1]/bd_grp[1]/bd7_grp[1]/bd7","14","160"
"consented_grp[1]/bd_grp[1]/bd7_grp[1]/bd7_label","14","160"
"consented_grp[1]/bd_grp[1]/bd7_grp[1]/bd7a","14","160"
"consented_grp[1]/bd_grp[1]/bd7_grp[1]/bd7b","14","160"
"consented_grp[1]/bd_grp[1]/bd7_grp[1]/bd7c","14","160"
"consented_grp[1]/bd_grp[1]/bd7_grp[1]/bd7d","14","160"
"consented_grp[1]/bd_grp[1]/bd7e_grp[1]/bd7e_label","2","174"
"consented_grp[1]/bd_grp[1]/bd7e_grp[1]/bd7e","2","174"
"consented_grp[1]/bd_grp[1]/bd7x_grp[1]/bd7x_label","3","175"
"consented_grp[1]/bd_grp[1]/bd7x_grp[1]/bd7x","3","175"
"consented_grp[1]/bd_grp[1]/bd8","1","178"
"consented_grp[1]/bd_grp[1]/bd8_grp[1]/bd8_note","1","180"
"consented_grp[1]/bd_grp[1]/bd8_grp[1]/bd8a1","1","181"
"consented_grp[1]/bd_grp[1]/bd8b_grp[1]/bd8b_note","1","182"
"consented_grp[1]/bd_grp[1]/bd8b_grp[1]/bd8b1","1","182"
"consented_grp[1]/bd_grp[1]/bd8b_grp[1]/bd8b2","1","183"
"consented_grp[1]/bd_grp[1]/bd8b_grp[1]/bd8c1","4","184"
"consented_grp[1]/bd_grp[1]/bd8b_grp[1]/bd8c2","2","188"
"consented_grp[1]/bd_grp[1]/bd8b_grp[1]/bd8d1","4","190"
"consented_grp[1]/bd_grp[1]/bd8b_grp[1]/bd8e1","3","194"
"consented_grp[1]/bd_grp[1]/bd8b_grp[1]/bd8f1","1","197"
"consented_grp[1]/bd_grp[1]/bd8b_grp[1]/bd8g1","1","198"
"consented_grp[1]/bd_grp[1]/bd8b_grp[1]/bd8h1","1","199"
"consented_grp[1]/bd_grp[1]/bd8b_grp[1]/bd8i1","1","200"
"consented_grp[1]/bd_grp[1]/bd8b_grp[1]/bd8j1","1","201"
"consented_grp[1]/bd_grp[1]/bd8b_grp[1]/bd8k1","1","202"
"consented_grp[1]/bd_grp[1]/bd8b_grp[1]/bd8l1","1","203"
"consented_grp[1]/bd_grp[1]/bd8b_grp[1]/bd8m1","1","204"
"consented_grp[1]/bd_grp[1]/bd8b_grp[1]/bd8n1","1","205"
"consented_grp[1]/bd_grp[1]/bd8b_grp[1]/bd8x1","1","206"
"consented_grp[1]/im2","1","207"
"consented_grp[1]/im5","2","208"
"consented_grp[1]/im6_note","2","210"
"consented_grp[1]/im6_rpt[1]/im6","1","211"
"consented_grp[1]/im6_rpt[1]/im6a","11","213"
"consented_grp[1]/im6_rpt[2]/im6","1","224"
"consented_grp[1]/im6_rpt[2]/im6a","6","225"
"consented_grp[1]/im6_rpt[3]/im6","1","230"
"consented_grp[1]/im6_rpt[3]/im6a","11","231"
"consented_grp[1]/im6_rpt[4]/im6","1","242"
"consented_grp[1]/im6_rpt[4]/im6a","6","243"
"consented_grp[1]/im6_rpt[5]/im6","1","249"
"consented_grp[1]/im6_rpt[5]/im6a","6","250"
"consented_grp[1]/im6_rpt[6]/im6","1","256"
"consented_grp[1]/im6_rpt[6]/im6a","5","257"
"consented_grp[1]/im6_rpt[7]/im6","2","262"
"consented_grp[1]/im6_rpt[7]/im6a","4","264"
"consented_grp[1]/im6_rpt[8]/im6","1","268"
"consented_grp[1]/im6_rpt[8]/im6a","5","269"
"consented_grp[1]/im6_rpt[9]/im6","1","274"
"consented_grp[1]/im6_rpt[9]/im6a","5","275"
"consented_grp[1]/im6_rpt[10]/im6","3","280"
"consented_grp[1]/im6_rpt[10]/im6a","7","283"
"consented_grp[1]/im6_rpt[11]/im6","3","290"
"consented_grp[1]/im6_rpt[11]/im6a","5","293"
"consented_grp[1]/im6_rpt[12]/im6","2","298"
"consented_grp[1]/im6_rpt[12]/im6a","3","300"
"consented_grp[1]/im6_rpt[13]/im6","1","302"
"consented_grp[1]/im6_rpt[13]/im6a","5","304"
"consented_grp[1]/im6_rpt[14]/im6","3","309"
"consented_grp[1]/im6_rpt[15]/im6","1","311"
"consented_grp[1]/ca1","3","313"
"consented_grp[1]/ca14","2","316"
"consented_grp[1]/ca16","3","318"
"consented_grp[1]/ca17","5","319"
"consented_grp[1]/ca31","4","320"
"consented_grp[1]/ca18","2","323"
"consented_grp[1]/gps_backup","3245","332"
"comments","3","3577"
