"Field name","Total duration (seconds)","First appeared (seconds into survey)"
"intro_note","2","2"
"enum_id","9","4"
"enum_confirm_grp[1]/enum_details","1","13"
"enum_confirm_grp[1]/enum_confirm","1","13"
"community_id","10","14"
"comm_confirm_grp[1]/comm_details","1","24"
"comm_confirm_grp[1]/comm_confirm","1","24"
"iw_iden_grp[1]/iw_id","46","25"
"iw_iden_grp[1]/iw_fullname","46","25"
"iw_iden_grp[1]/iw_age","46","25"
"wm8","2","71"
"wm9_grp[1]/wm9b","2","73"
"wm9_grp[1]/consent","2","73"
"consented_grp[1]/wb3_age_sel","4","75"
"consented_grp[1]/wb4_age_est","2","79"
"consented_grp[1]/wb5","10","82"
"consented_grp[1]/wb5_grp[1]/wb6","3","91"
"consented_grp[1]/wb5_grp[1]/wb6a","27","94"
"consented_grp[1]/wb5_grp[1]/wb6b","1117","121"
"consented_grp[1]/wb5_grp[1]/wb7","16","1238"
"consented_grp[1]/wb5_grp[1]/wb10a","2","1254"
"consented_grp[1]/wb5_grp[1]/wb10b","1","1257"
"consented_grp[1]/wb5_grp[1]/wb12a","3","1258"
"consented_grp[1]/wb5_grp[1]/wb12b","2","1261"
"consented_grp[1]/wb15","21","1263"
"consented_grp[1]/wb16_grp[1]/wb16a","12","1265"
"consented_grp[1]/wb16_grp[1]/wb16_note","12","1265"
"consented_grp[1]/wb16_grp[1]/wb16b","12","1265"
"consented_grp[1]/wb17a","13","1295"
"consented_grp[1]/wb17b","2","1309"
"consented_grp[1]/wb18","2","1311"
"consented_grp[1]/mt1","3","1313"
"consented_grp[1]/mt2","1","1316"
"consented_grp[1]/mt3","3","1317"
"consented_grp[1]/mt4","3","1320"
"consented_grp[1]/mt9","5","1324"
"consented_grp[1]/mt11","2","1329"
"consented_grp[1]/mt12","7","1331"
"consented_grp[1]/cm1","9","1338"
"consented_grp[1]/cm2","3","1347"
"consented_grp[1]/cm2_grp[1]/cm3","8","1351"
"consented_grp[1]/cm2_grp[1]/cm4","8","1351"
"consented_grp[1]/cm5","4","1359"
"consented_grp[1]/cm8","2","1363"
"consented_grp[1]/cm12","3","1365"
"consented_grp[1]/bh0","1","1368"
"consented_grp[1]/bh_rpt[1]/bh1","54","1369"
"consented_grp[1]/bh_rpt[1]/bh2","393","1419"
"consented_grp[1]/bh_rpt[1]/bh3","7","1816"
"consented_grp[1]/bh_rpt[1]/bh4_age_sel","2","1823"
"consented_grp[1]/bh_rpt[1]/bh4_dob_dmy","55","1825"
"consented_grp[1]/bh_rpt[1]/bh5","3","1880"
"consented_grp[1]/bh_rpt[1]/bh6","5","1883"
"consented_grp[1]/bh_rpt[1]/bh7","3","1888"
"consented_grp[1]/bh_rpt[1]/bh8","14","1892"
"consented_grp[1]/bh_rpt[1]/bh10","14","1905"
"consented_grp[1]/bh_rpt[2]/bh1","12","1920"
"consented_grp[1]/bh_rpt[2]/bh2","2","1931"
"consented_grp[1]/bh_rpt[2]/bh3","2","1933"
"consented_grp[1]/bh_rpt[2]/bh4_age_sel","28","1935"
"consented_grp[1]/bh_rpt[2]/bh4_dob_dmy","11","1963"
"consented_grp[1]/bh_rpt[2]/bh5","2","1975"
"consented_grp[1]/bh_rpt[2]/bh6","3","1977"
"consented_grp[1]/bh_rpt[2]/bh7","3","1981"
"consented_grp[1]/bh_rpt[2]/bh8","13","1984"
"consented_grp[1]/bh_rpt[2]/bh10","7","1997"
"consented_grp[1]/db2","2","2004"
"consented_grp[1]/db4_b","5","2006"
"consented_grp[1]/mn_rpt[1]/mn_grp[1]/mn2","8","2011"
"consented_grp[1]/mn_rpt[1]/mn_grp[1]/mn3","3","2019"
"consented_grp[1]/mn_rpt[1]/mn_grp[1]/mn4_grp[1]/mn4_a","10","2021"
"consented_grp[1]/mn_rpt[1]/mn_grp[1]/mn4_grp[1]/mn4_b","10","2021"
"consented_grp[1]/mn_rpt[1]/mn_grp[1]/mn5","10","2031"
"consented_grp[1]/mn_rpt[1]/mn_grp[1]/mn6_grp[1]/mn6_note","7","2041"
"consented_grp[1]/mn_rpt[1]/mn_grp[1]/mn6_grp[1]/mn6_label","7","2041"
"consented_grp[1]/mn_rpt[1]/mn_grp[1]/mn6_grp[1]/mn6_a","7","2041"
"consented_grp[1]/mn_rpt[1]/mn_grp[1]/mn6_grp[1]/mn6_b","7","2041"
"consented_grp[1]/mn_rpt[1]/mn_grp[1]/mn6_grp[1]/mn6_c","7","2041"
"consented_grp[1]/mn_rpt[1]/mn_grp[1]/mn7","11","2048"
"consented_grp[1]/mn_rpt[1]/mn_grp[1]/mn8","6","2059"
"consented_grp[1]/mn_rpt[1]/mn_grp[1]/mn9","5","2066"
"consented_grp[1]/mn_rpt[1]/mn_grp[1]/mn16","12","2071"
"consented_grp[1]/mn_rpt[1]/mn_grp[1]/mn17","5","2083"
"consented_grp[1]/mn_rpt[1]/mn_grp[1]/mn18","2","2088"
"consented_grp[1]/mn_rpt[1]/mn_grp[1]/mn19","7","2090"
"consented_grp[1]/mn_rpt[1]/mn_grp[1]/mn20","8","2096"
"consented_grp[1]/mn_rpt[1]/mn_grp[1]/mn21","3","2104"
"consented_grp[1]/mn_rpt[1]/mn_grp[1]/mn23","2","2108"
"consented_grp[1]/mn_rpt[1]/mn_grp[1]/mn24","10","2110"
"consented_grp[1]/mn_rpt[1]/mn_grp[1]/mn25","3","2115"
"consented_grp[1]/mn_rpt[1]/mn_grp[1]/mn26","27","2123"
"consented_grp[1]/mn_rpt[1]/mn_grp[1]/mn30","4","2149"
"consented_grp[1]/mn_rpt[1]/mn_grp[1]/mn31","2","2154"
"consented_grp[1]/mn_rpt[1]/mn_grp[1]/mn32","17","2156"
"consented_grp[1]/mn_rpt[1]/mn_grp[1]/mn33","3","2173"
"consented_grp[1]/mn_rpt[1]/mn_grp[1]/mn34_grp[1]/mn34_a","18","2176"
"consented_grp[1]/mn_rpt[1]/mn_grp[1]/mn34_grp[1]/mn34_b","18","2176"
"consented_grp[1]/mn_rpt[1]/mn_grp[1]/mn35","8","2184"
"consented_grp[1]/mn_rpt[1]/mn_grp[1]/mn36","4","2201"
"consented_grp[1]/mn_rpt[1]/mn_grp[1]/mn36_grp[1]/mn37","19","2205"
"consented_grp[1]/mn_rpt[1]/mn_grp[1]/mn36_grp[1]/mn37_units","19","2205"
"consented_grp[1]/mn_rpt[1]/mn_grp[1]/mn38","3","2225"
"consented_grp[1]/mn_rpt[1]/mn_grp[1]/mn39a","2","2227"
"consented_grp[1]/pn_rpt[1]/pn_grp[1]/pn_note","2","2230"
"consented_grp[1]/pn_rpt[1]/pn_grp[1]/pn3_grp[1]/pn3","22","2231"
"consented_grp[1]/pn_rpt[1]/pn_grp[1]/pn3_grp[1]/pn3_units","22","2231"
"consented_grp[1]/pn_rpt[1]/pn_grp[1]/pn4_grp[1]/pn4_note","6","2254"
"consented_grp[1]/pn_rpt[1]/pn_grp[1]/pn4_grp[1]/pn4","6","2254"
"consented_grp[1]/pn_rpt[1]/pn_grp[1]/pn5_grp[1]/pm5_note","9","2257"
"consented_grp[1]/pn_rpt[1]/pn_grp[1]/pn5_grp[1]/pn5","9","2257"
"consented_grp[1]/pn_rpt[1]/pn_grp[1]/pn6_grp[1]/pn6_note","12","2269"
"consented_grp[1]/pn_rpt[1]/pn_grp[1]/pn6_grp[1]/pn6","12","2269"
"consented_grp[1]/pn_rpt[1]/pn_grp[1]/pn12","8","2281"
"consented_grp[1]/pn_rpt[1]/pn_grp[1]/pn13_grp[1]/pn13b","9","2288"
"consented_grp[1]/pn_rpt[1]/pn_grp[1]/pn13_grp[1]/pn13_units","9","2288"
"consented_grp[1]/pn_rpt[1]/pn_grp[1]/pn17","9","2297"
"consented_grp[1]/pn_rpt[1]/pn_grp[1]/pn21","2","2306"
"consented_grp[1]/pn_rpt[1]/pn_grp[1]/pn21_grp[1]/pn21b","13","2308"
"consented_grp[1]/pn_rpt[1]/pn_grp[1]/pn21_grp[1]/pn22_units","13","2308"
"consented_grp[1]/pn_rpt[1]/pn_grp[1]/pn23","5","2321"
"consented_grp[1]/pn_rpt[1]/pn_grp[1]/pn24","6","2326"
"consented_grp[1]/pn_rpt[1]/pn_grp[1]/pn25_grp[1]/pn25_note","8","2332"
"consented_grp[1]/pn_rpt[1]/pn_grp[1]/pn25_grp[1]/pn25_lab","8","2332"
"consented_grp[1]/pn_rpt[1]/pn_grp[1]/pn25_grp[1]/pn25a","8","2332"
"consented_grp[1]/pn_rpt[1]/pn_grp[1]/pn25_grp[1]/pn25b","8","2332"
"consented_grp[1]/pn_rpt[1]/pn_grp[1]/pn25_grp[1]/pn25c","8","2332"
"consented_grp[1]/pn_rpt[1]/pn_grp[1]/pn27","9","2340"
"consented_grp[1]/pn_rpt[1]/pn_grp[1]/pn29a","26","2345"
"consented_grp[1]/pn_rpt[1]/pn_grp[1]/pn30","4","2375"
"consented_grp[1]/cp1_grp[1]/cp1_note","2","2379"
"consented_grp[1]/cp1_grp[1]/cp1","2","2379"
"consented_grp[1]/cp2_grp[1]/cp2_note","4","2381"
"consented_grp[1]/cp2_grp[1]/cp2","4","2381"
"consented_grp[1]/cp4","2","2386"
"consented_grp[1]/un7","8","2388"
"consented_grp[1]/un8_grp[1]/un8","10","2396"
"consented_grp[1]/un8_grp[1]/un8_units","10","2396"
"consented_grp[1]/ma1","5","2407"
"consented_grp[1]/ma2","17","2412"
"consented_grp[1]/ma3","16","2428"
"consented_grp[1]/ma7","2","2445"
"consented_grp[1]/ma8a","25","2447"
"consented_grp[1]/ma11a","10","2471"
"consented_grp[1]/af_grp[1]/af2","2","2482"
"consented_grp[1]/af_grp[1]/af3","1","2484"
"consented_grp[1]/af_grp[1]/af4","4","2485"
"consented_grp[1]/af_grp[1]/af6b","2","2489"
"consented_grp[1]/af_grp[1]/af8b","1","2491"
"consented_grp[1]/af_grp[1]/af9","1","2492"
"consented_grp[1]/af_grp[1]/af10","1","2493"
"consented_grp[1]/af_grp[1]/af11","1","2494"
"consented_grp[1]/af_grp[1]/af12","1","2495"
"consented_grp[1]/ls1_grp[1]/ls_note","7","2496"
"consented_grp[1]/ls1_grp[1]/ls1","7","2496"
"consented_grp[1]/ls2_grp[1]/ls2_note","4","2503"
"consented_grp[1]/ls2_grp[1]/ls2","4","2503"
"consented_grp[1]/ls3","2","2508"
"consented_grp[1]/ls4","10","2510"
"consented_grp[1]/survey_language","4","2518"
"consented_grp[1]/survey_accomp","2","2524"
"consented_grp[1]/comment","-838","2526"
