"Field name","Total duration (seconds)","First appeared (seconds into survey)"
"intro_note","4","7"
"enum_id","8","11"
"enum_confirm_grp[1]/enum_details","1","18"
"enum_confirm_grp[1]/enum_confirm","1","18"
"community_id","7","19"
"comm_confirm_grp[1]/comm_details","1","26"
"comm_confirm_grp[1]/comm_confirm","1","26"
"hhid_grp[1]/hhid_instruction","5","27"
"hhid_grp[1]/hhid_struct_num","5","27"
"hhid_grp[1]/hhid_hh_num","5","27"
"hhid_confirm_grp[1]/hhid_details","3","33"
"hhid_confirm_grp[1]/hhid_confirm","3","33"
"consent_grp[1]/consent_instr","322","35"
"consent_grp[1]/consent","322","35"
"consented_grp[1]/hh_note","82","357"
"consented_grp[1]/hhm_cnt","2","440"
"consented_grp[1]/rooster_note","1","442"
"consented_grp[1]/hhm_rpt[1]/hhmemb_info[1]/fmemb_name_grp[1]/fmemb_fn","20","443"
"consented_grp[1]/hhm_rpt[1]/hhmemb_info[1]/fmemb_name_grp[1]/fmemb_sn","20","443"
"consented_grp[1]/hhm_rpt[1]/hhmemb_info[1]/fmemb_name_grp[1]/fmemb_popn","20","443"
"consented_grp[1]/hhm_rpt[1]/hhmemb_info[1]/hl3","2","463"
"consented_grp[1]/hhm_rpt[1]/hhmemb_info[1]/hl4","2","465"
"consented_grp[1]/hhm_rpt[1]/hhmemb_info[1]/hl5_age_sel","2","466"
"consented_grp[1]/hhm_rpt[1]/hhmemb_info[1]/hl6_age_est","2","468"
"consented_grp[1]/hhm_rpt[1]/hhmemb_info[1]/hl7","5","470"
"consented_grp[1]/hhm_rpt[1]/ed4","9","475"
"consented_grp[1]/hhm_rpt[1]/ed5_grp[1]/ed5a","13","483"
"consented_grp[1]/hhm_rpt[1]/ed5_grp[1]/ed5a_a","6","496"
"consented_grp[1]/hhm_rpt[1]/ed5_grp[1]/ed5b","3","502"
"consented_grp[1]/hhm_rpt[1]/ed5_grp[1]/ed6","4","504"
"consented_grp[1]/hhm_rpt[1]/hhm_add_grp[1]/hhm_add_note","6","506"
"consented_grp[1]/hhm_rpt[1]/hhm_add_grp[1]/hhm_add_yn","6","506"
"consented_grp[1]/hhm_rpt[2]/hhmemb_info[1]/fmemb_name_grp[1]/fmemb_fn","48","515"
"consented_grp[1]/hhm_rpt[2]/hhmemb_info[1]/fmemb_name_grp[1]/fmemb_sn","48","515"
"consented_grp[1]/hhm_rpt[2]/hhmemb_info[1]/fmemb_name_grp[1]/fmemb_popn","48","515"
"consented_grp[1]/hhm_rpt[2]/hhmemb_info[1]/hl3","12","563"
"consented_grp[1]/hhm_rpt[2]/hhmemb_info[1]/hl4","3","575"
"consented_grp[1]/hhm_rpt[2]/hhmemb_info[1]/hl5_age_sel","29","579"
"consented_grp[1]/hhm_rpt[2]/hhmemb_info[1]/hl5_dob_dmy","15","607"
"consented_grp[1]/hhm_rpt[2]/hhmemb_info[1]/hl7","5","622"
"consented_grp[1]/hhm_rpt[2]/ed4","4","627"
"consented_grp[1]/hhm_rpt[2]/ed5_grp[1]/ed5a","10","632"
"consented_grp[1]/hhm_rpt[2]/ed5_grp[1]/ed5a_a","12","642"
"consented_grp[1]/hhm_rpt[2]/ed5_grp[1]/ed5b","5","654"
"consented_grp[1]/hhm_rpt[2]/ed5_grp[1]/ed6","5","660"
"consented_grp[1]/hhm_rpt[2]/ed9","5","665"
"consented_grp[1]/hhm_rpt[2]/ed9_grp[1]/ed10","5","669"
"consented_grp[1]/hhm_rpt[2]/ed9_grp[1]/ed11a","6","675"
"consented_grp[1]/hhm_rpt[2]/ed9_grp[1]/ed12","8","680"
"consented_grp[1]/hhm_rpt[2]/ed9_grp[1]/ed13","1","689"
"consented_grp[1]/hhm_rpt[2]/ed9_grp[1]/ed14","24","690"
"consented_grp[1]/hhm_rpt[2]/ed15","6","713"
"consented_grp[1]/hhm_rpt[2]/hhm_add_grp[1]/hhm_add_note","6","720"
"consented_grp[1]/hhm_rpt[2]/hhm_add_grp[1]/hhm_add_yn","6","720"
"consented_grp[1]/hhm_rpt[3]/hhmemb_info[1]/fmemb_name_grp[1]/fmemb_fn","16","726"
"consented_grp[1]/hhm_rpt[3]/hhmemb_info[1]/fmemb_name_grp[1]/fmemb_sn","16","726"
"consented_grp[1]/hhm_rpt[3]/hhmemb_info[1]/fmemb_name_grp[1]/fmemb_popn","16","726"
"consented_grp[1]/hhm_rpt[3]/hhmemb_info[1]/hl3","8","742"
"consented_grp[1]/hhm_rpt[3]/hhmemb_info[1]/hl4","11","749"
"consented_grp[1]/hhm_rpt[3]/hhmemb_info[1]/hl5_age_sel","2","761"
"consented_grp[1]/hhm_rpt[3]/hhmemb_info[1]/hl5_dob_dmy","34","763"
"consented_grp[1]/hhm_rpt[3]/hhmemb_info[1]/hl7","5","794"
"consented_grp[1]/hhm_rpt[3]/hhm_add_grp[1]/hhm_add_note","3","802"
"consented_grp[1]/hhm_rpt[3]/hhm_add_grp[1]/hhm_add_yn","3","802"
"consented_grp[1]/hhm_ch_intro","2","805"
"consented_grp[1]/hhm_ch_rpt[1]/h12_grp[1]/hl12","4","807"
"consented_grp[1]/hhm_ch_rpt[1]/h12_grp[1]/hl13a","3","811"
"consented_grp[1]/hhm_ch_rpt[1]/h12_grp[1]/hl15","2","813"
"consented_grp[1]/hhm_ch_rpt[1]/h16_grp[1]/hl16","3","815"
"consented_grp[1]/hhm_ch_rpt[1]/h16_grp[1]/hl17a","3","818"
"consented_grp[1]/hhm_ch_rpt[1]/h16_grp[1]/hl17b","3","821"
"consented_grp[1]/hhm_ch_rpt[1]/h20_grp[1]/hl20_ct","3","824"
"consented_grp[1]/hhm_ch_rpt[1]/h20_grp[1]/hl20_oth","3","827"
"consented_grp[1]/u5_rpt[1]/u5_note","51","830"
"consented_grp[1]/hc_grp[1]/hc1a","11","881"
"consented_grp[1]/hc_grp[1]/hc1b","6","892"
"consented_grp[1]/hc_grp[1]/hc2","5","898"
"consented_grp[1]/hc_grp[1]/hc3","12","903"
"consented_grp[1]/hc_grp[1]/hc4","5","915"
"consented_grp[1]/hc_grp[1]/hc5","4","920"
"consented_grp[1]/hc_grp[1]/hc6","3","924"
"consented_grp[1]/hc_grp[1]/hc7_grp[1]/hcf_note","48","927"
"consented_grp[1]/hc_grp[1]/hc7_grp[1]/hc7_label","48","927"
"consented_grp[1]/hc_grp[1]/hc7_grp[1]/hc7a","48","927"
"consented_grp[1]/hc_grp[1]/hc7_grp[1]/hc7b","48","927"
"consented_grp[1]/hc_grp[1]/hc7_grp[1]/hc7c","48","927"
"consented_grp[1]/hc_grp[1]/hc7_grp[1]/hc7d","48","927"
"consented_grp[1]/hc_grp[1]/hc7_grp[1]/hc7e","48","927"
"consented_grp[1]/hc_grp[1]/hc7_grp[1]/hc7f","48","927"
"consented_grp[1]/hc_grp[1]/hc7_grp[1]/hc7g","48","927"
"consented_grp[1]/hc_grp[1]/hc8","5","975"
"consented_grp[1]/hc_grp[1]/hc10_grp[1]/hc10_note","26","980"
"consented_grp[1]/hc_grp[1]/hc10_grp[1]/hc10_labels","26","980"
"consented_grp[1]/hc_grp[1]/hc10_grp[1]/hc10a","26","980"
"consented_grp[1]/hc_grp[1]/hc10_grp[1]/hc10b","26","980"
"consented_grp[1]/hc_grp[1]/hc10_grp[1]/hc10c","26","980"
"consented_grp[1]/hc_grp[1]/hc10_grp[1]/hc10d","26","980"
"consented_grp[1]/hc_grp[1]/hc10_grp[1]/hc10e","26","980"
"consented_grp[1]/hc_grp[1]/hc10_grp[1]/hc10f","26","980"
"consented_grp[1]/hc_grp[1]/hc10_grp[1]/hc10g","26","980"
"consented_grp[1]/hc_grp[1]/hc11","20","1007"
"consented_grp[1]/hc_grp[1]/hc12","7","1027"
"consented_grp[1]/hc_grp[1]/hc13","8","1033"
"consented_grp[1]/hc_grp[1]/hc14","24","1042"
"consented_grp[1]/hc_grp[1]/hc15","18","1066"
"consented_grp[1]/hc_grp[1]/hc16_grp[1]/hc16a","20","1084"
"consented_grp[1]/hc_grp[1]/hc16_grp[1]/hc16b","20","1084"
"consented_grp[1]/hc_grp[1]/hc17","8","1105"
"consented_grp[1]/hc_grp[1]/hc18","3","1112"
"consented_grp[1]/hc_grp[1]/hc18_grp[1]/note","5","1115"
"consented_grp[1]/hc_grp[1]/hc18_grp[1]/hc18f","5","1115"
"consented_grp[1]/hc_grp[1]/hc19","8","1120"
"consented_grp[1]/st_intonote","43","1128"
"consented_grp[1]/st_rpt[1]/st1a","84","1172"
"consented_grp[1]/st_rpt[2]/st1a","39","1256"
"consented_grp[1]/st_rpt[3]/st1a","3","1295"
"consented_grp[1]/st_rpt[3]/st1b","18","1298"
"consented_grp[1]/st_rpt[4]/st1a","17","1316"
"consented_grp[1]/st_rpt[5]/st1a","21","1332"
"consented_grp[1]/st_rpt[4]/st1b","7","1334"
"consented_grp[1]/st_rpt[5]/st1b","7","1362"
"consented_grp[1]/st_rpt[5]/st1_add_yn","1","1369"
"consented_grp[1]/eu1","21","1370"
"consented_grp[1]/eu2","2","1391"
"consented_grp[1]/eu4_grp[1]/eu4","4","1393"
"consented_grp[1]/eu5_grp[1]/eu5","4","1397"
"consented_grp[1]/eu6","11","1400"
"consented_grp[1]/eu9","16","1411"
"consented_grp[1]/tn1","14","1427"
"consented_grp[1]/tn2","9","1442"
"consented_grp[1]/tn_rpt[1]/generated_note_name_438","3","1449"
"consented_grp[1]/tn_rpt[1]/tn3","5","1450"
"consented_grp[1]/tn_rpt[1]/tn4","20","1458"
"consented_grp[1]/tn_rpt[1]/tn5","2","1478"
"consented_grp[1]/tn_rpt[1]/tn10","3","1480"
"consented_grp[1]/tn_rpt[1]/tn13","5","1483"
"consented_grp[1]/tn_rpt[2]/generated_note_name_438","1","1488"
"consented_grp[1]/tn_rpt[2]/tn3","3","1489"
"consented_grp[1]/tn_rpt[2]/tn4","2","1492"
"consented_grp[1]/tn_rpt[2]/tn5","2","1494"
"consented_grp[1]/tn_rpt[2]/tn10","2","1495"
"consented_grp[1]/tn_rpt[2]/tn13","2","1497"
"consented_grp[1]/tn_rpt[3]/generated_note_name_438","1","1499"
"consented_grp[1]/tn_rpt[3]/tn3","2","1500"
"consented_grp[1]/tn_rpt[3]/tn4","2","1502"
"consented_grp[1]/tn_rpt[3]/tn5","2","1505"
"consented_grp[1]/tn_rpt[3]/tn10","2","1506"
"consented_grp[1]/tn_rpt[3]/tn13","3","1509"
"consented_grp[1]/irs1","15","1511"
"consented_grp[1]/ws1","9","1526"
"consented_grp[1]/ws3","9","1536"
"consented_grp[1]/ws7","15","1544"
"consented_grp[1]/ws9","12","1559"
"consented_grp[1]/ws11","23","1572"
"consented_grp[1]/ws12","6","1595"
"consented_grp[1]/ws14","7","1601"
"consented_grp[1]/ws15","8","1608"
"consented_grp[1]/ws16","11","1616"
"consented_grp[1]/ws17","23","1627"
"consented_grp[1]/hw1_grp[1]/hw1_note","3","1650"
"consented_grp[1]/hw1_grp[1]/hw1","3","1650"
"consented_grp[1]/hw5","14","1653"
"consented_grp[1]/death_note","1","1667"
"consented_grp[1]/dc0a","27","1668"
"consented_grp[1]/main_respondent","2","1696"
"consented_grp[1]/survey_language","1","1698"
"consented_grp[1]/survey_accomp","1","1700"
"gps_backup","2","1701"
"comments","116","1718"
