"Field name","Total duration (seconds)","First appeared (seconds into survey)"
"intro_note","5","1"
"enum_id","20","6"
"enum_confirm_grp[1]/enum_details","2","26"
"enum_confirm_grp[1]/enum_confirm","2","26"
"community_id","9","27"
"comm_confirm_grp[1]/comm_details","1","37"
"comm_confirm_grp[1]/comm_confirm","1","37"
"iw_iden_grp[1]/iw_id","60","38"
"iw_iden_grp[1]/iw_fullname","60","38"
"iw_iden_grp[1]/iw_age","60","38"
"wm8","2","98"
"wm9_grp[1]/wm9b","4","100"
"wm9_grp[1]/consent","4","100"
"consented_grp[1]/wb3_age_sel","7","104"
"consented_grp[1]/wb4_age_est","3","110"
"consented_grp[1]/wb5","19","114"
"consented_grp[1]/wb5_grp[1]/wb6","2","133"
"consented_grp[1]/wb5_grp[1]/wb6a","3","135"
"consented_grp[1]/wb5_grp[1]/wb6b","2","138"
"consented_grp[1]/wb5_grp[1]/wb7","2","140"
"consented_grp[1]/wb5_grp[1]/wb10a","3","141"
"consented_grp[1]/wb5_grp[1]/wb10b","1","144"
"consented_grp[1]/wb5_grp[1]/wb12a","2","145"
"consented_grp[1]/wb5_grp[1]/wb12b","1","147"
"consented_grp[1]/wb14_grp[1]/wb14_note","12","148"
"consented_grp[1]/wb14_grp[1]/wb14","12","148"
"consented_grp[1]/wb15","67","160"
"consented_grp[1]/wb16_grp[1]/wb16a","65","228"
"consented_grp[1]/wb16_grp[1]/wb16_note","65","228"
"consented_grp[1]/wb16_grp[1]/wb16b","65","228"
"consented_grp[1]/wb17a","6","293"
"consented_grp[1]/wb17b","2","299"
"consented_grp[1]/wb18","2","302"
"consented_grp[1]/mt1","3","303"
"consented_grp[1]/mt2","17","306"
"consented_grp[1]/mt3","8","311"
"consented_grp[1]/mt4","9","331"
"consented_grp[1]/mt9","2","340"
"consented_grp[1]/mt11","9","342"
"consented_grp[1]/mt12","5","351"
"consented_grp[1]/cm1","2","356"
"consented_grp[1]/cm2","1","358"
"consented_grp[1]/cm2_grp[1]/cm3","13","360"
"consented_grp[1]/cm2_grp[1]/cm4","13","360"
"consented_grp[1]/cm5","2","373"
"consented_grp[1]/cm8","3","374"
"consented_grp[1]/cm8_grp[1]/cm9","38","377"
"consented_grp[1]/cm8_grp[1]/cm10","38","377"
"consented_grp[1]/cm12","16","412"
"consented_grp[1]/bh0","3","425"
"consented_grp[1]/bh_rpt[1]/bh1","25","427"
"consented_grp[1]/bh_rpt[1]/bh2","9","444"
"consented_grp[1]/bh_rpt[1]/bh3","77","446"
"consented_grp[1]/bh_rpt[1]/bh4_age_sel","11","538"
"consented_grp[1]/bh_rpt[1]/bh4_dob_my","66","549"
"consented_grp[1]/bh_rpt[1]/bh5","6","609"
"consented_grp[1]/bh_rpt[1]/bh9_grp[1]/bh9_note","14","613"
"consented_grp[1]/bh_rpt[1]/bh9_grp[1]/bh9_a","14","613"
"consented_grp[1]/bh_rpt[1]/bh9_grp[1]/bh9_b","14","613"
"consented_grp[1]/bh_rpt[1]/bh10","4","626"
"consented_grp[1]/bh_rpt[2]/bh1","32","628"
"consented_grp[1]/bh_rpt[2]/bh2","2","649"
"consented_grp[1]/bh_rpt[2]/bh3","3","651"
"consented_grp[1]/bh_rpt[2]/bh4_age_sel","3","653"
"consented_grp[1]/bh_rpt[2]/bh4_dob_my","28","655"
"consented_grp[1]/bh_rpt[2]/bh5","5","668"
"consented_grp[1]/bh_rpt[2]/bh6","21","671"
"consented_grp[1]/bh_rpt[2]/bh7","7","691"
"consented_grp[1]/bh_rpt[2]/bh8","22","694"
"consented_grp[1]/bh_rpt[2]/bh10","7","704"
"consented_grp[1]/bh_rpt[3]/bh1","20","706"
"consented_grp[1]/bh_rpt[3]/bh2","14","718"
"consented_grp[1]/bh_rpt[3]/bh3","13","720"
"consented_grp[1]/bh_rpt[3]/bh4_age_sel","9","725"
"consented_grp[1]/bh_rpt[3]/bh4_dob_my","35","727"
"consented_grp[1]/bh_rpt[3]/bh5","9","744"
"consented_grp[1]/bh_rpt[3]/bh6","24","747"
"consented_grp[1]/bh_rpt[3]/bh7","11","762"
"consented_grp[1]/bh_rpt[3]/bh8","26","764"
"consented_grp[1]/bh_rpt[3]/bh10","6","800"
"consented_grp[1]/bh_rpt[4]/bh1","21","839"
"consented_grp[1]/bh_rpt[4]/bh2","6","855"
"consented_grp[1]/bh_rpt[4]/bh3","4","857"
"consented_grp[1]/bh_rpt[4]/bh4_age_sel","3","859"
"consented_grp[1]/bh_rpt[4]/bh4_dob_my","14","861"
"consented_grp[1]/bh_rpt[4]/bh5","4","872"
"consented_grp[1]/bh_rpt[4]/bh9_grp[1]/bh9_note","8","875"
"consented_grp[1]/bh_rpt[4]/bh9_grp[1]/bh9_a","8","875"
"consented_grp[1]/bh_rpt[4]/bh9_grp[1]/bh9_b","8","875"
"consented_grp[1]/bh_rpt[4]/bh10","3","880"
"consented_grp[1]/bh_rpt[5]/bh1","35","881"
"consented_grp[1]/bh_rpt[5]/bh2","5","915"
"consented_grp[1]/bh_rpt[5]/bh3","14","919"
"consented_grp[1]/bh_rpt[5]/bh4_age_sel","7","932"
"consented_grp[1]/bh_rpt[5]/bh4_dob_dmy","26","937"
"consented_grp[1]/bh_rpt[5]/bh5","6","943"
"consented_grp[1]/bh_rpt[5]/bh6","6","956"
"consented_grp[1]/bh_rpt[5]/bh7","4","959"
"consented_grp[1]/bh_rpt[5]/bh8","23","961"
"consented_grp[1]/bh_rpt[5]/bh10","3","983"
"consented_grp[1]/cp1_grp[1]/cp1_note","21","985"
"consented_grp[1]/cp1_grp[1]/cp1","21","985"
"consented_grp[1]/cp2_grp[1]/cp2_note","17","992"
"consented_grp[1]/cp2_grp[1]/cp2","17","992"
"consented_grp[1]/cp4","3","1014"
"consented_grp[1]/cp3","12","1019"
"consented_grp[1]/un7","20","1030"
"consented_grp[1]/un11","9","1048"
"consented_grp[1]/ma1","5","1056"
"consented_grp[1]/ma2","21","1061"
"consented_grp[1]/ma3","6","1080"
"consented_grp[1]/ma7","7","1085"
"consented_grp[1]/ma8a","61","1091"
"consented_grp[1]/ma11a","48","1139"
"consented_grp[1]/af_grp[1]/af2","15","1178"
"consented_grp[1]/af_grp[1]/af3","8","1212"
"consented_grp[1]/af_grp[1]/af4","18","1218"
"consented_grp[1]/af_grp[1]/af6b","4","1235"
"consented_grp[1]/af_grp[1]/af8b","3","1238"
"consented_grp[1]/af_grp[1]/af9","3","1240"
"consented_grp[1]/af_grp[1]/af10","8","1242"
"consented_grp[1]/af_grp[1]/af11","7","1249"
"consented_grp[1]/af_grp[1]/af12","13","1255"
"consented_grp[1]/ls1_grp[1]/ls_note","23","1265"
"consented_grp[1]/ls1_grp[1]/ls1","23","1265"
"consented_grp[1]/ls2_grp[1]/ls2_note","94","1287"
"consented_grp[1]/ls2_grp[1]/ls2","94","1287"
"consented_grp[1]/ls3","26","1376"
"consented_grp[1]/ls4","20","1402"
"consented_grp[1]/survey_language","5","1420"
"consented_grp[1]/survey_accomp","3","1424"
"consented_grp[1]/comment","1018","1426"
