"Field name","Total duration (seconds)","First appeared (seconds into survey)"
"intro_note","1","9"
"enum_id","14","10"
"enum_confirm_grp[1]/enum_details","1","24"
"enum_confirm_grp[1]/enum_confirm","1","24"
"community_id","11","25"
"comm_confirm_grp[1]/comm_details","2","37"
"comm_confirm_grp[1]/comm_confirm","2","37"
"u5_iden_grp[1]/u5_id","91","39"
"u5_iden_grp[1]/u5_fullname","91","39"
"u5_iden_grp[1]/u5_age","91","39"
"u5_iden_grp[1]/u5_ct_id","91","39"
"u5_iden_grp[1]/u5_ct_fullname","91","39"
"uf9","2","129"
"consent_grp[1]/consent","2","141"
"consented_grp[1]/ub0","5","143"
"consented_grp[1]/ub1_age_sel","6","148"
"consented_grp[1]/ub1_dob_dmy","25","153"
"consented_grp[1]/ub5","5","178"
"consented_grp[1]/ub9","3","183"
"consented_grp[1]/br1","13","186"
"consented_grp[1]/br2","3","198"
"consented_grp[1]/br3","2","202"
"consented_grp[1]/ec1","33","203"
"consented_grp[1]/ec2_grp[1]/generated_note_name_108","44","236"
"consented_grp[1]/ec2_grp[1]/ec2_label","44","236"
"consented_grp[1]/ec2_grp[1]/ec2a","44","236"
"consented_grp[1]/ec2_grp[1]/ec2b","44","236"
"consented_grp[1]/ec2_grp[1]/ec2c","44","236"
"consented_grp[1]/ec3_grp[1]/generated_note_name_115","47","280"
"consented_grp[1]/ec3_grp[1]/ec3a","47","280"
"consented_grp[1]/ec3_grp[1]/ec3b","47","280"
"consented_grp[1]/ec7","12","323"
"consented_grp[1]/ec8","5","338"
"consented_grp[1]/ec9","15","343"
"consented_grp[1]/ec10","14","358"
"consented_grp[1]/ec11","10","372"
"consented_grp[1]/ec12","20","381"
"consented_grp[1]/ec13","15","402"
"consented_grp[1]/ec14","4","417"
"consented_grp[1]/ec15","6","421"
"consented_grp[1]/ucd2_grp[1]/ucd2_note","132","427"
"consented_grp[1]/ucd2_grp[1]/ucb2_label","132","427"
"consented_grp[1]/ucd2_grp[1]/ucd2a","132","427"
"consented_grp[1]/ucd2_grp[1]/ucb2b","132","427"
"consented_grp[1]/ucd2_grp[1]/ucb2c","132","427"
"consented_grp[1]/ucd2_grp[1]/ucb2d","132","427"
"consented_grp[1]/ucd2_grp[1]/ucb2e","132","427"
"consented_grp[1]/ucd2_grp[1]/ucb2f","132","427"
"consented_grp[1]/ucd2_grp[1]/ucb2g","132","427"
"consented_grp[1]/ucd2_grp[1]/ucb2h","132","427"
"consented_grp[1]/ucd2_grp[1]/ucb2i","132","427"
"consented_grp[1]/ucd2_grp[1]/ucb2j","132","427"
"consented_grp[1]/ucd2_grp[1]/ucb2k","132","427"
"consented_grp[1]/ucd3","19","559"
"consented_grp[1]/ucf_grp[1]/ucf2_grp[1]/ucf2_note","29","578"
"consented_grp[1]/ucf_grp[1]/ucf2_grp[1]/ucf2_label","29","578"
"consented_grp[1]/ucf_grp[1]/ucf2_grp[1]/ucf2","29","578"
"consented_grp[1]/ucf_grp[1]/ucf2_grp[1]/ucf3","29","578"
"consented_grp[1]/ucf_grp[1]/ucf2_grp[1]/ucf4","29","578"
"consented_grp[1]/ucf_grp[1]/ucf5","20","608"
"consented_grp[1]/ucf_grp[1]/ucf7b","9","628"
"consented_grp[1]/ucf_grp[1]/ucf9b","3","637"
"consented_grp[1]/ucf_grp[1]/ucf13","12","640"
"consented_grp[1]/ucf_grp[1]/ucf14","8","652"
"consented_grp[1]/ucf_grp[1]/ucf15","22","660"
"consented_grp[1]/ucf_grp[1]/ucf16","9","682"
"consented_grp[1]/ucf_grp[1]/ucf17","11","691"
"consented_grp[1]/ucf_grp[1]/ucf18","10","702"
"consented_grp[1]/ucf_grp[1]/ucf19","72","712"
"consented_grp[1]/bd_grp[1]/bd2","11","784"
"consented_grp[1]/bd_grp[1]/bd3","4","796"
"consented_grp[1]/bd_grp[1]/bd4","16","800"
"consented_grp[1]/bd_grp[1]/bd5","7","816"
"consented_grp[1]/bd_grp[1]/bd6","9","823"
"consented_grp[1]/bd_grp[1]/bd7_grp[1]/bd7","43","832"
"consented_grp[1]/bd_grp[1]/bd7_grp[1]/bd7_label","43","832"
"consented_grp[1]/bd_grp[1]/bd7_grp[1]/bd7a","43","832"
"consented_grp[1]/bd_grp[1]/bd7_grp[1]/bd7b","43","832"
"consented_grp[1]/bd_grp[1]/bd7_grp[1]/bd7c","43","832"
"consented_grp[1]/bd_grp[1]/bd7_grp[1]/bd7d","43","832"
"consented_grp[1]/bd_grp[1]/bd7e_grp[1]/bd7e_label","7","876"
"consented_grp[1]/bd_grp[1]/bd7e_grp[1]/bd7e","7","876"
"consented_grp[1]/bd_grp[1]/bd7x_grp[1]/bd7x_label","10","883"
"consented_grp[1]/bd_grp[1]/bd7x_grp[1]/bd7x","10","883"
"consented_grp[1]/bd_grp[1]/bd8","19","893"
"consented_grp[1]/bd_grp[1]/bd8_grp[1]/bd8_note","1","911"
"consented_grp[1]/bd_grp[1]/bd8_grp[1]/bd8a1","6","912"
"consented_grp[1]/bd_grp[1]/bd8b_grp[1]/bd8b_note","2","919"
"consented_grp[1]/bd_grp[1]/bd8b_grp[1]/bd8b1","10","920"
"consented_grp[1]/bd_grp[1]/bd8b_grp[1]/bd8c1","12","931"
"consented_grp[1]/bd_grp[1]/bd8b_grp[1]/bd8d1","10","942"
"consented_grp[1]/bd_grp[1]/bd8b_grp[1]/bd8e1","10","952"
"consented_grp[1]/bd_grp[1]/bd8b_grp[1]/bd8e2","5","962"
"consented_grp[1]/bd_grp[1]/bd8b_grp[1]/bd8f1","7","967"
"consented_grp[1]/bd_grp[1]/bd8b_grp[1]/bd8f2","9","974"
"consented_grp[1]/bd_grp[1]/bd8b_grp[1]/bd8g1","9","982"
"consented_grp[1]/bd_grp[1]/bd8b_grp[1]/bd8h1","11","991"
"consented_grp[1]/bd_grp[1]/bd8b_grp[1]/bd8i1","7","1002"
"consented_grp[1]/bd_grp[1]/bd8b_grp[1]/bd8j1","8","1010"
"consented_grp[1]/bd_grp[1]/bd8b_grp[1]/bd8k1","6","1018"
"consented_grp[1]/bd_grp[1]/bd8b_grp[1]/bd8k2","4","1024"
"consented_grp[1]/bd_grp[1]/bd8b_grp[1]/bd8l1","8","1028"
"consented_grp[1]/bd_grp[1]/bd8b_grp[1]/bd8l2","2","1036"
"consented_grp[1]/bd_grp[1]/bd8b_grp[1]/bd8m1","19","1038"
"consented_grp[1]/bd_grp[1]/bd8b_grp[1]/bd8n1","17","1053"
"consented_grp[1]/bd_grp[1]/bd8b_grp[1]/bd8x1","21","1068"
"consented_grp[1]/im2","7","1087"
"consented_grp[1]/im5","11","1091"
"consented_grp[1]/im6_note","2","1097"
"consented_grp[1]/im6_rpt[1]/im6","3","1098"
"consented_grp[1]/im6_rpt[1]/im6a","31","1100"
"consented_grp[1]/im6_rpt[2]/im6","7","1118"
"consented_grp[1]/im6_rpt[2]/im6a","26","1120"
"consented_grp[1]/im6_rpt[3]/im6","10","1121"
"consented_grp[1]/im6_rpt[3]/im6a","34","1125"
"consented_grp[1]/im6_rpt[4]/im6","9","1135"
"consented_grp[1]/im6_rpt[4]/im6a","28","1136"
"consented_grp[1]/im6_rpt[5]/im6","11","1137"
"consented_grp[1]/im6_rpt[5]/im6a","45","1138"
"consented_grp[1]/im6_rpt[6]/im6","8","1139"
"consented_grp[1]/im6_rpt[6]/im6a","20","1140"
"consented_grp[1]/im6_rpt[7]/im6","6","1141"
"consented_grp[1]/im6_rpt[7]/im6a","47","1142"
"consented_grp[1]/im6_rpt[8]/im6","3","1152"
"consented_grp[1]/im6_rpt[8]/im6a","13","1153"
"consented_grp[1]/im6_rpt[9]/im6","4","1155"
"consented_grp[1]/im6_rpt[9]/im6a","18","1157"
"consented_grp[1]/im6_rpt[10]/im6","6","1158"
"consented_grp[1]/im6_rpt[10]/im6a","24","1159"
"consented_grp[1]/im6_rpt[11]/im6","12","1160"
"consented_grp[1]/im6_rpt[11]/im6a","29","1162"
"consented_grp[1]/im6_rpt[12]/im6","6","1174"
"consented_grp[1]/im6_rpt[12]/im6a","14","1175"
"consented_grp[1]/im6_rpt[13]/im6","4","1176"
"consented_grp[1]/im6_rpt[13]/im6a","17","1177"
"consented_grp[1]/im6_rpt[14]/im6","4","1178"
"consented_grp[1]/im6_rpt[14]/im6a","62","1179"
"consented_grp[1]/im6_rpt[15]/im6","6","1197"
"consented_grp[1]/im6_rpt[15]/im6a","31","1198"
"consented_grp[1]/im8_im27_grp[1]/im8_grp[1]/im8_note","87","1211"
"consented_grp[1]/im8_im27_grp[1]/im8_grp[1]/im8_label","87","1211"
"consented_grp[1]/im8_im27_grp[1]/im8_grp[1]/im8a","87","1211"
"consented_grp[1]/im8_im27_grp[1]/im8_grp[1]/im8b","87","1211"
"consented_grp[1]/im8_im27_grp[1]/im8_grp[1]/im8c","87","1211"
"consented_grp[1]/im8_im27_grp[1]/im8_grp[1]/im8d","87","1211"
"consented_grp[1]/im8_im27_grp[1]/im9","10","1295"
"consented_grp[1]/ca1","18","1303"
"consented_grp[1]/ca14","3","1322"
"consented_grp[1]/ca16","4","1324"
"consented_grp[1]/ca17","5","1328"
"consented_grp[1]/ca31","18","1333"
"comments","25","1349"
