"Field name","Total duration (seconds)","First appeared (seconds into survey)"
"intro_note","6","2"
"enum_id","7","8"
"enum_confirm_grp[1]/enum_details","1","15"
"enum_confirm_grp[1]/enum_confirm","1","15"
"community_id","8","16"
"comm_confirm_grp[1]/comm_details","1","24"
"comm_confirm_grp[1]/comm_confirm","1","24"
"iw_iden_grp[1]/iw_id","98","25"
"iw_iden_grp[1]/iw_fullname","98","25"
"iw_iden_grp[1]/iw_age","98","25"
"wm8","2","123"
"wm9_grp[1]/wm9b","1","125"
"wm9_grp[1]/consent","1","125"
"consented_grp[1]/wb3_age_sel","2","126"
"consented_grp[1]/wb3_dob_dmy","24","129"
"consented_grp[1]/wb5","2","153"
"consented_grp[1]/wb14_grp[1]/wb14_note","10","155"
"consented_grp[1]/wb14_grp[1]/wb14","10","155"
"consented_grp[1]/wb15","12","164"
"consented_grp[1]/wb16_grp[1]/wb16a","13","176"
"consented_grp[1]/wb16_grp[1]/wb16_note","13","176"
"consented_grp[1]/wb16_grp[1]/wb16b","13","176"
"consented_grp[1]/wb17a","4","189"
"consented_grp[1]/wb17b","2","193"
"consented_grp[1]/wb18","6","195"
"consented_grp[1]/mt1","2","201"
"consented_grp[1]/mt2","20","203"
"consented_grp[1]/mt3","8","223"
"consented_grp[1]/mt4","8","231"
"consented_grp[1]/mt9","13","238"
"consented_grp[1]/mt11","4","252"
"consented_grp[1]/mt12","26","254"
"consented_grp[1]/cm1","17","282"
"consented_grp[1]/cm2","13","299"
"consented_grp[1]/cm2_grp[1]/cm3","52","312"
"consented_grp[1]/cm2_grp[1]/cm4","52","312"
"consented_grp[1]/cm5","13","319"
"consented_grp[1]/cm5_grp[1]/cm6","23","328"
"consented_grp[1]/cm5_grp[1]/cm7","23","328"
"consented_grp[1]/cm8","8","401"
"consented_grp[1]/cm12","9","409"
"consented_grp[1]/bh0","1","418"
"consented_grp[1]/bh_rpt[1]/bh1","9","419"
"consented_grp[1]/bh_rpt[1]/bh2","2","428"
"consented_grp[1]/bh_rpt[1]/bh3","3","429"
"consented_grp[1]/bh_rpt[1]/bh4_age_sel","2","433"
"consented_grp[1]/bh_rpt[1]/bh4_dob_my","17","435"
"consented_grp[1]/bh_rpt[1]/bh5","3","449"
"consented_grp[1]/bh_rpt[1]/bh6","18","451"
"consented_grp[1]/bh_rpt[1]/bh7","3","469"
"consented_grp[1]/bh_rpt[1]/bh8","9","472"
"consented_grp[1]/bh_rpt[1]/bh10","3","479"
"consented_grp[1]/bh_rpt[2]/bh1","3","480"
"consented_grp[1]/bh_rpt[2]/bh2","2","484"
"consented_grp[1]/bh_rpt[2]/bh3","3","485"
"consented_grp[1]/bh_rpt[2]/bh4_age_sel","4","488"
"consented_grp[1]/bh_rpt[2]/bh4_dob_my","9","491"
"consented_grp[1]/bh_rpt[2]/bh5","4","499"
"consented_grp[1]/bh_rpt[2]/bh6","3","512"
"consented_grp[1]/bh_rpt[2]/bh7","2","515"
"consented_grp[1]/bh_rpt[2]/bh8","8","517"
"consented_grp[1]/bh_rpt[2]/bh10","2","525"
"consented_grp[1]/bh_rpt[3]/bh1","44","526"
"consented_grp[1]/bh_rpt[3]/bh2","2","570"
"consented_grp[1]/bh_rpt[3]/bh3","3","572"
"consented_grp[1]/bh_rpt[3]/bh4_age_sel","2","575"
"consented_grp[1]/bh_rpt[3]/bh4_dob_my","16","577"
"consented_grp[1]/bh_rpt[3]/bh5","8","593"
"consented_grp[1]/bh_rpt[3]/bh6","7","601"
"consented_grp[1]/bh_rpt[3]/bh7","4","609"
"consented_grp[1]/bh_rpt[3]/bh10","4","611"
"consented_grp[1]/bh_rpt[4]/bh1","5","613"
"consented_grp[1]/bh_rpt[4]/bh2","2","622"
"consented_grp[1]/bh_rpt[4]/bh3","1","624"
"consented_grp[1]/bh_rpt[4]/bh4_age_sel","2","625"
"consented_grp[1]/bh_rpt[4]/bh4_dob_dmy","10","627"
"consented_grp[1]/bh_rpt[4]/bh5","4","636"
"consented_grp[1]/bh_rpt[4]/bh6","3","641"
"consented_grp[1]/bh_rpt[4]/bh7","2","643"
"consented_grp[1]/bh_rpt[4]/bh8","7","645"
"consented_grp[1]/bh_rpt[4]/bh10","2","653"
"consented_grp[1]/bh_rpt[5]/bh1","6","654"
"consented_grp[1]/bh_rpt[5]/bh2","2","660"
"consented_grp[1]/bh_rpt[5]/bh3","2","662"
"consented_grp[1]/bh_rpt[5]/bh4_age_sel","2","663"
"consented_grp[1]/bh_rpt[5]/bh4_dob_dmy","10","665"
"consented_grp[1]/bh_rpt[5]/bh5","16","675"
"consented_grp[1]/bh_rpt[5]/bh6","2","691"
"consented_grp[1]/bh_rpt[5]/bh7","2","693"
"consented_grp[1]/bh_rpt[5]/bh8","4","695"
"consented_grp[1]/bh_rpt[5]/bh10","3","699"
"consented_grp[1]/db2","44","702"
"consented_grp[1]/mn_rpt[1]/mn_grp[1]/mn2","7","745"
"consented_grp[1]/mn_rpt[1]/mn_grp[1]/mn3","12","752"
"consented_grp[1]/mn_rpt[1]/mn_grp[1]/mn4_grp[1]/mn4_a","19","759"
"consented_grp[1]/mn_rpt[1]/mn_grp[1]/mn4_grp[1]/mn4_b","19","759"
"consented_grp[1]/mn_rpt[1]/mn_grp[1]/mn5","21","784"
"consented_grp[1]/mn_rpt[1]/mn_grp[1]/mn6_grp[1]/mn6_note","42","804"
"consented_grp[1]/mn_rpt[1]/mn_grp[1]/mn6_grp[1]/mn6_label","42","804"
"consented_grp[1]/mn_rpt[1]/mn_grp[1]/mn6_grp[1]/mn6_a","42","804"
"consented_grp[1]/mn_rpt[1]/mn_grp[1]/mn6_grp[1]/mn6_b","42","804"
"consented_grp[1]/mn_rpt[1]/mn_grp[1]/mn6_grp[1]/mn6_c","42","804"
"consented_grp[1]/mn_rpt[1]/mn_grp[1]/mn7","14","847"
"consented_grp[1]/mn_rpt[1]/mn_grp[1]/mn8","10","861"
"consented_grp[1]/mn_rpt[1]/mn_grp[1]/mn9","4","871"
"consented_grp[1]/mn_rpt[1]/mn_grp[1]/mn11","14","874"
"consented_grp[1]/mn_rpt[1]/mn_grp[1]/mn16","11","888"
"consented_grp[1]/mn_rpt[1]/mn_grp[1]/mn17","4","899"
"consented_grp[1]/mn_rpt[1]/mn_grp[1]/mn18","16","903"
"consented_grp[1]/mn_rpt[1]/mn_grp[1]/mn19","20","919"
"consented_grp[1]/mn_rpt[1]/mn_grp[1]/mn20","6","938"
"consented_grp[1]/mn_rpt[1]/mn_grp[1]/mn21","3","944"
"consented_grp[1]/mn_rpt[1]/mn_grp[1]/mn23","11","947"
"consented_grp[1]/mn_rpt[1]/mn_grp[1]/mn24","10","958"
"consented_grp[1]/mn_rpt[1]/mn_grp[1]/mn25","8","968"
"consented_grp[1]/mn_rpt[1]/mn_grp[1]/mn26","35","976"
"consented_grp[1]/mn_rpt[1]/mn_grp[1]/mn30","15","1010"
"consented_grp[1]/mn_rpt[1]/mn_grp[1]/mn32","16","1026"
"consented_grp[1]/mn_rpt[1]/mn_grp[1]/mn33","5","1042"
"consented_grp[1]/mn_rpt[1]/mn_grp[1]/mn34_grp[1]/mn34_a","13","1047"
"consented_grp[1]/mn_rpt[1]/mn_grp[1]/mn34_grp[1]/mn34_b","13","1047"
"consented_grp[1]/mn_rpt[1]/mn_grp[1]/mn35","6","1060"
"consented_grp[1]/mn_rpt[1]/mn_grp[1]/mn36","2","1066"
"consented_grp[1]/mn_rpt[1]/mn_grp[1]/mn36_grp[1]/mn37","22","1068"
"consented_grp[1]/mn_rpt[1]/mn_grp[1]/mn36_grp[1]/mn37_units","22","1068"
"consented_grp[1]/mn_rpt[1]/mn_grp[1]/mn38","9","1090"
"consented_grp[1]/pn_rpt[1]/pn_grp[1]/pn_note","23","1099"
"consented_grp[1]/pn_rpt[1]/pn_grp[1]/pn3_grp[1]/pn3","25","1122"
"consented_grp[1]/pn_rpt[1]/pn_grp[1]/pn3_grp[1]/pn3_units","25","1122"
"consented_grp[1]/pn_rpt[1]/pn_grp[1]/pn4_grp[1]/pn4_note","21","1146"
"consented_grp[1]/pn_rpt[1]/pn_grp[1]/pn4_grp[1]/pn4","21","1146"
"consented_grp[1]/pn_rpt[1]/pn_grp[1]/pn5_grp[1]/pm5_note","15","1168"
"consented_grp[1]/pn_rpt[1]/pn_grp[1]/pn5_grp[1]/pn5","15","1168"
"consented_grp[1]/pn_rpt[1]/pn_grp[1]/pn6_grp[1]/pn6_note","20","1182"
"consented_grp[1]/pn_rpt[1]/pn_grp[1]/pn6_grp[1]/pn6","20","1182"
"consented_grp[1]/pn_rpt[1]/pn_grp[1]/pn12","11","1188"
"consented_grp[1]/pn_rpt[1]/pn_grp[1]/pn13_grp[1]/pn13b","36","1213"
"consented_grp[1]/pn_rpt[1]/pn_grp[1]/pn13_grp[1]/pn13_units","36","1213"
"consented_grp[1]/pn_rpt[1]/pn_grp[1]/pn17","23","1247"
"consented_grp[1]/pn_rpt[1]/pn_grp[1]/pn21","3","1268"
"consented_grp[1]/pn_rpt[1]/pn_grp[1]/pn21_grp[1]/pn21b","50","1270"
"consented_grp[1]/pn_rpt[1]/pn_grp[1]/pn21_grp[1]/pn22_units","50","1270"
"consented_grp[1]/pn_rpt[1]/pn_grp[1]/pn23","14","1318"
"consented_grp[1]/pn_rpt[1]/pn_grp[1]/pn24","12","1337"
"consented_grp[1]/pn_rpt[1]/pn_grp[1]/pn25_grp[1]/pn25_note","27","1350"
"consented_grp[1]/pn_rpt[1]/pn_grp[1]/pn25_grp[1]/pn25_lab","27","1350"
"consented_grp[1]/pn_rpt[1]/pn_grp[1]/pn25_grp[1]/pn25a","27","1350"
"consented_grp[1]/pn_rpt[1]/pn_grp[1]/pn25_grp[1]/pn25b","27","1350"
"consented_grp[1]/pn_rpt[1]/pn_grp[1]/pn25_grp[1]/pn25c","27","1350"
"consented_grp[1]/pn_rpt[1]/pn_grp[1]/pn27","2","1377"
"consented_grp[1]/pn_rpt[1]/pn_grp[1]/pn29a","13","1379"
"consented_grp[1]/pn_rpt[1]/pn_grp[1]/pn30","18","1392"
"consented_grp[1]/cp1_grp[1]/cp1_note","3","1411"
"consented_grp[1]/cp1_grp[1]/cp1","3","1411"
"consented_grp[1]/cp2_grp[1]/cp2_note","8","1414"
"consented_grp[1]/cp2_grp[1]/cp2","8","1414"
"consented_grp[1]/cp3","8","1422"
"consented_grp[1]/un7","9","1430"
"consented_grp[1]/un8_grp[1]/un8","8","1439"
"consented_grp[1]/un8_grp[1]/un8_units","8","1439"
"consented_grp[1]/ma1","3","1447"
"consented_grp[1]/ma2","30","1450"
"consented_grp[1]/ma3","7","1480"
"consented_grp[1]/ma4","10","1487"
"consented_grp[1]/ma7","8","1497"
"consented_grp[1]/ma8a","130","1505"
"consented_grp[1]/ma11a","5","1635"
"consented_grp[1]/af_grp[1]/af2","10","1641"
"consented_grp[1]/af_grp[1]/af3","4","1651"
"consented_grp[1]/af_grp[1]/af4","9","1655"
"consented_grp[1]/af_grp[1]/af6b","4","1664"
"consented_grp[1]/af_grp[1]/af8b","6","1668"
"consented_grp[1]/af_grp[1]/af9","6","1674"
"consented_grp[1]/af_grp[1]/af10","6","1679"
"consented_grp[1]/af_grp[1]/af11","12","1685"
"consented_grp[1]/af_grp[1]/af12","22","1697"
"consented_grp[1]/ls1_grp[1]/ls_note","36","1719"
"consented_grp[1]/ls1_grp[1]/ls1","36","1719"
"consented_grp[1]/ls2_grp[1]/ls2_note","144","1755"
"consented_grp[1]/ls2_grp[1]/ls2","144","1755"
"consented_grp[1]/ls3","20","1900"
"consented_grp[1]/ls4","29","1920"
"consented_grp[1]/survey_language","2","1949"
"consented_grp[1]/survey_accomp","2","1951"
"consented_grp[1]/comment","4","1953"
