"Field name","Total duration (seconds)","First appeared (seconds into survey)"
"intro_note","8","2"
"enum_id","6","3"
"enum_confirm_grp[1]/enum_details","2","9"
"enum_confirm_grp[1]/enum_confirm","2","9"
"community_id","16","10"
"comm_confirm_grp[1]/comm_details","7","24"
"comm_confirm_grp[1]/comm_confirm","7","24"
"u5_iden_grp[1]/u5_id","214","26"
"u5_iden_grp[1]/u5_fullname","214","26"
"u5_iden_grp[1]/u5_age","214","26"
"u5_iden_grp[1]/u5_ct_id","214","26"
"u5_iden_grp[1]/u5_ct_fullname","214","26"
"uf9","10","181"
"consent_grp[1]/consent","34","201"
"consented_grp[1]/ub0","3","238"
"consented_grp[1]/ub1_age_sel","24","240"
"consented_grp[1]/ub1_dob_dmy","78","250"
"consented_grp[1]/ub5","49","290"
"consented_grp[1]/ub9","43","294"
"consented_grp[1]/br1","21","331"
"consented_grp[1]/ub8b","104","347"
"consented_grp[1]/ec1","19","400"
"consented_grp[1]/ec2_grp[1]/generated_note_name_108","63","420"
"consented_grp[1]/ec2_grp[1]/ec2_label","63","420"
"consented_grp[1]/ec2_grp[1]/ec2a","63","420"
"consented_grp[1]/ec2_grp[1]/ec2b","63","420"
"consented_grp[1]/ec2_grp[1]/ec2c","63","420"
"consented_grp[1]/ec3_grp[1]/generated_note_name_115","39","483"
"consented_grp[1]/ec3_grp[1]/ec3a","39","483"
"consented_grp[1]/ec3_grp[1]/ec3b","39","483"
"consented_grp[1]/ec7","13","522"
"consented_grp[1]/ec8","9","532"
"consented_grp[1]/ec9","3","541"
"consented_grp[1]/ec10","10","544"
"consented_grp[1]/ec11","10","555"
"consented_grp[1]/ec12","31","565"
"consented_grp[1]/ec13","7","596"
"consented_grp[1]/ec14","10","603"
"consented_grp[1]/ec15","24","613"
"consented_grp[1]/ucd2_grp[1]/ucd2_note","183","637"
"consented_grp[1]/ucd2_grp[1]/ucb2_label","183","637"
"consented_grp[1]/ucd2_grp[1]/ucd2a","183","637"
"consented_grp[1]/ucd2_grp[1]/ucb2b","183","637"
"consented_grp[1]/ucd2_grp[1]/ucb2c","183","637"
"consented_grp[1]/ucd2_grp[1]/ucb2d","183","637"
"consented_grp[1]/ucd2_grp[1]/ucb2e","183","637"
"consented_grp[1]/ucd2_grp[1]/ucb2f","183","637"
"consented_grp[1]/ucd2_grp[1]/ucb2g","183","637"
"consented_grp[1]/ucd2_grp[1]/ucb2h","183","637"
"consented_grp[1]/ucd2_grp[1]/ucb2i","183","637"
"consented_grp[1]/ucd2_grp[1]/ucb2j","183","637"
"consented_grp[1]/ucd2_grp[1]/ucb2k","183","637"
"consented_grp[1]/ucd3","12","820"
"consented_grp[1]/ucf_grp[1]/ucf2_grp[1]/ucf2_note","20","832"
"consented_grp[1]/ucf_grp[1]/ucf2_grp[1]/ucf2_label","20","832"
"consented_grp[1]/ucf_grp[1]/ucf2_grp[1]/ucf2","20","832"
"consented_grp[1]/ucf_grp[1]/ucf2_grp[1]/ucf3","20","832"
"consented_grp[1]/ucf_grp[1]/ucf2_grp[1]/ucf4","20","832"
"consented_grp[1]/ucf_grp[1]/ucf5","4","852"
"consented_grp[1]/ucf_grp[1]/ucf7b","4","854"
"consented_grp[1]/ucf_grp[1]/ucf9b","1","857"
"consented_grp[1]/ucf_grp[1]/ucf13","2","859"
"consented_grp[1]/ucf_grp[1]/ucf14","14","860"
"consented_grp[1]/ucf_grp[1]/ucf15","15","874"
"consented_grp[1]/ucf_grp[1]/ucf16","23","882"
"consented_grp[1]/ucf_grp[1]/ucf17","16","910"
"consented_grp[1]/ucf_grp[1]/ucf18","15","926"
"consented_grp[1]/ucf_grp[1]/ucf19","18","942"
"consented_grp[1]/bd_grp[1]/bd2","5","960"
"consented_grp[1]/bd_grp[1]/bd3","2","965"
"consented_grp[1]/bd_grp[1]/bd4","18","967"
"consented_grp[1]/bd_grp[1]/bd5","14","981"
"consented_grp[1]/bd_grp[1]/bd6","18","992"
"consented_grp[1]/bd_grp[1]/bd7_grp[1]/bd7","47","1000"
"consented_grp[1]/bd_grp[1]/bd7_grp[1]/bd7_label","47","1000"
"consented_grp[1]/bd_grp[1]/bd7_grp[1]/bd7a","47","1000"
"consented_grp[1]/bd_grp[1]/bd7_grp[1]/bd7b","47","1000"
"consented_grp[1]/bd_grp[1]/bd7_grp[1]/bd7c","47","1000"
"consented_grp[1]/bd_grp[1]/bd7_grp[1]/bd7d","47","1000"
"consented_grp[1]/bd_grp[1]/bd7e_grp[1]/bd7e_label","9","1055"
"consented_grp[1]/bd_grp[1]/bd7e_grp[1]/bd7e","9","1055"
"consented_grp[1]/bd_grp[1]/bd7x_grp[1]/bd7x_label","15","1064"
"consented_grp[1]/bd_grp[1]/bd7x_grp[1]/bd7x","15","1064"
"consented_grp[1]/bd_grp[1]/bd8","5","1078"
"consented_grp[1]/bd_grp[1]/bd8_grp[1]/bd8_note","1","1080"
"consented_grp[1]/bd_grp[1]/bd8_grp[1]/bd8a1","14","1081"
"consented_grp[1]/bd_grp[1]/bd8b_grp[1]/bd8b_note","1","1095"
"consented_grp[1]/bd_grp[1]/bd8b_grp[1]/bd8b1","8","1096"
"consented_grp[1]/bd_grp[1]/bd8b_grp[1]/bd8c1","11","1105"
"consented_grp[1]/bd_grp[1]/bd8b_grp[1]/bd8c2","2","1116"
"consented_grp[1]/bd_grp[1]/bd8b_grp[1]/bd8d1","12","1118"
"consented_grp[1]/bd_grp[1]/bd8b_grp[1]/bd8e1","12","1129"
"consented_grp[1]/bd_grp[1]/bd8b_grp[1]/bd8f1","14","1136"
"consented_grp[1]/bd_grp[1]/bd8b_grp[1]/bd8e2","2","1147"
"consented_grp[1]/bd_grp[1]/bd8b_grp[1]/bd8f2","6","1158"
"consented_grp[1]/bd_grp[1]/bd8b_grp[1]/bd8g1","6","1162"
"consented_grp[1]/bd_grp[1]/bd8b_grp[1]/bd8h1","10","1168"
"consented_grp[1]/bd_grp[1]/bd8b_grp[1]/bd8i1","4","1177"
"consented_grp[1]/bd_grp[1]/bd8b_grp[1]/bd8j1","4","1182"
"consented_grp[1]/bd_grp[1]/bd8b_grp[1]/bd8k1","3","1186"
"consented_grp[1]/bd_grp[1]/bd8b_grp[1]/bd8l1","14","1188"
"consented_grp[1]/bd_grp[1]/bd8b_grp[1]/bd8l2","6","1203"
"consented_grp[1]/bd_grp[1]/bd8b_grp[1]/bd8m1","11","1209"
"consented_grp[1]/bd_grp[1]/bd8b_grp[1]/bd8n1","2","1220"
"consented_grp[1]/bd_grp[1]/bd8b_grp[1]/bd8x1","11","1222"
"consented_grp[1]/im2","25","1225"
"consented_grp[1]/im3","8","1250"
"consented_grp[1]/ca1","21","1258"
"consented_grp[1]/ca14","11","1279"
"consented_grp[1]/ca15","43","1290"
"consented_grp[1]/ca16","17","1333"
"consented_grp[1]/ca17","3","1350"
"consented_grp[1]/ca20","8","1352"
"consented_grp[1]/ca21","4","1360"
"consented_grp[1]/ca22","8","1364"
"consented_grp[1]/ca31","64","1372"
"comments","10","1398"
